Ndiaye,Cheikh,1999-09-13,m,763664984
Sy,Ibrahima,1979-01-10,m,706086886
Gueye,Awa,1952-10-23,f,779341627
Gueye,Mamadou,1998-06-14,m,706542773
Gueye,Mariama,2023-12-03,f,788906697
Faye,Awa,1993-12-15,f,700207793
Diallo,Fatou,1953-12-30,f,702706522
Sarr,Abdoulaye,2023-11-10,m,786577864
Sarr,Aminata,2007-02-06,f,785445627
Diop,Mamadou,1954-03-16,m,705284862
Gueye,Mariama,2006-09-09,f,777112858
Ba,Mariama,1994-08-01,f,762128899
Gueye,Mariama,1946-12-30,f,760927752
Ba,Awa,2005-10-31,f,764203867
Kane,Mariama,2006-02-27,f,786187099
Faye,Oumar,1991-01-30,m,704420362
Ba,Cheikh,1999-10-17,m,778656629
Sarr,Oumar,1975-01-21,m,781764962
Gueye,Ousmane,1977-08-21,m,764748218
Ba,Fatou,1965-01-23,f,705336400
Diallo,Fatou,2007-12-31,f,786250611
Kane,Ibrahima,1994-01-29,m,704430222
Gueye,Moussa,1967-03-25,m,709126689
Diop,Aminata,1958-02-13,f,776868478
Fall,Aminata,2011-07-30,f,782793532
Ndiaye,Moussa,1970-07-20,m,768223023
Kane,Khady,1956-09-26,f,785482407
Ba,Awa,1989-03-16,f,763500023
Kane,Khady,1995-07-21,f,780524343
Sow,Fatou,1941-04-12,f,780956443
Gueye,Abdoulaye,1986-07-13,m,707846687
Kane,Mariama,1989-09-24,f,701679886
Ndiaye,Abdoulaye,1965-04-06,m,762861949
Ba,Khady,2019-09-23,f,763852791
Ba,Moussa,1944-05-02,m,780260130
Gueye,Oumar,1996-08-04,m,786048350
Ndiaye,Mamadou,1967-09-01,m,777531894
Sarr,Aminata,1956-09-23,f,772720135
Diop,Khady,1941-08-12,f,769274482
Kane,Abdoulaye,1964-03-20,m,765232453
Faye,Aminata,2002-11-28,f,705180977
Kane,Mariama,1961-09-15,f,703199892
Sarr,Cheikh,1994-01-22,m,703136895
Ba,Oumar,1997-11-27,m,778485360
Ndiaye,Fatou,1960-03-23,f,781549235
Ba,Abdoulaye,1985-07-25,m,703901106
Diop,Cheikh,2022-08-22,m,705301708
Sow,Awa,1972-11-28,f,705196915
Kane,Khady,2021-09-20,f,773133130
Sow,Mamadou,1949-01-30,m,709411230
Sow,Fatou,2005-07-21,f,785229619
Diop,Khady,1990-02-06,f,786929185
Gueye,Moussa,1957-06-05,m,708213277
Ndiaye,Fatou,2015-02-09,f,762039188
Sarr,Abdoulaye,1973-02-08,m,789208960
Fall,Ousmane,1948-12-10,m,760962703
Ndiaye,Mamadou,2003-06-18,m,773570465
Kane,Fatou,1989-10-08,f,709517214
Faye,Khady,1941-11-23,f,787899986
Faye,Fatou,1974-12-04,f,779649456
Diop,Awa,1975-04-10,f,774859058
Diop,Ousmane,1991-05-10,m,702737230
Ba,Abdoulaye,1995-05-09,m,778815145
Ba,Ousmane,1965-11-21,m,762371611
Gueye,Mariama,1955-09-14,f,780661735
Gueye,Fatou,2022-07-29,f,704448323
Gueye,Moussa,2004-09-10,m,707048200
Diallo,Moussa,1945-08-13,m,786686503
Diop,Abdoulaye,2021-06-23,m,770383881
Sarr,Mamadou,1985-12-13,m,700229490
Gueye,Mamadou,1959-10-20,m,783885528
Ndiaye,Mariama,1971-08-04,f,770728696
Diop,Awa,1984-01-10,f,771584315
Diop,Khady,1963-12-14,f,763121561
Ba,Ousmane,1999-04-09,m,785852924
Ndiaye,Awa,1992-07-15,f,787477161
Faye,Ousmane,2008-09-23,m,787201787
Sow,Oumar,2022-11-22,m,700890008
Ndiaye,Oumar,1996-04-21,m,762048063
Sy,Mamadou,1994-08-13,m,775524724
Sy,Ibrahima,2006-07-21,m,701078250
Faye,Khady,1976-04-29,f,701342426
Sarr,Ousmane,1972-04-05,m,786312649
Fall,Awa,1957-09-28,f,777945110
Sarr,Ousmane,1945-05-10,m,705747725
Ba,Oumar,1947-07-22,m,781653167
Sarr,Khady,2011-03-08,f,760737686
Fall,Oumar,1966-03-16,m,766535056
Ba,Oumar,1950-06-26,m,771031763
Diallo,Oumar,1983-10-13,m,708345521
Gueye,Aminata,1950-09-23,f,767186245
Sow,Abdoulaye,1956-12-24,m,767657965
Ndiaye,Mariama,2005-03-31,f,703948431
Diop,Abdoulaye,2017-03-02,m,787311553
Faye,Khady,2005-03-30,f,789578092
Sarr,Mariama,1958-01-03,f,704935712
Fall,Awa,1991-02-07,f,786472451
Fall,Khady,1987-03-13,f,760152149
Diop,Cheikh,1984-10-16,m,776071207
Diallo,Ibrahima,1973-10-24,m,788857269
Ndiaye,Ousmane,2018-08-04,m,785766139
Gueye,Ousmane,2003-12-17,m,767518513
Sy,Oumar,2018-09-15,m,788660520
Diop,Awa,1960-09-20,f,760716690
Sy,Oumar,1980-10-31,m,766298443
Gueye,Mariama,2016-04-15,f,772205832
Sarr,Mariama,2015-12-31,f,700218596
Diop,Aminata,2013-02-10,f,783845838
Kane,Mariama,2012-02-20,f,784849383
Ndiaye,Ousmane,1947-05-18,m,786392382
Diop,Awa,1949-05-29,f,706117461
Gueye,Mariama,2004-05-03,f,705851834
Ndiaye,Oumar,2014-06-22,m,701147239
Sy,Aminata,1989-12-25,f,704875855
Faye,Cheikh,1941-10-26,m,776526811
Kane,Aminata,1971-07-09,f,707427739
Ba,Khady,1999-11-08,f,789621506
Fall,Khady,2017-10-10,f,702935754
Fall,Cheikh,1978-05-16,m,760078880
Diallo,Abdoulaye,1969-12-10,m,765780362
Sow,Mariama,1998-12-17,f,700961369
Diallo,Ibrahima,1973-12-21,m,783729936
Diop,Oumar,2002-10-23,m,706538930
Kane,Moussa,1996-01-08,m,778554391
Sow,Abdoulaye,1958-05-15,m,778258415
Faye,Awa,1961-03-21,f,787279572
Ba,Ousmane,2007-02-07,m,777732697
Ba,Mamadou,2004-03-14,m,776357139
Kane,Aminata,1986-02-08,f,701256589
Diop,Aminata,1984-12-11,f,767450437
Sy,Awa,1990-06-23,f,761555228
Ba,Fatou,1996-12-05,f,701368929
Sow,Mariama,2002-01-29,f,769469605
Sow,Ousmane,2002-04-18,m,785340557
Diallo,Ibrahima,1986-04-23,m,708480702
Gueye,Aminata,1967-05-13,f,702330373
Sy,Fatou,1962-08-04,f,784955575
Faye,Mamadou,2020-04-02,m,781232528
Diop,Khady,1990-01-21,f,771707436
Diop,Moussa,1985-03-01,m,708622551
Gueye,Fatou,1951-04-01,f,760077528
Faye,Awa,2007-07-29,f,761736980
Ndiaye,Mariama,2001-11-01,f,704621074
Fall,Mamadou,2016-10-30,m,708618412
Sow,Fatou,1950-09-12,f,779842999
Kane,Moussa,1995-09-22,m,763101202
Sy,Khady,1974-09-19,f,705169254
Sy,Awa,2008-07-04,f,705398348
Gueye,Mariama,1975-07-12,f,706912343
Sarr,Mamadou,1947-08-12,m,770406778
Ba,Abdoulaye,2018-03-15,m,761383509
Kane,Fatou,2009-09-27,f,701419543
Sarr,Cheikh,1986-02-10,m,779901638
Gueye,Khady,1962-01-09,f,765597549
Ba,Aminata,1955-09-08,f,787962775
Sow,Ousmane,1958-02-20,m,761218731
Ba,Fatou,1972-04-15,f,781010033
Sow,Fatou,2015-04-02,f,775721895
Sow,Fatou,1989-01-24,f,704453757
Sarr,Awa,1975-08-17,f,764815704
Ba,Ousmane,1988-12-21,m,770688100
Fall,Ousmane,2023-06-09,m,766421681
Sow,Awa,1947-10-26,f,706012399
Ndiaye,Ousmane,2011-12-17,m,700682311
Gueye,Mamadou,2020-11-02,m,765151053
Sow,Moussa,2014-11-12,m,772589768
Sy,Ibrahima,2014-12-28,m,706853767
Ba,Mariama,1997-06-12,f,704745223
Gueye,Mariama,1946-01-11,f,772223759
Sy,Mariama,1962-07-21,f,778542856
Sy,Oumar,1963-05-04,m,779493295
Fall,Khady,1999-06-13,f,760044928
Kane,Khady,1976-07-27,f,766813250
Diop,Mamadou,2021-02-26,m,781098195
Diallo,Aminata,1942-10-21,f,781295786
Fall,Abdoulaye,1981-09-14,m,781425030
Sy,Awa,1991-03-06,f,788906138
Ba,Mariama,2004-05-21,f,788065669
Kane,Mariama,1988-03-18,f,766733217
Fall,Cheikh,1941-08-14,m,783877281
Diop,Cheikh,1986-01-13,m,767824702
Ndiaye,Abdoulaye,2002-12-28,m,760988791
Sarr,Fatou,1978-07-30,f,781284966
Gueye,Awa,1952-04-05,f,760373531
Faye,Ibrahima,1999-08-13,m,762788620
Sow,Aminata,1940-10-26,f,786293787
Gueye,Oumar,1952-12-23,m,767247783
Fall,Mamadou,1956-12-09,m,766936991
Kane,Mariama,1996-02-06,f,763570681
Ba,Fatou,2021-01-28,f,768012563
Sow,Ibrahima,2011-11-16,m,774608905
Ndiaye,Mariama,1960-01-19,f,782601916
Ba,Fatou,1981-11-22,f,768182643
Fall,Fatou,1952-06-09,f,706296653
Sy,Cheikh,1956-05-23,m,707734678
Faye,Khady,1978-01-23,f,775400877
Sarr,Ibrahima,1954-08-18,m,785602240
Ndiaye,Mariama,1984-03-15,f,705762372
Fall,Cheikh,1996-03-05,m,769426201
Diop,Ibrahima,2014-12-11,m,773261415
Diallo,Mamadou,1977-11-25,m,760932110
Sarr,Ousmane,2015-08-22,m,765955876
Fall,Khady,1994-02-17,f,783249092
Sow,Oumar,2019-08-10,m,788166842
Diallo,Mariama,1980-03-05,f,706776728
Fall,Mariama,1947-12-24,f,701234857
Gueye,Fatou,1949-09-25,f,764289906
Sy,Abdoulaye,1982-03-22,m,764373726
Sarr,Ibrahima,1962-05-03,m,778534764
Faye,Awa,2006-10-01,f,763834563
Ndiaye,Khady,1989-07-22,f,701976002
Sow,Mariama,1974-02-16,f,760999485
Ba,Moussa,1984-04-04,m,760073264
Kane,Abdoulaye,1964-08-15,m,704250297
Gueye,Awa,1959-04-12,f,761215915
Diallo,Cheikh,1960-08-17,m,782019338
Sarr,Aminata,1973-04-14,f,773448683
Kane,Mamadou,1995-12-16,m,702721778
Sow,Khady,1993-04-25,f,765279559
Ba,Fatou,1977-01-12,f,709753228
Faye,Mariama,1986-05-03,f,775242774
Ndiaye,Ousmane,2001-09-04,m,785296729
Fall,Mariama,1968-10-24,f,788190219
Sow,Mamadou,1998-04-11,m,777778472
Ba,Khady,1994-05-06,f,701088694
Gueye,Mamadou,2000-11-14,m,777762628
Fall,Oumar,1966-10-11,m,776477313
Fall,Fatou,1960-05-25,f,782489015
Sarr,Mariama,1944-07-03,f,788450215
Sy,Fatou,1986-12-01,f,783355103
Sy,Mariama,1956-10-30,f,767207801
Diop,Aminata,1943-12-06,f,705048642
Sy,Khady,1945-10-26,f,787483315
Fall,Ousmane,1954-05-25,m,783028753
Kane,Cheikh,2007-04-09,m,779102124
Gueye,Mariama,1995-09-05,f,761366167
Diop,Aminata,1948-04-27,f,773892749
Sy,Oumar,2021-01-28,m,766327029
Sy,Aminata,1972-04-07,f,780435736
Ba,Ousmane,2021-06-01,m,786938315
Sy,Mamadou,1975-07-10,m,701804667
Ndiaye,Abdoulaye,2013-03-02,m,765945405
Faye,Mamadou,1979-12-24,m,763573273
Sy,Mariama,1941-04-25,f,785074575
Ba,Awa,1988-03-03,f,702870424
Sy,Moussa,1946-01-03,m,772792177
Kane,Khady,1965-01-29,f,782717380
Ndiaye,Ousmane,2017-01-19,m,769793589
Kane,Khady,1989-02-12,f,709008935
Faye,Ibrahima,1953-05-05,m,701378749
Gueye,Oumar,2010-04-11,m,709837241
Sow,Oumar,2023-12-15,m,704242156
Ndiaye,Aminata,1947-05-25,f,761890487
Diop,Mamadou,2014-12-26,m,772988111
Faye,Ibrahima,2012-06-15,m,702294786
Sy,Moussa,2017-07-09,m,769832098
Sy,Awa,1969-07-10,f,760746278
Sy,Ousmane,2019-10-12,m,708952876
Sarr,Cheikh,2013-11-14,m,789031115
Kane,Mamadou,1991-07-08,m,776865682
Sy,Ousmane,2016-12-24,m,763761192
Diallo,Khady,1975-11-08,f,707201854
Faye,Ousmane,2017-04-27,m,789274096
Diallo,Mamadou,1980-01-05,m,789139990
Diop,Fatou,1965-01-18,f,703182285
Diop,Fatou,1984-09-16,f,760870383
Faye,Mamadou,1975-07-24,m,763239983
Ba,Aminata,2012-11-28,f,764402146
Diallo,Cheikh,1998-03-22,m,701209289
Ndiaye,Ibrahima,1945-03-04,m,770738092
Faye,Cheikh,1940-12-23,m,773743854
Ndiaye,Mariama,1958-07-11,f,783391171
Sow,Oumar,2006-08-02,m,706222521
Faye,Oumar,2012-02-16,m,772959747
Sarr,Moussa,2001-10-19,m,774825984
Gueye,Moussa,1999-01-14,m,702342221
Gueye,Awa,2015-07-14,f,760037309
Sy,Abdoulaye,1940-05-11,m,769874175
Ndiaye,Moussa,1970-02-26,m,764960325
Faye,Abdoulaye,2014-01-10,m,779445725
Sarr,Moussa,2003-12-16,m,784416387
Fall,Awa,1971-08-16,f,769179460
Sy,Abdoulaye,1968-04-20,m,772142197
Fall,Ibrahima,1958-03-08,m,776046430
Sow,Oumar,1952-12-24,m,784585504
Diop,Fatou,2014-09-16,f,789550398
Gueye,Mariama,1994-10-30,f,781580813
Diallo,Abdoulaye,2006-03-13,m,764211127
Sarr,Moussa,2012-08-21,m,778189012
Sy,Ousmane,2020-08-06,m,771742602
Sow,Awa,1975-06-20,f,765876985
Sy,Abdoulaye,1989-06-21,m,772099091
Sy,Aminata,2023-04-15,f,760655143
Gueye,Ousmane,1975-04-11,m,780268062
Kane,Aminata,1956-01-23,f,703688593
Diallo,Mamadou,2014-06-28,m,787469505
Sarr,Ousmane,1984-08-08,m,783395307
Gueye,Mariama,1997-08-03,f,702877601
Ndiaye,Khady,1951-04-10,f,773439552
Fall,Fatou,1961-12-31,f,763195425
Gueye,Moussa,1998-06-12,m,777397206
Sy,Abdoulaye,2003-04-26,m,769415818
Ba,Ousmane,1941-12-24,m,772459094
Sow,Ibrahima,2015-06-18,m,769916025
Sy,Ibrahima,1941-03-07,m,770257213
Faye,Ousmane,1971-05-06,m,776497725
Sow,Cheikh,1970-06-25,m,761815156
Fall,Abdoulaye,1940-12-02,m,705010569
Sy,Oumar,1970-11-17,m,704909177
Fall,Mariama,2002-01-09,f,772985597
Ndiaye,Cheikh,2022-10-07,m,706319278
Gueye,Abdoulaye,1971-04-14,m,771377191
Diallo,Fatou,1968-12-22,f,780626109
Kane,Awa,1995-02-20,f,785706006
Faye,Ibrahima,1964-04-22,m,703076164
Faye,Awa,1975-03-11,f,787299737
Diallo,Aminata,1978-06-12,f,789807880
Kane,Moussa,1975-08-21,m,785942707
Sy,Mariama,1969-05-01,f,760157425
Diallo,Fatou,1977-07-19,f,789929118
Gueye,Khady,1995-08-01,f,703295013
Sow,Oumar,1960-09-11,m,786513581
Ba,Ousmane,1964-01-12,m,705935160
Ndiaye,Aminata,1949-07-04,f,769429721
Faye,Mamadou,1969-01-01,m,778569177
Ba,Abdoulaye,1944-05-30,m,782416479
Diop,Mariama,1948-07-27,f,769180424
Sarr,Cheikh,1970-02-10,m,767353060
Ndiaye,Aminata,1999-12-02,f,700331837
Ba,Fatou,2017-02-07,f,777549269
Gueye,Mariama,2006-01-07,f,765974738
Kane,Ousmane,2008-01-02,m,761458861
Kane,Ibrahima,1942-08-29,m,700952116
Sarr,Cheikh,2022-01-23,m,703625908
Fall,Khady,1966-10-15,f,777515651
Kane,Fatou,1962-09-14,f,761841863
Faye,Ousmane,1943-05-24,m,781768564
Sow,Moussa,1999-04-05,m,783700747
Faye,Ousmane,1991-08-18,m,705651623
Fall,Cheikh,1950-10-22,m,774420149
Sow,Cheikh,1985-08-04,m,771485697
Sow,Khady,2011-01-08,f,701941241
Ba,Awa,1982-10-25,f,709469434
Gueye,Oumar,1951-01-22,m,763571848
Sow,Awa,2000-02-19,f,764114033
Sow,Aminata,1986-01-21,f,763413854
Fall,Cheikh,1988-05-27,m,784009234
Ba,Aminata,2006-09-28,f,762316359
Ndiaye,Mamadou,1943-10-17,m,771078299
Ndiaye,Abdoulaye,1975-04-02,m,781640086
Sow,Awa,2017-12-06,f,706467830
Kane,Cheikh,1952-03-28,m,776693354
Diop,Abdoulaye,1986-02-18,m,772840813
Sow,Moussa,1999-09-29,m,774248657
Diop,Ousmane,1959-10-09,m,760582610
Sow,Fatou,2022-07-13,f,701146249
Fall,Aminata,1990-11-08,f,761987215
Ndiaye,Oumar,1994-10-24,m,770333645
Kane,Oumar,2006-10-31,m,762560636
Sy,Moussa,2001-01-27,m,787261100
Fall,Ibrahima,2003-05-18,m,782810520
Sow,Ousmane,1983-08-18,m,784420423
Fall,Mariama,1978-11-06,f,707992886
Sow,Mamadou,2021-08-13,m,764411797
Sy,Ibrahima,1974-04-08,m,765859056
Diallo,Awa,1982-07-21,f,760884696
Faye,Awa,1980-04-28,f,788702320
Faye,Fatou,1946-08-03,f,778947684
Diop,Moussa,1996-12-14,m,789454045
Sarr,Fatou,1986-01-12,f,780351794
Diallo,Oumar,2012-05-16,m,770756240
Diop,Moussa,2010-05-04,m,762878267
Sow,Ousmane,1941-08-23,m,701883638
Sow,Aminata,1948-07-22,f,762585190
Faye,Abdoulaye,1990-05-16,m,781608135
Gueye,Moussa,1985-01-24,m,766488192
Faye,Mariama,1964-04-26,f,784740521
Sy,Moussa,1945-11-29,m,707345050
Sow,Mariama,1943-07-10,f,703586788
Sarr,Awa,1958-06-29,f,767468618
Diallo,Mamadou,2008-01-02,m,708018041
Diop,Mariama,1980-05-13,f,772692559
Fall,Abdoulaye,1970-01-25,m,786326628
Ba,Mariama,1940-03-01,f,703008546
Gueye,Khady,2005-03-06,f,705710498
Ba,Ousmane,1990-08-24,m,787874299
Diallo,Abdoulaye,2000-01-22,m,788902132
Fall,Aminata,1974-04-29,f,780309262
Gueye,Mamadou,2005-03-17,m,789773911
Fall,Oumar,2018-11-15,m,780189189
Kane,Ibrahima,1946-01-19,m,765776487
Ba,Moussa,2010-04-04,m,783516178
Sow,Awa,1986-10-03,f,789830072
Sy,Abdoulaye,2014-07-12,m,761301295
Sy,Mariama,1982-05-17,f,763306932
Diallo,Moussa,2001-07-03,m,781198021
Ndiaye,Oumar,2006-12-28,m,767583180
Faye,Mamadou,1992-07-29,m,769292010
Gueye,Ibrahima,1964-02-17,m,784373939
Ba,Mariama,1975-12-07,f,770026980
Sow,Oumar,1944-01-24,m,786740424
Fall,Khady,1991-08-20,f,769107336
Ba,Ibrahima,1943-08-30,m,700195792
Sow,Abdoulaye,1944-01-12,m,779229395
Ndiaye,Awa,1952-05-12,f,773484820
Gueye,Ibrahima,2002-12-07,m,703791267
Ndiaye,Ousmane,1988-10-24,m,789447546
Ndiaye,Mariama,1983-12-02,f,781327988
Gueye,Moussa,2003-02-28,m,702925373
Kane,Fatou,1954-01-16,f,704047184
Gueye,Fatou,2021-08-07,f,709900848
Ndiaye,Mamadou,1965-12-01,m,779094946
Sy,Mamadou,1962-10-11,m,763168832
Gueye,Oumar,1978-06-22,m,787674271
Ba,Ibrahima,1951-01-15,m,761171239
Diallo,Ibrahima,1958-05-05,m,706599766
Ndiaye,Aminata,1978-01-06,f,769651162
Diop,Khady,1986-12-11,f,765209045
Ndiaye,Ibrahima,2014-04-27,m,707541820
Sarr,Cheikh,2003-09-16,m,785730473
Diallo,Moussa,1997-07-29,m,705559538
Fall,Awa,1998-05-15,f,760176134
Faye,Aminata,2011-06-16,f,789284129
Gueye,Ousmane,1961-01-21,m,776964243
Diop,Khady,1952-06-20,f,701275034
Faye,Awa,1977-05-29,f,785036684
Diallo,Cheikh,1979-12-07,m,779609713
Kane,Fatou,2004-02-29,f,784827257
Diop,Mamadou,1959-07-04,m,763870542
Sow,Khady,1991-09-17,f,783361023
Diallo,Cheikh,1944-08-01,m,704322652
Gueye,Mariama,1966-02-01,f,709072846
Sow,Aminata,1955-04-14,f,781121603
Fall,Abdoulaye,2015-05-22,m,760573257
Sarr,Aminata,1980-07-10,f,707620884
Gueye,Ibrahima,1962-09-29,m,770863230
Sow,Oumar,1981-10-09,m,700481912
Sy,Moussa,1949-12-19,m,776209060
Diop,Aminata,1945-01-27,f,768368493
Gueye,Khady,2021-01-04,f,779081937
Diop,Aminata,2021-06-24,f,769556026
Sy,Moussa,1971-09-09,m,770494598
Diallo,Mariama,1943-06-03,f,779256952
Ba,Oumar,1971-03-08,m,768013880
Ndiaye,Khady,1966-03-11,f,775178120
Fall,Cheikh,1962-01-31,m,760816467
Gueye,Cheikh,1954-09-29,m,780672166
Kane,Fatou,1985-10-04,f,784739024
Faye,Fatou,2014-08-05,f,777997917
Faye,Ibrahima,1989-06-24,m,764124558
Kane,Mariama,1974-02-15,f,704858072
Ba,Khady,2017-06-09,f,788032348
Fall,Aminata,1985-11-22,f,767753104
Sy,Oumar,2014-03-18,m,789312220
Gueye,Aminata,1976-01-03,f,773382362
Gueye,Khady,2006-04-22,f,773881522
Sarr,Awa,1948-05-29,f,763892774
Sow,Awa,1959-04-28,f,760208953
Sarr,Abdoulaye,1999-06-29,m,705559787
Faye,Awa,1980-05-19,f,785645198
Gueye,Ousmane,1971-09-30,m,705409760
Ndiaye,Ousmane,2007-12-24,m,707858178
Gueye,Ibrahima,1965-10-10,m,763530703
Faye,Aminata,1977-06-26,f,778839703
Diop,Khady,2022-11-27,f,703061702
Kane,Khady,1992-02-19,f,767328315
Diallo,Abdoulaye,1999-05-18,m,773735259
Gueye,Khady,1995-11-25,f,778734747
Sy,Awa,1963-03-10,f,763619766
Sarr,Awa,2006-08-16,f,786689597
Kane,Khady,2001-09-23,f,701193835
Ndiaye,Awa,2019-05-28,f,778284841
Sarr,Mariama,2015-08-05,f,779862506
Faye,Khady,2000-11-15,f,781873251
Sow,Fatou,1982-03-01,f,767729797
Ba,Ibrahima,1973-04-02,m,768645807
Faye,Ibrahima,1984-12-15,m,707912981
Kane,Ousmane,1971-10-09,m,772221962
Gueye,Ousmane,2009-12-20,m,786651491
Sow,Abdoulaye,1942-05-09,m,777660327
Diop,Oumar,1989-05-13,m,781795434
Fall,Cheikh,1946-10-04,m,780006627
Diallo,Oumar,1950-05-11,m,788858583
Kane,Mariama,1999-02-18,f,762907717
Kane,Awa,2011-12-22,f,779158812
Gueye,Aminata,1979-08-08,f,782513235
Ba,Oumar,1956-05-19,m,702071525
Faye,Aminata,1999-10-19,f,763943469
Kane,Mamadou,1994-11-14,m,781592576
Fall,Ibrahima,1982-01-12,m,780075694
Sy,Mariama,1955-08-13,f,780427843
Ndiaye,Fatou,1941-08-18,f,769452404
Gueye,Oumar,1975-07-08,m,786177612
Kane,Mariama,1970-11-15,f,768929904
Sow,Abdoulaye,1998-08-08,m,776935037
Ndiaye,Cheikh,1988-01-05,m,705365797
Diallo,Abdoulaye,2004-11-15,m,772804500
Diop,Aminata,2020-05-19,f,780182750
Kane,Cheikh,1994-05-27,m,763046969
Kane,Cheikh,1955-08-24,m,773211910
Sy,Abdoulaye,2002-07-20,m,704198284
Diallo,Abdoulaye,1961-01-09,m,784814457
Diallo,Fatou,2010-09-05,f,785058230
Ba,Awa,1964-12-16,f,701310296
Sarr,Mamadou,1943-11-26,m,781924649
Diop,Awa,2000-09-19,f,706461104
Diallo,Khady,1955-05-24,f,769171121
Ndiaye,Fatou,1944-01-30,f,774635452
Faye,Fatou,1980-02-12,f,786306997
Fall,Awa,1966-09-13,f,772104111
Sarr,Moussa,1983-07-30,m,786247718
Ndiaye,Aminata,2017-05-19,f,709275919
Sow,Awa,1947-07-09,f,785323986
Faye,Awa,1988-02-10,f,771389599
Ndiaye,Aminata,1988-03-17,f,706614925
Ba,Moussa,1970-12-26,m,704909899
Ndiaye,Fatou,2001-02-14,f,775456354
Ndiaye,Moussa,1961-05-26,m,789499784
Sy,Mariama,1988-07-30,f,706621436
Sow,Aminata,1998-12-20,f,781130173
Faye,Awa,1975-10-13,f,786295166
Kane,Khady,2019-09-28,f,785450745
Sow,Ibrahima,1969-02-27,m,760123581
Sarr,Aminata,1978-01-09,f,769437827
Diop,Khady,1990-10-07,f,766493708
Fall,Ibrahima,2000-10-14,m,783035027
Kane,Mamadou,1942-07-07,m,705527970
Ndiaye,Cheikh,2006-07-04,m,703055878
Ba,Fatou,2023-02-17,f,707755073
Sow,Abdoulaye,1962-07-05,m,786828408
Ndiaye,Mariama,1942-07-16,f,778307598
Sy,Aminata,2017-05-11,f,775780826
Sow,Awa,1953-02-28,f,771053842
Sy,Aminata,1999-04-18,f,787601117
Gueye,Aminata,1973-06-24,f,780112533
Sarr,Mariama,1953-07-10,f,782625083
Diallo,Aminata,1988-04-13,f,780447270
Diop,Oumar,1995-06-09,m,762958741
Kane,Mamadou,2003-09-07,m,776566032
Fall,Ibrahima,2006-05-22,m,779591626
Diallo,Ibrahima,2013-09-28,m,784703385
Fall,Ibrahima,1975-03-06,m,700476089
Diallo,Ibrahima,1972-12-06,m,777199005
Fall,Oumar,1958-06-26,m,768019035
Ndiaye,Abdoulaye,2018-01-11,m,789250970
Sy,Mamadou,1943-08-26,m,785614425
Ba,Mariama,1996-06-11,f,784991173
Ndiaye,Mamadou,1951-04-02,m,702649457
Sow,Khady,1969-10-22,f,703926523
Sy,Awa,1978-08-13,f,772060487
Gueye,Khady,1942-02-28,f,702034769
Kane,Abdoulaye,2001-01-31,m,765771029
Sy,Awa,2014-04-06,f,708563140
Ndiaye,Moussa,2003-10-31,m,704211549
Diop,Moussa,1958-08-22,m,769368404
Kane,Khady,1976-06-07,f,767663555
Sow,Oumar,1967-02-11,m,705393736
Diallo,Cheikh,1966-10-20,m,781949842
Gueye,Cheikh,1958-10-30,m,765368154
Sy,Mamadou,1960-06-22,m,779350753
Fall,Khady,1983-03-31,f,763072744
Kane,Khady,2015-09-21,f,773834772
Sy,Fatou,1992-04-19,f,783527294
Sow,Abdoulaye,1968-08-15,m,760126820
Ba,Ibrahima,2006-12-25,m,784110385
Sarr,Mamadou,2019-01-20,m,783250780
Ba,Aminata,1991-04-05,f,705355021
Fall,Oumar,1991-08-30,m,707799701
Diop,Fatou,1945-01-23,f,772674784
Sow,Aminata,1989-09-02,f,787387292
Sy,Fatou,1998-05-28,f,779665657
Sy,Awa,2012-06-17,f,764137337
Sarr,Khady,1955-10-10,f,703276730
Kane,Cheikh,1941-04-20,m,784284858
Ndiaye,Mariama,2009-03-02,f,763890824
Ndiaye,Mariama,1983-06-24,f,708081277
Diop,Khady,2021-10-03,f,781365721
Sow,Oumar,1987-01-10,m,768965819
Diallo,Khady,1977-03-06,f,778493966
Diallo,Mariama,2002-09-30,f,762237723
Diop,Fatou,1980-08-13,f,772027080
Gueye,Mariama,2007-09-02,f,783276182
Kane,Aminata,1983-08-06,f,706251731
Gueye,Oumar,1994-10-11,m,780748254
Sarr,Awa,2019-08-01,f,783022120
Diop,Fatou,1951-08-01,f,782846302
Sy,Mariama,1986-06-05,f,779589021
Fall,Khady,2001-07-11,f,763227955
Fall,Awa,1997-11-06,f,707910155
Diop,Fatou,1991-08-27,f,783175718
Fall,Awa,1956-11-13,f,783266390
Ndiaye,Mariama,1977-02-03,f,765437318
Gueye,Awa,1963-03-07,f,704142714
Fall,Mariama,2020-06-06,f,701437740
Diop,Ibrahima,1941-08-12,m,768646923
Diop,Mamadou,1959-11-04,m,702720748
Gueye,Aminata,1948-05-21,f,763417951
Sy,Mamadou,2022-06-10,m,776330071
Sarr,Cheikh,1946-11-21,m,766422871
Sy,Ibrahima,2022-08-15,m,709675667
Fall,Oumar,1984-08-05,m,784587403
Diop,Cheikh,1977-05-04,m,774960248
Sarr,Aminata,1991-12-28,f,788971882
Diop,Fatou,1960-11-21,f,774457237
Diallo,Mamadou,1959-04-19,m,706739491
Sarr,Awa,2009-07-31,f,777036489
Gueye,Khady,2018-06-30,f,704988449
Faye,Khady,1971-09-13,f,787264887
Sy,Oumar,1989-09-14,m,781903360
Sy,Abdoulaye,1943-08-03,m,775522453
Faye,Mariama,1944-04-30,f,708546533
Faye,Moussa,2012-09-14,m,704764195
Fall,Awa,1998-01-28,f,766480292
Kane,Mariama,1955-05-25,f,760009190
Diallo,Mamadou,2017-07-30,m,700701272
Diallo,Aminata,1964-12-20,f,789751305
Fall,Mamadou,1940-04-29,m,783517156
Gueye,Mariama,1990-08-31,f,706686866
Gueye,Fatou,2005-10-23,f,783232958
Sarr,Moussa,1945-10-08,m,781983266
Kane,Fatou,2016-03-11,f,776757772
Fall,Abdoulaye,1941-08-03,m,780704592
Fall,Cheikh,2012-04-21,m,766662363
Sy,Fatou,1974-02-12,f,781327443
Gueye,Khady,2010-07-29,f,760472596
Sy,Abdoulaye,1974-05-25,m,782823311
Diallo,Ousmane,2004-12-20,m,769502888
Fall,Mamadou,2004-07-17,m,779146679
Ba,Fatou,2007-02-25,f,761902458
Fall,Fatou,2017-07-06,f,761304379
Sarr,Oumar,2010-11-23,m,766484737
Faye,Oumar,1980-10-30,m,704197989
Ndiaye,Ibrahima,1999-06-01,m,788505531
Sy,Khady,2001-11-25,f,709703495
Sarr,Aminata,1947-12-03,f,763668059
Kane,Oumar,1959-06-17,m,770921067
Diallo,Khady,1954-10-13,f,704624005
Diop,Awa,2002-03-07,f,767992086
Diop,Ibrahima,2005-05-04,m,782754619
Kane,Awa,2014-06-24,f,709357015
Sow,Oumar,2019-06-21,m,703338282
Fall,Cheikh,1956-03-29,m,761307678
Sow,Aminata,1975-11-25,f,775363286
Faye,Mariama,2015-03-29,f,705311045
Ndiaye,Ousmane,1949-09-21,m,772515694
Diop,Khady,1948-04-08,f,779516293
Faye,Cheikh,1956-08-14,m,769416048
Gueye,Ibrahima,2004-08-16,m,705009825
Ba,Oumar,1983-11-19,m,774794117
Ba,Fatou,1963-02-21,f,786756798
Gueye,Moussa,1985-03-21,m,777873263
Diallo,Oumar,1967-12-04,m,781708333
Sy,Ousmane,1996-08-25,m,783962411
Sarr,Oumar,2003-02-19,m,768849915
Sow,Awa,1996-11-20,f,708159259
Gueye,Ousmane,2001-09-25,m,786889862
Gueye,Cheikh,1969-10-24,m,762794132
Sow,Oumar,2001-05-13,m,775114630
Ba,Khady,1997-03-29,f,700100409
Sy,Mamadou,1973-10-01,m,771603332
Diop,Moussa,1981-09-13,m,787585308
Sow,Oumar,2019-12-10,m,707049857
Fall,Mamadou,1994-12-18,m,780215153
Kane,Cheikh,1962-12-21,m,774790906
Sarr,Ousmane,1967-08-10,m,777240192
Diop,Awa,1950-11-29,f,781784570
Sow,Ibrahima,1943-03-19,m,785586555
Ba,Mariama,1997-09-23,f,705158986
Sarr,Aminata,2008-05-16,f,765893764
Kane,Cheikh,1962-05-02,m,709230360
Kane,Abdoulaye,1980-03-13,m,702267158
Gueye,Fatou,2023-08-06,f,707765742
Sarr,Moussa,1970-05-10,m,763946294
Kane,Mamadou,1947-04-27,m,769964893
Sow,Ibrahima,2010-01-10,m,702392992
Diop,Awa,1984-07-28,f,783771792
Kane,Mamadou,2023-03-29,m,774680664
Faye,Aminata,1981-11-12,f,706908592
Sy,Aminata,1964-12-08,f,783564108
Diallo,Awa,1987-11-09,f,702696126
Sarr,Moussa,1999-07-22,m,704258090
Ndiaye,Moussa,1969-10-22,m,777759202
Sarr,Abdoulaye,2003-01-16,m,779826554
Sy,Aminata,2011-02-02,f,778226351
Ndiaye,Cheikh,1999-10-12,m,784046626
Ba,Moussa,1979-09-29,m,766478483
Fall,Khady,2020-12-25,f,761970174
Faye,Fatou,2007-03-02,f,778134006
Sy,Aminata,2013-04-06,f,787950808
Ndiaye,Ibrahima,1972-07-25,m,702611924
Gueye,Cheikh,1947-08-12,m,765324185
Ba,Ousmane,2017-04-03,m,701711137
Sy,Ousmane,1974-01-20,m,706106712
Faye,Ousmane,2013-12-07,m,762992706
Kane,Moussa,1976-09-20,m,762795911
Kane,Abdoulaye,2018-05-08,m,770841001
Ndiaye,Oumar,1973-12-29,m,766108666
Kane,Ibrahima,1957-05-24,m,766212144
Diop,Ibrahima,1987-06-29,m,778221566
Diop,Abdoulaye,2009-09-10,m,773774945
Gueye,Aminata,1952-02-26,f,701980278
Ndiaye,Moussa,2015-05-21,m,704161233
Sy,Mariama,1946-04-16,f,780815699
Diallo,Fatou,2010-01-01,f,788669927
Gueye,Aminata,2009-05-22,f,783328043
Faye,Awa,1999-05-28,f,702298486
Fall,Fatou,2014-06-16,f,701469619
Ba,Moussa,1952-12-17,m,767094754
Diallo,Awa,1981-04-10,f,781169710
Ndiaye,Fatou,1980-05-28,f,764420425
Diop,Oumar,1960-05-08,m,772351773
Diop,Aminata,1981-08-29,f,776309095
Kane,Mariama,1995-02-07,f,768165524
Ndiaye,Moussa,1986-12-17,m,778584046
Faye,Awa,1943-03-29,f,703272863
Sarr,Awa,1948-01-27,f,787612533
Ndiaye,Awa,1971-11-09,f,703186615
Gueye,Oumar,1983-12-19,m,776027012
Sarr,Abdoulaye,1987-02-05,m,702439654
Ndiaye,Khady,1975-11-01,f,787846171
Faye,Abdoulaye,1980-07-20,m,782016105
Faye,Cheikh,1958-03-06,m,783112225
Faye,Cheikh,1976-09-02,m,770980069
Sy,Ousmane,1952-09-25,m,762631786
Sy,Ousmane,1988-03-26,m,779982069
Diallo,Mamadou,1996-05-27,m,703829521
Fall,Awa,1947-10-01,f,776861398
Faye,Ousmane,2018-02-04,m,700888857
Kane,Moussa,1945-12-17,m,784772216
Ba,Awa,1974-01-25,f,707151676
Sow,Awa,1973-06-08,f,771155371
Kane,Mariama,1947-02-16,f,767247812
Sy,Cheikh,1998-03-21,m,772483660
Sarr,Oumar,1994-10-04,m,767243988
Kane,Ibrahima,1992-08-31,m,701909312
Sow,Abdoulaye,1987-04-20,m,769584914
Sarr,Ibrahima,2019-08-24,m,706742769
Faye,Moussa,1991-02-25,m,762526820
Fall,Fatou,2002-05-23,f,772538851
Diop,Fatou,1982-11-09,f,768482013
Kane,Mariama,1953-01-01,f,701000404
Diop,Mamadou,1993-12-12,m,785911197
Ba,Fatou,1978-12-07,f,775584139
Fall,Moussa,2022-10-06,m,766355498
Sy,Khady,2023-10-12,f,765101342
Ndiaye,Ousmane,2007-06-01,m,763004901
Fall,Ousmane,1945-04-19,m,770078459
Kane,Ibrahima,2000-06-27,m,769183709
Sy,Mariama,1988-06-23,f,774394359
Gueye,Oumar,1954-01-01,m,789286009
Faye,Cheikh,1950-05-11,m,760384330
Gueye,Khady,1982-02-24,f,784894109
Diop,Fatou,2012-02-15,f,777687805
Gueye,Ibrahima,1968-01-18,m,778651506
Sow,Mariama,2006-02-25,f,786109667
Sow,Ousmane,1985-03-31,m,773397627
Gueye,Awa,1950-07-11,f,782851979
Gueye,Ibrahima,1961-02-01,m,786739270
Fall,Mamadou,2003-08-13,m,786066853
Faye,Khady,1988-03-31,f,766747215
Kane,Khady,1965-03-02,f,702963072
Sow,Ousmane,1970-06-14,m,704585579
Diop,Moussa,2010-08-26,m,772983650
Sarr,Aminata,1991-01-18,f,709919588
Gueye,Ibrahima,1958-02-08,m,764476115
Sow,Fatou,1957-07-25,f,769640348
Ba,Ibrahima,1987-03-01,m,774176802
Gueye,Aminata,1980-01-19,f,700237861
Gueye,Moussa,2014-05-08,m,784823387
Gueye,Cheikh,1948-08-25,m,788942611
Diallo,Abdoulaye,1980-02-20,m,771860860
Diallo,Abdoulaye,1998-06-27,m,784572635
Faye,Aminata,1951-05-19,f,709307384
Fall,Cheikh,1946-05-11,m,773369452
Kane,Awa,1967-10-06,f,760406107
Kane,Fatou,2018-11-15,f,784239260
Kane,Cheikh,1959-11-07,m,766920244
Fall,Ousmane,1988-10-09,m,762280377
Gueye,Ousmane,1940-07-26,m,760892238
Kane,Moussa,1964-03-22,m,784805565
Ba,Ibrahima,1996-11-28,m,769956527
Faye,Oumar,1962-09-27,m,761915916
Sy,Mariama,1947-06-29,f,777456596
Diop,Mariama,2021-04-22,f,760702541
Kane,Abdoulaye,1941-09-17,m,760317364
Ba,Khady,1946-07-16,f,762023509
Gueye,Abdoulaye,1956-11-09,m,768386459
Diallo,Mamadou,1960-12-01,m,762890477
Kane,Awa,1958-06-20,f,789746542
Sarr,Aminata,1964-08-28,f,775619386
Sarr,Cheikh,1996-02-01,m,708119962
Diallo,Khady,1972-01-26,f,777902026
Fall,Cheikh,1961-06-25,m,768785130
Diallo,Oumar,2006-02-12,m,703969038
Ba,Fatou,2023-12-02,f,705201716
Ndiaye,Ibrahima,2002-05-13,m,783901335
Ba,Moussa,1976-06-26,m,763448891
Sow,Aminata,1943-10-20,f,764317387
Ba,Khady,2023-08-11,f,700342812
Diallo,Ousmane,1992-03-25,m,707685449
Ndiaye,Ousmane,2004-07-10,m,783675933
Diallo,Cheikh,2010-03-23,m,701522554
Gueye,Ibrahima,1960-01-13,m,780919434
Gueye,Mamadou,1974-12-09,m,783860236
Sarr,Oumar,1957-03-03,m,705967144
Sy,Ousmane,1975-05-01,m,771566344
Ba,Khady,2007-11-16,f,766115969
Diallo,Khady,1942-08-12,f,707932675
Sy,Mariama,1942-12-19,f,707886887
Sarr,Aminata,2015-08-22,f,789906624
Gueye,Cheikh,1999-04-13,m,771116623
Sow,Abdoulaye,1983-05-13,m,700165277
Sy,Aminata,1951-09-03,f,778335959
Sy,Ibrahima,1943-06-23,m,762077060
Kane,Cheikh,1960-07-17,m,774255709
Sy,Aminata,1962-10-17,f,766798265
Sy,Abdoulaye,1991-06-22,m,706959249
Sy,Cheikh,1984-11-19,m,709504375
Ndiaye,Oumar,1957-03-20,m,760794738
Diop,Ousmane,1949-07-16,m,760448085
Ndiaye,Awa,1976-08-28,f,704069352
Ndiaye,Awa,2015-08-28,f,775621436
Diallo,Awa,1973-03-04,f,770801681
Sy,Abdoulaye,1962-06-28,m,765814601
Kane,Fatou,1969-06-22,f,764790907
Sarr,Aminata,1949-04-16,f,776553526
Ba,Cheikh,1985-04-12,m,770067672
Gueye,Khady,1957-12-21,f,766516821
Gueye,Ousmane,1948-02-26,m,700072606
Fall,Awa,1950-07-05,f,773901372
Gueye,Mariama,1987-12-20,f,770984048
Ba,Moussa,1973-09-25,m,701453237
Gueye,Cheikh,1947-06-20,m,705405952
Diallo,Mamadou,2015-04-10,m,760267294
Sy,Awa,1946-08-10,f,763083369
Diallo,Aminata,1988-07-30,f,765648928
Sarr,Khady,2016-05-09,f,780951094
Diallo,Mariama,1963-04-01,f,782509354
Diop,Mamadou,1969-05-23,m,788306665
Sow,Ibrahima,2021-03-05,m,708679478
Faye,Cheikh,2008-07-10,m,709050302
Faye,Aminata,2011-08-08,f,701695836
Faye,Oumar,1984-02-15,m,779193442
Sow,Mariama,1969-09-23,f,785699140
Diop,Moussa,1961-11-14,m,789887755
Diallo,Fatou,1954-10-10,f,760812400
Faye,Abdoulaye,1943-02-17,m,777053858
Diop,Cheikh,1953-10-06,m,765747280
Sow,Awa,1940-02-14,f,763992545
Ndiaye,Awa,1970-02-25,f,784759714
Gueye,Awa,1974-03-16,f,709208123
Ba,Mariama,1966-07-15,f,788642696
Diallo,Awa,1992-03-08,f,783139795
Sy,Mamadou,1942-05-06,m,785288959
Kane,Mariama,1945-09-13,f,702983156
Kane,Awa,1978-01-12,f,705095605
Ndiaye,Khady,2002-07-19,f,783002386
Gueye,Khady,1981-04-14,f,761756078
Diop,Moussa,1940-04-14,m,700169415
Sow,Cheikh,2020-03-24,m,706010365
Diop,Moussa,1948-11-01,m,786015355
Fall,Mariama,1988-09-09,f,704555406
Gueye,Cheikh,2023-04-21,m,702820489
Fall,Awa,1947-05-08,f,778004720
Faye,Abdoulaye,1940-02-03,m,787241846
Fall,Mariama,1986-03-13,f,770726462
Diallo,Abdoulaye,2011-10-10,m,775140852
Ndiaye,Aminata,1948-12-27,f,782551549
Kane,Ousmane,2016-12-11,m,781669472
Diallo,Ousmane,1986-06-17,m,701253960
Gueye,Ibrahima,1982-07-16,m,776083402
Ndiaye,Mamadou,2014-04-20,m,709113130
Faye,Moussa,1943-03-28,m,789576992
Diop,Abdoulaye,1945-09-19,m,772540968
Sow,Mamadou,1987-12-24,m,706200843
Ba,Khady,2018-05-14,f,787049976
Faye,Ibrahima,1951-03-23,m,765452415
Diallo,Mamadou,1983-04-10,m,789470789
Kane,Khady,1961-08-24,f,778742346
Fall,Awa,1977-05-27,f,708518107
Diallo,Oumar,2005-03-06,m,766891610
Diop,Mamadou,2000-07-03,m,780246778
Kane,Abdoulaye,1957-08-26,m,762876317
Faye,Khady,2010-09-26,f,774656767
Sarr,Aminata,2009-03-24,f,773241460
Fall,Khady,1940-06-22,f,770792952
Ba,Fatou,1958-01-30,f,787557731
Ba,Abdoulaye,2011-07-12,m,786468120
Faye,Khady,1944-03-16,f,774073740
Sy,Mariama,1964-06-28,f,779384418
Diop,Mariama,1977-01-19,f,703715751
Ba,Cheikh,1989-08-26,m,778884792
Sy,Awa,1945-10-06,f,762111680
Fall,Aminata,2013-12-21,f,777973127
Sarr,Awa,1943-04-18,f,706966998
Sow,Awa,1988-11-09,f,782911552
Sow,Mamadou,1963-03-15,m,703719372
Ndiaye,Ousmane,2004-02-09,m,779927234
Faye,Mariama,1960-10-11,f,787334810
Faye,Ibrahima,2000-09-23,m,769981524
Sow,Mamadou,1998-11-07,m,769765423
Sy,Mamadou,1987-08-06,m,782161233
Ndiaye,Awa,2021-06-23,f,760947649
Sy,Abdoulaye,2005-07-24,m,784488856
Diop,Mariama,1959-04-18,f,766338002
Faye,Khady,2017-02-12,f,775141371
Sarr,Khady,2006-12-01,f,783635427
Sarr,Moussa,1998-04-10,m,707256924
Gueye,Cheikh,1949-04-24,m,778109494
Sow,Khady,2017-05-22,f,775526306
Sarr,Oumar,2014-08-14,m,705415263
Diallo,Mamadou,1948-04-10,m,779353815
Sy,Mamadou,1945-08-09,m,775135688
Ndiaye,Fatou,1955-07-09,f,784570224
Sarr,Fatou,2013-11-18,f,707332062
Diop,Moussa,1981-08-20,m,708498656
Kane,Mariama,1961-10-04,f,707799533
Fall,Abdoulaye,1952-10-02,m,784037746
Ndiaye,Abdoulaye,2009-04-15,m,763774319
Fall,Fatou,1946-12-12,f,786915738
Fall,Mamadou,2021-02-02,m,767728289
Faye,Fatou,1977-02-01,f,773327963
Sy,Awa,2017-06-09,f,782996273
Kane,Ousmane,1974-04-02,m,767117298
Kane,Ibrahima,1982-12-30,m,705333201
Sow,Awa,1955-08-25,f,766644645
Kane,Mamadou,1948-03-23,m,775080891
Diop,Ibrahima,1983-10-26,m,702494225
Diop,Ousmane,2016-07-20,m,772492286
Diallo,Khady,1962-08-02,f,769757320
Diallo,Ousmane,1972-07-14,m,774391997
Ba,Mamadou,1955-09-05,m,773879688
Sy,Khady,1976-02-19,f,764683271
Sow,Awa,1981-04-24,f,766019340
Faye,Moussa,1976-06-13,m,700048928
Sow,Ibrahima,1967-02-07,m,762791952
Sow,Abdoulaye,2002-05-05,m,768508452
Sow,Ibrahima,1949-11-29,m,771808227
Fall,Mamadou,2003-07-10,m,789982434
Ba,Mamadou,1993-08-30,m,705156390
Ba,Ousmane,1962-03-29,m,702120396
Ndiaye,Mariama,1942-01-10,f,767676769
Kane,Mariama,1968-06-28,f,772762585
Sow,Mariama,1997-06-10,f,764515628
Ba,Ibrahima,2016-03-16,m,778760655
Faye,Ibrahima,1964-12-26,m,773927429
Gueye,Ousmane,2012-07-30,m,782655829
Sow,Khady,1950-07-29,f,775084554
Sy,Awa,1994-03-15,f,760775683
Diop,Fatou,2004-03-08,f,763957385
Sow,Ousmane,2015-01-19,m,783849336
Diop,Oumar,1964-03-14,m,782279251
Kane,Oumar,1994-05-05,m,760186113
Gueye,Mariama,1999-05-21,f,702046159
Kane,Fatou,1992-07-10,f,775767416
Gueye,Ousmane,1976-01-16,m,761213853
Faye,Abdoulaye,1987-07-14,m,704410075
Kane,Ousmane,2012-11-13,m,766651443
Ba,Mariama,1972-04-05,f,706006214
Diallo,Ibrahima,2019-07-16,m,781980218
Sow,Ousmane,1982-08-17,m,780569323
Sy,Ibrahima,1967-08-01,m,766329269
Diop,Khady,1987-04-25,f,769939420
Diallo,Awa,2016-08-14,f,703857973
Gueye,Moussa,1998-08-17,m,701765793
Ndiaye,Mamadou,2022-11-03,m,762546164
Sarr,Mariama,2006-10-03,f,789408146
Sow,Mariama,1999-11-17,f,708658299
Sow,Mamadou,2009-04-07,m,783859168
Diallo,Oumar,2023-08-22,m,765561191
Kane,Fatou,2020-02-17,f,702343788
Sow,Oumar,2007-01-12,m,709555438
Diallo,Mariama,1988-09-05,f,707913730
Sarr,Fatou,1944-11-21,f,706782075
Ndiaye,Abdoulaye,1982-03-09,m,762176862
Sow,Cheikh,1979-04-08,m,775693225
Ndiaye,Awa,1992-05-08,f,769175094
Ba,Cheikh,1971-09-02,m,707196863
Gueye,Awa,2020-10-24,f,766445223
Ndiaye,Abdoulaye,1975-04-09,m,788073263
Diallo,Ousmane,1978-03-20,m,788798842
Ndiaye,Mariama,1941-02-14,f,707794832
Fall,Ibrahima,1966-03-24,m,789209702
Diop,Oumar,1967-07-31,m,769750849
Diop,Abdoulaye,1941-02-06,m,770973533
Gueye,Ousmane,1946-05-11,m,706801973
Ndiaye,Aminata,1992-10-30,f,768036501
Faye,Aminata,1992-07-08,f,775723347
Gueye,Mariama,1981-04-04,f,786538765
Diallo,Ibrahima,1952-12-01,m,775416253
Fall,Fatou,2004-08-27,f,762090236
Sy,Cheikh,1947-06-06,m,702448090
Diallo,Khady,1971-02-07,f,771838449
Sy,Oumar,2006-05-20,m,786216776
Sy,Mamadou,2010-12-23,m,702506396
Gueye,Fatou,1970-07-27,f,707469796
Sarr,Cheikh,1973-03-21,m,783829343
Ba,Ousmane,1971-09-26,m,764018656
Diop,Ousmane,1983-09-16,m,765548111
Kane,Awa,1981-10-06,f,760022322
Ndiaye,Abdoulaye,1943-09-25,m,701145005
Diallo,Awa,1942-10-29,f,762308250
Faye,Mariama,2011-11-26,f,786464907
Kane,Mamadou,1948-06-06,m,762447494
Ba,Mariama,2017-04-09,f,704982292
Kane,Mariama,1964-09-27,f,764881161
Sy,Ousmane,1990-04-30,m,764270123
Fall,Abdoulaye,2010-11-12,m,708127221
Faye,Aminata,1982-03-20,f,762880832
Diallo,Cheikh,2016-10-25,m,789908681
Sow,Ousmane,1975-12-10,m,761559815
Sow,Mariama,1950-08-23,f,773928774
Diop,Mamadou,2009-11-24,m,764231976
Kane,Abdoulaye,1959-11-24,m,786177984
Faye,Cheikh,1992-07-28,m,789188149
Fall,Awa,1951-02-12,f,765284186
Sow,Ibrahima,1974-05-10,m,787013160
Faye,Abdoulaye,1995-04-19,m,765759437
Ba,Ousmane,1956-07-13,m,709004259
Diallo,Moussa,1991-10-15,m,775247466
Diallo,Ibrahima,1991-01-18,m,701396552
Sow,Ousmane,2003-09-03,m,761305075
Sy,Fatou,1976-03-05,f,700812531
Diallo,Ibrahima,1941-01-04,m,778112002
Kane,Fatou,1979-11-21,f,700167509
Sow,Khady,2015-09-13,f,761622621
Kane,Moussa,2004-12-03,m,708193207
Sarr,Mamadou,1977-01-26,m,788990145
Ndiaye,Fatou,1945-03-22,f,779921419
Gueye,Aminata,1968-08-18,f,700484197
Diop,Mamadou,1970-06-10,m,702824310
Diop,Fatou,2015-08-14,f,784781872
Fall,Mamadou,1971-09-17,m,769201388
Ba,Mamadou,1979-07-25,m,780218381
Faye,Ibrahima,1942-04-05,m,788180046
Sy,Mamadou,1945-09-15,m,774960173
Sarr,Abdoulaye,1966-11-05,m,772607063
Diop,Mariama,1989-01-22,f,763959829
Faye,Mariama,2004-02-03,f,765453724
Faye,Mariama,1959-12-01,f,784289143
Ba,Oumar,1969-11-26,m,789080938
Diop,Ousmane,1992-04-01,m,764012441
Sarr,Mamadou,1960-08-19,m,784272336
Faye,Aminata,1950-07-30,f,787266748
Gueye,Moussa,1965-05-28,m,707060097
Faye,Moussa,2001-09-05,m,770667944
Kane,Mariama,1973-12-31,f,766880248
Ndiaye,Abdoulaye,2015-12-14,m,769517205
Kane,Ousmane,1978-10-16,m,770151677
Kane,Moussa,1998-06-23,m,787576940
Fall,Fatou,1953-12-18,f,782564768
Kane,Khady,2009-03-24,f,700068570
Faye,Cheikh,1942-02-06,m,762159273
Ba,Oumar,2009-01-23,m,704562876
Faye,Cheikh,1950-01-28,m,762644119
Sow,Cheikh,1943-08-18,m,706014422
Sarr,Abdoulaye,2012-02-25,m,763218245
Sow,Mamadou,1957-04-14,m,783631216
Sarr,Aminata,2012-11-24,f,709172533
Sow,Oumar,2012-11-30,m,769115529
Kane,Mariama,1994-08-24,f,773511003
Sy,Mariama,1989-12-15,f,779010829
Sarr,Moussa,1983-05-29,m,770929768
Ba,Ibrahima,1985-08-22,m,775312997
Diallo,Mamadou,2006-06-27,m,770047474
Sow,Aminata,1950-08-26,f,780814881
Fall,Mariama,1988-01-27,f,772403829
Diop,Ousmane,1984-11-30,m,767244228
Gueye,Awa,1940-08-02,f,706699041
Ba,Moussa,1940-02-11,m,776523398
Ba,Khady,1957-02-28,f,779998173
Sarr,Fatou,1993-05-18,f,702339611
Sow,Abdoulaye,1946-02-16,m,784318280
Diop,Ibrahima,1954-02-16,m,706926585
Faye,Aminata,2004-04-13,f,779628482
Kane,Mariama,1968-02-11,f,783197017
Fall,Mariama,1970-01-11,f,771259332
Faye,Moussa,1988-05-15,m,789849482
Sow,Fatou,1966-08-28,f,700933775
Sarr,Abdoulaye,1973-01-24,m,701877579
Sow,Aminata,1987-03-11,f,708757700
Fall,Mariama,1970-05-12,f,782710267
Diallo,Khady,1962-08-18,f,767537773
Ndiaye,Oumar,2003-03-18,m,767900628
Gueye,Aminata,1947-05-27,f,705228495
Ndiaye,Abdoulaye,1998-10-22,m,768597122
Sy,Aminata,1989-06-04,f,787474010
Gueye,Awa,2015-04-03,f,767388846
Fall,Aminata,2014-03-24,f,701876716
Diop,Ibrahima,1993-10-19,m,763913503
Gueye,Cheikh,2013-02-07,m,788815858
Sarr,Awa,1982-01-15,f,781390251
Diallo,Cheikh,2001-11-09,m,761124799
Ba,Ibrahima,1941-08-19,m,775827614
Diallo,Awa,1952-11-28,f,704236687
Diop,Fatou,2009-01-09,f,775239196
Sarr,Moussa,1962-03-22,m,782612111
Sarr,Ousmane,1996-11-29,m,782806992
Fall,Awa,1946-04-05,f,788142562
Diop,Oumar,1958-10-04,m,702451392
Sy,Mamadou,2016-07-03,m,706481496
Ndiaye,Awa,1992-07-14,f,776964690
Fall,Ousmane,1997-11-29,m,704202432
Gueye,Fatou,1996-12-12,f,773508667
Kane,Abdoulaye,1948-04-22,m,763092639
Ndiaye,Abdoulaye,2009-09-29,m,783141677
Diop,Abdoulaye,1947-07-09,m,761253224
Sarr,Moussa,2005-09-01,m,770403239
Gueye,Cheikh,1972-07-21,m,775345798
Sow,Oumar,2023-05-23,m,789608826
Faye,Awa,1969-04-05,f,781923341
Faye,Awa,1980-11-01,f,771764854
Diop,Ousmane,1943-01-14,m,706831827
Gueye,Awa,2008-01-29,f,778864589
Sow,Awa,1943-01-16,f,783215464
Gueye,Cheikh,1955-05-28,m,782499236
Ndiaye,Mamadou,2006-01-08,m,761459932
Faye,Fatou,1970-04-24,f,770493864
Ndiaye,Ousmane,1990-12-22,m,705192779
Diop,Aminata,2004-12-31,f,787021846
Sow,Moussa,1995-07-15,m,780725469
Kane,Khady,1985-06-04,f,704014617
Sy,Fatou,1963-09-11,f,779115386
Fall,Moussa,1951-06-06,m,779599001
Faye,Oumar,1998-02-13,m,773079660
Kane,Mamadou,2001-03-07,m,705070199
Faye,Ibrahima,1940-08-23,m,700660955
Ba,Aminata,1995-12-07,f,774022446
Kane,Abdoulaye,2021-02-16,m,705715823
Fall,Mariama,1985-11-28,f,772200222
Sarr,Aminata,1984-09-12,f,781122033
Gueye,Mamadou,1976-12-13,m,775314492
Ndiaye,Mamadou,2010-03-24,m,778692047
Faye,Moussa,1982-06-17,m,763286778
Ba,Mamadou,2015-11-09,m,773581961
Diallo,Cheikh,1948-04-06,m,777437859
Fall,Awa,1998-11-13,f,780495438
Diop,Ibrahima,1975-07-14,m,707970079
Sy,Moussa,1995-05-02,m,765149036
Gueye,Ousmane,1982-01-16,m,769278013
Sarr,Mamadou,1985-09-06,m,771789733
Fall,Oumar,1951-04-23,m,777633876
Sarr,Aminata,2011-09-20,f,707651257
Sy,Khady,2010-05-28,f,765576197
Fall,Ousmane,1949-10-21,m,701972471
Ba,Fatou,1950-07-04,f,781077278
Gueye,Mariama,1980-11-08,f,787424905
Faye,Mamadou,1952-05-01,m,786131246
Fall,Aminata,2010-12-30,f,777749631
Faye,Oumar,1976-01-13,m,702854494
Sarr,Oumar,1993-07-01,m,780170495
Gueye,Abdoulaye,2004-10-09,m,763686985
Sy,Oumar,1986-07-28,m,709091750
Ndiaye,Ousmane,1991-10-19,m,765682638
Faye,Cheikh,1940-11-26,m,779526536
Faye,Khady,1975-06-19,f,769780683
Sarr,Aminata,1968-07-02,f,706886159
Diop,Mamadou,1983-01-31,m,769769301
Kane,Cheikh,1997-07-16,m,761747712
Sy,Fatou,1945-01-17,f,700183393
Diallo,Awa,2019-07-10,f,781560659
Faye,Mariama,2015-04-27,f,777772564
Sow,Fatou,1977-02-12,f,782134268
Sarr,Aminata,2009-12-06,f,766237448
Gueye,Awa,2007-05-04,f,768089031
Sarr,Moussa,1964-05-13,m,769335325
Gueye,Moussa,1957-01-24,m,703505781
Fall,Ousmane,2015-09-25,m,766124712
Sy,Aminata,1958-08-28,f,761723502
Faye,Aminata,2010-04-24,f,708644647
Sy,Ousmane,1997-12-17,m,763368296
Diop,Ibrahima,1990-12-30,m,709654261
Diallo,Awa,1980-03-08,f,783360351
Sow,Aminata,1954-04-24,f,774022979
Kane,Mamadou,1963-03-01,m,702633999
Diop,Fatou,1967-06-11,f,786185482
Ndiaye,Oumar,2002-12-13,m,777576852
Gueye,Cheikh,1991-11-15,m,703864770
Diop,Awa,1955-05-11,f,773470083
Sow,Abdoulaye,2008-08-11,m,707772264
Fall,Fatou,1975-06-28,f,769334897
Diop,Aminata,1985-01-26,f,772498681
Diop,Abdoulaye,2007-10-19,m,768658591
Gueye,Awa,1986-05-01,f,705058551
Ba,Cheikh,1956-11-15,m,769369502
Kane,Fatou,1966-08-28,f,775305258
Fall,Fatou,1959-01-27,f,770306688
Sy,Awa,2020-04-27,f,780297417
Sow,Abdoulaye,1973-03-07,m,789431891
Ba,Fatou,1974-01-08,f,784392280
Diop,Moussa,1965-07-15,m,702597590
Gueye,Mamadou,2012-04-29,m,779224202
Ba,Moussa,1958-10-18,m,772845408
Sow,Abdoulaye,1949-11-13,m,701674994
Faye,Aminata,1943-06-03,f,703804495
Faye,Ousmane,1955-08-12,m,770471755
Fall,Mamadou,2019-07-19,m,709568827
Sarr,Oumar,1970-08-09,m,766631930
Gueye,Fatou,1962-11-20,f,771347402
Faye,Awa,1999-09-27,f,770905046
Sarr,Moussa,2002-02-12,m,762425288
Sy,Awa,1976-09-11,f,773654852
Sarr,Khady,1940-10-19,f,784216713
Sow,Mamadou,1966-01-08,m,781395972
Sow,Aminata,1977-09-03,f,703043502
Sy,Aminata,1980-06-07,f,777983329
Sy,Cheikh,1967-08-10,m,704080358
Diallo,Abdoulaye,1970-06-13,m,708080224
Sy,Mariama,1960-06-08,f,763865314
Sarr,Khady,1977-10-19,f,701271373
Kane,Awa,1942-03-19,f,702085335
Diop,Fatou,2011-05-15,f,787502969
Ndiaye,Mamadou,1962-03-13,m,704842398
Sy,Mariama,1988-06-16,f,709453709
Fall,Moussa,1942-04-10,m,788463669
Sy,Ousmane,2002-09-02,m,779580965
Sow,Awa,1941-11-13,f,762627057
Diallo,Khady,2002-02-15,f,770790622
Diop,Khady,2003-06-29,f,774896949
Sy,Mariama,2022-10-09,f,788095161
Kane,Khady,1963-02-16,f,784813423
Fall,Mamadou,2011-01-18,m,703221271
Fall,Abdoulaye,1941-12-21,m,788202535
Sy,Abdoulaye,1951-01-13,m,773931722
Sy,Cheikh,1987-06-29,m,765343800
Kane,Abdoulaye,1959-04-09,m,773252739
Ndiaye,Aminata,2012-12-16,f,775960161
Diop,Awa,2023-04-06,f,774282153
Sow,Aminata,1989-06-04,f,786146301
Ndiaye,Mariama,2008-05-21,f,782663287
Sy,Khady,1969-09-27,f,775320765
Sow,Awa,2006-12-04,f,708066740
Diallo,Abdoulaye,1995-03-02,m,760620073
Fall,Fatou,1980-12-10,f,705389647
Ndiaye,Mariama,1959-06-29,f,708035896
Sy,Oumar,1982-09-09,m,785917713
Diop,Aminata,2020-01-12,f,779386121
Kane,Mamadou,1979-02-08,m,709025779
Diop,Ibrahima,2017-10-21,m,706365242
Diallo,Mamadou,2003-10-26,m,771335311
Ndiaye,Aminata,2001-01-22,f,774896556
Ndiaye,Ibrahima,1965-11-06,m,774586071
Sarr,Aminata,1982-07-30,f,760620311
Fall,Mariama,2014-07-15,f,767362329
Kane,Khady,1978-12-08,f,782087812
Diallo,Aminata,1979-07-06,f,700243630
Sow,Abdoulaye,2021-04-18,m,764711316
Sow,Fatou,1970-11-17,f,709428749
Sow,Awa,2003-02-06,f,789938933
Diop,Abdoulaye,1984-03-04,m,776610831
Ba,Awa,1961-12-05,f,779026075
Diop,Awa,2005-01-01,f,761869057
Gueye,Moussa,2010-01-23,m,781583354
Fall,Mamadou,1971-06-07,m,705803871
Sy,Abdoulaye,2015-05-31,m,767905434
Gueye,Moussa,1949-02-18,m,786370039
Faye,Abdoulaye,1996-05-25,m,762294387
Faye,Ousmane,1961-01-09,m,762040927
Ndiaye,Mamadou,1941-09-12,m,760547495
Sarr,Cheikh,1988-03-14,m,784650404
Sow,Mamadou,2003-05-02,m,773508321
Kane,Oumar,1999-12-01,m,707202930
Ndiaye,Abdoulaye,1986-05-10,m,706617817
Gueye,Ibrahima,1976-03-08,m,771065207
Kane,Ousmane,2005-03-30,m,788590453
Sow,Ousmane,2004-08-08,m,705602879
Gueye,Awa,1953-06-25,f,781953621
Ndiaye,Oumar,2006-07-20,m,708357776
Diop,Aminata,1961-01-03,f,770869219
Kane,Ousmane,1978-04-23,m,765425930
Diop,Oumar,1959-04-15,m,700807239
Fall,Awa,2011-10-28,f,778807081
Sarr,Mamadou,1944-01-20,m,700907833
Ba,Mariama,2013-05-15,f,762884390
Diop,Fatou,2014-12-22,f,762656715
Sarr,Khady,1941-01-18,f,766974184
Gueye,Fatou,2002-05-04,f,763868576
Sy,Moussa,1968-07-08,m,700319761
Sow,Fatou,2020-12-26,f,707253627
Sy,Oumar,1975-12-31,m,787006916
Sarr,Ibrahima,1975-05-06,m,768334612
Ndiaye,Ibrahima,1943-09-11,m,789488758
Diallo,Moussa,1975-04-29,m,778405700
Sarr,Mariama,2020-11-15,f,776461992
Ndiaye,Fatou,2001-11-27,f,703288649
Fall,Abdoulaye,1994-07-25,m,763914125
Kane,Aminata,1974-02-23,f,767506896
Ndiaye,Awa,1942-04-23,f,787892095
Diallo,Awa,1954-02-13,f,789591223
Ndiaye,Moussa,1948-02-26,m,789140749
Fall,Awa,2013-06-01,f,706721306
Sarr,Cheikh,1962-01-28,m,765124418
Diop,Mariama,1981-11-17,f,781347274
Sarr,Ibrahima,1983-01-31,m,782278653
Faye,Ibrahima,1946-09-28,m,767869138
Gueye,Cheikh,1960-07-01,m,704839621
Ndiaye,Awa,2002-03-27,f,777117946
Diallo,Ousmane,1968-10-06,m,701198855
Diallo,Ibrahima,1996-07-17,m,771487937
Sow,Mariama,1941-01-06,f,782261097
Sow,Moussa,1968-12-23,m,709181560
Sow,Ousmane,1984-02-14,m,772471340
Sy,Abdoulaye,1989-05-24,m,769554876
Sow,Awa,1964-10-01,f,763520122
Ndiaye,Ousmane,2016-07-14,m,700597927
Sy,Mariama,2005-06-20,f,763930654
Fall,Fatou,2020-10-03,f,770481360
Diop,Fatou,1971-02-02,f,787643873
Diop,Mariama,1992-04-25,f,702629738
Sy,Ousmane,2022-03-01,m,775960401
Diallo,Moussa,2009-03-25,m,767190332
Sow,Cheikh,1954-08-05,m,771278170
Kane,Mamadou,2007-12-11,m,771870889
Ndiaye,Khady,2014-02-03,f,767516658
Kane,Aminata,1964-01-03,f,704905608
Sarr,Ibrahima,1955-10-26,m,708380963
Ba,Ousmane,1950-05-11,m,773965306
Gueye,Fatou,1964-01-22,f,766264647
Diallo,Abdoulaye,1989-06-24,m,769135251
Kane,Ousmane,2022-12-20,m,770250162
Faye,Fatou,1991-04-05,f,760809164
Diop,Awa,1948-12-09,f,789214775
Fall,Mariama,1954-04-18,f,777704682
Faye,Fatou,2021-04-12,f,776352968
Ndiaye,Fatou,1943-05-02,f,769549594
Gueye,Awa,2023-11-01,f,704560934
Diallo,Cheikh,1947-10-06,m,775828457
Faye,Khady,1949-08-23,f,700241329
Fall,Mamadou,1989-11-06,m,706242453
Ba,Fatou,2016-11-11,f,779072972
Sy,Fatou,1954-03-30,f,703941160
Diallo,Fatou,2020-03-21,f,762901886
Fall,Cheikh,2015-05-08,m,700000407
Gueye,Ousmane,1992-03-26,m,776230691
Diop,Aminata,1990-10-24,f,771293909
Sow,Cheikh,2018-05-01,m,762832923
Sy,Aminata,1977-10-03,f,709649166
Diallo,Mariama,1955-01-10,f,778412717
Gueye,Awa,1959-05-25,f,765858468
Ndiaye,Aminata,2007-03-15,f,770793367
Sy,Awa,1992-06-27,f,706161701
Diallo,Khady,1945-11-04,f,702708146
Diallo,Moussa,1988-03-25,m,702503606
Sy,Fatou,1950-08-06,f,766894560
Ba,Cheikh,1953-04-01,m,707657306
Sy,Khady,1962-08-04,f,772522482
Faye,Oumar,2018-08-30,m,701997801
Ndiaye,Awa,1983-05-14,f,781269879
Kane,Moussa,2020-03-26,m,784398638
Kane,Mamadou,2010-10-02,m,788705051
Gueye,Awa,1977-08-18,f,708945668
Sow,Ousmane,1954-01-23,m,709662993
Sy,Awa,1943-10-09,f,774778782
Ba,Ousmane,2000-12-18,m,775236402
Ba,Fatou,1966-11-16,f,789094305
Diop,Abdoulaye,1972-04-22,m,708351605
Kane,Oumar,2017-05-18,m,784196788
Faye,Ousmane,1950-09-07,m,768135003
Kane,Oumar,2013-11-19,m,703377758
Diallo,Khady,1991-12-22,f,778994240
Fall,Aminata,1997-03-26,f,709078581
Sow,Aminata,1950-11-14,f,786232297
Sarr,Mariama,1945-03-07,f,702288678
Sarr,Aminata,2023-02-07,f,703037495
Faye,Khady,2017-11-26,f,770497051
Fall,Awa,1987-02-21,f,769285903
Fall,Fatou,1996-09-06,f,780107692
Sarr,Moussa,1978-06-09,m,784881149
Gueye,Fatou,1962-12-19,f,700176162
Diallo,Mamadou,1951-05-17,m,782005801
Gueye,Mamadou,1990-01-14,m,760246484
Faye,Cheikh,1987-05-04,m,773717305
Diop,Fatou,1941-06-19,f,701160813
Kane,Awa,1980-02-11,f,760494647
Faye,Mamadou,1973-12-15,m,789042388
Faye,Awa,1964-12-22,f,708508019
Ndiaye,Abdoulaye,2018-02-20,m,766905850
Ndiaye,Awa,1981-12-16,f,764826436
Kane,Ousmane,1941-09-29,m,773992090
Ndiaye,Oumar,1958-05-02,m,780466639
Faye,Awa,1960-06-13,f,771832804
Sy,Ousmane,1992-03-12,m,702169403
Ndiaye,Oumar,1943-08-31,m,787372765
Diallo,Aminata,1985-11-17,f,762072313
Sy,Ibrahima,2010-07-12,m,708091898
Sow,Abdoulaye,1959-02-17,m,778126242
Kane,Oumar,2004-03-05,m,782305823
Sy,Aminata,2008-12-17,f,771108212
Diallo,Abdoulaye,1953-07-18,m,706406401
Diallo,Oumar,1983-01-27,m,766387420
Kane,Ousmane,1978-05-20,m,771654890
Sy,Cheikh,2013-07-05,m,762633920
Faye,Fatou,1992-09-21,f,770202247
Diallo,Aminata,1973-04-16,f,789565320
Sarr,Awa,1966-05-13,f,763163061
Diop,Mamadou,1945-03-06,m,709469058
Ba,Awa,2018-10-26,f,762231813
Diop,Mariama,1954-05-01,f,706401075
Fall,Mariama,1952-03-17,f,702259621
Diallo,Ousmane,2020-06-01,m,766071357
Ndiaye,Fatou,2019-10-24,f,771267945
Diop,Oumar,2019-12-22,m,783624641
Sow,Khady,1980-02-27,f,786809375
Diop,Awa,1967-08-09,f,700084215
Sarr,Fatou,2016-06-22,f,780919940
Faye,Aminata,1962-09-04,f,708888612
Fall,Oumar,2008-11-16,m,773887620
Sow,Cheikh,2003-02-05,m,789333787
Gueye,Oumar,1979-10-05,m,705344394
Diallo,Khady,1997-01-08,f,777810441
Diallo,Mariama,2000-06-30,f,708366223
Sarr,Moussa,1990-01-26,m,778753163
Diop,Moussa,1960-04-04,m,705121291
Diallo,Mariama,2000-06-07,f,789251730
Gueye,Ibrahima,1965-02-07,m,700078763
Ndiaye,Aminata,1954-01-02,f,707018685
Ndiaye,Abdoulaye,2012-03-05,m,708026446
Faye,Fatou,1982-11-13,f,776930007
Sow,Awa,1996-01-16,f,709688179
Fall,Khady,1957-07-21,f,705128926
Faye,Ousmane,2020-09-23,m,788668409
Diop,Abdoulaye,1988-02-03,m,784282153
Sow,Mariama,1956-03-11,f,762024414
Ba,Ousmane,1995-05-11,m,772485332
Sarr,Aminata,1959-06-30,f,787324177
Ba,Fatou,1998-06-21,f,760119254
Ndiaye,Ibrahima,2006-12-06,m,786514775
Faye,Moussa,1989-08-19,m,707480092
Sow,Mariama,1970-08-17,f,780349935
Sy,Ibrahima,1998-02-19,m,786347584
Sy,Fatou,1986-03-29,f,785912138
Ba,Mariama,2010-09-24,f,763169709
Faye,Aminata,1983-02-21,f,706199297
Fall,Abdoulaye,1981-11-14,m,777375169
Diallo,Ibrahima,1986-05-19,m,706978509
Sow,Cheikh,2005-12-29,m,788015743
Faye,Ibrahima,2021-04-03,m,700136825
Ndiaye,Awa,1979-06-10,f,706739062
Faye,Moussa,2023-05-25,m,702655149
Fall,Moussa,2016-03-02,m,766486295
Sow,Fatou,2018-01-07,f,773178807
Fall,Fatou,1966-05-15,f,707096152
Sow,Fatou,1987-02-01,f,767228178
Sarr,Fatou,1963-05-08,f,780774435
Sow,Mariama,2012-03-20,f,765877786
Sarr,Ousmane,1997-12-28,m,772192741
Diop,Mariama,1987-10-23,f,788256003
Ndiaye,Aminata,1941-08-21,f,773089587
Sy,Awa,1993-10-11,f,703512182
Ndiaye,Moussa,1988-07-12,m,785503611
Faye,Khady,1990-10-14,f,772197172
Kane,Moussa,1961-07-31,m,779948468
Diop,Aminata,1967-10-04,f,784214166
Faye,Moussa,2015-05-10,m,766732387
Sarr,Ibrahima,1987-12-29,m,769270385
Gueye,Abdoulaye,2015-02-22,m,763438873
Sy,Cheikh,2016-04-21,m,777728077
Ndiaye,Oumar,2009-04-11,m,781596600
Ndiaye,Awa,2016-01-31,f,703665415
Ndiaye,Moussa,1982-01-31,m,764187401
Sow,Aminata,1966-04-15,f,784416188
Sow,Aminata,1992-07-19,f,787859365
Ndiaye,Fatou,1985-04-09,f,774452907
Ndiaye,Ousmane,1982-03-27,m,702598794
Diop,Ousmane,1944-10-14,m,768267374
Sow,Aminata,1974-07-01,f,768698682
Diallo,Ousmane,1979-02-02,m,771612514
Ndiaye,Mariama,1974-10-01,f,766910651
Fall,Ousmane,1974-08-23,m,770582085
Sarr,Cheikh,1971-07-04,m,703992544
Kane,Khady,1959-08-08,f,784656682
Diallo,Khady,1943-04-11,f,786093710
Kane,Awa,2003-07-27,f,781662121
Kane,Cheikh,1975-11-27,m,771324656
Gueye,Oumar,2000-09-29,m,780919633
Faye,Ousmane,1959-08-17,m,700084211
Kane,Oumar,1954-07-23,m,772791935
Diallo,Oumar,1984-03-20,m,778516423
Kane,Cheikh,1965-12-09,m,702514713
Gueye,Oumar,1946-08-15,m,787087413
Ba,Mariama,1954-05-15,f,708931520
Fall,Ousmane,1996-04-06,m,760127451
Sow,Awa,2013-11-11,f,778305284
Sow,Ousmane,2000-08-10,m,783914728
Diallo,Awa,1991-01-12,f,761651804
Kane,Awa,1960-12-04,f,705733075
Gueye,Ibrahima,2003-02-21,m,702931535
Fall,Aminata,2000-05-07,f,780250565
Faye,Mamadou,1972-03-04,m,767698882
Sarr,Aminata,1975-01-21,f,787789909
Ndiaye,Ousmane,1942-03-17,m,783597808
Ndiaye,Ibrahima,1945-06-17,m,783350825
Sow,Moussa,1988-03-16,m,761797938
Diop,Aminata,1959-02-05,f,784764157
Ndiaye,Moussa,1977-10-06,m,784639337
Fall,Mamadou,1967-03-20,m,763344982
Diallo,Abdoulaye,1981-10-03,m,765853593
Diallo,Moussa,1951-01-28,m,772776358
Ba,Oumar,1967-12-24,m,775437192
Gueye,Khady,2021-01-24,f,783282914
Faye,Ousmane,1952-09-30,m,770055228
Fall,Moussa,2008-11-25,m,785480722
Sarr,Awa,1958-01-19,f,782408779
Diop,Ibrahima,1994-04-07,m,784017305
Kane,Mamadou,1952-05-24,m,773232100
Sow,Aminata,1966-10-18,f,707798101
Gueye,Ousmane,1949-10-23,m,700602318
Sy,Mariama,1949-08-24,f,765939008
Fall,Khady,1963-12-11,f,766524984
Sow,Mariama,2005-12-19,f,782489706
Kane,Mariama,1976-08-04,f,709500707
Sy,Awa,1995-12-28,f,770127110
Sow,Ibrahima,2014-07-13,m,780638252
Kane,Abdoulaye,1979-10-03,m,707109579
Diallo,Mariama,2010-12-19,f,766360442
Gueye,Fatou,1959-05-11,f,767185059
Sow,Fatou,1942-06-17,f,782204938
Kane,Abdoulaye,2011-11-15,m,702752613
Diop,Ousmane,2021-08-06,m,768249397
Sarr,Fatou,1989-03-07,f,778220309
Diallo,Fatou,2016-01-11,f,777782961
Diallo,Moussa,1963-07-05,m,783165597
Fall,Awa,1955-09-03,f,768000329
Ndiaye,Awa,1999-03-27,f,700346780
Sy,Mamadou,1980-03-15,m,784406605
Ba,Abdoulaye,1994-07-02,m,788409900
Fall,Ibrahima,2010-07-18,m,776917541
Diop,Fatou,1984-05-07,f,782266468
Diallo,Oumar,1987-06-08,m,760903945
Sow,Mariama,1965-11-10,f,708079094
Diop,Aminata,1972-11-15,f,770509802
Sow,Moussa,1966-03-14,m,706566793
Sy,Fatou,1954-10-04,f,772757794
Sy,Abdoulaye,1980-10-26,m,777227818
Kane,Ibrahima,1972-10-04,m,771337332
Diop,Mariama,1940-02-13,f,788578632
Fall,Aminata,2022-03-18,f,787876289
Ba,Aminata,2011-05-15,f,782845710
Fall,Awa,1998-02-28,f,760520020
Gueye,Ousmane,1947-04-29,m,767928086
Ba,Cheikh,1997-09-06,m,701714628
Fall,Ibrahima,2020-08-29,m,709044503
Ndiaye,Aminata,2006-05-08,f,709070247
Faye,Ousmane,2013-07-01,m,773445163
Faye,Khady,2022-07-17,f,767118706
Sarr,Awa,2017-08-15,f,777567062
Fall,Aminata,1989-12-09,f,774502817
Ndiaye,Aminata,1987-11-21,f,780740705
Ndiaye,Mamadou,1969-12-22,m,763894189
Ndiaye,Abdoulaye,2017-01-15,m,771237101
Ba,Awa,1974-12-23,f,708169155
Sy,Awa,1958-12-16,f,789556868
Sy,Mariama,1976-05-25,f,767427003
Gueye,Ousmane,1969-04-30,m,760506601
Sow,Ibrahima,1966-01-23,m,783380046
Faye,Ibrahima,1967-02-10,m,760430152
Gueye,Abdoulaye,1981-09-02,m,786961644
Faye,Fatou,2008-01-03,f,784224057
Ndiaye,Abdoulaye,2018-10-25,m,787644692
Diop,Ousmane,1956-11-01,m,701320663
Fall,Awa,1950-03-01,f,760629636
Faye,Mariama,1963-11-24,f,780909519
Faye,Aminata,1940-07-15,f,701927836
Diop,Mamadou,2019-04-07,m,769228731
Fall,Aminata,1964-11-03,f,708504818
Kane,Mariama,2005-02-09,f,788781326
Ba,Khady,2011-06-06,f,707879370
Sy,Oumar,1949-05-16,m,704031777
Kane,Aminata,2013-12-26,f,763124445
Diallo,Abdoulaye,2008-04-25,m,709838224
Ba,Cheikh,2011-05-25,m,782048257
Ndiaye,Aminata,2003-08-19,f,783848938
Gueye,Khady,1979-03-21,f,760915584
Ba,Mamadou,1987-02-15,m,707462815
Sow,Oumar,1971-12-19,m,765434065
Diop,Fatou,2000-02-24,f,773531258
Fall,Oumar,1959-08-28,m,703090359
Faye,Khady,2021-03-30,f,781174575
Diop,Fatou,2004-06-23,f,770564476
Fall,Khady,1999-01-11,f,780869856
Fall,Ousmane,2015-05-09,m,788595933
Diallo,Awa,1966-04-05,f,709643731
Diop,Fatou,1982-02-25,f,704579375
Sarr,Awa,1945-12-19,f,782260183
Ndiaye,Khady,1980-08-28,f,763204634
Sow,Ibrahima,2001-03-25,m,772850433
Ndiaye,Mamadou,1974-04-10,m,761628335
Kane,Moussa,1971-05-21,m,772108798
Kane,Ousmane,2021-07-07,m,774697558
Ba,Moussa,2000-04-02,m,770251047
Diop,Khady,1953-12-15,f,771065755
Diop,Mamadou,1988-03-07,m,789052838
Diop,Fatou,1973-03-19,f,770660398
Sarr,Aminata,2001-07-04,f,772896107
Diallo,Aminata,1950-06-29,f,767450728
Sow,Mariama,1993-10-03,f,773281819
Fall,Cheikh,2021-08-18,m,767304381
Fall,Ibrahima,1999-10-19,m,785758813
Diallo,Awa,1964-06-18,f,760595321
Diop,Khady,1947-01-31,f,767366552
Gueye,Awa,1952-06-14,f,708775048
Diop,Awa,1983-01-22,f,771775490
Ba,Abdoulaye,1962-05-02,m,783727629
Kane,Aminata,1971-08-28,f,773254923
Diallo,Khady,1982-04-21,f,703056436
Ndiaye,Ousmane,1985-06-04,m,787090447
Faye,Ibrahima,2008-11-10,m,770203172
Kane,Cheikh,2016-05-27,m,701040453
Fall,Aminata,1982-09-16,f,783468296
Sow,Cheikh,1971-02-21,m,766133925
Diop,Fatou,1942-12-28,f,708771579
Sow,Ousmane,1958-02-06,m,784235305
Ndiaye,Fatou,1955-12-21,f,760633063
Gueye,Aminata,1996-11-03,f,771975567
Ba,Mamadou,2018-08-20,m,705198559
Sarr,Oumar,1952-09-15,m,771375889
Diop,Aminata,2022-12-23,f,772366221
Diop,Ibrahima,2000-03-09,m,769593498
Diallo,Aminata,2021-11-30,f,701271506
Fall,Khady,1980-08-31,f,701856302
Sow,Ibrahima,1951-07-07,m,775138318
Gueye,Mariama,1989-12-14,f,780494313
Kane,Fatou,2013-02-19,f,771431446
Gueye,Awa,1953-06-11,f,703832925
Ba,Fatou,1968-10-27,f,772868088
Ba,Khady,2002-01-10,f,784391772
Sy,Cheikh,1950-10-16,m,783089573
Sow,Oumar,2019-03-26,m,761087851
Gueye,Abdoulaye,1959-01-09,m,777809539
Sy,Fatou,1990-12-21,f,706714494
Faye,Mamadou,1947-08-29,m,780615522
Sarr,Khady,1997-06-13,f,764880041
Sow,Abdoulaye,1990-06-18,m,787607297
Sarr,Oumar,2002-03-20,m,769456802
Ndiaye,Cheikh,1956-11-13,m,708038587
Sy,Moussa,2022-07-04,m,763592022
Fall,Mamadou,2018-07-13,m,761658468
Sy,Fatou,1942-02-20,f,761060848
Kane,Khady,1965-07-04,f,772126577
Fall,Ibrahima,1982-01-06,m,780400015
Sarr,Ibrahima,2003-10-23,m,788796941
Gueye,Moussa,1994-08-20,m,773658304
Diallo,Fatou,2011-09-12,f,780320875
Kane,Khady,1950-12-16,f,771271662
Sow,Ibrahima,2022-04-25,m,783096796
Sarr,Abdoulaye,1955-06-25,m,776887819
Faye,Moussa,1983-05-27,m,770767316
Diallo,Khady,2017-10-22,f,782276240
Sow,Awa,1978-04-23,f,706702554
Faye,Ibrahima,1972-10-21,m,708387300
Ba,Awa,1998-11-30,f,700034979
Ndiaye,Mariama,1998-12-16,f,778621278
Sarr,Ousmane,1979-09-16,m,705813847
Sow,Khady,1954-12-13,f,765069638
Sy,Mamadou,2021-03-28,m,777632109
Fall,Aminata,2022-01-07,f,774850341
Sow,Ousmane,1991-04-09,m,701661094
Sow,Moussa,1999-12-28,m,762632900
Diallo,Ibrahima,1973-12-31,m,764418199
Diallo,Cheikh,2020-12-19,m,704412332
Sy,Ibrahima,2019-11-02,m,704299442
Sy,Oumar,1980-10-16,m,761006885
Fall,Mariama,1941-06-08,f,707738459
Diallo,Cheikh,1943-06-24,m,778756133
Ba,Fatou,2006-12-04,f,788221019
Diop,Aminata,1990-09-14,f,766344159
Faye,Aminata,1998-03-03,f,760227937
Sarr,Moussa,1962-08-16,m,767529332
Faye,Mariama,1977-10-12,f,785471581
Ba,Fatou,1983-06-15,f,787660169
Kane,Ibrahima,1942-10-22,m,763520829
Fall,Khady,2003-02-11,f,783137590
Sy,Mamadou,1994-05-14,m,706865449
Diallo,Moussa,1945-07-31,m,771789473
Kane,Ousmane,1957-06-21,m,778998662
Faye,Fatou,1962-12-31,f,777324535
Faye,Mariama,2007-07-30,f,702177909
Fall,Cheikh,1997-11-13,m,766117881
Diallo,Cheikh,2004-09-03,m,784024111
Ba,Mariama,1991-08-27,f,773579726
Diallo,Aminata,1950-09-22,f,770661180
Sy,Mariama,1943-03-25,f,776675357
Kane,Awa,1975-04-28,f,784172933
Gueye,Oumar,1989-02-19,m,766043611
Fall,Abdoulaye,1986-09-21,m,767229447
Sow,Khady,1959-12-25,f,787520448
Sy,Mamadou,2004-02-14,m,706289856
Faye,Mamadou,1994-05-01,m,789495015
Sy,Ibrahima,1951-02-14,m,764326276
Sow,Moussa,2020-10-15,m,775052172
Diallo,Moussa,2001-09-11,m,762919644
Diop,Khady,1944-02-23,f,706229399
Diallo,Moussa,2000-01-22,m,763943126
Kane,Ousmane,2022-06-22,m,772417387
Gueye,Abdoulaye,1989-11-23,m,705294638
Kane,Ibrahima,1949-06-17,m,785229993
Fall,Khady,1978-10-11,f,768639041
Fall,Cheikh,1945-01-18,m,784721935
Sow,Abdoulaye,1957-10-26,m,787359512
Kane,Moussa,1971-07-02,m,789667782
Diop,Aminata,1978-12-16,f,768925180
Sow,Mariama,2012-11-01,f,707336113
Gueye,Oumar,1991-04-18,m,779257680
Faye,Khady,2020-01-10,f,701291878
Diallo,Moussa,1949-05-30,m,762195713
Ba,Ibrahima,1945-06-16,m,775335986
Diop,Aminata,1975-08-09,f,774709775
Ndiaye,Awa,1976-03-21,f,772914099
Faye,Cheikh,1976-06-06,m,784314116
Ndiaye,Ousmane,1946-06-01,m,779700499
Diallo,Mariama,1965-01-14,f,770439169
Faye,Ibrahima,1998-10-03,m,778841075
Faye,Aminata,1993-10-28,f,788087770
Ndiaye,Khady,1997-12-26,f,768733359
Ba,Cheikh,1964-04-02,m,779574492
Faye,Fatou,1979-08-16,f,761904190
Ba,Fatou,1960-12-25,f,709535148
Gueye,Awa,1956-10-13,f,765401214
Ndiaye,Khady,1950-11-11,f,771727990
Sarr,Oumar,1943-05-27,m,781962070
Sarr,Ousmane,1960-04-14,m,709475749
Gueye,Moussa,1988-01-22,m,700379070
Diallo,Ousmane,1998-10-25,m,779856393
Fall,Cheikh,2021-03-01,m,703816089
Diallo,Ibrahima,1996-01-12,m,766815036
Gueye,Aminata,1966-09-30,f,707525114
Ndiaye,Khady,2020-11-10,f,786085105
Fall,Ousmane,1974-03-05,m,705068479
Sow,Ousmane,1996-06-19,m,774820522
Diallo,Awa,1943-04-02,f,703517526
Faye,Awa,1999-01-27,f,786783336
Fall,Abdoulaye,1960-09-15,m,709729256
Kane,Mamadou,1986-07-19,m,706315938
Sy,Mariama,1949-07-24,f,770349694
Sow,Mamadou,2000-10-30,m,774490977
Fall,Cheikh,2022-04-27,m,782842004
Sy,Fatou,2000-10-09,f,788148938
Faye,Ousmane,1988-01-20,m,780912858
Gueye,Awa,1955-07-14,f,789041365
Fall,Fatou,1988-07-26,f,761816636
Sow,Abdoulaye,1973-09-01,m,703016076
Ba,Khady,1982-04-01,f,708603871
Sow,Aminata,1959-03-07,f,769610824
Fall,Khady,1960-09-30,f,776394650
Ba,Khady,1989-08-03,f,782150888
Sy,Abdoulaye,2012-12-22,m,774320824
Gueye,Aminata,1955-08-26,f,707928032
Fall,Cheikh,1991-12-26,m,781684672
Sy,Ibrahima,1998-02-16,m,706726503
Diallo,Mamadou,1979-08-08,m,771687781
Sow,Mamadou,2007-12-22,m,707936482
Diallo,Moussa,1970-04-03,m,764555678
Kane,Mariama,2017-02-24,f,777862226
Diallo,Abdoulaye,1970-01-16,m,703986297
Gueye,Moussa,1981-06-19,m,708165099
Sarr,Khady,1963-12-05,f,783632013
Gueye,Moussa,2019-02-24,m,768837404
Diallo,Khady,1976-02-29,f,704991150
Fall,Awa,1979-01-08,f,787935181
Diallo,Awa,1958-09-14,f,774062729
Diallo,Khady,2011-03-04,f,767766413
Kane,Cheikh,1970-05-11,m,771489582
Sy,Aminata,1942-12-18,f,766254729
Sow,Ousmane,1949-03-19,m,762008228
Diallo,Fatou,1985-06-07,f,767934143
Sy,Abdoulaye,2018-12-19,m,771450393
Diop,Cheikh,1941-02-06,m,787609539
Ndiaye,Ibrahima,1955-07-02,m,783088789
Sow,Oumar,1966-11-18,m,773348388
Diop,Fatou,1942-07-01,f,781151666
Fall,Fatou,1966-10-01,f,768953420
Diop,Oumar,2002-01-28,m,782513102
Diallo,Khady,1966-01-28,f,774152175
Ndiaye,Khady,1954-10-25,f,766722199
Gueye,Khady,1940-05-01,f,705525527
Gueye,Ibrahima,1976-06-26,m,780608550
Sow,Mariama,1963-02-13,f,764065554
Gueye,Mariama,1973-10-31,f,762070606
Sow,Awa,2002-01-11,f,708923647
Fall,Abdoulaye,1981-11-12,m,703138710
Kane,Abdoulaye,1965-01-29,m,789838834
Sarr,Fatou,1984-11-22,f,774658167
Faye,Fatou,1991-01-22,f,776071367
Gueye,Mariama,1968-01-13,f,782395485
Faye,Moussa,1959-12-17,m,708319525
Diallo,Mamadou,2008-04-02,m,768098379
Ndiaye,Khady,1970-10-04,f,789397481
Diop,Awa,1963-11-10,f,784861242
Sow,Moussa,1945-10-05,m,784106356
Kane,Mariama,1980-06-07,f,702913837
Faye,Mariama,2005-08-03,f,781634568
Diop,Khady,1949-10-21,f,766890274
Kane,Fatou,1944-09-27,f,762488894
Ba,Abdoulaye,1971-07-27,m,709786308
Kane,Abdoulaye,1965-07-08,m,765196914
Fall,Aminata,1969-11-17,f,788762987
Sy,Moussa,1987-02-22,m,775478340
Ba,Mamadou,1980-05-20,m,765882721
Ba,Ibrahima,1986-11-24,m,784744557
Ndiaye,Cheikh,1996-08-13,m,703647383
Kane,Khady,1981-03-12,f,706178847
Ndiaye,Fatou,1968-07-12,f,700435319
Sow,Khady,2008-05-02,f,781048300
Ndiaye,Mamadou,1977-05-24,m,789640282
Sarr,Aminata,1951-11-17,f,708592440
Faye,Cheikh,1945-08-17,m,702494974
Ba,Mamadou,1944-09-11,m,769128678
Fall,Khady,2007-12-03,f,762402370
Kane,Mamadou,1980-02-12,m,707797195
Faye,Mariama,1979-08-06,f,774645394
Sarr,Cheikh,2010-08-10,m,762207544
Faye,Abdoulaye,1967-05-28,m,706802637
Diop,Moussa,2018-02-19,m,782027471
Faye,Ibrahima,1977-08-10,m,766102957
Sarr,Fatou,1963-10-01,f,762958349
Kane,Ibrahima,1994-01-16,m,789792377
Sow,Moussa,1956-10-28,m,768010168
Sarr,Aminata,1997-10-31,f,703665568
Diop,Moussa,1995-01-28,m,780640386
Gueye,Moussa,1951-10-07,m,767487556
Gueye,Moussa,1972-05-21,m,785943040
Ndiaye,Mamadou,1952-08-25,m,787907899
Faye,Ibrahima,1972-10-09,m,770784255
Fall,Moussa,1981-07-30,m,763722803
Kane,Mariama,1994-12-10,f,785104257
Diallo,Oumar,2013-04-26,m,704824642
Kane,Oumar,2010-02-19,m,765874126
Diop,Mamadou,1942-09-24,m,709146779
Diallo,Ibrahima,1963-03-29,m,708603756
Ba,Oumar,1984-10-07,m,769854340
Ndiaye,Ibrahima,1998-09-01,m,770854323
Fall,Aminata,1963-04-08,f,702345436
Ndiaye,Khady,2000-06-19,f,779497091
Faye,Awa,2013-05-23,f,789805061
Fall,Moussa,1978-02-04,m,788174966
Kane,Cheikh,1993-09-05,m,702900749
Sow,Moussa,1958-03-23,m,783829015
Ndiaye,Khady,2011-11-04,f,771402662
Kane,Ousmane,2004-12-15,m,785130725
Kane,Abdoulaye,1946-02-04,m,779416901
Sy,Moussa,1966-07-14,m,764071074
Diallo,Awa,2019-12-21,f,786019872
Diallo,Fatou,1946-11-20,f,778628208
Diallo,Cheikh,1980-02-09,m,706902444
Sow,Aminata,1981-09-24,f,774853624
Sarr,Oumar,1953-04-10,m,783831681
Sow,Fatou,2022-01-23,f,789392958
Diallo,Aminata,1985-12-18,f,772797299
Fall,Fatou,1972-12-08,f,707579058
Gueye,Fatou,1952-08-27,f,781227705
Diallo,Moussa,1976-12-17,m,771973863
Diallo,Aminata,1943-07-16,f,773319109
Sarr,Khady,1955-01-20,f,764575625
Sy,Ibrahima,1979-10-24,m,775329834
Diop,Cheikh,1964-02-22,m,773446977
Fall,Awa,1948-11-19,f,779991091
Ba,Mariama,2001-01-21,f,700398958
Diop,Ibrahima,2019-12-29,m,789657211
Ndiaye,Mariama,2001-06-02,f,769898026
Sarr,Cheikh,1980-05-29,m,789122083
Diop,Oumar,1959-02-22,m,703985898
Diop,Mariama,1979-11-17,f,784016107
Ndiaye,Awa,2006-03-13,f,783109610
Diop,Ibrahima,1980-01-20,m,769142349
Kane,Ibrahima,1992-11-20,m,786178433
Sow,Mamadou,2009-01-22,m,786237936
Sarr,Aminata,1979-07-03,f,765729759
Diop,Fatou,2004-01-21,f,780127902
Fall,Mamadou,1982-06-08,m,707031109
Faye,Awa,2003-01-08,f,770283828
Ndiaye,Mariama,2001-12-31,f,781493340
Sarr,Fatou,1974-09-20,f,706708430
Ndiaye,Aminata,1958-10-23,f,782803412
Ndiaye,Awa,1946-04-27,f,765158665
Faye,Moussa,2014-12-03,m,709490746
Ba,Aminata,1997-12-03,f,783624096
Sow,Oumar,1974-08-18,m,761850370
Gueye,Awa,1982-12-20,f,767007168
Kane,Mariama,1959-12-12,f,781185384
Gueye,Moussa,1951-12-10,m,776967026
Sow,Khady,2007-07-10,f,762648461
Faye,Mamadou,1954-08-01,m,709909732
Fall,Ousmane,1945-05-17,m,785911465
Diallo,Moussa,1974-09-01,m,775451034
Ba,Aminata,2022-12-05,f,770847376
Sarr,Fatou,1993-03-01,f,783669844
Diop,Khady,1941-07-28,f,765883036
Gueye,Moussa,1984-01-02,m,702235660
Sow,Awa,1943-10-26,f,760116260
Sarr,Aminata,1987-11-16,f,707228142
Diop,Mamadou,1956-05-14,m,770175428
Ndiaye,Ousmane,1947-08-13,m,762611385
Diop,Awa,1948-08-25,f,708080357
Sy,Khady,1976-11-20,f,761051738
Sarr,Oumar,1960-04-03,m,779187206
Diallo,Aminata,2015-03-17,f,787663725
Diallo,Mariama,1964-12-26,f,767916511
Diop,Cheikh,1948-05-27,m,704538673
Kane,Ousmane,1955-11-20,m,706692223
Sarr,Abdoulaye,1995-02-14,m,763470622
Sow,Cheikh,1988-07-09,m,774349841
Faye,Mamadou,2012-07-12,m,784036647
Sy,Aminata,1947-01-28,f,789845175
Ba,Mariama,2023-04-06,f,770782969
Ndiaye,Fatou,1943-02-18,f,781343183
Sarr,Awa,1956-04-11,f,774579630
Sarr,Abdoulaye,1952-04-25,m,788423216
Fall,Awa,2001-12-02,f,774958254
Sy,Ousmane,2010-11-15,m,769188097
Kane,Aminata,2022-01-08,f,703985037
Fall,Fatou,2022-01-16,f,761436643
Sy,Khady,1973-03-10,f,769142280
Faye,Abdoulaye,1977-10-30,m,760649837
Sarr,Aminata,1964-07-27,f,781065754
Sarr,Cheikh,1969-11-01,m,704420038
Faye,Moussa,1989-07-01,m,702499711
Ndiaye,Khady,1968-01-02,f,760253053
Ba,Abdoulaye,1976-07-27,m,771327103
Sy,Ibrahima,1952-12-19,m,766906061
Ba,Khady,1988-11-30,f,762499400
Fall,Abdoulaye,1944-08-16,m,773441238
Sy,Ousmane,1987-08-08,m,767895289
Sow,Moussa,1947-12-04,m,761775920
Fall,Fatou,1967-05-07,f,765410302
Gueye,Oumar,1990-04-18,m,779190320
Ndiaye,Aminata,1957-04-25,f,704844245
Faye,Awa,1943-03-06,f,783649667
Fall,Moussa,2001-04-16,m,785901990
Faye,Mariama,2017-12-30,f,783248844
Sy,Ousmane,1952-07-02,m,765164422
Sow,Ibrahima,1981-05-16,m,705922337
Fall,Fatou,1996-04-22,f,704903685
Faye,Awa,2016-08-31,f,774667685
Fall,Aminata,1947-05-10,f,789363985
Faye,Ibrahima,1962-09-14,m,782682401
Kane,Awa,1991-06-15,f,769047166
Faye,Cheikh,1973-03-24,m,778746849
Diop,Oumar,2022-06-26,m,776530671
Fall,Aminata,1986-11-08,f,761204697
Sarr,Mamadou,1966-06-19,m,771356513
Sarr,Fatou,2022-02-04,f,782718137
Faye,Khady,1940-09-30,f,705171298
Faye,Oumar,2011-08-01,m,786625983
Ndiaye,Fatou,1994-05-11,f,708437054
Sy,Abdoulaye,2020-11-02,m,789405440
Diop,Oumar,1989-09-13,m,706969844
Sow,Fatou,1958-02-27,f,704028044
Sy,Awa,1973-09-28,f,701446236
Sow,Ibrahima,2018-09-12,m,769086810
Kane,Mariama,1953-01-01,f,772782287
Gueye,Awa,1976-04-08,f,763738595
Diallo,Fatou,1965-04-26,f,785586262
Gueye,Awa,1975-05-03,f,777186651
Kane,Mariama,1973-02-08,f,768776284
Faye,Fatou,1950-01-20,f,707350504
Ba,Mamadou,1984-09-24,m,787060253
Diop,Ibrahima,1958-10-07,m,783191187
Kane,Khady,1976-08-12,f,766562335
Diallo,Aminata,1973-11-10,f,766409553
Gueye,Fatou,2008-09-14,f,767316255
Kane,Cheikh,1950-12-19,m,769298792
Ndiaye,Khady,1962-12-18,f,766856116
Ndiaye,Oumar,2015-07-11,m,707321852
Kane,Khady,1969-09-04,f,787815152
Ba,Khady,2020-07-28,f,767208275
Diop,Mariama,1978-07-14,f,783119868
Diallo,Khady,1981-06-07,f,763510661
Fall,Awa,1991-10-28,f,708556487
Gueye,Abdoulaye,1980-11-08,m,789663448
Diop,Moussa,2003-02-20,m,703569364
Sarr,Awa,1982-03-09,f,774150260
Ndiaye,Abdoulaye,1956-11-12,m,776087853
Diallo,Aminata,1972-02-16,f,783594917
Diallo,Ousmane,2013-03-06,m,761179464
Faye,Mariama,1941-10-14,f,784074642
Ndiaye,Aminata,1975-02-03,f,762471643
Sarr,Moussa,2008-10-23,m,767363265
Ndiaye,Awa,1941-06-02,f,705130158
Sarr,Aminata,2019-03-07,f,765844458
Ba,Cheikh,1981-11-26,m,764994632
Ndiaye,Khady,1972-03-28,f,776218969
Ba,Oumar,1991-11-08,m,766802144
Gueye,Awa,2003-05-25,f,786577326
Sy,Cheikh,1990-03-09,m,788738501
Sy,Khady,2012-12-01,f,773895557
Kane,Oumar,1979-04-13,m,773187298
Diallo,Mamadou,2006-05-13,m,788234516
Diop,Abdoulaye,1943-10-22,m,787441626
Faye,Aminata,1990-08-18,f,775821355
Diallo,Mamadou,2021-06-05,m,706731977
Faye,Cheikh,1980-09-02,m,706756310
Sy,Cheikh,2010-06-08,m,780653719
Kane,Mariama,2003-06-10,f,784003697
Diallo,Ibrahima,1986-07-11,m,769350624
Faye,Ousmane,1981-01-21,m,776856949
Fall,Khady,2013-03-25,f,708572168
Fall,Abdoulaye,2011-09-09,m,702004312
Kane,Cheikh,1992-04-10,m,700586700
Faye,Khady,1947-03-08,f,770572829
Faye,Awa,1986-03-09,f,774300052
Diallo,Fatou,1981-03-01,f,781483119
Sow,Khady,1966-01-27,f,761567318
Sarr,Awa,1960-07-14,f,702772124
Faye,Aminata,1942-04-15,f,706596223
Sy,Oumar,1961-01-15,m,770142380
Sarr,Mariama,2020-01-16,f,768689264
Diallo,Oumar,2019-12-21,m,770256168
Kane,Moussa,1998-02-18,m,704575091
Diop,Abdoulaye,1986-08-23,m,765819865
Faye,Ousmane,1950-05-07,m,764531773
Sow,Fatou,1992-12-17,f,708475312
Sy,Ibrahima,1996-12-05,m,789114504
Sarr,Ousmane,1955-01-03,m,785761031
Ndiaye,Ibrahima,1948-07-03,m,766271609
Gueye,Mariama,1952-03-07,f,781565742
Sow,Cheikh,1952-03-03,m,786290185
Diop,Mariama,1944-05-14,f,764451358
Sarr,Awa,2003-12-24,f,708852844
Diop,Aminata,1964-09-26,f,700217497
Sow,Aminata,1971-01-07,f,760048471
Gueye,Abdoulaye,1943-10-07,m,784217462
Ba,Khady,1977-02-15,f,773881265
Gueye,Ousmane,1949-04-11,m,784441456
Sy,Ibrahima,2003-02-07,m,785612548
Sy,Ibrahima,1958-04-27,m,777160289
Kane,Moussa,2010-05-26,m,761410310
Diallo,Awa,1981-09-21,f,779281397
Sow,Awa,2003-03-06,f,702449114
Faye,Cheikh,1958-10-29,m,700005650
Ba,Cheikh,1957-10-06,m,767938456
Faye,Mamadou,2008-07-15,m,779924841
Diallo,Mariama,1991-10-02,f,770818853
Sy,Oumar,1957-10-27,m,774238407
Kane,Ousmane,1978-01-15,m,770003988
Kane,Oumar,1949-05-01,m,787023862
Gueye,Mamadou,1991-04-08,m,789316269
Gueye,Aminata,1974-05-10,f,788252747
Faye,Fatou,1948-10-30,f,778285831
Fall,Khady,1962-11-02,f,768843306
Ndiaye,Fatou,2013-04-11,f,766077656
Kane,Khady,1985-12-25,f,786452463
Faye,Moussa,1960-08-27,m,701196071
Sarr,Abdoulaye,1979-07-24,m,771775677
Gueye,Khady,1975-05-31,f,781399806
Sow,Fatou,1999-09-25,f,760093744
Sow,Awa,1984-09-03,f,772564533
Faye,Fatou,1979-07-29,f,704540165
Diallo,Aminata,2015-04-21,f,774763717
Sarr,Fatou,2014-05-19,f,701507197
Diop,Fatou,1977-04-09,f,785319264
Fall,Cheikh,1953-01-20,m,706904619
Sow,Mariama,1976-07-01,f,783780306
Sy,Cheikh,1988-06-23,m,775824340
Faye,Fatou,1987-12-06,f,782413665
Fall,Mamadou,1982-07-29,m,788802311
Ndiaye,Aminata,1969-12-09,f,777489320
Ndiaye,Cheikh,1985-11-12,m,701572832
Ndiaye,Oumar,2014-07-16,m,706979277
Diallo,Cheikh,1965-04-21,m,781537029
Gueye,Abdoulaye,2014-11-04,m,782058561
Fall,Ousmane,1984-09-30,m,774471113
Diallo,Khady,1980-01-21,f,709290589
Faye,Fatou,1973-09-20,f,775815829
Gueye,Ousmane,1977-02-13,m,761971793
Kane,Cheikh,1962-09-16,m,769063332
Sarr,Cheikh,1960-11-19,m,783376043
Kane,Aminata,2003-07-14,f,785485446
Diop,Ousmane,1998-09-06,m,706513735
Diallo,Khady,1980-01-23,f,785444138
Faye,Oumar,2011-08-22,m,771200657
Ndiaye,Awa,1980-08-22,f,779478133
Diop,Mamadou,2010-09-12,m,769600553
Sow,Aminata,1993-07-22,f,775195792
Sow,Oumar,2011-12-20,m,768927461
Ba,Mariama,1946-08-07,f,772082891
Ba,Oumar,1957-09-20,m,768282253
Kane,Ibrahima,1948-02-08,m,703013873
Ba,Awa,1967-09-16,f,773047637
Sow,Mariama,1944-05-18,f,761734136
Diallo,Cheikh,2021-04-18,m,701460535
Ndiaye,Abdoulaye,2013-01-06,m,775907332
Sarr,Fatou,1948-08-22,f,765843432
Sy,Oumar,1964-07-18,m,779768926
Fall,Fatou,1951-03-26,f,769747725
Ba,Mamadou,2019-01-17,m,773562112
Diop,Ousmane,2020-08-25,m,701187139
Ndiaye,Cheikh,2017-10-11,m,777203164
Faye,Mariama,1977-08-19,f,760668893
Ndiaye,Fatou,2017-02-06,f,704904086
Sarr,Abdoulaye,1987-12-16,m,702597447
Diop,Moussa,1987-02-11,m,774942333
Kane,Abdoulaye,1942-11-02,m,761403076
Sy,Awa,1946-02-04,f,708602182
Sow,Khady,2003-09-12,f,789412709
Kane,Oumar,1989-03-03,m,700861615
Kane,Awa,2008-03-24,f,704825946
Fall,Aminata,1972-01-01,f,705033454
Sarr,Mamadou,1943-02-07,m,775811540
Diop,Mariama,1963-06-17,f,707646304
Gueye,Moussa,2016-09-15,m,773490991
Sy,Moussa,1972-07-12,m,701042876
Kane,Awa,1960-04-26,f,707075432
Ba,Fatou,1982-01-21,f,770114299
Gueye,Khady,2019-06-11,f,701004322
Sow,Abdoulaye,2007-02-22,m,702873684
Diallo,Khady,2005-04-02,f,780167110
Sow,Awa,2020-02-08,f,789381810
Gueye,Khady,1944-10-20,f,777446970
Diallo,Oumar,1969-07-08,m,784190842
Diop,Ousmane,1985-11-12,m,770737462
Faye,Awa,1981-11-25,f,762049995
Gueye,Mariama,1989-10-07,f,781072404
Ndiaye,Cheikh,2008-06-15,m,778751374
Sow,Cheikh,1988-10-15,m,706064136
Ndiaye,Mamadou,2012-04-14,m,785175244
Sow,Khady,1972-04-05,f,709398881
Diop,Ibrahima,1968-01-03,m,770145819
Ndiaye,Ibrahima,2013-09-13,m,704257941
Diop,Awa,1983-12-27,f,769113421
Diallo,Ousmane,1964-11-25,m,771638498
Diallo,Mamadou,2022-10-29,m,771803880
Kane,Khady,2007-05-06,f,787203072
Diallo,Aminata,1980-10-24,f,772918065
Sy,Aminata,1957-03-13,f,765655651
Sarr,Mamadou,2014-11-22,m,774464526
Faye,Oumar,1957-10-14,m,772116747
Sow,Ousmane,1982-11-23,m,789355265
Kane,Khady,1977-02-08,f,780270692
Sarr,Moussa,1994-04-02,m,773209375
Gueye,Awa,1981-08-28,f,703241458
Kane,Moussa,1992-03-21,m,772781698
Diop,Aminata,1992-06-07,f,771362910
Faye,Ousmane,1978-08-25,m,708284180
Diallo,Oumar,1977-10-16,m,706872059
Ndiaye,Moussa,1981-03-15,m,771768214
Fall,Fatou,1949-11-17,f,764396621
Sow,Oumar,2015-02-16,m,762693080
Gueye,Oumar,1952-12-06,m,784765919
Sarr,Oumar,1951-02-10,m,777299625
Gueye,Awa,1956-01-18,f,707989779
Sy,Moussa,2009-10-05,m,785988115
Sow,Ousmane,1944-09-12,m,784647550
Sarr,Mamadou,1998-04-16,m,779123313
Sarr,Mamadou,1992-06-06,m,784696556
Sy,Moussa,1996-11-25,m,709115518
Fall,Ibrahima,1970-05-19,m,775223883
Diop,Awa,2020-11-10,f,786489664
Sarr,Oumar,1999-10-30,m,773207901
Fall,Mariama,2017-03-15,f,782002530
Kane,Aminata,1972-06-17,f,708904390
Gueye,Ousmane,1997-01-24,m,785361256
Sy,Mamadou,2014-12-28,m,778333884
Gueye,Ibrahima,1973-10-18,m,762879026
Sarr,Awa,1972-07-17,f,773786105
Ba,Awa,1967-03-04,f,776148715
Diallo,Oumar,1942-01-31,m,782615337
Diallo,Abdoulaye,1949-07-17,m,704605492
Diallo,Oumar,1971-01-11,m,773995155
Diallo,Khady,2022-10-20,f,780575652
Faye,Mamadou,1981-04-19,m,785009997
Ba,Mariama,2019-05-13,f,784237911
Gueye,Mamadou,2021-02-27,m,782334105
Diallo,Mariama,1945-08-01,f,771881049
Ndiaye,Oumar,2022-12-18,m,704053620
Fall,Mamadou,1946-07-27,m,760172793
Diallo,Oumar,1996-11-12,m,703459227
Sow,Mariama,2006-06-25,f,766906164
Sow,Khady,1943-09-30,f,783185299
Fall,Fatou,1979-07-29,f,764276977
Sow,Ousmane,2010-02-26,m,701934195
Ndiaye,Aminata,1940-02-20,f,769510478
Ba,Fatou,2015-09-28,f,772282565
Gueye,Mamadou,2012-04-18,m,781873187
Sow,Aminata,1992-07-27,f,770601198
Ndiaye,Ibrahima,1961-03-09,m,700863670
Sow,Khady,2008-11-29,f,703431076
Ndiaye,Moussa,1958-09-23,m,704368610
Sarr,Mamadou,2002-11-26,m,709713666
Sy,Abdoulaye,1961-02-06,m,785522646
Ndiaye,Awa,1949-06-10,f,785375846
Gueye,Cheikh,1999-12-09,m,778818164
Fall,Ousmane,2020-12-31,m,781795758
Faye,Awa,1995-04-16,f,767602588
Fall,Mariama,1940-05-06,f,763362218
Sarr,Abdoulaye,1951-02-19,m,763192100
Sarr,Khady,1966-08-02,f,778094460
Diallo,Oumar,2014-11-30,m,765476947
Fall,Fatou,1971-03-06,f,777049154
Diallo,Aminata,1953-03-01,f,788911723
Sy,Mamadou,1966-02-13,m,769765560
Sarr,Aminata,1999-09-23,f,781824350
Gueye,Aminata,1972-06-06,f,788530945
Diop,Awa,1977-10-13,f,775776280
Gueye,Mariama,1941-10-16,f,700143018
Ba,Fatou,1981-06-04,f,775513150
Ndiaye,Aminata,2012-10-08,f,782662335
Faye,Awa,2005-04-07,f,772457127
Ba,Ousmane,2022-10-19,m,766488929
Sarr,Oumar,1962-04-05,m,705572940
Sow,Cheikh,1960-06-30,m,767708923
Faye,Oumar,1961-10-14,m,704092684
Gueye,Aminata,2002-06-20,f,773814988
Sow,Ousmane,2013-10-28,m,701280916
Sy,Fatou,1992-01-06,f,762178875
Ndiaye,Mariama,2001-04-24,f,771812804
Ba,Abdoulaye,1982-05-23,m,766919111
Sy,Moussa,1941-02-04,m,787787506
Diop,Fatou,2006-10-26,f,788027842
Ndiaye,Fatou,1999-09-26,f,780508150
Sy,Fatou,2006-09-29,f,772211956
Diallo,Moussa,1985-06-14,m,770199797
Gueye,Oumar,1983-04-21,m,777674283
Sow,Mamadou,1972-08-25,m,701225184
Sarr,Awa,2022-12-20,f,767690584
Gueye,Moussa,2007-12-27,m,776061651
Sarr,Aminata,2016-12-16,f,767215284
Gueye,Fatou,1995-06-28,f,770396866
Diop,Awa,1987-01-05,f,706664124
Sow,Ousmane,1955-06-19,m,708295985
Diop,Fatou,1968-03-04,f,777467768
Diop,Oumar,2014-03-22,m,789062301
Ndiaye,Abdoulaye,2022-05-05,m,705067671
Diop,Moussa,1940-12-12,m,709752693
Diop,Mariama,2002-05-25,f,787584835
Sarr,Ibrahima,1957-11-25,m,705051066
Kane,Mamadou,1981-03-25,m,778552074
Sow,Fatou,1982-09-23,f,772289384
Diallo,Abdoulaye,1987-02-24,m,702999298
Fall,Cheikh,1966-06-18,m,772165029
Faye,Oumar,1985-12-03,m,704766488
Gueye,Mamadou,2023-05-07,m,760424901
Faye,Ibrahima,1975-05-10,m,772774637
Kane,Abdoulaye,2020-10-23,m,784705974
Sow,Mamadou,1986-04-09,m,775235662
Sy,Aminata,2008-08-15,f,704103369
Faye,Moussa,1998-09-01,m,764358036
Diop,Fatou,2019-10-29,f,766929827
Faye,Ousmane,2006-05-29,m,781563251
Ba,Ousmane,1955-04-05,m,771817564
Sy,Awa,2007-08-11,f,765090256
Diallo,Abdoulaye,2011-04-23,m,706293247
Sy,Ibrahima,1974-10-13,m,782073457
Gueye,Khady,1983-06-26,f,767505648
Sarr,Cheikh,1955-09-12,m,709461319
Ba,Aminata,2013-05-21,f,701929268
Sarr,Mariama,2011-11-03,f,780388264
Sy,Mariama,1957-07-20,f,766293670
Gueye,Khady,1985-07-31,f,707125741
Faye,Moussa,2016-05-24,m,709092073
Diop,Oumar,2015-12-25,m,787402424
Faye,Cheikh,1967-10-03,m,777107837
Fall,Ibrahima,1996-10-17,m,776538797
Sarr,Khady,1987-02-23,f,761665198
Ndiaye,Fatou,2016-03-10,f,774284448
Sarr,Khady,2019-07-02,f,709695570
Ndiaye,Awa,2006-10-29,f,709983688
Diop,Oumar,2005-02-27,m,786927605
Fall,Ibrahima,1942-01-16,m,706075179
Diallo,Awa,2002-06-29,f,702539543
Fall,Mariama,1943-04-29,f,761697884
Gueye,Cheikh,1996-07-29,m,764689412
Gueye,Mariama,1941-09-08,f,767656302
Sy,Cheikh,2021-05-31,m,788818145
Faye,Awa,2016-07-04,f,763236717
Sarr,Awa,2010-10-10,f,700852295
Sy,Cheikh,1983-02-28,m,706862034
Ba,Oumar,1958-04-02,m,777056047
Sy,Moussa,1967-06-26,m,700565691
Ba,Moussa,1983-04-04,m,782951899
Diop,Abdoulaye,2009-11-02,m,783231660
Gueye,Ibrahima,1941-06-06,m,779090720
Faye,Moussa,1998-03-13,m,778903904
Fall,Mamadou,1948-08-08,m,787858473
Ndiaye,Mamadou,2012-08-14,m,786296198
Sarr,Mamadou,1988-10-24,m,707561453
Sy,Awa,1979-03-16,f,774742804
Diop,Oumar,1976-06-20,m,766951087
Sow,Ousmane,2007-06-05,m,771935267
Sow,Oumar,1949-01-11,m,773310963
Gueye,Mariama,1958-06-30,f,774326148
Ba,Ibrahima,1995-11-24,m,784408911
Faye,Moussa,1943-10-04,m,778747711
Ndiaye,Fatou,1997-05-27,f,770736915
Kane,Ibrahima,1976-06-13,m,787896214
Fall,Khady,1948-10-08,f,785488043
Ndiaye,Cheikh,1994-11-25,m,760774663
Ba,Mariama,2000-02-05,f,702079779
Ndiaye,Fatou,2023-03-25,f,709131031
Diop,Fatou,1982-04-22,f,782636287
Sarr,Ibrahima,1965-05-26,m,768988588
Sow,Mariama,1954-09-02,f,705919844
Sow,Ousmane,1958-07-09,m,775371539
Diallo,Ibrahima,2018-08-10,m,700151671
Kane,Moussa,1993-12-17,m,783675003
Faye,Ibrahima,1999-01-10,m,779172408
Sy,Khady,2002-03-25,f,708534780
Sow,Cheikh,1955-04-04,m,700835922
Sy,Mamadou,1965-03-01,m,774177177
Gueye,Mariama,1941-08-07,f,767734017
Faye,Awa,2014-06-07,f,788287762
Sow,Ousmane,1987-12-23,m,785596197
Faye,Awa,2008-08-15,f,705245368
Diop,Awa,2003-12-20,f,782642262
Gueye,Mamadou,1956-01-09,m,770624092
Sow,Aminata,1956-08-11,f,774866083
Gueye,Aminata,1954-12-10,f,781406407
Ndiaye,Ousmane,1972-02-17,m,773878892
Ba,Awa,2022-11-26,f,706614415
Sow,Oumar,2022-03-25,m,780516928
Ndiaye,Fatou,2005-10-15,f,787051841
Gueye,Abdoulaye,2003-09-27,m,783074202
Sarr,Abdoulaye,1953-12-18,m,704280386
Sy,Mariama,1977-01-14,f,781296332
Gueye,Fatou,1974-11-14,f,707479687
Sow,Abdoulaye,1947-07-12,m,703361681
Gueye,Oumar,1971-05-29,m,789133880
Kane,Moussa,2001-06-21,m,701800580
Diallo,Aminata,1994-08-18,f,706073097
Kane,Mariama,1979-05-11,f,777901097
Diallo,Moussa,2021-10-01,m,767854625
Ba,Abdoulaye,1957-01-19,m,779391570
Fall,Oumar,2002-03-02,m,707522726
Diallo,Cheikh,2012-02-27,m,782074616
Faye,Abdoulaye,2010-01-27,m,771219899
Sow,Mariama,2006-08-06,f,700425164
Faye,Ousmane,1973-07-23,m,762837581
Sarr,Aminata,1971-03-17,f,787986555
Gueye,Awa,2011-08-03,f,766506401
Ndiaye,Abdoulaye,1964-12-30,m,781748965
Sy,Mamadou,1958-06-13,m,767424932
Faye,Mamadou,2022-06-20,m,780186226
Fall,Khady,2001-10-29,f,708736893
Faye,Ousmane,1994-10-11,m,704000921
Kane,Abdoulaye,1992-03-13,m,772875564
Sow,Ibrahima,1942-07-07,m,706287189
Fall,Khady,2022-04-09,f,770460821
Sy,Aminata,1966-07-09,f,763823297
Kane,Fatou,1981-05-13,f,769172957
Fall,Mariama,1967-12-04,f,762693114
Gueye,Mamadou,2010-08-24,m,771824723
Gueye,Awa,2015-10-03,f,776484886
Ndiaye,Khady,1966-10-29,f,768072340
Diop,Khady,1988-06-26,f,787538094
Sow,Khady,1943-07-22,f,769348856
Faye,Aminata,1950-07-04,f,778826775
Sow,Aminata,1988-11-23,f,706625580
Kane,Cheikh,2009-09-26,m,787474897
Diop,Moussa,1980-03-17,m,707068256
Diallo,Cheikh,1985-03-25,m,763223972
Faye,Fatou,1943-06-15,f,760458533
Kane,Moussa,1953-04-02,m,786234579
Sarr,Ibrahima,2023-12-14,m,775697940
Fall,Aminata,1986-06-18,f,779102734
Faye,Aminata,1958-03-22,f,767404907
Ndiaye,Khady,1991-07-05,f,709933349
Fall,Fatou,1944-04-26,f,778592050
Sy,Aminata,1977-10-05,f,708867485
Diop,Cheikh,2020-10-26,m,701042692
Sarr,Cheikh,1948-08-07,m,781090739
Diallo,Awa,1950-05-31,f,782500807
Diop,Ousmane,1963-03-06,m,702424120
Sy,Ousmane,1983-11-30,m,708344752
Ndiaye,Cheikh,2016-11-16,m,779451527
Fall,Cheikh,1986-12-22,m,705936483
Sow,Cheikh,1998-10-28,m,778147949
Kane,Ousmane,1988-11-20,m,767751309
Ba,Mamadou,1953-02-20,m,767322725
Sy,Khady,1951-07-19,f,782950952
Kane,Ousmane,1979-06-28,m,766784460
Faye,Awa,1994-12-20,f,776668598
Ndiaye,Fatou,1984-11-30,f,778121082
Sow,Oumar,1950-04-26,m,704425374
Sow,Mamadou,1971-03-07,m,774802993
Faye,Mariama,1996-04-21,f,709737409
Fall,Awa,1973-04-30,f,788628308
Sy,Awa,2008-02-14,f,769559815
Faye,Ousmane,1979-10-07,m,773313629
Sarr,Awa,1943-04-12,f,777045810
Sy,Awa,2002-07-30,f,703309464
Kane,Cheikh,1961-05-05,m,787123099
Diop,Ibrahima,2006-02-23,m,762282085
Faye,Ibrahima,1985-05-10,m,700057058
Sarr,Mariama,1992-03-06,f,701136547
Sarr,Awa,1976-07-11,f,769034644
Ndiaye,Ibrahima,2014-11-26,m,788981234
Fall,Cheikh,1985-06-03,m,783914586
Sow,Awa,2021-10-21,f,709843130
Gueye,Mariama,1976-11-12,f,766513370
Sarr,Awa,1983-09-24,f,762608430
Sarr,Khady,1994-04-26,f,784689855
Fall,Khady,2023-11-19,f,702323497
Gueye,Aminata,1942-03-10,f,708587980
Diallo,Fatou,2002-01-02,f,776877035
Ndiaye,Fatou,1996-11-20,f,788713249
Sow,Cheikh,1966-06-29,m,701444245
Sarr,Cheikh,1990-07-19,m,774162498
Sow,Awa,1944-04-26,f,780808219
Fall,Aminata,1991-02-09,f,782178770
Sow,Abdoulaye,1948-10-26,m,760947487
Faye,Awa,2018-10-04,f,709291464
Sarr,Ibrahima,1975-06-06,m,766533928
Ba,Ibrahima,1965-10-23,m,778311419
Sy,Awa,1993-08-24,f,709669954
Sarr,Khady,1989-11-27,f,708345240
Ndiaye,Moussa,2002-01-10,m,768972713
Sow,Fatou,1949-05-28,f,787604617
Sarr,Khady,1951-12-03,f,704292869
Kane,Awa,1971-05-26,f,703187680
Sow,Awa,1946-07-24,f,702487470
Kane,Abdoulaye,1965-05-27,m,762591719
Gueye,Mariama,2009-09-08,f,787382245
Sarr,Moussa,1943-09-21,m,705463672
Sy,Awa,1960-06-11,f,776264049
Gueye,Mamadou,1964-03-23,m,777894532
Diop,Cheikh,2007-01-19,m,708985402
Fall,Fatou,1966-10-23,f,701932528
Sarr,Mamadou,1955-01-15,m,788501115
Diop,Abdoulaye,1999-05-25,m,764785095
Diallo,Oumar,2017-11-06,m,762686209
Fall,Awa,1993-01-11,f,765705518
Ba,Fatou,1955-11-14,f,709452897
Sy,Ibrahima,2012-04-04,m,777602135
Faye,Khady,1943-07-21,f,782398422
Fall,Oumar,2021-10-22,m,780079557
Ba,Cheikh,1959-03-05,m,760272924
Faye,Aminata,1958-12-22,f,707623053
Sarr,Awa,1952-04-04,f,767875262
Diop,Awa,2013-10-22,f,766127212
Ba,Aminata,2006-02-15,f,779237700
Gueye,Fatou,1980-05-19,f,701847152
Sarr,Ibrahima,1950-06-26,m,788527107
Sarr,Ousmane,1952-10-20,m,767528705
Ba,Mamadou,1997-04-04,m,700639917
Faye,Awa,2023-01-07,f,703349623
Diop,Awa,1949-01-24,f,762837953
Sarr,Mamadou,1983-11-29,m,776006708
Fall,Abdoulaye,1975-02-18,m,762321830
Kane,Khady,1973-11-20,f,702789950
Kane,Oumar,2006-03-18,m,761791561
Diallo,Mariama,1972-02-09,f,767641152
Kane,Mariama,1949-12-20,f,780268625
Fall,Ibrahima,1943-11-25,m,769824231
Gueye,Khady,1990-09-06,f,704178629
Sow,Aminata,2011-12-19,f,767874836
Diop,Moussa,2000-01-22,m,788229406
Faye,Khady,1975-03-09,f,767205761
Sy,Khady,1976-01-28,f,788613492
Diop,Aminata,1995-05-27,f,766640570
Sow,Mamadou,1959-01-20,m,781297955
Ba,Ibrahima,2014-01-03,m,787742630
Gueye,Awa,1986-10-30,f,785037472
Fall,Mariama,1944-10-07,f,702090642
Ndiaye,Oumar,1950-11-02,m,701255940
Sy,Cheikh,2013-02-02,m,786408805
Fall,Mariama,1947-07-08,f,707603570
Kane,Aminata,1965-08-09,f,767697559
Faye,Mamadou,1983-05-25,m,761820128
Ndiaye,Mariama,1973-01-07,f,766137967
Sow,Mariama,1965-06-13,f,770920405
Faye,Fatou,1986-02-25,f,762612226
Kane,Abdoulaye,1965-11-19,m,784558343
Ndiaye,Awa,2003-09-12,f,778726854
Ba,Moussa,2000-11-05,m,775231305
Kane,Aminata,1978-12-29,f,768768277
Diallo,Khady,2013-07-08,f,782432832
Diop,Moussa,1962-11-15,m,789344298
Ba,Cheikh,1997-08-23,m,777510325
Faye,Ousmane,1996-07-16,m,764955400
Ba,Awa,1968-08-01,f,708607614
Ndiaye,Aminata,1959-03-26,f,709271160
Sy,Ibrahima,1983-09-14,m,774885513
Gueye,Awa,1963-08-27,f,770038023
Gueye,Mariama,1995-10-09,f,703122235
Gueye,Aminata,2004-02-20,f,704777532
Sow,Mamadou,2009-03-07,m,769991654
Sow,Mariama,1970-05-15,f,766458685
Sy,Moussa,1999-10-17,m,774156863
Kane,Awa,1975-10-13,f,770870166
Sarr,Oumar,2015-10-15,m,782678384
Sow,Fatou,1945-09-06,f,781745674
Sy,Cheikh,2005-11-26,m,779276240
Ndiaye,Awa,2011-07-06,f,784076766
Kane,Aminata,2006-12-06,f,766423134
Kane,Fatou,1978-11-07,f,780031721
Gueye,Khady,1993-06-03,f,782132981
Gueye,Mariama,1945-11-18,f,781414239
Sarr,Oumar,1951-10-26,m,785135635
Sy,Khady,1982-12-26,f,708578132
Diallo,Oumar,1974-06-29,m,785158772
Gueye,Ibrahima,1998-06-06,m,781249211
Ndiaye,Mamadou,1957-09-30,m,707898821
Ba,Khady,1997-04-19,f,770203351
Ndiaye,Ousmane,1989-11-18,m,777028861
Ba,Khady,1997-06-26,f,705176355
Fall,Awa,1948-07-02,f,705256501
Ba,Abdoulaye,1977-02-24,m,777589611
Ba,Mamadou,1992-02-06,m,783139698
Gueye,Khady,1976-09-15,f,765863601
Sy,Ousmane,1999-03-09,m,709991652
Ndiaye,Moussa,1986-09-09,m,768777320
Diallo,Khady,1961-09-05,f,703790968
Diallo,Fatou,1972-11-12,f,704373450
Sow,Awa,1991-05-24,f,709706665
Ndiaye,Awa,1943-08-08,f,708202233
Gueye,Abdoulaye,2001-05-16,m,775410741
Diallo,Fatou,1944-02-19,f,770400977
Sow,Awa,1993-02-19,f,705735010
Ndiaye,Awa,1963-03-02,f,776249567
Kane,Mariama,1960-02-16,f,780372221
Fall,Mariama,1992-04-04,f,763515184
Sow,Fatou,1953-09-10,f,773792834
Gueye,Mamadou,1947-07-02,m,787534031
Ndiaye,Ousmane,1992-05-02,m,700874092
Ndiaye,Ousmane,1966-07-24,m,773639283
Faye,Mariama,1954-07-05,f,786956541
Diallo,Oumar,1955-05-28,m,760443063
Sy,Cheikh,2007-09-27,m,778172571
Diop,Oumar,1969-09-01,m,788576546
Gueye,Khady,1970-11-01,f,701773121
Kane,Ousmane,2000-08-26,m,774195144
Faye,Moussa,2014-08-10,m,765704092
Diallo,Awa,1940-05-06,f,786235344
Fall,Awa,2015-03-23,f,766798649
Faye,Awa,1988-08-09,f,772632021
Ba,Aminata,1964-02-10,f,769883663
Sarr,Awa,2016-04-13,f,767632850
Faye,Oumar,1948-03-25,m,703127176
Diallo,Fatou,1948-11-05,f,763852863
Diallo,Ibrahima,1983-03-15,m,773048891
Ndiaye,Fatou,1943-03-19,f,705281247
Diallo,Cheikh,2008-10-23,m,767699717
Gueye,Awa,1990-05-02,f,783505759
Diallo,Mariama,1948-09-11,f,700658864
Ndiaye,Ousmane,1940-10-24,m,704236348
Ndiaye,Ousmane,1968-07-10,m,706126156
Faye,Khady,1997-02-28,f,706457289
Gueye,Ibrahima,2006-04-17,m,702419898
Sy,Awa,1970-10-03,f,765669054
Faye,Khady,2004-11-05,f,778079419
Diop,Awa,1996-05-28,f,784557752
Sy,Mamadou,2019-08-08,m,702126666
Sarr,Abdoulaye,2006-06-01,m,777532141
Faye,Moussa,1988-03-01,m,785068203
Sy,Awa,1988-02-09,f,701426975
Diop,Awa,1969-03-26,f,708291810
Fall,Awa,1980-04-18,f,782660388
Diallo,Mamadou,1960-09-16,m,778995449
Sow,Moussa,2021-09-20,m,764656262
Sy,Mariama,1940-05-07,f,761130544
Ba,Fatou,1964-04-28,f,782649355
Ndiaye,Khady,1999-02-03,f,763334178
Fall,Aminata,2003-12-11,f,764230465
Ndiaye,Khady,1996-07-09,f,787210088
Ndiaye,Oumar,1957-03-09,m,781528668
Ndiaye,Mamadou,1952-06-01,m,784258421
Sarr,Aminata,1974-07-22,f,777178166
Sarr,Ibrahima,1990-05-30,m,785938948
Diop,Oumar,1970-08-21,m,706356685
Sy,Moussa,1951-02-10,m,703815265
Sy,Khady,2006-02-23,f,771797715
Diallo,Fatou,1976-01-25,f,701322675
Kane,Aminata,2016-08-12,f,776580514
Kane,Cheikh,1984-12-03,m,762506311
Sy,Mariama,1979-08-27,f,765173207
Kane,Oumar,1963-07-31,m,780105373
Gueye,Fatou,2021-05-02,f,706585074
Sarr,Ibrahima,1949-10-17,m,760118050
Faye,Khady,1965-01-29,f,779386532
Faye,Mamadou,1945-04-30,m,779176794
Ndiaye,Fatou,1959-11-05,f,777924492
Sarr,Awa,1994-01-16,f,771537698
Ba,Awa,1975-03-17,f,702540665
Diop,Ousmane,2012-01-28,m,786500150
Faye,Ibrahima,1956-04-23,m,772386208
Gueye,Aminata,1980-05-23,f,776429649
Kane,Awa,2004-06-01,f,703244455
Ba,Aminata,2012-11-23,f,701607164
Sarr,Awa,2023-02-23,f,706501543
Kane,Oumar,2013-09-08,m,770737927
Kane,Mariama,1977-08-02,f,706842498
Fall,Mamadou,2020-07-30,m,774300281
Faye,Khady,1985-08-22,f,701239817
Gueye,Abdoulaye,1988-07-25,m,781947027
Faye,Aminata,1985-12-26,f,707096494
Gueye,Fatou,2015-08-19,f,763166638
Sow,Cheikh,1969-03-08,m,707377289
Kane,Ibrahima,2005-04-17,m,708619559
Gueye,Ibrahima,1975-07-19,m,783603900
Diallo,Mamadou,2011-03-26,m,780733632
Diallo,Mariama,2021-12-25,f,782479549
Sarr,Fatou,1944-10-02,f,786112113
Gueye,Khady,1962-07-16,f,786506106
Sow,Oumar,1948-02-20,m,788501074
Faye,Khady,1955-07-19,f,778656959
Fall,Ibrahima,2004-05-30,m,766721097
Gueye,Mamadou,1960-11-21,m,709527915
Sarr,Khady,1955-05-29,f,707865824
Diop,Mamadou,1991-04-15,m,761404810
Diop,Ibrahima,2004-07-31,m,708599612
Gueye,Fatou,2005-06-07,f,773079555
Fall,Khady,1998-05-21,f,705545772
Ba,Ibrahima,1988-02-13,m,781408718
Diop,Cheikh,1967-05-12,m,789676411
Kane,Awa,2004-03-09,f,777540881
Ndiaye,Mariama,1996-05-31,f,776144032
Sy,Mariama,1940-04-29,f,704704219
Ndiaye,Mariama,2023-03-10,f,704399482
Kane,Oumar,2014-08-02,m,783174691
Sarr,Mamadou,2015-05-04,m,772802645
Faye,Ibrahima,1999-09-09,m,787969636
Fall,Ibrahima,1959-08-19,m,770965078
Ba,Ousmane,2004-05-28,m,764992285
Gueye,Moussa,1952-10-08,m,766818042
Kane,Cheikh,2005-09-10,m,763749912
Fall,Khady,2020-04-24,f,779947213
Sy,Mariama,1956-02-15,f,780477901
Kane,Awa,2001-11-14,f,706504188
Kane,Cheikh,2003-06-04,m,702750247
Gueye,Awa,1981-10-22,f,762598156
Diallo,Cheikh,1984-01-13,m,707145792
Sy,Mariama,1988-07-06,f,789863106
Kane,Ousmane,2023-02-01,m,775917302
Sow,Aminata,1977-06-05,f,768965868
Faye,Fatou,1950-05-31,f,763697616
Sy,Mamadou,2006-09-17,m,789712039
Ba,Awa,1952-07-27,f,767425060
Diallo,Abdoulaye,1974-07-25,m,700684613
Gueye,Mamadou,1985-09-10,m,708178297
Faye,Abdoulaye,2012-08-09,m,700900786
Fall,Moussa,1997-04-01,m,708330496
Diallo,Mamadou,1959-12-28,m,771664369
Sy,Mamadou,1944-05-17,m,774701174
Faye,Ibrahima,2021-05-04,m,769267417
Ndiaye,Khady,1988-08-08,f,782215870
Fall,Mamadou,1951-06-07,m,703231121
Sarr,Fatou,1950-07-01,f,774070062
Ndiaye,Moussa,2005-10-22,m,784320768
Faye,Abdoulaye,1981-05-01,m,784977795
Ndiaye,Aminata,1962-08-16,f,787795516
Sy,Aminata,2003-05-06,f,785590275
Ndiaye,Mariama,1973-01-20,f,762536315
Sarr,Fatou,1952-12-09,f,777051766
Ba,Khady,1965-07-10,f,789033267
Diallo,Oumar,2016-11-02,m,706195636
Diop,Mamadou,1956-01-25,m,767391919
Faye,Abdoulaye,1957-03-28,m,763952091
Ndiaye,Ibrahima,1942-04-28,m,767117583
Sow,Cheikh,2012-03-16,m,788757697
Diallo,Moussa,1970-02-13,m,776440068
Gueye,Ibrahima,2013-06-08,m,703231066
Sy,Ibrahima,1955-01-13,m,789708467
Ndiaye,Mamadou,2020-12-19,m,787111349
Gueye,Khady,1951-08-15,f,788473825
Kane,Abdoulaye,1958-04-13,m,706467984
Diop,Awa,2022-12-19,f,771390553
Sy,Awa,1998-01-14,f,787709343
Sow,Mamadou,2006-08-12,m,706269720
Diop,Moussa,2006-09-16,m,788405782
Ba,Mariama,1953-04-15,f,703657867
Faye,Mariama,1981-11-27,f,705016388
Sarr,Ousmane,2023-06-10,m,781249519
Sow,Aminata,1965-06-09,f,782731604
Diop,Mamadou,2014-05-23,m,785069963
Faye,Khady,1981-08-12,f,774352320
Kane,Aminata,1964-03-25,f,779526626
Sy,Mamadou,2004-05-15,m,781080757
Sow,Mamadou,1942-02-02,m,783055268
Sow,Fatou,1996-12-01,f,767677445
Sow,Ousmane,1986-03-24,m,765362576
Faye,Mamadou,2023-07-03,m,771684907
Diop,Cheikh,1970-05-08,m,784176252
Fall,Ousmane,1987-10-19,m,768437740
Ba,Aminata,1967-07-15,f,776213357
Sarr,Mariama,1986-11-28,f,700352205
Ndiaye,Khady,2005-06-08,f,762417656
Sarr,Awa,1943-08-18,f,707631291
Kane,Fatou,2020-04-09,f,775197074
Diallo,Oumar,1983-11-17,m,775641036
Ba,Ousmane,1940-10-14,m,783223507
Diallo,Khady,1954-08-15,f,703905799
Faye,Fatou,2005-06-11,f,777663310
Faye,Mariama,1956-10-16,f,709723036
Sarr,Oumar,1991-05-29,m,774085927
Fall,Mariama,1973-01-04,f,780391398
Ndiaye,Abdoulaye,1962-02-18,m,700814696
Ba,Aminata,1956-08-31,f,773913637
Sow,Abdoulaye,1944-05-25,m,774739753
Sarr,Fatou,1998-08-11,f,763880754
Sy,Ibrahima,1999-04-09,m,700099331
Kane,Awa,1961-12-16,f,768016934
Fall,Mariama,2004-08-11,f,786794479
Sow,Ousmane,1989-05-04,m,768694300
Sy,Mariama,1985-07-11,f,700131333
Sarr,Moussa,1983-03-17,m,702901283
Diallo,Aminata,1982-10-02,f,708891111
Sy,Awa,1974-05-01,f,701121604
Diallo,Khady,2010-11-02,f,762792991
Diop,Fatou,1985-02-09,f,771651424
Faye,Mariama,1968-06-18,f,776624727
Sarr,Ibrahima,2011-10-07,m,768900924
Ba,Fatou,1961-09-29,f,706667382
Sarr,Moussa,1951-11-13,m,765096751
Ndiaye,Ousmane,1975-03-23,m,770490844
Faye,Ousmane,2012-12-27,m,700692779
Fall,Mariama,2009-10-12,f,769923733
Diop,Ibrahima,1985-05-07,m,771997543
Diallo,Moussa,1952-01-16,m,771992780
Ba,Ibrahima,1950-11-28,m,783009040
Gueye,Ousmane,1979-11-25,m,788094874
Faye,Ibrahima,1963-11-08,m,761833516
Faye,Cheikh,1959-09-07,m,782083766
Sy,Ibrahima,1967-11-21,m,767686716
Gueye,Cheikh,1948-06-07,m,776676309
Faye,Fatou,1990-02-25,f,782620843
Ba,Cheikh,2009-08-24,m,700772887
Diallo,Fatou,1976-08-21,f,776071141
Kane,Khady,1942-07-03,f,705564208
Fall,Mamadou,1943-10-25,m,789307810
Ba,Mariama,2001-03-24,f,709294901
Fall,Ousmane,2013-07-16,m,760262481
Sy,Aminata,1995-08-31,f,788569990
Gueye,Ibrahima,1941-10-19,m,769561000
Gueye,Aminata,1940-08-06,f,765450236
Gueye,Mamadou,2014-06-25,m,788772357
Ba,Aminata,1942-02-15,f,701078154
Sow,Aminata,1954-01-26,f,709810339
Diop,Aminata,1972-10-25,f,768542531
Ndiaye,Oumar,1992-02-06,m,765623584
Gueye,Oumar,2015-03-09,m,787739050
Sy,Mariama,2001-03-28,f,761373708
Diallo,Ousmane,1950-08-28,m,760655501
Gueye,Abdoulaye,1962-10-02,m,700557909
Fall,Oumar,1943-08-19,m,764407398
Gueye,Ousmane,1968-04-05,m,781946182
Sow,Oumar,1963-02-04,m,703381682
Ba,Fatou,1977-09-02,f,778978650
Sy,Fatou,1953-12-20,f,707746430
Fall,Aminata,1977-01-16,f,708577966
Diallo,Oumar,2006-05-25,m,782736974
Faye,Moussa,1987-09-11,m,787756024
Diallo,Ousmane,1964-08-20,m,705296350
Sy,Oumar,2001-07-03,m,786161246
Sow,Awa,1973-10-24,f,770854329
Fall,Aminata,1951-02-12,f,779583744
Sow,Mariama,2005-11-05,f,702341274
Faye,Awa,1975-05-15,f,702032213
Fall,Awa,1971-12-10,f,762374557
Faye,Ibrahima,1999-10-06,m,705148107
Gueye,Ibrahima,1992-04-29,m,786963966
Sarr,Abdoulaye,2017-10-21,m,789333513
Ndiaye,Awa,1985-11-28,f,701811898
Kane,Awa,1985-09-20,f,766699201
Gueye,Mamadou,2012-08-23,m,763985863
Kane,Ousmane,1940-12-06,m,763507245
Sy,Moussa,2007-10-29,m,767681992
Ba,Ibrahima,2014-11-05,m,775822536
Faye,Aminata,2000-10-05,f,767843512
Ndiaye,Mariama,2009-03-22,f,782308248
Sow,Ibrahima,1965-12-24,m,760281663
Ndiaye,Cheikh,1964-03-24,m,700640032
Sarr,Fatou,2015-05-04,f,701505407
Sow,Ibrahima,1964-03-09,m,767046005
Fall,Ibrahima,2023-02-20,m,773880048
Sarr,Oumar,2010-08-16,m,766116181
Kane,Aminata,1989-02-10,f,787535986
Sarr,Mamadou,1941-12-02,m,770964871
Kane,Aminata,2020-12-15,f,783382129
Sy,Aminata,1944-03-26,f,708227418
Sarr,Aminata,1985-08-22,f,766834403
Ba,Aminata,1990-08-10,f,769900496
Gueye,Mariama,1967-10-19,f,779665025
Gueye,Oumar,1997-06-07,m,785087378
Sarr,Mariama,2002-07-12,f,785806842
Kane,Khady,1998-07-07,f,706180886
Gueye,Ibrahima,2012-02-06,m,773725086
Gueye,Oumar,2004-09-21,m,763029846
Diop,Khady,1968-05-15,f,786614345
Kane,Ousmane,2009-01-31,m,787943517
Diop,Oumar,2000-12-25,m,765830951
Fall,Mariama,1973-05-12,f,770395126
Diop,Ibrahima,1974-06-21,m,703612104
Ba,Oumar,2006-05-09,m,782820227
Kane,Awa,1994-07-24,f,778566048
Sy,Ibrahima,1978-02-22,m,768875602
Sow,Mariama,1940-07-29,f,761710774
Sarr,Awa,2004-06-09,f,777875563
Fall,Mamadou,1966-07-08,m,762614409
Sarr,Aminata,1966-09-19,f,775391688
Fall,Ousmane,2011-04-17,m,760013954
Gueye,Fatou,1940-02-25,f,764696725
Sy,Awa,1955-06-11,f,703046732
Fall,Fatou,2009-12-09,f,764839974
Fall,Ibrahima,1996-11-16,m,701554931
Ndiaye,Moussa,1969-01-14,m,780253196
Sarr,Abdoulaye,1985-03-11,m,705097052
Ndiaye,Mariama,1945-04-17,f,775997694
Ndiaye,Ousmane,1994-01-20,m,762274547
Gueye,Oumar,2020-09-22,m,788109949
Faye,Abdoulaye,1966-08-18,m,701128219
Kane,Abdoulaye,2001-02-05,m,777550249
Sarr,Mariama,2002-11-23,f,785273797
Diallo,Fatou,1979-11-17,f,780882963
Sy,Ibrahima,1972-06-21,m,706114612
Diallo,Awa,2006-03-03,f,702771471
Diallo,Abdoulaye,2010-12-29,m,703917859
Fall,Abdoulaye,2013-10-31,m,704368202
Ba,Awa,2018-05-17,f,706544371
Diallo,Fatou,1955-02-23,f,774345938
Sy,Mariama,1971-08-30,f,787156691
Kane,Fatou,1958-02-22,f,782764936
Kane,Fatou,1943-06-06,f,779868944
Ndiaye,Fatou,1971-12-24,f,700261403
Sow,Abdoulaye,2009-08-23,m,780659850
Ba,Oumar,1945-01-27,m,708058108
Diop,Mamadou,2009-12-14,m,780302791
Sy,Aminata,1945-06-17,f,700672469
Diop,Ousmane,1994-05-26,m,701064044
Gueye,Awa,2021-04-08,f,787583980
Faye,Ibrahima,1999-03-15,m,786751465
Diallo,Aminata,2023-06-02,f,780180769
Sarr,Mariama,1995-11-09,f,783174046
Sow,Awa,2022-09-08,f,705445313
Ndiaye,Abdoulaye,2005-12-09,m,788436191
Faye,Abdoulaye,1974-05-11,m,779503586
Fall,Abdoulaye,1978-06-02,m,702853226
Diallo,Mariama,1959-07-09,f,780087189
Gueye,Khady,2002-03-27,f,774998801
Faye,Aminata,2003-07-16,f,787662286
Sy,Aminata,2005-05-15,f,787824009
Diop,Aminata,1994-09-04,f,773409831
Sarr,Mamadou,1996-03-07,m,773675974
Fall,Mamadou,1993-03-08,m,705541444
Sarr,Khady,1995-05-16,f,784759250
Kane,Awa,1961-04-11,f,789743372
Diop,Mariama,1964-07-01,f,703745108
Gueye,Khady,1977-06-21,f,772334400
Ndiaye,Khady,2019-05-22,f,777034344
Kane,Ibrahima,1955-09-22,m,762882440
Sarr,Khady,1948-09-26,f,779855207
Diop,Fatou,1952-10-13,f,704254153
Gueye,Abdoulaye,1974-11-27,m,701046574
Sarr,Fatou,1998-03-18,f,775824888
Gueye,Aminata,1979-03-20,f,781529806
Sarr,Mariama,2014-03-21,f,782655232
Gueye,Oumar,1981-04-02,m,761528706
Faye,Mamadou,1946-11-20,m,707942250
Kane,Awa,1959-03-01,f,702234316
Fall,Mariama,2017-08-24,f,781046663
Sow,Oumar,2009-07-18,m,779483117
Ba,Moussa,2007-11-06,m,768572093
Ndiaye,Cheikh,1998-01-26,m,775359724
Gueye,Mariama,1995-10-20,f,705808550
Faye,Moussa,1981-06-02,m,766551226
Kane,Mariama,1994-01-28,f,777678574
Diallo,Mamadou,1985-08-20,m,785178173
Sy,Mamadou,1958-03-03,m,779886102
Diallo,Mariama,2008-10-14,f,701406999
Diop,Mariama,1997-02-27,f,778400061
Sow,Oumar,1952-06-14,m,773409066
Ba,Khady,1977-09-14,f,776499761
Ndiaye,Aminata,1956-06-12,f,770774368
Gueye,Abdoulaye,1984-02-02,m,775167615
Kane,Mariama,1958-08-11,f,778390388
Ndiaye,Aminata,1978-08-15,f,783850844
Ba,Khady,1949-11-30,f,774516690
Kane,Khady,2012-02-15,f,760206659
Sarr,Ibrahima,1988-10-28,m,783240980
Diallo,Moussa,1942-03-29,m,785503608
Ba,Ousmane,1974-06-08,m,787461532
Faye,Khady,1972-02-14,f,701091358
Fall,Khady,1996-12-30,f,786565029
Gueye,Ibrahima,1963-02-06,m,705079923
Gueye,Mariama,2012-11-13,f,764915448
Sy,Mariama,1941-12-27,f,783030165
Sy,Ibrahima,1943-02-17,m,707080452
Diallo,Mamadou,1998-12-23,m,708734434
Ba,Ousmane,1989-02-05,m,775150364
Diop,Aminata,1951-12-08,f,771527970
Faye,Awa,1962-01-20,f,772744892
Sow,Awa,2009-11-10,f,787888949
Ndiaye,Ousmane,1982-11-23,m,779781843
Sarr,Mariama,1960-09-29,f,708540845
Diallo,Fatou,2009-08-12,f,703077011
Diop,Awa,1940-12-31,f,705293358
Faye,Aminata,1957-08-18,f,787889584
Fall,Ousmane,2014-07-03,m,704937491
Ndiaye,Khady,1998-03-05,f,760156698
Gueye,Khady,1949-04-20,f,700746004
Kane,Fatou,2017-08-03,f,776868456
Gueye,Fatou,1978-07-19,f,777707850
Sy,Moussa,1964-02-20,m,780093145
Gueye,Mamadou,2003-05-10,m,775452732
Ba,Oumar,1974-08-28,m,781876885
Sarr,Fatou,1957-03-26,f,789130264
Sarr,Mariama,1948-08-02,f,704815827
Diallo,Abdoulaye,1971-11-27,m,763388668
Diop,Ibrahima,1942-04-27,m,704975613
Sy,Moussa,1948-03-05,m,771421414
Gueye,Fatou,1968-08-23,f,702301589
Sarr,Fatou,1955-12-03,f,776169023
Kane,Moussa,2004-12-30,m,782085969
Ba,Aminata,2009-08-28,f,762524621
Ba,Oumar,1987-09-21,m,707495011
Sow,Mamadou,1946-09-10,m,708888411
Diallo,Ousmane,1999-04-13,m,772190730
Sow,Oumar,1991-03-28,m,760972074
Sow,Mariama,1943-12-21,f,701203151
Faye,Ousmane,1967-12-15,m,775089274
Gueye,Cheikh,2016-10-20,m,777453712
Fall,Fatou,1949-04-13,f,783061863
Diop,Abdoulaye,1995-09-04,m,789616074
Gueye,Mariama,2015-08-06,f,772036552
Faye,Moussa,1954-05-31,m,702715699
Ba,Abdoulaye,1979-10-21,m,707397902
Diallo,Moussa,2012-02-14,m,785813100
Sarr,Fatou,2012-10-11,f,769311865
Diop,Awa,1995-06-01,f,771028704
Sarr,Mamadou,1967-10-20,m,704497998
Fall,Mamadou,1975-12-30,m,762887019
Fall,Aminata,1979-07-01,f,700935972
Sarr,Abdoulaye,2021-10-03,m,765585902
Diop,Awa,1943-03-26,f,760894772
Ba,Khady,1968-02-15,f,788794276
Gueye,Awa,2023-05-23,f,782822683
Gueye,Awa,1970-07-18,f,779464908
Diop,Aminata,1950-12-14,f,775369292
Ba,Khady,1959-12-11,f,701154654
Sow,Awa,1993-07-06,f,773456641
Sow,Fatou,1964-08-22,f,700304317
Gueye,Ibrahima,1947-01-09,m,769239419
Ba,Moussa,1984-01-22,m,760973474
Sy,Ibrahima,1991-06-15,m,789241512
Sarr,Mariama,1987-12-12,f,787159809
Diallo,Mamadou,1947-09-17,m,766393040
Ndiaye,Abdoulaye,1982-08-31,m,761939834
Ba,Ousmane,1970-03-15,m,708178323
Ba,Mariama,1940-05-03,f,773788407
Sarr,Awa,1965-05-17,f,762359410
Gueye,Mariama,1954-02-22,f,760709783
Diop,Awa,1961-02-04,f,761719962
Gueye,Mariama,1992-12-25,f,768471248
Ndiaye,Aminata,2016-08-29,f,766291222
Sy,Khady,1943-08-11,f,766514805
Ba,Awa,2005-07-25,f,709615482
Faye,Aminata,2010-03-08,f,779369328
Diop,Moussa,1986-11-02,m,700572882
Fall,Awa,1974-04-18,f,703702281
Fall,Khady,2009-05-15,f,708481656
Diallo,Mariama,1991-02-02,f,702150171
Sy,Awa,2001-11-16,f,770991067
Sy,Awa,1970-02-13,f,773886699
Diallo,Khady,2007-10-18,f,774989695
Ndiaye,Abdoulaye,2003-06-27,m,786630874
Ba,Awa,1983-12-10,f,703941265
Sarr,Ousmane,1944-05-24,m,769535702
Ndiaye,Mariama,1977-08-18,f,788907164
Ndiaye,Oumar,1958-01-20,m,788085414
Sow,Ibrahima,2019-03-05,m,788070916
Kane,Khady,1994-05-11,f,700426266
Gueye,Fatou,1968-09-05,f,708441290
Sy,Moussa,2020-05-03,m,773657091
Diop,Fatou,1993-05-02,f,764372704
Gueye,Oumar,2007-10-24,m,763174355
Faye,Moussa,2003-09-15,m,772371129
Sy,Oumar,1940-10-15,m,781004025
Ba,Ousmane,2012-06-05,m,701920791
Ba,Moussa,2007-04-21,m,764006559
Kane,Oumar,2008-03-04,m,776430908
Sy,Awa,2007-01-30,f,779829954
Sarr,Ibrahima,2020-11-21,m,701489915
Kane,Mariama,1982-01-13,f,777428298
Sow,Aminata,2013-04-18,f,773218838
Sy,Awa,1977-05-16,f,766623128
Gueye,Oumar,1958-07-03,m,771151562
Ndiaye,Fatou,1994-01-20,f,708172731
Diallo,Awa,2001-01-24,f,762831622
Ndiaye,Aminata,2000-09-14,f,784578613
Kane,Mariama,1991-09-01,f,703074128
Diallo,Mariama,1989-04-28,f,783479816
Sy,Mamadou,1956-11-11,m,781586580
Ndiaye,Awa,1945-11-20,f,700101741
Ba,Cheikh,1977-03-25,m,769786436
Fall,Mariama,2016-01-03,f,770687678
Sy,Khady,1950-01-08,f,778073315
Kane,Oumar,1978-06-20,m,771610930
Diallo,Aminata,2022-03-15,f,708057009
Ndiaye,Cheikh,1960-07-13,m,785528447
Faye,Aminata,1999-01-17,f,775671408
Sy,Ousmane,1980-03-19,m,785926286
Ba,Oumar,1943-02-12,m,769469239
Gueye,Aminata,1988-01-31,f,708866304
Faye,Ibrahima,1985-12-24,m,700068988
Ba,Mamadou,1978-02-12,m,708792530
Sow,Awa,2014-05-18,f,707232455
Diallo,Fatou,1943-05-14,f,708922062
Ba,Mariama,2011-01-02,f,762919197
Ndiaye,Ibrahima,2020-04-28,m,763137561
Sy,Abdoulaye,1976-11-13,m,702770596
Diop,Aminata,1961-11-25,f,778564810
Diallo,Mamadou,1973-05-02,m,769462646
Sarr,Moussa,1950-02-06,m,789579319
Diop,Khady,2003-12-17,f,789960956
Fall,Mamadou,2013-10-05,m,787944794
Diallo,Khady,2000-05-10,f,781492832
Fall,Ibrahima,1945-04-28,m,781500204
Gueye,Aminata,1968-06-26,f,777409354
Sow,Ousmane,1995-12-16,m,701337125
Sow,Awa,1992-05-22,f,705826923
Kane,Khady,1974-02-19,f,773246148
Diallo,Cheikh,1988-12-20,m,779445542
Diallo,Mamadou,2021-11-20,m,784573177
Kane,Moussa,1940-04-02,m,774814433
Gueye,Oumar,2013-01-09,m,709873003
Fall,Awa,2008-06-03,f,785535811
Sow,Abdoulaye,1948-08-29,m,702487214
Kane,Ousmane,2023-08-02,m,789869851
Ndiaye,Fatou,1978-09-21,f,708650865
Ndiaye,Abdoulaye,1964-02-09,m,709970034
Sarr,Oumar,2020-11-19,m,761864751
Fall,Cheikh,1954-02-14,m,789882071
Kane,Ibrahima,1962-02-17,m,789647646
Kane,Abdoulaye,2023-03-15,m,765859972
Faye,Ousmane,1985-06-14,m,700601552
Kane,Khady,2017-08-15,f,775903765
Diop,Abdoulaye,2014-04-27,m,760238209
Sow,Ibrahima,1989-11-04,m,788736188
Gueye,Awa,2019-03-31,f,700759604
Diallo,Ousmane,1995-07-26,m,764893719
Sow,Aminata,1999-07-27,f,786946868
Faye,Ousmane,1948-07-31,m,769687121
Ndiaye,Khady,1948-06-19,f,709987274
Kane,Ousmane,1999-11-15,m,782332857
Sarr,Fatou,2022-07-14,f,782462171
Diop,Awa,2008-12-19,f,705842859
Fall,Awa,2009-09-11,f,776855928
Diallo,Ousmane,2003-08-28,m,768692766
Diop,Abdoulaye,1955-04-08,m,702003444
Gueye,Abdoulaye,1979-08-10,m,777937632
Sarr,Moussa,1962-09-14,m,702758676
Sy,Ibrahima,1949-09-14,m,771444273
Diallo,Mariama,2023-12-31,f,781677740
Faye,Awa,1945-09-02,f,784414224
Diop,Ousmane,1961-12-27,m,784206288
Gueye,Mamadou,1955-04-08,m,772060869
Diallo,Ibrahima,2019-02-24,m,701041044
Sarr,Awa,2019-05-22,f,787414531
Ndiaye,Awa,2013-12-13,f,762904005
Sow,Abdoulaye,1986-11-26,m,779407229
Ba,Aminata,1983-05-18,f,775127059
Diallo,Mariama,1989-12-09,f,701266653
Sow,Abdoulaye,1998-10-20,m,785134459
Sow,Khady,1974-03-13,f,773707531
Diop,Cheikh,1960-02-15,m,705563612
Kane,Mariama,1954-05-30,f,773836195
Kane,Mariama,1990-07-22,f,761254654
Faye,Khady,2019-10-15,f,761606611
Ba,Oumar,1947-10-12,m,786654534
Kane,Moussa,1986-05-03,m,781622529
Gueye,Oumar,2016-03-26,m,778811254
Fall,Abdoulaye,1949-04-25,m,774535778
Fall,Mariama,1979-05-28,f,768057930
Kane,Awa,2016-05-14,f,763034295
Ndiaye,Oumar,1998-01-28,m,706075978
Sow,Ibrahima,1973-04-22,m,706222017
Diop,Ibrahima,1953-09-27,m,769851069
Sow,Khady,1966-06-03,f,769227753
Sarr,Fatou,1997-01-03,f,782822500
Ndiaye,Ousmane,1996-12-21,m,702298824
Sow,Oumar,1968-03-31,m,789023280
Sy,Fatou,2017-12-13,f,765430342
Sy,Aminata,2018-09-28,f,786236479
Sy,Moussa,1949-11-22,m,700502650
Faye,Aminata,1956-04-22,f,700228498
Diop,Oumar,1992-07-31,m,785807785
Sy,Mariama,1988-01-16,f,783266520
Gueye,Cheikh,1950-07-16,m,763102089
Diop,Ousmane,1941-07-18,m,773907950
Ndiaye,Abdoulaye,2017-08-28,m,777682522
Gueye,Moussa,1957-08-16,m,788085295
Sow,Fatou,1982-02-05,f,782282501
Faye,Oumar,1960-09-15,m,771163093
Sy,Fatou,1961-03-14,f,786223515
Gueye,Aminata,1990-10-29,f,767108314
Fall,Ibrahima,1993-12-03,m,781275160
Sy,Fatou,1985-03-13,f,773228703
Kane,Ousmane,2022-11-11,m,707218493
Sy,Oumar,1944-11-17,m,766320477
Sow,Awa,1994-12-03,f,784738872
Fall,Abdoulaye,1957-10-20,m,760913022
Sarr,Moussa,1978-11-27,m,771379284
Sow,Ousmane,1974-07-21,m,707490338
Gueye,Aminata,1985-04-09,f,703386638
Diop,Khady,1947-03-16,f,783442841
Diop,Khady,1960-02-04,f,779173807
Diop,Moussa,1966-07-17,m,784017654
Kane,Aminata,2000-07-13,f,769401481
Ba,Fatou,1992-08-15,f,775653664
Gueye,Ousmane,1984-01-13,m,786706871
Ba,Oumar,1945-12-18,m,776014884
Fall,Cheikh,2021-04-11,m,776657265
Diallo,Khady,1988-07-15,f,778446655
Ba,Oumar,1989-11-27,m,760578814
Diop,Moussa,2014-10-05,m,768891529
Ba,Fatou,1987-10-05,f,703862414
Diallo,Ousmane,1998-07-28,m,704381050
Sy,Mariama,1951-03-02,f,769803474
Gueye,Abdoulaye,2012-01-24,m,704374630
Diallo,Awa,1988-10-19,f,780649539
Ba,Moussa,2023-04-28,m,760554003
Diop,Ibrahima,1992-03-16,m,706474492
Diallo,Awa,2008-01-08,f,761952015
Ba,Aminata,1992-05-05,f,768763732
Sow,Fatou,1999-10-29,f,784172539
Ba,Moussa,2019-12-02,m,784406356
Diop,Khady,1989-01-05,f,769685510
Kane,Awa,1984-01-20,f,766947599
Diallo,Fatou,1969-06-26,f,760012412
Ba,Awa,1988-05-16,f,770297738
Diop,Awa,1964-12-18,f,766089569
Diop,Oumar,1964-02-08,m,705602606
Sow,Awa,1943-05-29,f,709819636
Sy,Mariama,1960-09-26,f,765788482
Faye,Ousmane,2010-07-25,m,763089130
Ndiaye,Aminata,1956-05-10,f,779738304
Sy,Mariama,2022-01-03,f,771167466
Ba,Mamadou,1977-04-26,m,782135314
Diop,Khady,2003-06-23,f,776289693
Gueye,Cheikh,1963-05-17,m,703681439
Fall,Aminata,2019-10-19,f,784012334
Sarr,Ibrahima,1941-10-23,m,782370087
Fall,Awa,1941-12-11,f,770274598
Sy,Awa,2009-01-03,f,701988397
Diop,Khady,2001-05-07,f,707833943
Ba,Mamadou,1980-03-29,m,788660776
Ba,Cheikh,1978-08-29,m,706997785
Sy,Khady,1983-12-05,f,780932234
Ndiaye,Aminata,1977-02-13,f,764060180
Ndiaye,Fatou,1986-11-08,f,776995412
Faye,Fatou,1949-06-20,f,708781191
Sy,Ousmane,1952-12-10,m,785819361
Kane,Fatou,2022-03-06,f,781472363
Diallo,Ousmane,1988-04-14,m,772899391
Sow,Aminata,1966-08-22,f,760899197
Ba,Awa,1953-01-19,f,706734934
Gueye,Ibrahima,1947-02-25,m,765865625
Diallo,Fatou,2005-05-27,f,782550680
Faye,Moussa,1969-07-23,m,776529707
Diallo,Aminata,2019-10-25,f,764310081
Diallo,Awa,1973-03-11,f,775009864
Gueye,Moussa,2006-02-04,m,781436291
Sow,Abdoulaye,1945-02-14,m,707200689
Ndiaye,Oumar,1997-09-15,m,701001151
Fall,Ousmane,2007-09-26,m,780145670
Diallo,Cheikh,1943-04-11,m,778332820
Diallo,Mamadou,2016-06-11,m,785807816
Ba,Mariama,1981-08-11,f,776243942
Diallo,Moussa,2023-10-06,m,773510440
Faye,Mariama,1940-08-18,f,781009412
Ndiaye,Aminata,2018-05-18,f,760793009
Fall,Cheikh,2014-04-14,m,786509556
Ndiaye,Abdoulaye,1974-03-25,m,769044708
Ndiaye,Aminata,2001-01-17,f,788009359
Diallo,Awa,1974-09-12,f,769516968
Sarr,Mariama,1999-06-02,f,778777981
Diallo,Ibrahima,2015-06-22,m,709401703
Diop,Ousmane,2005-02-03,m,700618033
Kane,Khady,1941-03-10,f,767720008
Sy,Ousmane,1945-07-05,m,787324461
Ba,Ibrahima,2005-06-06,m,764484436
Faye,Oumar,1965-09-28,m,782892920
Fall,Oumar,1940-04-13,m,762869081
Sy,Mamadou,1997-03-27,m,760349039
Faye,Cheikh,1964-08-08,m,769207872
Sy,Aminata,1972-12-08,f,781928116
Diop,Moussa,1954-10-06,m,775376872
Ba,Khady,1971-10-10,f,789810690
Ba,Khady,2014-06-09,f,703292956
Diop,Khady,1960-02-26,f,765246468
Ndiaye,Mamadou,1974-01-28,m,769488138
Ba,Abdoulaye,2000-12-20,m,762601134
Sarr,Fatou,1988-01-01,f,774827869
Sy,Moussa,1995-01-21,m,772512875
Sarr,Awa,1959-12-25,f,767142318
Faye,Mariama,1957-07-11,f,773985152
Ndiaye,Cheikh,1980-06-24,m,785068410
Sy,Oumar,2009-01-03,m,760792224
Gueye,Awa,1962-11-25,f,702190731
Faye,Oumar,1955-11-16,m,762055615
Sarr,Abdoulaye,1986-02-23,m,704274173
Faye,Awa,1948-09-04,f,788384514
Faye,Mariama,2006-06-18,f,765778622
Kane,Fatou,2019-11-22,f,779494774
Diop,Ibrahima,2023-10-17,m,785970180
Sy,Moussa,1983-08-02,m,762512040
Diop,Mariama,1986-01-19,f,762630765
Diop,Abdoulaye,2013-05-22,m,701916344
Gueye,Oumar,2013-11-19,m,775045704
Diop,Abdoulaye,2004-10-15,m,777035348
Sy,Mariama,1969-05-19,f,778692087
Faye,Mariama,1980-04-14,f,775550744
Fall,Aminata,2023-04-30,f,763532756
Fall,Ibrahima,1962-05-12,m,772022201
Kane,Abdoulaye,2017-02-10,m,779495370
Faye,Ousmane,1962-01-14,m,767779740
Faye,Mariama,1999-08-31,f,788142438
Ba,Mamadou,1946-09-18,m,788963331
Kane,Mamadou,1999-11-15,m,776380239
Sow,Fatou,1953-07-16,f,705742262
Gueye,Mamadou,1961-12-01,m,762399718
Sy,Mariama,1991-02-25,f,779775641
Ndiaye,Moussa,1982-03-10,m,704202491
Ba,Fatou,1957-04-19,f,702338632
Sow,Ibrahima,2010-08-25,m,784157816
Sow,Abdoulaye,2021-11-26,m,701674030
Sarr,Mamadou,1988-05-02,m,702666505
Sow,Awa,1987-11-05,f,767582654
Diallo,Oumar,2007-05-16,m,761774144
Faye,Abdoulaye,1970-05-13,m,765102244
Kane,Ousmane,2019-10-07,m,773739736
Ba,Fatou,1959-11-06,f,762611556
Diallo,Cheikh,1957-12-22,m,773622442
Diop,Ousmane,1946-08-06,m,706057220
Kane,Moussa,2005-12-25,m,704012023
Sow,Ibrahima,1950-07-04,m,782006179
Kane,Aminata,1967-03-16,f,706525766
Sy,Moussa,1968-10-18,m,770008268
Sy,Fatou,1951-01-12,f,770589679
Sy,Awa,1975-12-29,f,773409191
Gueye,Abdoulaye,1941-04-10,m,765310623
Ndiaye,Aminata,1961-02-22,f,700708074
Diallo,Abdoulaye,1990-05-31,m,761495102
Faye,Ousmane,1967-09-28,m,704261058
Ndiaye,Abdoulaye,2022-05-31,m,709300285
Faye,Aminata,2007-01-08,f,766471698
Ndiaye,Fatou,1989-08-17,f,763302447
Kane,Fatou,2009-07-18,f,781988965
Ba,Fatou,1950-03-16,f,778469508
Sy,Abdoulaye,1990-09-20,m,787582245
Sarr,Fatou,1983-07-04,f,761011790
Faye,Fatou,1986-06-29,f,775209976
Ba,Awa,1978-09-29,f,704960384
Ba,Aminata,1980-05-28,f,788286677
Sy,Mariama,2005-09-13,f,771557670
Diallo,Aminata,1948-03-06,f,787129543
Kane,Aminata,1949-01-21,f,703656116
Sow,Moussa,1944-08-16,m,781670423
Sy,Khady,1991-05-31,f,705312301
Kane,Ibrahima,1986-03-30,m,783028493
Faye,Mariama,1996-08-01,f,700021795
Faye,Ousmane,1948-01-27,m,708575068
Faye,Moussa,1950-02-20,m,709810118
Kane,Khady,2014-04-30,f,776132718
Kane,Abdoulaye,1995-04-16,m,787073780
Sow,Mamadou,1964-02-12,m,703663277
Sy,Awa,1966-04-22,f,707286509
Sy,Fatou,2016-04-21,f,700372579
Diallo,Moussa,1995-06-11,m,700154495
Sow,Fatou,2001-06-30,f,779522727
Diallo,Mamadou,1959-01-17,m,702215128
Sow,Awa,2022-12-02,f,761389362
Kane,Awa,1979-01-18,f,781058326
Sarr,Aminata,1988-09-12,f,775541206
Diop,Oumar,1945-03-18,m,782948465
Sarr,Mamadou,1942-06-04,m,700992409
Diallo,Moussa,1955-12-12,m,787139340
Sy,Abdoulaye,1940-08-02,m,706576420
Sarr,Mariama,1962-07-23,f,786682417
Ba,Moussa,1978-03-21,m,774052236
Kane,Fatou,1943-10-07,f,768338285
Ndiaye,Khady,2014-07-25,f,776604649
Sow,Ousmane,1959-09-21,m,767990171
Gueye,Fatou,2008-09-17,f,702461396
Kane,Fatou,2011-12-23,f,786986904
Sow,Ousmane,1957-03-27,m,777227353
Faye,Cheikh,1974-07-28,m,767232372
Ba,Mariama,1978-09-15,f,764326593
Kane,Khady,1954-05-01,f,767420361
Ndiaye,Ibrahima,1954-08-01,m,761395832
Kane,Ousmane,2006-01-24,m,778270055
Sow,Cheikh,1993-07-17,m,776987074
Diallo,Mamadou,1964-07-25,m,702146335
Faye,Aminata,2003-12-14,f,775010997
Kane,Mariama,2004-02-07,f,771567254
Faye,Ibrahima,2002-08-22,m,787177878
Sarr,Mariama,2020-05-28,f,780182552
Gueye,Ousmane,1994-04-16,m,785724242
Sarr,Cheikh,1961-07-26,m,776417857
Kane,Mariama,1956-02-07,f,708249323
Faye,Ousmane,1997-10-28,m,775833855
Diallo,Abdoulaye,1951-06-30,m,770246906
Sy,Moussa,2019-05-09,m,770448434
Gueye,Abdoulaye,2008-03-27,m,702434574
Sy,Aminata,1980-12-07,f,782973040
Faye,Awa,2014-09-04,f,703836110
Faye,Moussa,1990-01-08,m,783348533
Faye,Oumar,1989-12-07,m,765691699
Ba,Awa,2003-06-02,f,764213834
Faye,Fatou,1974-04-02,f,765533527
Ndiaye,Oumar,1942-11-30,m,706042129
Ndiaye,Awa,1953-10-27,f,777212757
Sy,Ibrahima,1963-03-29,m,784675334
Fall,Cheikh,1953-12-30,m,765502280
Kane,Awa,1968-02-10,f,764885540
Faye,Mariama,1993-03-02,f,786605521
Sy,Fatou,1984-05-12,f,708556485
Sarr,Aminata,1985-07-29,f,778288026
Sy,Aminata,1982-11-07,f,785946067
Kane,Mariama,1952-02-01,f,771156075
Sy,Ibrahima,1969-09-09,m,700834402
Gueye,Ousmane,1994-09-25,m,764028498
Ba,Fatou,2009-05-07,f,764172627
Gueye,Khady,1997-10-09,f,708153477
Sarr,Moussa,2019-09-29,m,787185991
Sarr,Oumar,2019-09-13,m,789994209
Sarr,Aminata,1967-03-13,f,772809964
Fall,Abdoulaye,2008-11-28,m,704834631
Fall,Awa,1984-09-18,f,774463543
Ndiaye,Oumar,1954-03-04,m,785618395
Ba,Awa,1995-12-10,f,789109194
Fall,Ousmane,1962-08-14,m,765200929
Sow,Khady,1940-07-09,f,704956062
Fall,Khady,1981-02-16,f,770613834
Sow,Abdoulaye,1940-01-20,m,788296807
Sow,Oumar,1966-06-24,m,783701586
Sy,Oumar,1983-11-30,m,765280565
Kane,Fatou,2012-05-14,f,779596286
Sarr,Fatou,2007-07-30,f,772730718
Diop,Khady,2014-08-27,f,763049425
Kane,Fatou,1999-01-01,f,764673769
Diallo,Oumar,2012-08-06,m,767010430
Gueye,Cheikh,1965-10-30,m,704150135
Sow,Aminata,1999-09-28,f,763099874
Fall,Awa,2004-05-19,f,707665038
Sarr,Khady,1973-02-01,f,779330169
Faye,Aminata,1987-11-17,f,769129303
Kane,Awa,1982-04-24,f,771809234
Sy,Mamadou,1964-09-03,m,773777320
Sy,Mariama,1969-12-06,f,700473648
Ndiaye,Aminata,1959-05-07,f,703913164
Sy,Mariama,1968-02-21,f,772887451
Ba,Ibrahima,2011-06-03,m,768003780
Diop,Cheikh,2021-12-26,m,779938929
Faye,Moussa,1966-01-12,m,772263859
Diop,Awa,1993-06-08,f,781404281
Diop,Mamadou,1965-02-05,m,784719203
Ndiaye,Mamadou,1959-10-01,m,763048710
Fall,Awa,1962-11-21,f,789131279
Sarr,Khady,1963-11-20,f,778713589
Ndiaye,Cheikh,1997-06-02,m,762464523
Ndiaye,Mariama,1999-11-06,f,786400287
Kane,Aminata,2003-07-25,f,782340547
Fall,Khady,1973-12-09,f,704270370
Sow,Cheikh,1968-07-15,m,706689414
Sarr,Mamadou,1971-10-24,m,769489280
Fall,Oumar,1983-10-29,m,789453054
Faye,Awa,1956-09-29,f,707726755
Fall,Ousmane,1982-08-21,m,769094005
Ndiaye,Mariama,1962-11-16,f,768759611
Sarr,Ousmane,1999-05-30,m,787979495
Fall,Mamadou,1952-09-26,m,781664946
Diop,Aminata,1942-03-17,f,781673626
Sarr,Ibrahima,1960-02-26,m,703824647
Kane,Abdoulaye,1969-11-10,m,782583385
Gueye,Oumar,1998-07-24,m,769714508
Sarr,Mariama,1957-01-23,f,788125846
Fall,Ibrahima,1956-02-23,m,762044791
Diop,Cheikh,1989-06-26,m,708105224
Diallo,Ibrahima,1944-10-10,m,776294565
Ba,Khady,1977-07-05,f,767814801
Sarr,Aminata,1992-06-15,f,786470792
Sarr,Aminata,1995-02-02,f,787284980
Gueye,Mamadou,1974-05-15,m,775338583
Gueye,Khady,1982-10-29,f,766501836
Ba,Cheikh,1961-02-27,m,787277541
Sow,Awa,1992-08-16,f,774967391
Sarr,Abdoulaye,2022-01-05,m,787469682
Kane,Ousmane,2010-08-12,m,788109221
Ndiaye,Moussa,1997-01-08,m,760949248
Faye,Ousmane,2018-04-28,m,761811034
Fall,Oumar,1968-01-02,m,785969490
Sow,Oumar,1995-02-03,m,786068406
Ndiaye,Mamadou,1956-10-30,m,764179285
Diallo,Ibrahima,2013-09-17,m,767098346
Sy,Mariama,1979-09-08,f,705944393
Fall,Cheikh,1979-05-24,m,703701553
Fall,Cheikh,1950-05-08,m,764612530
Sow,Mariama,2004-09-01,f,781455780
Kane,Ibrahima,1999-09-29,m,783590132
Gueye,Khady,1954-11-30,f,770623493
Ba,Khady,1993-07-13,f,701961960
Faye,Mamadou,2003-12-21,m,762701998
Ndiaye,Ibrahima,1944-01-18,m,770246492
Sarr,Mariama,1980-03-31,f,766104199
Sy,Aminata,1992-06-27,f,775744809
Sow,Khady,1986-12-07,f,709981033
Kane,Awa,1991-07-13,f,702933430
Ba,Mariama,2020-01-04,f,763013324
Diallo,Mariama,1968-03-05,f,769006151
Sy,Cheikh,2000-07-03,m,773767267
Fall,Oumar,2017-09-11,m,708381920
Gueye,Awa,1976-12-06,f,776503345
Sarr,Aminata,1971-08-24,f,762701571
Sarr,Aminata,2022-06-01,f,709235566
Diallo,Ousmane,1955-03-26,m,787328358
Sy,Awa,2006-06-12,f,785159528
Sy,Cheikh,2010-10-30,m,777119364
Ba,Awa,1940-09-13,f,767173702
Diop,Khady,1973-09-09,f,783406529
Kane,Fatou,1975-06-15,f,779018388
Sow,Fatou,1970-08-24,f,778422182
Gueye,Aminata,1949-07-30,f,785467528
Faye,Awa,1970-02-28,f,773313468
Ba,Abdoulaye,1951-09-25,m,780123282
Ndiaye,Ousmane,2023-03-25,m,709316472
Ndiaye,Khady,1974-10-17,f,705543238
Sarr,Oumar,2020-07-14,m,700921566
Sy,Khady,1954-04-27,f,778306111
Sy,Oumar,1975-04-14,m,773882299
Sarr,Moussa,1980-04-13,m,708019524
Gueye,Aminata,1993-11-05,f,707485705
Ndiaye,Abdoulaye,2012-04-24,m,786991279
Ba,Cheikh,1943-12-19,m,772891401
Sow,Awa,1990-04-29,f,778671858
Sy,Khady,1960-05-10,f,783920163
Fall,Mariama,1999-04-22,f,786911547
Gueye,Fatou,1966-12-23,f,783303862
Sow,Awa,1995-03-20,f,773319688
Kane,Khady,1991-07-31,f,772961503
Sy,Oumar,1947-08-21,m,702094221
Ndiaye,Aminata,1976-08-22,f,785907260
Sarr,Abdoulaye,1972-03-30,m,703345683
Sow,Fatou,1957-02-23,f,780285704
Sow,Awa,1943-12-04,f,766836235
Sy,Awa,1947-07-30,f,789577284
Faye,Mariama,1947-10-19,f,704387925
Kane,Khady,1956-05-06,f,776214825
Sow,Mariama,2022-07-07,f,772319132
Faye,Mariama,2023-10-13,f,766528300
Ndiaye,Awa,1973-03-12,f,761269989
Sy,Khady,1968-02-18,f,708005000
Sarr,Oumar,2013-02-13,m,772570410
Kane,Mariama,1963-12-04,f,789759585
Sow,Oumar,1998-01-02,m,705763728
Fall,Moussa,1984-03-15,m,704814697
Gueye,Aminata,1964-10-25,f,787311048
Sy,Awa,2023-01-14,f,769330465
Faye,Awa,1994-07-16,f,773570817
Sarr,Oumar,1974-08-07,m,781973434
Diallo,Moussa,1993-12-24,m,764729547
Sy,Fatou,1947-09-11,f,768627118
Sow,Fatou,2022-10-31,f,788915833
Diallo,Ibrahima,1948-05-09,m,785577950
Ndiaye,Ibrahima,1988-09-05,m,771838981
Kane,Ousmane,2015-12-29,m,769940225
Sy,Oumar,1968-02-24,m,779822994
Faye,Fatou,1966-03-05,f,787526566
Gueye,Ousmane,2019-12-28,m,770903666
Sy,Awa,1943-09-14,f,783630431
Sow,Khady,1942-02-05,f,777372729
Sy,Mamadou,1942-10-14,m,766453605
Ndiaye,Mariama,1944-12-13,f,761728588
Ba,Moussa,1963-04-15,m,769331944
Sarr,Ibrahima,1982-12-04,m,779089650
Diop,Oumar,2013-11-24,m,763431394
Diallo,Mariama,2010-06-23,f,709271204
Sow,Abdoulaye,1940-10-12,m,774662387
Sow,Oumar,2015-03-24,m,788168664
Sow,Mamadou,1997-07-06,m,776807701
Diallo,Mariama,1966-09-08,f,762433840
Sarr,Ousmane,1951-08-01,m,767535080
Ba,Mariama,2009-05-30,f,765723380
Sy,Cheikh,1943-06-23,m,709266590
Ndiaye,Awa,2016-06-20,f,784064326
Ba,Oumar,2018-08-23,m,766592699
Sy,Khady,1948-04-06,f,766820608
Ndiaye,Ousmane,1949-12-12,m,769490419
Faye,Abdoulaye,1971-07-27,m,766209064
Ndiaye,Aminata,1986-02-18,f,705690036
Fall,Khady,2000-06-26,f,783512705
Faye,Abdoulaye,1956-04-04,m,783432340
Diop,Moussa,2009-04-02,m,789099023
Ba,Mariama,1960-05-27,f,704060588
Diop,Fatou,2008-03-03,f,705672497
Sow,Ousmane,1949-12-01,m,773290673
Ba,Mariama,2022-11-11,f,703017089
Diop,Mariama,1959-12-04,f,785471934
Ba,Khady,1949-12-08,f,700025547
Faye,Ibrahima,1940-02-14,m,706553542
Diop,Aminata,1981-09-27,f,777657067
Kane,Mariama,1992-01-18,f,781845972
Fall,Fatou,1954-03-08,f,778053034
Faye,Fatou,1965-10-09,f,777659392
Sow,Cheikh,1976-07-17,m,783122853
Sow,Awa,1960-09-12,f,779635778
Gueye,Abdoulaye,2023-03-03,m,705044687
Sy,Fatou,1960-10-17,f,780800580
Diop,Fatou,1980-11-08,f,789151085
Fall,Abdoulaye,2011-12-06,m,707612213
Fall,Mamadou,1959-11-12,m,782236136
Diop,Aminata,1950-07-03,f,788796508
Fall,Mamadou,1965-06-27,m,702007400
Fall,Cheikh,1942-08-20,m,701975576
Kane,Awa,1970-03-19,f,775851468
Sow,Ousmane,1986-03-06,m,775781504
Diop,Mamadou,1959-01-19,m,708302543
Faye,Fatou,2004-05-25,f,708865337
Kane,Awa,2013-05-03,f,760329534
Faye,Awa,1999-05-28,f,789948223
Fall,Aminata,1955-04-24,f,772678250
Gueye,Awa,1982-06-22,f,770468377
Sy,Ousmane,1968-10-19,m,775469475
Diop,Mamadou,2005-08-19,m,702127446
Ndiaye,Aminata,1993-09-30,f,763551653
Ndiaye,Awa,2009-06-07,f,706915587
Kane,Mariama,2015-01-16,f,704638988
Ndiaye,Abdoulaye,2006-07-30,m,701866615
Fall,Awa,1980-05-08,f,762239612
Faye,Abdoulaye,1987-03-17,m,704968398
Sarr,Ousmane,1994-06-27,m,772785145
Faye,Ousmane,1964-07-13,m,701559915
Gueye,Awa,1963-01-20,f,760369284
Sow,Oumar,1970-03-02,m,703666531
Diop,Moussa,2012-04-04,m,709187218
Sow,Fatou,2023-02-01,f,765956084
Diop,Mariama,1993-11-05,f,773336011
Sarr,Mamadou,2007-02-07,m,763316825
Sow,Awa,1945-09-08,f,770019871
Faye,Fatou,2018-06-14,f,709073407
Ndiaye,Awa,1948-02-05,f,704392021
Sarr,Mariama,1972-12-12,f,762945017
Gueye,Fatou,2013-07-06,f,786885696
Ndiaye,Cheikh,1943-05-13,m,781169354
Diallo,Aminata,1946-11-18,f,785859228
Faye,Khady,1946-10-05,f,708899097
Diop,Cheikh,1972-06-21,m,789217369
Sy,Awa,1977-03-16,f,784565409
Kane,Khady,1985-06-18,f,765681732
Faye,Khady,1956-07-10,f,704021477
Diallo,Abdoulaye,1970-05-16,m,706171735
Sarr,Khady,2022-03-26,f,788101922
Faye,Fatou,2022-05-31,f,701126915
Sow,Cheikh,1941-11-18,m,768006805
Diop,Ibrahima,1947-03-10,m,771322634
Sarr,Moussa,1982-06-07,m,760277442
Sow,Aminata,1958-01-08,f,785738536
Gueye,Khady,1946-07-05,f,788485214
Fall,Ibrahima,1985-12-24,m,773964912
Diallo,Mariama,1954-03-21,f,767378564
Sy,Fatou,1960-01-07,f,783026629
Gueye,Abdoulaye,2011-05-21,m,780517251
Fall,Fatou,2021-10-21,f,705866715
Sarr,Mariama,1942-03-09,f,708742415
Diop,Mariama,1954-12-14,f,780294647
Diop,Oumar,1954-02-22,m,704733264
Faye,Mariama,1962-11-08,f,704628652
Faye,Mamadou,1969-08-11,m,785490737
Gueye,Oumar,1945-03-30,m,775926557
Diallo,Abdoulaye,1947-08-24,m,782875142
Diallo,Mariama,2009-09-30,f,761772244
Faye,Aminata,1995-03-26,f,784868360
Ba,Ibrahima,2000-04-02,m,706164732
Ba,Abdoulaye,2010-11-04,m,788674190
Faye,Awa,1980-07-12,f,768476784
Faye,Fatou,1964-02-15,f,789323015
Fall,Ousmane,1956-12-20,m,762228925
Kane,Fatou,1958-03-06,f,769457725
Ndiaye,Khady,1954-05-09,f,781310778
Diop,Fatou,1953-09-20,f,767074021
Faye,Ibrahima,1962-10-31,m,787299396
Gueye,Mariama,1977-07-02,f,781730964
Ndiaye,Ousmane,2011-05-14,m,788153040
Ba,Khady,1954-01-17,f,702719022
Ba,Mariama,1952-07-27,f,787705204
Ba,Aminata,1999-01-25,f,775973733
Sarr,Fatou,1976-07-21,f,704543724
Ndiaye,Fatou,1975-11-07,f,771099610
Sy,Moussa,1958-03-09,m,702588953
Ba,Mamadou,2014-04-25,m,765581241
Sow,Mariama,1982-02-21,f,770957245
Diallo,Fatou,1974-08-21,f,762365619
Sy,Ibrahima,1947-03-27,m,787936007
Fall,Awa,1975-08-22,f,774997234
Diop,Fatou,1942-06-25,f,779525091
Gueye,Cheikh,1972-08-14,m,768794018
Faye,Khady,1999-10-27,f,777034560
Diallo,Oumar,2021-11-08,m,779693568
Sow,Mariama,1964-07-01,f,779968893
Sy,Awa,1956-02-22,f,704266843
Sow,Moussa,1963-01-04,m,703773506
Diop,Cheikh,1988-11-05,m,770303692
Sow,Abdoulaye,2023-04-17,m,702743912
Sy,Moussa,2013-07-05,m,764259208
Gueye,Khady,1978-08-03,f,789751304
Kane,Khady,2022-12-21,f,702418272
Gueye,Aminata,1941-02-19,f,769418012
Ndiaye,Oumar,1974-03-02,m,704131529
Sy,Fatou,1988-09-07,f,767840047
Kane,Khady,1976-04-19,f,768254151
Diop,Ousmane,1987-12-20,m,709571945
Ba,Khady,1981-11-23,f,764979223
Ba,Mariama,2006-12-13,f,704448230
Kane,Mariama,1949-03-09,f,786624389
Sow,Aminata,2023-05-25,f,765477008
Diop,Moussa,1962-04-30,m,789224741
Sarr,Ousmane,1971-08-11,m,781958634
Sy,Cheikh,1993-07-08,m,709793890
Sow,Awa,1964-09-09,f,768537342
Diop,Ibrahima,2019-04-24,m,769795107
Sow,Mamadou,1976-01-21,m,780354009
Sow,Mariama,1967-05-23,f,765484974
Faye,Ousmane,1996-10-17,m,775889101
Ndiaye,Cheikh,1959-06-29,m,709077605
Diallo,Ousmane,2005-01-22,m,763839623
Sarr,Awa,1994-09-21,f,787260862
Sy,Awa,1956-10-18,f,789804435
Faye,Fatou,1977-09-12,f,781693289
Sy,Abdoulaye,2019-08-26,m,775166257
Diop,Moussa,1964-07-05,m,782968352
Kane,Aminata,2022-06-15,f,780871702
Ba,Cheikh,1942-01-09,m,781987766
Faye,Khady,1970-08-15,f,700486377
Kane,Khady,1964-04-23,f,769116083
Diallo,Khady,2009-05-31,f,764879568
Diop,Moussa,1971-04-09,m,788497689
Sarr,Khady,1964-02-26,f,701513736
Kane,Awa,1943-11-14,f,789383396
Diop,Khady,1972-12-01,f,773062352
Gueye,Awa,1985-12-11,f,704692297
Sow,Abdoulaye,1957-05-04,m,766604567
Diallo,Oumar,1981-06-13,m,708777723
Ba,Abdoulaye,2007-11-26,m,707272188
Faye,Mamadou,1941-08-19,m,779143047
Diallo,Mariama,1967-09-04,f,707648150
Sy,Mamadou,2012-04-25,m,773143431
Sarr,Khady,1992-06-19,f,705113090
Diop,Abdoulaye,1995-09-27,m,761316864
Ndiaye,Ibrahima,2002-02-09,m,708593098
Sy,Ousmane,1970-05-06,m,763233908
Fall,Fatou,2016-11-16,f,704854012
Fall,Fatou,1955-11-01,f,784945309
Sarr,Ousmane,1964-12-28,m,760583271
Diallo,Khady,1997-08-31,f,765852842
Kane,Aminata,1967-02-22,f,763851486
Diallo,Ibrahima,2013-01-01,m,762848544
Faye,Mariama,1955-05-31,f,702637046
Sarr,Khady,1993-02-16,f,769825803
Sow,Aminata,2016-07-03,f,785098533
Faye,Fatou,1961-06-22,f,703125181
Faye,Moussa,2009-10-27,m,767801083
Faye,Mamadou,1992-10-05,m,776621367
Diallo,Aminata,2020-01-21,f,767890126
Sarr,Moussa,2005-07-25,m,784120065
Faye,Ousmane,1998-02-12,m,782333827
Kane,Fatou,1990-05-03,f,787757188
Sow,Awa,2021-12-18,f,705842412
Ndiaye,Awa,1986-07-18,f,777751488
Diop,Moussa,2012-07-11,m,764724618
Sy,Oumar,1958-11-24,m,784762786
Faye,Mariama,2013-04-20,f,780303990
Fall,Mariama,1953-06-13,f,778730142
Fall,Cheikh,1999-04-01,m,775462620
Diallo,Fatou,2007-11-18,f,767586107
Faye,Aminata,2022-05-19,f,777249045
Gueye,Aminata,1942-05-16,f,789457103
Faye,Khady,1971-12-29,f,767654435
Kane,Awa,1945-10-13,f,788621898
Diallo,Ousmane,1980-08-16,m,770147029
Kane,Mariama,2011-12-03,f,702042699
Gueye,Khady,2016-01-06,f,772919629
Gueye,Aminata,1985-09-11,f,770089729
Faye,Aminata,2015-02-11,f,766054230
Ndiaye,Ibrahima,2016-08-06,m,709247532
Ndiaye,Mariama,1961-08-03,f,768731762
Diallo,Khady,2008-04-03,f,764129819
Diop,Oumar,1949-10-26,m,764992775
Ba,Fatou,1998-07-30,f,704101331
Diop,Mariama,1984-10-14,f,703695081
Diop,Khady,1981-06-30,f,704982621
Ndiaye,Awa,1982-03-08,f,789998111
Ndiaye,Mamadou,1967-03-04,m,769361346
Diallo,Cheikh,1957-01-13,m,779950613
Diallo,Cheikh,1995-03-29,m,786079213
Gueye,Mariama,2007-02-20,f,778045520
Diop,Cheikh,1985-11-19,m,780612151
Ba,Abdoulaye,1947-07-26,m,700838004
Kane,Awa,1983-12-07,f,761314944
Sow,Oumar,2001-10-20,m,788102803
Diop,Cheikh,1991-12-04,m,701158106
Ba,Abdoulaye,2012-09-28,m,763584006
Ba,Abdoulaye,1983-02-25,m,700150056
Diallo,Mamadou,1946-03-25,m,770859938
Ba,Khady,1961-06-27,f,769171747
Diop,Moussa,1996-04-27,m,788016248
Gueye,Moussa,1988-02-08,m,785180819
Sow,Fatou,2018-09-05,f,786353435
Ndiaye,Mariama,1954-12-10,f,787354091
Sarr,Khady,2012-07-05,f,764951542
Ndiaye,Ibrahima,2023-05-24,m,783051011
Ndiaye,Khady,1966-08-22,f,775223029
Ndiaye,Aminata,1996-12-08,f,783261306
Kane,Ibrahima,1970-04-16,m,781134138
Fall,Mariama,1993-09-03,f,709853351
Fall,Aminata,1972-02-04,f,709752020
Faye,Aminata,1941-12-29,f,707471451
Sow,Khady,2004-06-28,f,704042057
Sarr,Awa,1987-10-21,f,761194129
Kane,Khady,1978-07-10,f,706863659
Ba,Mamadou,2012-07-25,m,785622921
Diop,Cheikh,2013-02-02,m,773062740
Kane,Khady,2017-01-19,f,700290474
Kane,Oumar,1954-11-05,m,707759231
Sy,Mariama,2013-09-27,f,789288368
Kane,Fatou,1944-05-16,f,705216538
Sarr,Cheikh,1992-03-13,m,776089198
Diallo,Cheikh,1960-02-25,m,704108964
Ba,Fatou,2002-08-12,f,761383747
Kane,Mariama,2017-03-28,f,765183005
Diallo,Fatou,2023-12-07,f,771514272
Diallo,Cheikh,2018-05-21,m,786969196
Sow,Ousmane,2021-01-19,m,787993720
Faye,Mamadou,1992-10-29,m,769037289
Sow,Khady,1997-05-18,f,760073735
Sow,Abdoulaye,2002-10-23,m,780061492
Sarr,Fatou,1957-03-21,f,765830047
Diallo,Cheikh,1974-08-23,m,771099298
Sarr,Aminata,1958-01-15,f,772153614
Sy,Awa,1981-02-24,f,760253403
Faye,Abdoulaye,1967-11-16,m,766447398
Faye,Mariama,2002-01-18,f,767436641
Sy,Mariama,1986-05-21,f,708725907
Ndiaye,Mariama,1954-09-05,f,776745970
Ba,Cheikh,2004-04-11,m,778636282
Ba,Fatou,1943-12-28,f,776519440
Sow,Ibrahima,1944-05-02,m,772236627
Gueye,Fatou,1998-09-05,f,705618625
Kane,Aminata,2023-03-04,f,701189171
Diop,Ousmane,2006-09-14,m,772758309
Sy,Mamadou,1973-03-29,m,785223434
Gueye,Awa,1958-04-30,f,763126377
Fall,Ousmane,1959-09-07,m,760806852
Ndiaye,Oumar,1999-05-12,m,778224009
Kane,Mariama,1995-12-23,f,783557663
Sy,Mariama,1965-09-23,f,703805160
Fall,Mariama,1998-04-04,f,785438447
Sy,Ousmane,1944-11-19,m,770117177
Sarr,Fatou,1980-05-16,f,769936770
Gueye,Ousmane,1967-11-24,m,777602942
Ba,Aminata,2017-02-20,f,770560090
Diallo,Fatou,2002-02-23,f,776077042
Diop,Awa,1984-02-01,f,772721540
Diop,Awa,1981-01-13,f,760688550
Diop,Oumar,1957-02-13,m,773212561
Fall,Khady,1979-02-03,f,774581932
Diop,Fatou,1940-10-19,f,788363926
Fall,Oumar,2005-02-19,m,782552810
Sy,Ibrahima,1988-08-17,m,766159436
Sarr,Fatou,1946-01-03,f,762396656
Diop,Fatou,2000-02-02,f,707020860
Sarr,Oumar,2008-07-27,m,784930627
Ba,Awa,1994-05-31,f,772301687
Diallo,Awa,2014-03-31,f,770053400
Faye,Aminata,1961-10-26,f,701230158
Ba,Fatou,1954-08-12,f,769255566
Sarr,Moussa,2003-11-25,m,779906571
Sarr,Mariama,1963-04-07,f,772508314
Sy,Moussa,1993-12-19,m,780475672
Ba,Aminata,1979-02-26,f,776592973
Diop,Ibrahima,1952-12-19,m,709786933
Fall,Aminata,1973-03-25,f,765719542
Sarr,Ibrahima,1954-10-10,m,777732135
Fall,Moussa,1990-06-08,m,763596377
Diop,Khady,2018-02-13,f,786453958
Faye,Mariama,1972-08-28,f,706398032
Sy,Khady,1942-09-13,f,700168755
Gueye,Khady,2003-09-26,f,783688102
Kane,Ibrahima,1943-08-15,m,701444347
Ba,Moussa,1995-04-10,m,785343808
Ba,Abdoulaye,1989-09-21,m,763033877
Fall,Fatou,2017-09-13,f,767790190
Kane,Khady,1977-09-03,f,777266504
Sow,Cheikh,1995-11-20,m,787233191
Sy,Oumar,1949-04-08,m,772673300
Fall,Ousmane,1967-11-21,m,788275802
Kane,Aminata,1950-09-09,f,702732516
Diop,Moussa,1969-11-15,m,768082444
Ba,Moussa,1955-12-10,m,775523212
Sy,Mariama,1990-11-27,f,765571151
Diop,Awa,2000-12-23,f,789518672
Gueye,Mariama,2020-03-12,f,780231878
Diop,Mariama,2014-11-08,f,789975736
Diop,Ibrahima,1994-05-12,m,765158665
Sy,Ousmane,1989-08-25,m,764364673
Gueye,Khady,2011-12-10,f,707333530
Sy,Aminata,2021-06-04,f,706789898
Sow,Abdoulaye,2013-12-06,m,776338324
Ndiaye,Ibrahima,1961-10-22,m,765152158
Gueye,Oumar,1990-02-11,m,779178150
Ba,Khady,1945-05-07,f,709040330
Diallo,Khady,2023-03-11,f,772068279
Faye,Cheikh,1982-01-23,m,788326846
Faye,Moussa,1957-03-06,m,779349254
Diallo,Abdoulaye,2007-06-11,m,764546011
Sarr,Awa,1989-05-27,f,783241470
Sow,Aminata,1960-08-24,f,768299299
Gueye,Ousmane,1955-02-11,m,775945266
Ba,Fatou,1955-01-04,f,702239264
Diop,Moussa,1948-02-03,m,708150593
Diallo,Khady,2010-04-14,f,780614045
Diallo,Awa,1963-12-15,f,785917962
Sy,Fatou,2002-07-26,f,707815285
Sow,Fatou,1988-06-26,f,768872992
Ba,Aminata,1943-09-17,f,762506818
Ba,Moussa,1975-10-01,m,777361347
Diop,Moussa,2019-06-29,m,780090951
Diallo,Oumar,2002-05-19,m,784300296
Ndiaye,Oumar,1946-04-16,m,788931866
Faye,Awa,1998-04-01,f,788536207
Kane,Awa,1959-07-18,f,772997574
Kane,Mamadou,1962-05-12,m,778632817
Ba,Aminata,2003-08-14,f,709072988
Fall,Mariama,1959-08-17,f,768405555
Diop,Abdoulaye,2014-04-08,m,762704563
Diop,Fatou,2018-10-10,f,782003354
Sy,Fatou,1959-09-22,f,779507872
Diallo,Khady,2005-06-18,f,773645506
Ndiaye,Moussa,1956-09-09,m,760461659
Sarr,Awa,1975-03-25,f,780427111
Diallo,Fatou,1963-02-07,f,761623278
Sarr,Abdoulaye,2022-02-03,m,779598329
Sy,Khady,1978-12-11,f,767978485
Sy,Cheikh,1962-01-06,m,707801956
Sow,Ibrahima,2011-09-08,m,787575147
Fall,Cheikh,1995-09-23,m,768116830
Kane,Abdoulaye,1983-10-30,m,770378893
Diallo,Aminata,1984-08-27,f,766496993
Ndiaye,Khady,1991-11-13,f,788742543
Sow,Awa,2005-02-08,f,702209355
Fall,Aminata,1949-02-19,f,702308635
Ba,Mamadou,1988-06-02,m,763558725
Fall,Moussa,1950-08-12,m,764872098
Kane,Aminata,1950-06-05,f,778335505
Diop,Ousmane,1943-09-10,m,781841865
Diop,Mariama,1974-10-04,f,703067431
Fall,Cheikh,1947-08-31,m,767475018
Kane,Mariama,1996-10-16,f,773283550
Diop,Mamadou,1976-05-21,m,779764011
Ba,Abdoulaye,1985-08-27,m,789267641
Kane,Cheikh,1970-12-06,m,709481315
Diallo,Ousmane,2014-08-22,m,773285555
Sy,Oumar,1996-07-27,m,769037135
Kane,Oumar,1944-11-22,m,770494501
Ndiaye,Cheikh,2005-10-28,m,777437006
Gueye,Ousmane,1953-07-18,m,764321059
Sy,Cheikh,1948-01-13,m,789045135
Fall,Oumar,1975-10-17,m,777071103
Diop,Fatou,1968-06-01,f,704352937
Kane,Aminata,1945-05-02,f,768602496
Kane,Aminata,1948-05-02,f,768614911
Sarr,Abdoulaye,1979-07-23,m,702023527
Sow,Aminata,2000-08-09,f,702106665
Kane,Abdoulaye,1983-07-22,m,702786518
Sy,Aminata,1972-10-12,f,704516937
Ba,Moussa,2019-09-12,m,772107082
Diop,Oumar,2009-03-11,m,709771225
Faye,Khady,2004-02-24,f,774937245
Faye,Aminata,1966-10-11,f,789974068
Faye,Cheikh,1954-11-12,m,772716829
Kane,Ousmane,1990-11-20,m,772220062
Sow,Abdoulaye,1966-01-06,m,708770713
Sy,Khady,1942-11-04,f,779862925
Sarr,Mamadou,2014-05-18,m,775672831
Sy,Cheikh,1969-01-25,m,709415024
Sarr,Mariama,2020-10-07,f,778975256
Sow,Khady,1958-06-08,f,787070292
Diop,Moussa,1967-11-04,m,766750190
Sarr,Ousmane,2000-12-11,m,704818351
Diop,Ibrahima,2014-09-17,m,706958067
Sow,Mariama,1955-06-19,f,779164556
Sy,Aminata,1971-05-08,f,706382254
Diallo,Ibrahima,1982-04-21,m,781518568
Ndiaye,Fatou,1986-11-10,f,701126684
Fall,Aminata,1986-08-25,f,773904192
Sarr,Abdoulaye,2020-01-24,m,761773241
Kane,Ousmane,2022-02-26,m,783482342
Diop,Fatou,1995-10-29,f,770576713
Diop,Mamadou,1995-09-27,m,779368313
Diallo,Ibrahima,2004-08-10,m,701195984
Sy,Mariama,1963-08-11,f,772018809
Sarr,Abdoulaye,1943-07-09,m,788560125
Gueye,Awa,1952-01-21,f,778563051
Sy,Khady,1982-03-24,f,700680608
Diallo,Awa,1973-04-07,f,788531164
Ba,Aminata,2018-03-01,f,769477683
Faye,Cheikh,2018-09-17,m,786091566
Diop,Abdoulaye,2000-06-26,m,777428956
Fall,Ousmane,2000-12-30,m,779732833
Sow,Abdoulaye,1985-12-26,m,776029351
Ba,Mariama,1944-01-25,f,768027985
Ndiaye,Ousmane,2001-10-25,m,780504946
Fall,Fatou,1962-07-30,f,705400037
Sarr,Aminata,1950-11-12,f,785481950
Ndiaye,Awa,1961-08-26,f,778087629
Diop,Awa,2000-01-29,f,781773519
Ba,Ousmane,1963-07-01,m,787341002
Diop,Fatou,1981-10-17,f,770028618
Faye,Khady,1993-04-01,f,704982571
Kane,Ousmane,1983-12-28,m,773269467
Sow,Aminata,1979-09-09,f,775706610
Kane,Mariama,1990-10-07,f,763068228
Gueye,Khady,1948-03-06,f,768994096
Ba,Ousmane,1974-09-23,m,703479008
Sow,Mariama,1981-02-02,f,765029050
Ndiaye,Abdoulaye,2017-02-21,m,763997845
Fall,Mamadou,1994-01-10,m,761489428
Diop,Fatou,1953-05-03,f,782499233
Sarr,Awa,2010-07-02,f,789669093
Diop,Fatou,2006-09-29,f,789732788
Sow,Mariama,1949-06-12,f,788079780
Sarr,Mamadou,1960-12-23,m,786273058
Sarr,Mariama,2010-10-19,f,775591002
Fall,Awa,2020-04-17,f,788923904
Diop,Moussa,1950-11-25,m,705076412
Gueye,Mariama,1944-11-25,f,706863822
Sow,Abdoulaye,1956-11-12,m,765819956
Diop,Mamadou,2019-06-18,m,707941509
Kane,Aminata,2021-07-13,f,709695380
Faye,Mamadou,1976-07-09,m,771264611
Sy,Aminata,1959-03-10,f,772808108
Faye,Ousmane,2017-08-08,m,768419891
Diop,Cheikh,1985-07-26,m,774021081
Ndiaye,Ousmane,1979-05-17,m,700342655
Fall,Oumar,1971-03-04,m,788080516
Gueye,Ibrahima,2001-08-31,m,781672908
Sow,Mamadou,2005-04-12,m,776341311
Ba,Mariama,1959-11-27,f,761844294
Diallo,Mamadou,2009-12-07,m,707646770
Faye,Moussa,2002-01-02,m,760866584
Sow,Oumar,1971-11-05,m,771704692
Fall,Fatou,1967-03-13,f,785978864
Sarr,Awa,1945-11-06,f,709071501
Sy,Oumar,2021-06-21,m,785779304
Faye,Khady,1969-09-04,f,784850560
Faye,Mamadou,1949-01-21,m,787916967
Faye,Khady,1944-06-16,f,774699747
Diop,Awa,1952-08-18,f,772763578
Sow,Mariama,1982-03-05,f,780849158
Ndiaye,Moussa,1967-11-20,m,782931500
Fall,Mamadou,2016-10-15,m,709754307
Sarr,Fatou,1993-10-08,f,770068450
Sow,Khady,2016-04-21,f,783016053
Sy,Abdoulaye,1994-08-19,m,704626984
Kane,Khady,2014-12-26,f,709653689
Diallo,Aminata,1999-02-21,f,702553799
Diop,Cheikh,1941-01-19,m,767246067
Sy,Cheikh,1970-12-20,m,788981291
Faye,Fatou,2000-12-30,f,705178895
Ndiaye,Aminata,1982-01-17,f,760762363
Sy,Fatou,2016-08-13,f,785289553
Ndiaye,Aminata,1947-05-20,f,774716010
Sow,Fatou,2012-01-06,f,763068197
Sy,Moussa,2008-11-22,m,704611774
Sarr,Mamadou,1999-03-14,m,764599299
Gueye,Fatou,1946-02-13,f,785566068
Sarr,Awa,1993-12-14,f,776213050
Ndiaye,Abdoulaye,1974-08-01,m,781807075
Fall,Aminata,1990-06-13,f,767308821
Ba,Aminata,2020-08-13,f,788407937
Gueye,Mariama,1974-11-03,f,704987890
Sy,Mariama,1990-06-27,f,776815502
Sy,Ousmane,1999-07-20,m,702239862
Ndiaye,Fatou,1971-07-12,f,705850942
Fall,Khady,2010-10-17,f,701090868
Sow,Oumar,1996-05-24,m,708668807
Ndiaye,Mariama,2023-09-08,f,760986649
Sy,Ousmane,1950-04-14,m,700225415
Fall,Fatou,1985-02-17,f,785199683
Gueye,Awa,1989-04-01,f,780138182
Diop,Abdoulaye,2001-07-28,m,700478764
Faye,Khady,1954-03-18,f,768571723
Diop,Mariama,1962-04-09,f,776395048
Ba,Mamadou,1985-08-31,m,776520755
Sy,Aminata,1969-07-19,f,775208813
Kane,Mariama,2009-08-18,f,783852513
Faye,Mariama,1990-12-06,f,707255926
Ba,Mamadou,1987-01-29,m,707767456
Ba,Mariama,1990-04-17,f,782509546
Fall,Ibrahima,1953-06-22,m,764120224
Sy,Mariama,2007-06-18,f,780220957
Faye,Moussa,1959-04-10,m,760233589
Faye,Oumar,1962-05-24,m,789197148
Diop,Moussa,1955-10-13,m,775348093
Sarr,Khady,2001-12-12,f,763492736
Diop,Ousmane,1996-07-06,m,706539909
Sy,Ibrahima,1996-01-18,m,709208439
Ba,Abdoulaye,1948-05-20,m,772827590
Kane,Fatou,2000-11-16,f,704130127
Ndiaye,Ousmane,1993-10-19,m,784382020
Ba,Fatou,2018-11-14,f,768500993
Sow,Khady,1964-07-14,f,776389145
Kane,Abdoulaye,1972-08-29,m,701618696
Gueye,Cheikh,2016-10-15,m,761038924
Diop,Ousmane,1954-03-31,m,767377240
Faye,Abdoulaye,2018-10-05,m,764185511
Gueye,Fatou,1941-10-26,f,769328951
Ba,Oumar,1963-12-14,m,763146531
Gueye,Mamadou,1970-04-26,m,708624636
Sy,Aminata,1953-12-23,f,778434043
Faye,Abdoulaye,1976-05-19,m,772792745
Ba,Aminata,1947-07-10,f,768206276
Sarr,Cheikh,2018-08-20,m,700573726
Gueye,Mamadou,2012-10-17,m,767929770
Sarr,Abdoulaye,1994-12-06,m,786720001
Sarr,Mamadou,2014-09-22,m,788650994
Sy,Aminata,1966-05-04,f,769160606
Sy,Khady,2010-05-02,f,706419916
Faye,Aminata,1974-02-20,f,764347329
Diallo,Moussa,1948-06-28,m,769465022
Ndiaye,Moussa,1991-12-25,m,787826864
Fall,Cheikh,2022-04-14,m,762835617
Ndiaye,Abdoulaye,1983-03-11,m,709185054
Ndiaye,Mariama,2020-10-02,f,772769728
Kane,Aminata,1964-01-02,f,766324473
Faye,Aminata,1993-04-09,f,785817975
Kane,Mamadou,2001-01-02,m,704101338
Diallo,Moussa,1966-06-13,m,776673865
Faye,Awa,1965-05-29,f,782786841
Sow,Moussa,1951-07-10,m,764921472
Diop,Oumar,1978-02-22,m,708382244
Diop,Oumar,1946-03-06,m,771945179
Kane,Cheikh,1969-03-03,m,765455457
Faye,Mariama,2002-03-23,f,762525261
Sarr,Abdoulaye,2007-06-01,m,775513087
Diallo,Abdoulaye,2005-08-10,m,704395329
Sow,Fatou,1959-03-05,f,761976032
Kane,Mariama,2021-06-15,f,706917465
Sow,Mariama,2017-05-01,f,703517080
Sy,Oumar,1951-11-14,m,704609417
Kane,Ibrahima,2023-08-25,m,780272407
Sow,Abdoulaye,1974-11-23,m,702761842
Ba,Ousmane,1961-02-17,m,767035316
Sarr,Awa,1994-04-20,f,772515194
Diop,Fatou,1990-12-23,f,776185219
Kane,Mamadou,1960-08-15,m,764662175
Fall,Aminata,2021-05-27,f,770887569
Sarr,Awa,1946-01-28,f,704928230
Sy,Abdoulaye,1999-11-01,m,782580090
Ndiaye,Awa,1991-08-15,f,707287050
Fall,Abdoulaye,1995-02-09,m,706454093
Ndiaye,Ousmane,1979-11-29,m,784120123
Kane,Awa,2000-12-04,f,781112750
Diop,Khady,1954-05-11,f,705450724
Gueye,Mariama,1997-06-02,f,765057060
Kane,Fatou,1984-03-15,f,777935902
Fall,Aminata,1989-06-08,f,709626018
Sow,Aminata,1945-11-14,f,760120148
Kane,Mariama,2010-02-17,f,775567602
Sarr,Oumar,2023-09-08,m,776117235
Sow,Aminata,1959-05-06,f,769942140
Fall,Awa,1992-05-04,f,773604326
Sow,Khady,2008-06-30,f,772246340
Sarr,Fatou,2007-05-12,f,784446998
Fall,Aminata,1980-03-14,f,779377084
Gueye,Oumar,2011-03-21,m,765063872
Faye,Khady,1982-03-28,f,781178035
Ndiaye,Mariama,2002-04-18,f,766876680
Gueye,Aminata,1977-12-26,f,783482947
Sow,Ibrahima,2020-03-26,m,778723156
Sow,Awa,2017-02-25,f,705636095
Fall,Moussa,1950-10-05,m,780753150
Ndiaye,Abdoulaye,1946-01-06,m,774825238
Ndiaye,Cheikh,1983-05-25,m,788616290
Sarr,Fatou,1981-12-09,f,764338675
Diallo,Cheikh,1948-11-26,m,700520314
Diallo,Moussa,2020-09-24,m,707166595
Faye,Ibrahima,1996-11-03,m,703438477
Ndiaye,Ousmane,1950-11-29,m,764053548
Ba,Mamadou,1972-02-02,m,786879287
Gueye,Fatou,1955-11-29,f,703577118
Sy,Oumar,2007-01-26,m,765804244
Ba,Fatou,1954-08-04,f,776960314
Ba,Mariama,1951-03-20,f,784326287
Ba,Oumar,2015-12-14,m,763539473
Sarr,Awa,2012-01-18,f,763393422
Fall,Mariama,2004-08-29,f,776285585
Diallo,Awa,2001-11-04,f,769192374
Diallo,Cheikh,1993-03-12,m,700569240
Sy,Aminata,1953-12-01,f,771853504
Faye,Abdoulaye,2018-03-18,m,704647202
Sow,Aminata,1986-03-12,f,700298022
Kane,Mariama,1944-12-01,f,765357963
Sow,Cheikh,1991-05-24,m,784878186
Sarr,Abdoulaye,1999-10-31,m,783403316
Sarr,Khady,1956-08-21,f,765851851
Kane,Khady,1975-02-22,f,709839265
Diop,Moussa,1998-01-08,m,779729117
Faye,Cheikh,1974-05-01,m,787270113
Gueye,Mariama,1954-11-09,f,761224279
Ba,Abdoulaye,1984-01-22,m,777272266
Ba,Mariama,1968-07-19,f,706954380
Fall,Khady,1955-03-29,f,767461408
Gueye,Khady,1954-11-16,f,774335247
Sow,Aminata,1980-12-22,f,768997338
Fall,Aminata,2000-01-20,f,703560764
Ba,Mamadou,2009-07-24,m,760660574
Fall,Ibrahima,1959-02-06,m,772383286
Sow,Oumar,1958-12-30,m,765808354
Diallo,Aminata,1986-09-17,f,768667609
Gueye,Abdoulaye,1989-08-24,m,787126843
Diop,Fatou,1947-07-07,f,701901709
Ndiaye,Khady,1992-04-12,f,780070966
Diallo,Ousmane,1941-01-28,m,778501083
Ba,Mariama,1972-02-22,f,709089563
Sy,Mamadou,1984-02-28,m,787519468
Diallo,Fatou,1987-08-23,f,705641703
Sarr,Abdoulaye,1991-07-16,m,763092319
Faye,Khady,1990-05-23,f,763535561
Ba,Fatou,1997-12-12,f,761012551
Sy,Ousmane,1977-01-12,m,779102657
Sow,Aminata,1947-09-16,f,762168237
Diallo,Cheikh,1948-06-01,m,761008891
Sy,Mariama,1972-04-14,f,777769275
Kane,Cheikh,2019-01-11,m,787122196
Sarr,Awa,1941-07-22,f,780461205
Sow,Moussa,1943-12-19,m,774549224
Faye,Ibrahima,2018-07-20,m,766385360
Ba,Mariama,2020-11-29,f,787341386
Gueye,Cheikh,1950-07-28,m,781824021
Sarr,Khady,1995-07-04,f,774942177
Ba,Khady,1968-01-05,f,772841107
Sy,Mariama,2006-08-25,f,781977764
Sarr,Aminata,1940-07-19,f,770844337
Fall,Fatou,1964-10-27,f,702955358
Diallo,Awa,1964-10-18,f,701518759
Diop,Ousmane,1943-02-13,m,771400714
Ba,Ibrahima,2000-05-25,m,788986075
Faye,Mamadou,1960-03-22,m,760589656
Sy,Oumar,1995-06-29,m,782465608
Kane,Mariama,1983-09-09,f,709174882
Sy,Mamadou,2004-08-08,m,776571668
Fall,Khady,1995-07-30,f,705948988
Gueye,Awa,1943-11-20,f,786247980
Fall,Mariama,1953-06-02,f,775613926
Kane,Fatou,1944-10-23,f,769966947
Sy,Aminata,1996-09-15,f,769529478
Gueye,Awa,1943-09-06,f,705073940
Sarr,Ibrahima,1986-02-09,m,702984795
Faye,Moussa,2023-02-16,m,788045537
Sarr,Aminata,1963-11-04,f,769350817
Sow,Mamadou,1951-08-21,m,787822403
Kane,Aminata,2016-02-10,f,763434981
Diop,Mariama,1957-01-22,f,775567330
Diallo,Ousmane,1963-09-04,m,768475357
Gueye,Aminata,1956-01-25,f,761747903
Gueye,Awa,1973-09-29,f,765375021
Ba,Aminata,2004-12-24,f,782311244
Ndiaye,Fatou,1974-08-18,f,780364170
Ba,Oumar,2019-08-19,m,777981984
Diallo,Mariama,1974-10-01,f,767986582
Diop,Ousmane,2002-07-01,m,701517598
Sy,Fatou,1945-09-01,f,773341734
Faye,Fatou,1948-07-28,f,702055667
Gueye,Ousmane,1985-03-01,m,772589914
Kane,Khady,2001-08-20,f,789068211
Faye,Moussa,1975-09-20,m,702675130
Gueye,Ibrahima,1949-12-08,m,772484230
Sarr,Moussa,1973-07-22,m,782000262
Diallo,Awa,1986-09-02,f,706824144
Fall,Moussa,1951-08-31,m,704246347
Diallo,Awa,2014-03-30,f,784588269
Sy,Aminata,1956-04-20,f,780442110
Diop,Aminata,1951-09-23,f,709815822
Kane,Mariama,1999-06-09,f,781213096
Fall,Mariama,2020-03-20,f,785099110
Sarr,Cheikh,1962-01-15,m,702301731
Diop,Abdoulaye,1990-10-12,m,701218169
Kane,Aminata,1988-05-21,f,763157492
Ndiaye,Oumar,2013-07-17,m,760206343
Diallo,Abdoulaye,1974-09-05,m,702178506
Diop,Khady,1973-01-14,f,785989390
Fall,Moussa,1997-09-03,m,701816736
Gueye,Abdoulaye,1980-03-31,m,762614199
Kane,Khady,2001-11-27,f,763576940
Diop,Ousmane,2012-11-01,m,775969105
Fall,Khady,1995-12-01,f,775088288
Diop,Khady,2011-01-28,f,702388789
Kane,Mariama,1947-06-06,f,766872749
Sow,Aminata,1969-03-10,f,784030524
Diallo,Awa,2011-12-06,f,772813628
Gueye,Abdoulaye,1979-06-30,m,788242962
Diallo,Mariama,1961-01-18,f,765071534
Sarr,Oumar,1944-01-14,m,783476744
Faye,Ousmane,1968-12-11,m,778003260
Kane,Cheikh,1987-01-01,m,788183785
Sow,Cheikh,2016-11-18,m,783373451
Ba,Aminata,1958-05-28,f,787780672
Fall,Fatou,2015-08-22,f,704969764
Sarr,Awa,2004-07-17,f,789304455
Diop,Ousmane,2003-12-02,m,764411841
Diop,Ibrahima,1952-03-28,m,765312392
Sarr,Moussa,2017-09-11,m,778502986
Kane,Aminata,1944-05-20,f,760153262
Sow,Cheikh,1954-09-01,m,763826566
Kane,Mamadou,1993-03-07,m,786494796
Sow,Khady,2000-08-01,f,780708161
Faye,Cheikh,1986-04-21,m,768014815
Faye,Cheikh,1940-05-18,m,702598858
Gueye,Fatou,1963-11-08,f,778764967
Kane,Abdoulaye,1964-05-18,m,707878549
Gueye,Khady,1984-05-21,f,705716101
Gueye,Awa,1989-10-16,f,788819952
Gueye,Ibrahima,1945-12-26,m,705260663
Gueye,Aminata,1966-03-25,f,770040264
Ba,Awa,1947-02-15,f,764698199
Fall,Cheikh,1999-01-17,m,774061699
Sow,Fatou,1955-01-12,f,702481190
Sow,Oumar,1976-08-01,m,704404563
Sy,Ousmane,1964-03-16,m,779513820
Gueye,Aminata,2021-05-20,f,777157881
Sy,Fatou,1951-03-13,f,780005028
Diop,Mariama,2023-11-15,f,764152175
Ba,Awa,2007-12-21,f,788765231
Gueye,Mamadou,1943-08-11,m,762209772
Fall,Cheikh,1982-07-15,m,764812819
Ndiaye,Abdoulaye,1964-09-18,m,774709521
Diop,Mamadou,1960-06-01,m,785612239
Faye,Awa,1944-06-29,f,768456232
Sy,Awa,2013-04-09,f,709354449
Diallo,Mamadou,1985-07-08,m,789606707
Diallo,Mamadou,1965-03-20,m,785808823
Ba,Mariama,1957-08-14,f,704472155
Sow,Abdoulaye,1996-04-09,m,702436257
Diallo,Moussa,1958-02-26,m,776683448
Fall,Ibrahima,1949-11-27,m,701516665
Kane,Khady,2019-07-29,f,772121266
Fall,Mariama,1958-07-21,f,772491425
Sarr,Ousmane,1996-06-28,m,708508108
Sow,Aminata,1973-04-25,f,701132448
Sy,Khady,2013-08-03,f,772475031
Kane,Moussa,1995-11-17,m,709096235
Sow,Mariama,2014-04-25,f,778770025
Ba,Ibrahima,2008-12-14,m,787408715
Faye,Oumar,1993-11-13,m,783945025
Ndiaye,Mariama,2003-11-27,f,771111185
Sy,Mariama,2012-04-15,f,707589961
Diallo,Fatou,2015-10-26,f,765084902
Ba,Mariama,1974-01-06,f,765345307
Sarr,Ousmane,1985-07-27,m,708011609
Sow,Ousmane,1988-11-09,m,777303472
Ba,Abdoulaye,1962-10-15,m,769975362
Ndiaye,Mamadou,1956-12-30,m,769619341
Fall,Khady,1993-05-14,f,707179320
Sy,Awa,2004-08-17,f,781952185
Fall,Ousmane,1954-12-31,m,765651967
Ndiaye,Ousmane,1971-10-10,m,761005547
Diop,Fatou,1983-11-16,f,767876208
Faye,Fatou,2002-09-22,f,702170260
Sarr,Oumar,1974-08-25,m,707269008
Sow,Oumar,2020-06-14,m,771732426
Gueye,Abdoulaye,1974-01-21,m,781849847
Sarr,Abdoulaye,2002-12-04,m,701969467
Kane,Khady,1961-07-26,f,781324094
Sy,Mariama,1963-04-24,f,709219796
Diop,Abdoulaye,1963-09-08,m,782476174
Fall,Aminata,2008-03-04,f,766061197
Diop,Mariama,2021-07-09,f,705479480
Ba,Mamadou,1992-04-11,m,769364774
Fall,Moussa,2001-09-15,m,702965140
Diop,Cheikh,1982-02-19,m,765453049
Sow,Khady,1979-04-15,f,779861303
Sy,Aminata,1941-10-08,f,785359649
Ba,Aminata,2004-05-25,f,774188776
Sarr,Mamadou,1984-03-06,m,763870033
Sarr,Ibrahima,1953-06-08,m,778504210
Sy,Awa,2022-03-10,f,785191523
Gueye,Aminata,1986-05-08,f,779842717
Kane,Cheikh,1949-03-27,m,770115864
Faye,Cheikh,2007-07-10,m,780883562
Sarr,Fatou,1953-06-11,f,780307108
Fall,Mamadou,1985-07-24,m,704972265
Faye,Aminata,1956-04-10,f,703756678
Ndiaye,Abdoulaye,1940-01-01,m,700697572
Fall,Khady,2003-06-22,f,782094827
Ba,Abdoulaye,2009-08-06,m,709903742
Ba,Mariama,1989-12-18,f,765924000
Ndiaye,Awa,2004-02-14,f,776683602
Diop,Mariama,2004-09-17,f,789688598
Fall,Mariama,2022-08-12,f,786445854
Ndiaye,Ousmane,1961-08-07,m,764193998
Diop,Abdoulaye,1944-05-28,m,700359662
Sarr,Ibrahima,1958-09-21,m,783887304
Kane,Mariama,1967-06-13,f,704946890
Sarr,Khady,1976-06-09,f,784285268
Faye,Awa,2007-03-05,f,789275415
Diallo,Oumar,2005-05-13,m,774258877
Ndiaye,Abdoulaye,1981-07-15,m,783212623
Sarr,Ibrahima,1959-07-05,m,765261763
Diallo,Mariama,2009-05-10,f,787822680
Diallo,Cheikh,2015-07-12,m,783256789
Gueye,Fatou,1944-04-16,f,785132285
Sow,Aminata,2005-09-25,f,777877132
Fall,Mariama,1955-07-26,f,763792065
Sarr,Fatou,1996-11-14,f,779676246
Fall,Ibrahima,1986-04-13,m,777942952
Ndiaye,Khady,1974-04-27,f,789412381
Sow,Aminata,1948-04-14,f,761496944
Fall,Aminata,2015-07-27,f,780189685
Sarr,Fatou,1975-07-25,f,705905100
Ba,Cheikh,1952-05-26,m,781017978
Faye,Abdoulaye,1959-02-23,m,708944544
Diallo,Awa,2016-10-10,f,775172023
Sarr,Ibrahima,2013-06-29,m,782774946
Sy,Khady,2012-06-19,f,705304020
Diallo,Mariama,2002-02-08,f,783488068
Gueye,Aminata,1959-08-15,f,709601220
Fall,Ibrahima,1979-03-31,m,709777505
Sy,Moussa,2016-09-14,m,786153170
Kane,Cheikh,1970-04-29,m,784076215
Gueye,Abdoulaye,1940-05-27,m,701832909
Kane,Mariama,2004-06-10,f,704285160
Sarr,Khady,1986-11-18,f,784510818
Diop,Mariama,1959-01-04,f,761079126
Sy,Awa,2006-02-07,f,775971023
Gueye,Awa,1957-05-24,f,768525222
Sow,Oumar,1962-07-21,m,763908054
Sy,Ibrahima,1945-09-19,m,768699099
Fall,Fatou,1961-01-04,f,768678177
Sy,Mariama,1954-04-05,f,782612060
Sy,Mariama,2011-02-10,f,780920617
Sow,Ousmane,1944-11-10,m,761976873
Gueye,Aminata,1986-11-23,f,707442865
Sy,Ibrahima,1978-06-08,m,777293041
Ndiaye,Abdoulaye,1991-12-05,m,777687013
Sow,Ousmane,1980-01-08,m,772373635
Gueye,Mamadou,1951-07-30,m,702841500
Diop,Cheikh,1987-12-15,m,770656292
Sy,Oumar,1981-10-21,m,772026161
Kane,Khady,2020-12-01,f,766105333
Gueye,Aminata,1984-07-09,f,761840202
Fall,Mariama,1963-07-26,f,784635624
Ba,Ousmane,2011-04-02,m,707303178
Ba,Aminata,1968-02-13,f,703772354
Sow,Awa,1955-03-04,f,769454493
Sow,Fatou,1981-11-10,f,776955280
Diallo,Oumar,1957-07-20,m,700474525
Diop,Ibrahima,1999-10-24,m,784401460
Kane,Fatou,1992-10-20,f,788825979
Fall,Ibrahima,1963-11-03,m,783234952
Kane,Fatou,1970-09-12,f,787662781
Sy,Oumar,1994-02-14,m,765951603
Diop,Awa,1945-08-10,f,706472735
Gueye,Abdoulaye,1985-01-19,m,706893081
Sarr,Mariama,1969-01-17,f,782689208
Gueye,Cheikh,1994-08-28,m,783098409
Sow,Abdoulaye,1967-03-14,m,708620766
Ba,Aminata,2006-06-29,f,708711856
Ndiaye,Awa,2002-08-25,f,761357183
Faye,Khady,2013-05-10,f,773717842
Sow,Mamadou,2012-02-10,m,789224626
Sow,Awa,1965-10-05,f,705299096
Gueye,Moussa,2008-08-24,m,768419399
Ndiaye,Fatou,1946-10-12,f,768951056
Gueye,Cheikh,2021-12-21,m,789183680
Diop,Moussa,1968-08-14,m,770952569
Ndiaye,Cheikh,2006-07-17,m,768366708
Diop,Mariama,2012-06-30,f,767670520
Diop,Cheikh,1990-05-15,m,772513546
Ndiaye,Ousmane,1946-07-24,m,773233885
Sy,Awa,1969-09-23,f,779847257
Gueye,Moussa,1978-07-25,m,706859615
Faye,Awa,1991-10-08,f,708211951
Faye,Fatou,2011-06-17,f,773147550
Fall,Aminata,1946-12-06,f,709981867
Sarr,Mamadou,1979-02-09,m,701660793
Kane,Abdoulaye,1987-04-14,m,783865697
Sow,Khady,1953-08-19,f,765367847
Diop,Oumar,1979-02-03,m,765440216
Kane,Mariama,1991-06-23,f,778785139
Fall,Ibrahima,1964-04-09,m,704059334
Ndiaye,Fatou,1976-11-27,f,788263051
Sy,Aminata,1991-10-23,f,780617963
Sarr,Aminata,1958-11-24,f,777670684
Diallo,Abdoulaye,2014-08-23,m,777270289
Diop,Khady,2009-08-07,f,776686934
Faye,Khady,2020-07-09,f,786857611
Faye,Oumar,1961-03-16,m,781112408
Kane,Cheikh,1971-12-10,m,775392321
Gueye,Fatou,1992-04-20,f,784022309
Sy,Aminata,1967-04-19,f,779523850
Fall,Awa,1990-03-22,f,780115716
Diallo,Ibrahima,1976-01-18,m,707835885
Gueye,Khady,1975-07-13,f,705284231
Sy,Oumar,1975-08-06,m,705164121
Kane,Mamadou,1965-01-01,m,706163863
Sow,Khady,1965-10-29,f,706144099
Ba,Khady,2013-06-01,f,785872030
Gueye,Oumar,1992-05-04,m,760656256
Ba,Ibrahima,2023-02-14,m,771212582
Diallo,Ousmane,1964-09-25,m,707094854
Gueye,Mariama,1989-04-13,f,789904968
Sow,Oumar,2014-01-26,m,701776584
Sy,Cheikh,1963-06-22,m,700374536
Ndiaye,Ousmane,2007-01-02,m,784015000
Ndiaye,Mamadou,1971-06-17,m,702797082
Faye,Fatou,2005-07-20,f,778446990
Ba,Aminata,1990-03-03,f,788009265
Ba,Awa,2019-05-04,f,766490498
Diop,Awa,1942-09-18,f,776390563
Ndiaye,Ibrahima,1997-02-13,m,760969199
Sy,Fatou,1963-02-11,f,701476557
Sow,Moussa,1961-10-30,m,781558742
Sy,Cheikh,1942-01-16,m,702801539
Fall,Cheikh,2019-03-31,m,786229008
Fall,Ibrahima,2006-02-10,m,700587845
Kane,Awa,2003-05-26,f,707278276
Faye,Khady,1977-06-20,f,708507662
Gueye,Aminata,1953-03-11,f,702295223
Sarr,Khady,1985-12-30,f,784167513
Diallo,Ousmane,1978-04-13,m,783310510
Sy,Awa,1975-02-20,f,702659795
Kane,Mamadou,1960-12-22,m,767306078
Sy,Oumar,2003-04-14,m,705247841
Fall,Aminata,1975-04-28,f,769010474
Diop,Khady,1982-04-30,f,767880130
Faye,Ousmane,2023-08-15,m,784409826
Sy,Ousmane,1945-10-21,m,773294609
Gueye,Ousmane,2002-08-13,m,783825194
Ba,Mamadou,1972-06-05,m,769285960
Fall,Ibrahima,1998-04-24,m,789723219
Sarr,Mamadou,1950-01-20,m,700807239
Sy,Cheikh,1992-12-05,m,700620367
Fall,Fatou,1959-03-26,f,709959219
Ndiaye,Moussa,1981-02-10,m,768788827
Fall,Cheikh,1957-03-08,m,789757804
Sy,Awa,1942-08-17,f,703698960
Sy,Oumar,1942-05-12,m,709827216
Gueye,Fatou,1957-01-09,f,708067388
Sy,Oumar,1940-06-08,m,702590556
Diallo,Aminata,1975-07-15,f,771250027
Kane,Awa,2023-08-24,f,763128182
Faye,Cheikh,1989-07-06,m,782287480
Ndiaye,Cheikh,1949-03-17,m,764373377
Diop,Ousmane,1992-11-09,m,770287037
Faye,Fatou,2008-06-21,f,704173841
Kane,Aminata,2013-09-12,f,761886322
Sarr,Mamadou,1965-07-08,m,787533018
Diop,Ousmane,1962-11-11,m,700739002
Sow,Fatou,2020-05-22,f,764678997
Gueye,Awa,1982-04-26,f,762653852
Sy,Mariama,2011-09-28,f,707498809
Gueye,Abdoulaye,1949-07-20,m,777041369
Faye,Awa,1989-10-07,f,760955454
Sarr,Awa,2004-12-25,f,762752144
Diop,Aminata,1973-08-31,f,788396449
Fall,Khady,2016-05-04,f,763099265
Sow,Khady,1975-04-28,f,773914928
Sarr,Awa,2009-01-17,f,703543138
Diop,Mamadou,2005-05-18,m,700732730
Diallo,Khady,2022-05-15,f,773449612
Sow,Oumar,1945-08-05,m,705634202
Diallo,Aminata,1947-07-06,f,785494966
Ndiaye,Cheikh,1949-03-18,m,785240590
Ba,Ousmane,1969-05-30,m,768227442
Sy,Moussa,1948-06-25,m,775776570
Sow,Khady,1985-07-05,f,783522553
Sy,Oumar,1980-02-26,m,778519854
Faye,Mariama,1995-07-12,f,785133646
Ba,Moussa,1966-05-31,m,778180511
Ba,Mariama,1963-08-22,f,762082800
Ba,Fatou,2012-01-30,f,786296569
Sy,Mariama,1952-06-02,f,788505109
Sarr,Fatou,1968-05-27,f,771879599
Diallo,Mariama,1987-11-27,f,706536415
Ba,Khady,1981-05-29,f,701869555
Ba,Oumar,2002-04-17,m,704389040
Ndiaye,Fatou,1957-03-12,f,706806646
Diop,Abdoulaye,1949-10-14,m,783413267
Ndiaye,Ousmane,1990-01-02,m,780098330
Gueye,Aminata,1950-11-06,f,707746488
Faye,Awa,1951-11-04,f,770464673
Gueye,Aminata,2012-10-14,f,778409006
Sy,Fatou,1985-03-09,f,762950196
Kane,Ibrahima,1958-01-16,m,776931822
Sarr,Khady,1960-03-29,f,781563250
Sy,Moussa,2021-09-24,m,782573900
Diallo,Aminata,1943-04-28,f,766723412
Sy,Ousmane,1973-08-24,m,776472843
Gueye,Moussa,1948-09-01,m,763449634
Kane,Aminata,1975-04-01,f,701198387
Ba,Ousmane,1966-12-07,m,789011097
Sy,Khady,1989-06-18,f,703644777
Ba,Khady,1961-08-18,f,766099234
Fall,Mamadou,1990-12-24,m,708029700
Sow,Mamadou,1949-06-27,m,787052163
Fall,Fatou,1940-04-24,f,789042442
Ba,Awa,1998-12-25,f,789067769
Ndiaye,Fatou,2017-12-03,f,782222985
Sy,Fatou,1966-09-25,f,787399757
Diallo,Mariama,1984-04-19,f,780759738
Fall,Khady,2023-06-21,f,775914667
Kane,Mamadou,1998-10-10,m,789296807
Faye,Abdoulaye,1991-02-06,m,772191632
Diop,Aminata,2007-08-30,f,770601697
Diop,Mariama,1995-06-24,f,702985175
Sow,Fatou,1982-10-06,f,772575818
Gueye,Ousmane,1940-11-02,m,765908409
Gueye,Moussa,1961-12-25,m,771747108
Sarr,Ibrahima,1957-11-19,m,781367589
Gueye,Cheikh,1980-05-31,m,785409439
Ndiaye,Mamadou,1978-09-22,m,780471348
Sy,Cheikh,1942-10-17,m,779868550
Faye,Khady,1996-07-29,f,762404493
Ba,Ibrahima,2017-09-23,m,789468717
Kane,Mamadou,1992-05-17,m,767024938
Gueye,Khady,1955-01-06,f,766597357
Sy,Mariama,1973-07-08,f,709818395
Kane,Mariama,1971-04-25,f,772140100
Gueye,Khady,1954-10-16,f,774660666
Diallo,Awa,1970-06-13,f,785822808
Sow,Fatou,2008-10-17,f,777274947
Sow,Awa,2003-01-16,f,764699489
Ndiaye,Fatou,1969-02-28,f,783795538
Ba,Ousmane,1991-01-14,m,776438051
Ba,Abdoulaye,1982-08-13,m,787547719
Faye,Ousmane,1961-09-21,m,704823993
Diallo,Khady,1978-02-02,f,763455100
Sy,Cheikh,1987-09-03,m,787792049
Ndiaye,Ibrahima,1973-12-08,m,707188276
Ndiaye,Oumar,1959-03-16,m,782641539
Kane,Khady,1990-04-02,f,784823297
Ndiaye,Oumar,1972-12-31,m,783352813
Sow,Abdoulaye,1985-10-26,m,774918261
Diop,Moussa,1955-11-10,m,777185784
Kane,Aminata,2009-09-28,f,703707686
Sy,Ousmane,2012-10-21,m,775428491
Gueye,Aminata,2011-10-19,f,782029081
Ndiaye,Aminata,1952-03-15,f,772545423
Sow,Fatou,2004-04-02,f,770492798
Sy,Mamadou,1946-05-16,m,763156589
Diop,Oumar,1979-10-10,m,707497569
Gueye,Abdoulaye,1961-12-28,m,778899593
Ndiaye,Khady,2013-03-09,f,701373648
Fall,Mamadou,1976-08-03,m,764025228
Fall,Abdoulaye,2020-08-18,m,774136425
Faye,Khady,1952-11-30,f,779198021
Ba,Oumar,1953-08-18,m,705620917
Sy,Aminata,1994-01-12,f,706803795
Diallo,Oumar,2017-01-19,m,767247419
Sow,Khady,1987-10-27,f,781591995
Ba,Aminata,2011-11-28,f,784977501
Kane,Aminata,1953-02-06,f,762862029
Sarr,Khady,1967-10-10,f,787845409
Ba,Awa,1986-07-24,f,703964880
Kane,Mamadou,1991-12-13,m,780085958
Ndiaye,Khady,1976-12-29,f,766310547
Ndiaye,Mamadou,2012-06-13,m,770903767
Diallo,Moussa,1966-06-09,m,784626618
Gueye,Mamadou,1997-11-27,m,708096112
Diallo,Fatou,1978-09-05,f,763540193
Gueye,Mariama,1940-07-11,f,770615842
Diop,Ibrahima,1950-03-02,m,764480120
Ndiaye,Khady,2012-01-14,f,773261897
Ndiaye,Oumar,1990-04-26,m,774431346
Sarr,Ibrahima,1972-07-23,m,773279587
Gueye,Oumar,2018-04-04,m,774137408
Kane,Abdoulaye,1986-04-27,m,786385743
Ndiaye,Ousmane,2023-02-23,m,769682678
Diallo,Aminata,1992-01-20,f,766361210
Faye,Moussa,1971-10-03,m,761285457
Diallo,Oumar,1995-09-04,m,761239039
Ndiaye,Cheikh,2017-04-07,m,771706025
Gueye,Awa,1946-07-16,f,766528906
Fall,Oumar,2021-12-20,m,774561812
Gueye,Khady,1948-10-16,f,765166588
Ndiaye,Ousmane,1980-10-04,m,707273225
Sy,Mamadou,2012-03-30,m,705502542
Gueye,Oumar,2018-05-23,m,706121548
Diop,Awa,2016-02-21,f,761154166
Ndiaye,Ibrahima,1947-10-02,m,769988564
Diop,Khady,1945-09-06,f,775951384
Sy,Moussa,1971-12-19,m,700617775
Ba,Aminata,2010-06-04,f,780239647
Sow,Moussa,1976-04-07,m,704993634
Gueye,Khady,2015-10-23,f,709662913
Diallo,Moussa,2013-12-31,m,709012599
Sow,Awa,1941-08-30,f,789439249
Gueye,Abdoulaye,1972-10-22,m,764358957
Kane,Ibrahima,1950-05-02,m,771122371
Kane,Mariama,1945-01-04,f,705314567
Sow,Awa,1973-12-26,f,777112792
Ba,Fatou,1954-07-26,f,778267087
Diop,Aminata,1968-04-27,f,774328580
Sow,Mamadou,1988-08-26,m,762536923
Sy,Oumar,1954-10-02,m,703694804
Diop,Oumar,1994-02-03,m,700809617
Fall,Khady,2020-02-20,f,778340040
Ndiaye,Cheikh,1954-05-19,m,704272504
Diop,Awa,1945-07-26,f,703143928
Ba,Fatou,1946-03-25,f,704928942
Ba,Cheikh,1960-03-16,m,703918538
Sow,Ousmane,2018-11-13,m,784630568
Kane,Oumar,1998-03-04,m,766556368
Ba,Mamadou,2000-05-17,m,704023607
Sarr,Fatou,1991-07-30,f,771739286
Ba,Oumar,1989-11-20,m,778011438
Sy,Oumar,1952-10-07,m,773589985
Sy,Mariama,1962-05-17,f,782130242
Ba,Abdoulaye,1996-07-22,m,705780380
Sow,Fatou,1977-10-24,f,765542163
Sy,Mariama,2000-05-28,f,782048073
Kane,Oumar,2010-02-27,m,703576268
Gueye,Moussa,2005-07-19,m,767982228
Sy,Ousmane,1960-02-02,m,703738731
Diop,Khady,1944-10-28,f,781765636
Sy,Fatou,2010-03-24,f,775609731
Fall,Aminata,1988-08-09,f,768106214
Ba,Mariama,2000-10-28,f,777900039
Sow,Abdoulaye,1995-12-03,m,777331201
Gueye,Awa,2021-05-31,f,767919247
Ndiaye,Ibrahima,2008-05-05,m,706756453
Diallo,Oumar,1943-04-07,m,767988932
Ba,Ousmane,2005-07-23,m,773752580
Diop,Khady,1940-03-15,f,775389150
Fall,Mariama,1980-04-05,f,761558425
Fall,Abdoulaye,2007-01-12,m,774463257
Sow,Abdoulaye,1974-10-21,m,763626184
Faye,Abdoulaye,1989-01-05,m,761109945
Kane,Ibrahima,1957-07-01,m,763065793
Sow,Oumar,2009-09-28,m,772945387
Diop,Moussa,2004-11-23,m,704813359
Diallo,Abdoulaye,1974-08-17,m,788320232
Ba,Ousmane,2003-04-22,m,703718135
Sy,Moussa,1956-07-31,m,704344665
Fall,Moussa,2011-07-06,m,764238898
Ba,Khady,1952-11-13,f,767725552
Fall,Cheikh,2014-10-13,m,785615935
Sy,Ibrahima,1970-12-15,m,788496054
Gueye,Aminata,1943-08-26,f,777238639
Fall,Aminata,1975-12-17,f,767702142
Diop,Mariama,1979-09-11,f,772824326
Ba,Mariama,1942-08-07,f,778654512
Faye,Mamadou,1976-01-31,m,783152264
Ba,Moussa,1981-12-28,m,769895388
Fall,Khady,1947-12-04,f,704443511
Ba,Moussa,1975-01-26,m,770640446
Sy,Awa,1968-05-16,f,782351209
Fall,Ousmane,1977-05-26,m,709529298
Diallo,Cheikh,1967-10-09,m,784529325
Ba,Awa,1990-12-21,f,775751155
Diop,Ibrahima,2003-06-25,m,774228556
Faye,Mamadou,2022-04-04,m,780938652
Sow,Mariama,1976-07-02,f,768155845
Sow,Mamadou,2004-12-26,m,708368419
Sarr,Mariama,2014-04-06,f,777968359
Diallo,Ousmane,1962-01-19,m,769603829
Faye,Fatou,1995-06-18,f,702859332
Faye,Fatou,2017-08-14,f,782396629
Faye,Fatou,2014-01-23,f,768334498
Kane,Fatou,1968-02-04,f,789925770
Fall,Mamadou,1975-08-07,m,783753467
Ndiaye,Mamadou,2022-05-19,m,767829782
Gueye,Ibrahima,2022-08-04,m,767905255
Gueye,Oumar,2014-08-24,m,763766406
Ndiaye,Khady,2017-02-04,f,786328902
Diop,Fatou,2023-10-24,f,760261321
Diallo,Mariama,1983-07-05,f,706391843
Ba,Abdoulaye,1960-11-02,m,774253756
Fall,Abdoulaye,1954-10-01,m,783170445
Sy,Khady,1986-05-11,f,782446710
Ndiaye,Khady,1961-10-15,f,776209423
Faye,Awa,1949-08-27,f,766379979
Kane,Oumar,1972-06-12,m,789582209
Kane,Mamadou,1944-02-10,m,700894930
Diop,Oumar,1943-08-22,m,786746594
Ndiaye,Abdoulaye,1963-11-11,m,772507243
Ndiaye,Khady,1947-11-29,f,761707943
Sow,Mariama,2002-11-27,f,764022715
Sy,Aminata,2012-07-20,f,783725568
Diallo,Mariama,2016-04-06,f,704277748
Gueye,Awa,1952-10-09,f,707611029
Diallo,Mariama,1988-11-03,f,782303419
Faye,Abdoulaye,1975-06-20,m,780114968
Diop,Mariama,1986-08-16,f,766447036
Ba,Ibrahima,1966-04-27,m,786480291
Kane,Khady,2021-11-28,f,787759276
Ba,Ibrahima,1972-05-05,m,768710119
Sow,Abdoulaye,1997-03-23,m,772695352
Sy,Fatou,1941-04-14,f,700458571
Diallo,Ousmane,1965-04-05,m,770527938
Kane,Fatou,1990-11-23,f,704840497
Diop,Cheikh,1955-01-29,m,787989788
Diop,Awa,2000-11-24,f,762414816
Sy,Oumar,1977-08-12,m,704901152
Faye,Oumar,1991-02-22,m,705339387
Ndiaye,Oumar,2006-06-30,m,789990811
Sarr,Mamadou,1963-01-19,m,785102691
Ba,Aminata,1987-09-07,f,701554221
Ba,Cheikh,2006-03-09,m,783323295
Diallo,Moussa,1999-02-14,m,789826318
Sow,Ibrahima,2018-11-28,m,765985671
Diop,Aminata,1960-05-15,f,709743353
Sarr,Mariama,1959-09-16,f,789049246
Fall,Mariama,1954-04-06,f,761344739
Faye,Fatou,1971-02-10,f,705754684
Diop,Moussa,1955-08-15,m,703781374
Ba,Ousmane,2000-01-07,m,701570060
Sow,Mariama,1990-10-09,f,708300337
Ndiaye,Ousmane,1951-05-19,m,785414040
Kane,Cheikh,1978-05-28,m,767220905
Kane,Aminata,1996-04-30,f,703285097
Kane,Mariama,2012-03-08,f,767002908
Ba,Fatou,1990-07-28,f,762888142
Ba,Fatou,1998-11-11,f,703956147
Fall,Moussa,2018-05-12,m,703462948
Sy,Aminata,2005-03-19,f,773621313
Ba,Khady,1940-07-31,f,776752451
Fall,Moussa,2012-03-07,m,761641647
Diallo,Oumar,1957-04-27,m,760880837
Gueye,Aminata,1971-05-18,f,786572988
Diop,Mariama,1981-12-31,f,780618899
Ba,Aminata,1984-09-08,f,778664001
Diallo,Awa,1969-11-29,f,761789017
Gueye,Cheikh,1968-05-17,m,788277190
Faye,Khady,1962-04-21,f,705460435
Sarr,Oumar,1970-04-11,m,770148372
Fall,Mamadou,2018-11-12,m,785108640
Sarr,Fatou,1957-04-13,f,774835078
Sarr,Cheikh,2010-11-27,m,787391878
Gueye,Oumar,1995-11-23,m,760291727
Faye,Oumar,2011-06-17,m,766125519
Kane,Moussa,1997-12-09,m,782794195
Diop,Fatou,1969-10-21,f,777077435
Sy,Khady,1947-04-02,f,785018166
Faye,Mariama,1963-12-13,f,703393786
Sy,Ibrahima,2007-01-20,m,774404515
Ba,Fatou,1979-01-17,f,771492199
Diop,Moussa,2006-06-24,m,761037980
Sow,Aminata,2019-12-04,f,786197238
Diop,Awa,1940-01-08,f,769523270
Ndiaye,Mamadou,1958-01-04,m,766437806
Sarr,Khady,2018-05-08,f,707163486
Sy,Fatou,1941-04-04,f,765381296
Kane,Fatou,2021-03-27,f,788379747
Faye,Fatou,1957-05-12,f,777751039
Sy,Mamadou,1989-06-26,m,784212958
Fall,Mamadou,1965-10-26,m,772034644
Sow,Aminata,1974-12-20,f,763032868
Diop,Khady,1979-08-11,f,769339646
Ba,Oumar,1973-08-18,m,761641154
Ba,Aminata,1946-04-25,f,701219605
Sy,Abdoulaye,1973-10-31,m,760203083
Sow,Awa,1986-07-10,f,765767660
Gueye,Cheikh,1975-03-02,m,786286333
Kane,Aminata,2010-01-03,f,704418554
Kane,Abdoulaye,1998-08-30,m,760867518
Kane,Ibrahima,1995-03-13,m,706577558
Diallo,Khady,1963-11-07,f,763070272
Ba,Moussa,1953-12-07,m,701115784
Fall,Aminata,1949-08-02,f,783749034
Diallo,Ibrahima,1951-07-02,m,763641367
Gueye,Aminata,1976-03-06,f,708625936
Fall,Khady,1987-07-03,f,703333183
Faye,Oumar,1953-09-03,m,768202677
Sow,Khady,1975-05-13,f,775878603
Diop,Aminata,1982-08-05,f,785973088
Gueye,Mamadou,1970-05-18,m,760399981
Kane,Cheikh,1943-11-16,m,785523031
Faye,Cheikh,1966-10-14,m,768403729
Ndiaye,Ousmane,2000-11-09,m,768059499
Sy,Oumar,2019-08-03,m,772860002
Ba,Moussa,2006-05-09,m,781346869
Fall,Aminata,1948-09-17,f,761853577
Ba,Cheikh,2013-03-19,m,762843519
Ba,Mariama,1949-04-20,f,769185520
Diallo,Mariama,1946-12-13,f,770016977
Kane,Abdoulaye,1983-05-21,m,783891948
Fall,Ibrahima,2009-06-17,m,787412370
Sow,Khady,2011-08-14,f,762532522
Kane,Fatou,1940-10-04,f,703761068
Fall,Ibrahima,1946-09-22,m,771849464
Ndiaye,Ousmane,1978-11-15,m,780773780
Sy,Cheikh,1996-09-26,m,779927460
Diop,Fatou,1963-06-12,f,775399432
Ndiaye,Mariama,1983-12-23,f,709806672
Faye,Abdoulaye,1979-08-30,m,708368548
Sy,Moussa,1997-12-12,m,788756130
Sow,Fatou,1962-06-03,f,704301059
Faye,Fatou,2007-07-09,f,787464602
Diop,Awa,2001-02-12,f,769871322
Fall,Abdoulaye,1940-04-13,m,789320684
Sow,Cheikh,2004-02-25,m,777484984
Sy,Ibrahima,2008-05-06,m,764715147
Sy,Cheikh,2003-03-27,m,769380680
Sow,Abdoulaye,1996-12-16,m,764257755
Sarr,Ousmane,1967-12-23,m,779131439
Kane,Mariama,2023-05-30,f,709576621
Ba,Khady,1959-09-04,f,786988959
Kane,Oumar,2005-08-09,m,783152798
Gueye,Mariama,1970-06-11,f,701774687
Ndiaye,Ibrahima,1999-10-15,m,774296179
Sarr,Moussa,1995-09-30,m,788244068
Sarr,Khady,1993-07-10,f,763684401
Gueye,Awa,1981-07-10,f,783713614
Ba,Abdoulaye,1984-10-05,m,706361854
Ba,Oumar,1955-07-11,m,771157102
Sarr,Khady,1999-02-26,f,703896614
Sy,Ibrahima,1990-03-24,m,772323066
Fall,Ibrahima,1995-05-18,m,771610118
Diop,Moussa,1955-02-03,m,777459249
Gueye,Aminata,1962-03-21,f,784750394
Gueye,Khady,1968-04-14,f,763558199
Ba,Khady,1985-03-08,f,768996279
Kane,Cheikh,1969-10-07,m,765335504
Sy,Ousmane,2020-10-18,m,763346891
Gueye,Abdoulaye,2016-03-27,m,762125010
Sy,Aminata,1968-05-14,f,782707716
Gueye,Aminata,2003-10-28,f,760377628
Ndiaye,Mamadou,1990-10-13,m,706433494
Ba,Aminata,1978-12-16,f,762821761
Kane,Mamadou,1944-12-09,m,768102804
Sy,Awa,1993-03-13,f,772942054
Diop,Awa,1968-01-22,f,706753102
Sarr,Oumar,1955-11-21,m,784079374
Ndiaye,Awa,1957-05-19,f,764580383
Gueye,Aminata,1943-06-16,f,779128024
Faye,Ibrahima,1946-03-09,m,766198724
Sy,Abdoulaye,1997-05-28,m,767581904
Ndiaye,Mamadou,1970-05-11,m,772071540
Ndiaye,Ousmane,1950-12-03,m,767402343
Sow,Aminata,1978-10-30,f,784588158
Fall,Aminata,1962-07-23,f,776591927
Gueye,Ibrahima,1978-07-18,m,767327521
Sy,Ousmane,2023-01-04,m,765015845
Kane,Moussa,1969-11-10,m,778525330
Sow,Aminata,1957-04-29,f,703613744
Sarr,Abdoulaye,1975-09-16,m,766297583
Faye,Mamadou,1989-04-03,m,776132740
Faye,Oumar,1993-07-31,m,762242556
Faye,Khady,1990-02-19,f,708907850
Sow,Mamadou,2007-03-05,m,708251575
Sow,Fatou,2021-09-20,f,703634276
Fall,Aminata,1987-02-07,f,777644037
Ba,Fatou,1950-10-17,f,789419473
Diallo,Abdoulaye,1946-02-23,m,760945731
Diallo,Mamadou,1983-02-18,m,706294783
Kane,Ousmane,1972-07-05,m,705952976
Ba,Ousmane,2012-07-03,m,703557956
Sow,Khady,1979-02-16,f,776385334
Kane,Moussa,1941-03-31,m,769295248
Kane,Aminata,2005-04-19,f,784364046
Gueye,Abdoulaye,1959-09-16,m,783763202
Gueye,Ibrahima,1964-01-12,m,765743698
Sarr,Khady,1957-04-15,f,775755153
Sy,Aminata,2016-11-27,f,788451207
Sow,Khady,1981-04-09,f,785381922
Fall,Fatou,1966-09-24,f,762384440
Diallo,Moussa,1965-01-10,m,787603008
Sy,Ibrahima,1942-01-09,m,705695706
Faye,Khady,1956-02-04,f,777527962
Sarr,Fatou,2010-07-12,f,774357263
Ba,Oumar,2017-02-05,m,770161709
Ba,Mariama,1960-08-08,f,778088556
Kane,Ousmane,2007-08-05,m,768229391
Ba,Ousmane,1964-12-01,m,781666211
Diallo,Fatou,1987-04-09,f,767648647
Faye,Mariama,2020-06-21,f,763064172
Diallo,Ousmane,1988-06-27,m,702944476
Sarr,Mariama,1964-09-18,f,705834460
Fall,Aminata,1943-01-24,f,780926502
Ba,Fatou,1940-06-21,f,778471755
Diallo,Awa,2009-05-22,f,763322683
Ndiaye,Fatou,1954-08-04,f,704827310
Diop,Awa,1967-12-20,f,768553927
Sarr,Ibrahima,1971-03-29,m,783874323
Sy,Abdoulaye,2004-10-24,m,786035805
Ba,Mamadou,1985-07-10,m,770180056
Faye,Mariama,1963-05-08,f,766512231
Ndiaye,Moussa,2015-04-19,m,769952478
Fall,Fatou,2001-07-15,f,704320118
Diop,Mariama,1948-08-12,f,704028883
Sarr,Awa,2003-07-23,f,760206038
Ndiaye,Mamadou,1996-03-16,m,787131943
Diop,Khady,1962-10-23,f,776256302
Sy,Fatou,1986-02-26,f,785810165
Gueye,Khady,1991-04-11,f,772868939
Ba,Moussa,1940-12-03,m,769909495
Faye,Mariama,1967-03-29,f,707226670
Diop,Mariama,1962-09-20,f,703862981
Faye,Khady,2017-06-15,f,706340687
Diop,Oumar,2001-12-03,m,776986187
Faye,Khady,1981-02-06,f,769986262
Sow,Awa,2010-03-23,f,781588009
Diop,Ousmane,2023-05-01,m,703614469
Gueye,Ibrahima,2021-09-12,m,783729464
Ba,Ibrahima,2011-01-02,m,787836497
Sy,Cheikh,1967-07-09,m,706775628
Diallo,Aminata,1986-11-27,f,701652733
Ba,Ousmane,1985-06-30,m,776117446
Sy,Ibrahima,1973-09-07,m,789131561
Sy,Moussa,1953-09-24,m,706733849
Gueye,Aminata,2017-12-21,f,775884796
Sow,Fatou,1942-09-26,f,785171702
Faye,Mamadou,1987-05-23,m,781795290
Fall,Ousmane,2007-11-19,m,770104105
Sarr,Fatou,1994-06-10,f,702499377
Sy,Oumar,1970-02-19,m,779378930
Ndiaye,Ousmane,2023-01-03,m,769575636
Kane,Mamadou,2011-01-01,m,788191704
Gueye,Moussa,1962-09-11,m,775142383
Diallo,Khady,1995-06-24,f,708915521
Ndiaye,Mariama,1989-01-26,f,782422991
Diop,Moussa,1945-04-18,m,777563228
Gueye,Aminata,2022-09-06,f,706482969
Diop,Fatou,1979-08-31,f,705384567
Diop,Cheikh,1982-06-08,m,777820647
Fall,Fatou,1949-08-25,f,705281081
Ba,Oumar,2015-07-08,m,705563844
Diallo,Ibrahima,1940-08-23,m,762111421
Diop,Awa,2003-05-23,f,784480432
Sy,Fatou,1969-01-10,f,701507967
Sow,Mariama,2015-10-23,f,763245467
Fall,Fatou,2016-12-13,f,780329587
Ba,Fatou,2014-06-22,f,709204693
Sow,Moussa,1987-10-22,m,702514708
Diallo,Awa,2019-05-13,f,702956554
Diop,Cheikh,1982-06-06,m,706804730
Gueye,Ousmane,1969-12-23,m,773942822
Gueye,Abdoulaye,1970-06-20,m,700237894
Sarr,Mariama,2012-03-04,f,786678438
Sow,Cheikh,2020-06-22,m,706826187
Ba,Khady,1954-06-25,f,765052726
Ndiaye,Ibrahima,1983-07-16,m,779856992
Faye,Mariama,1955-07-05,f,701127859
Sow,Awa,1970-12-26,f,760004736
Ba,Fatou,1989-09-30,f,704048224
Fall,Abdoulaye,1946-09-25,m,761947296
Sarr,Moussa,1962-06-10,m,704048399
Diop,Cheikh,2019-10-15,m,787704750
Sow,Moussa,1995-06-10,m,701537894
Ba,Abdoulaye,2007-10-10,m,771019804
Kane,Aminata,2015-07-06,f,762175952
Ndiaye,Abdoulaye,1940-06-10,m,707735544
Diop,Khady,1951-12-04,f,705955947
Faye,Ibrahima,2023-04-14,m,762608647
Gueye,Cheikh,1979-07-09,m,706366255
Sow,Abdoulaye,1948-09-30,m,761241991
Sarr,Awa,1948-02-29,f,703368008
Faye,Aminata,2007-06-04,f,760693100
Ba,Ousmane,2013-09-17,m,789312826
Fall,Ousmane,1941-07-29,m,771606274
Sarr,Fatou,1950-02-01,f,786878791
Sow,Awa,2018-02-27,f,762386995
Diop,Khady,1983-10-02,f,767147319
Sarr,Mariama,1987-04-29,f,766095934
Diallo,Awa,2017-04-26,f,774946011
Sow,Mariama,1962-07-25,f,785047739
Kane,Aminata,1990-11-26,f,706868629
Sy,Ousmane,1952-12-05,m,783115718
Ba,Mariama,1970-06-30,f,773186593
Ba,Aminata,1979-01-01,f,779171788
Faye,Abdoulaye,2011-10-24,m,768730111
Kane,Cheikh,1966-10-27,m,706292696
Sy,Ousmane,1949-03-14,m,760348261
Fall,Awa,1992-05-10,f,700597463
Sow,Mariama,1984-08-17,f,767426702
Faye,Mariama,1965-01-09,f,789783323
Ba,Khady,1987-01-27,f,763844579
Sow,Ousmane,1976-10-22,m,767164666
Diallo,Ibrahima,1981-09-26,m,789432013
Fall,Ibrahima,1990-07-03,m,701927105
Diallo,Ousmane,1997-04-07,m,784888317
Ndiaye,Mamadou,1969-12-25,m,781457799
Fall,Aminata,1976-12-09,f,768422138
Gueye,Ousmane,1943-10-15,m,778697267
Sow,Ousmane,1944-05-15,m,764508867
Sow,Fatou,1947-08-02,f,789953159
Kane,Abdoulaye,2001-11-13,m,775285801
Sy,Ibrahima,1981-05-16,m,765619829
Kane,Mamadou,1994-08-01,m,781869922
Kane,Khady,1977-07-14,f,771369954
Fall,Abdoulaye,1946-05-04,m,781730085
Fall,Oumar,2008-07-15,m,766921217
Ba,Ousmane,1977-12-02,m,772796972
Faye,Moussa,2021-06-17,m,771493050
Diop,Fatou,2002-02-24,f,766043544
Fall,Abdoulaye,1986-10-20,m,768892528
Kane,Ibrahima,1965-05-02,m,782215442
Ba,Moussa,1976-10-14,m,774125472
Ba,Awa,1956-03-04,f,705399565
Diop,Aminata,1990-03-20,f,706547977
Kane,Moussa,1992-09-22,m,709546279
Kane,Mariama,2000-06-14,f,708345946
Faye,Abdoulaye,2023-11-25,m,773953049
Fall,Fatou,1948-07-22,f,763873322
Sy,Aminata,2010-09-17,f,701756259
Fall,Aminata,1970-12-09,f,704178207
Faye,Moussa,1942-05-16,m,787107052
Faye,Aminata,1975-12-27,f,788498814
Gueye,Fatou,1973-03-08,f,781126511
Sy,Oumar,1989-04-13,m,786502837
Ndiaye,Mariama,2006-07-24,f,781524395
Ba,Awa,1990-04-27,f,772182492
Diop,Ibrahima,1991-06-06,m,768505267
Fall,Aminata,1971-06-05,f,707050395
Sarr,Oumar,2014-06-05,m,708317065
Diop,Ibrahima,2009-08-03,m,761095139
Faye,Awa,2002-12-31,f,762304650
Faye,Mariama,1982-08-28,f,770007097
Faye,Awa,1942-12-24,f,777298698
Kane,Mamadou,1960-06-20,m,773325847
Kane,Mamadou,2000-09-08,m,780771212
Sy,Awa,1984-10-04,f,706064526
Faye,Cheikh,1980-06-17,m,771376926
Faye,Abdoulaye,1965-08-12,m,707727572
Diallo,Cheikh,1989-12-17,m,767095404
Diallo,Mariama,1967-07-09,f,781776757
Fall,Aminata,1971-10-21,f,780811920
Ndiaye,Cheikh,1967-07-15,m,704847850
Sarr,Awa,2006-09-18,f,779969459
Sow,Aminata,2020-02-28,f,760727423
Sarr,Fatou,2006-03-15,f,700564704
Faye,Abdoulaye,1964-12-01,m,776149404
Ba,Fatou,2005-05-15,f,762575910
Ndiaye,Aminata,1950-01-21,f,771183615
Faye,Oumar,1980-08-01,m,783697955
Diallo,Khady,1951-10-10,f,785504863
Diop,Moussa,2010-01-06,m,770937567
Kane,Khady,2003-05-12,f,765416439
Faye,Fatou,1970-12-26,f,786587311
Sow,Ibrahima,1979-01-23,m,707124633
Gueye,Cheikh,2023-04-08,m,764378775
Diallo,Aminata,1964-11-10,f,703715376
Faye,Ousmane,1992-10-11,m,701824346
Kane,Fatou,1973-11-17,f,702884659
Gueye,Ibrahima,1942-04-15,m,762499039
Gueye,Mariama,1963-01-29,f,771746381
Gueye,Awa,1940-11-16,f,781386292
Sow,Abdoulaye,2005-06-08,m,781348777
Sarr,Mariama,1944-04-02,f,762811833
Diallo,Awa,1940-02-18,f,775253558
Diop,Aminata,1954-03-08,f,760340209
Faye,Moussa,1958-07-22,m,701816491
Gueye,Mamadou,1946-09-06,m,766091884
Ndiaye,Moussa,1952-05-28,m,778674695
Kane,Abdoulaye,1983-08-07,m,767205075
Gueye,Mariama,2018-10-25,f,703954931
Ba,Fatou,2002-02-28,f,764562559
Diallo,Oumar,2010-01-29,m,702091309
Sarr,Cheikh,1988-05-06,m,789918005
Sy,Oumar,1978-06-28,m,782967473
Diop,Mamadou,1981-11-16,m,703675506
Diallo,Moussa,1966-07-30,m,774571942
Faye,Oumar,1957-10-17,m,781149045
Gueye,Awa,1954-10-01,f,771102822
Sarr,Mariama,2000-10-09,f,766518303
Kane,Mariama,2016-10-09,f,763101961
Sy,Aminata,1962-04-28,f,761544007
Gueye,Oumar,1983-03-30,m,767730528
Ba,Mariama,2000-02-09,f,760671195
Diop,Mariama,1947-06-05,f,769929058
Ndiaye,Mariama,1996-11-30,f,776021746
Sarr,Abdoulaye,2011-09-24,m,774408234
Sow,Mamadou,2003-04-30,m,767649399
Faye,Moussa,1950-05-11,m,703108605
Sow,Cheikh,2020-02-06,m,781715501
Sow,Awa,2001-11-26,f,770568133
Sy,Fatou,1959-07-07,f,785842232
Ba,Awa,2022-11-14,f,701328465
Faye,Abdoulaye,1962-03-20,m,783168678
Diop,Aminata,2022-12-28,f,780113853
Faye,Cheikh,1965-07-14,m,787666907
Kane,Awa,2017-09-09,f,786930201
Diop,Aminata,2023-10-14,f,780466306
Diop,Moussa,2011-07-12,m,764870271
Ndiaye,Aminata,1995-03-20,f,765484381
Faye,Cheikh,1999-02-08,m,776918791
Sy,Mariama,1980-01-11,f,767205120
Gueye,Fatou,2011-04-26,f,774675869
Diop,Fatou,1964-05-21,f,780163552
Fall,Abdoulaye,1949-10-04,m,760417059
Fall,Mariama,1980-01-06,f,705347394
Diop,Mamadou,1947-11-07,m,763832829
Kane,Aminata,1976-06-11,f,782735596
Diallo,Oumar,2019-01-21,m,783077253
Gueye,Abdoulaye,2007-02-04,m,771901966
Diallo,Oumar,2003-01-29,m,781872146
Sy,Ibrahima,1983-06-22,m,789946761
Sy,Mamadou,2021-05-03,m,702256168
Fall,Cheikh,1987-09-05,m,767622513
Kane,Aminata,2020-03-31,f,706417301
Sarr,Awa,1981-03-29,f,776805215
Diop,Ibrahima,2007-06-08,m,706626408
Gueye,Mamadou,1971-04-10,m,783291716
Fall,Fatou,1991-03-05,f,773741520
Gueye,Mariama,1947-12-22,f,761244161
Ndiaye,Aminata,1968-11-06,f,705364320
Diallo,Ibrahima,1952-08-25,m,772752956
Diallo,Mamadou,2014-07-17,m,705279632
Sow,Ibrahima,1987-03-20,m,779939249
Sy,Cheikh,1945-05-26,m,763416460
Faye,Ousmane,1957-03-14,m,767480128
Gueye,Mamadou,1983-04-29,m,701776581
Faye,Khady,2014-06-23,f,775933755
Sy,Fatou,1961-12-28,f,762864076
Kane,Mariama,2001-09-28,f,780765056
Sarr,Mamadou,1986-11-01,m,770014877
Sow,Ousmane,1987-12-04,m,760222511
Ba,Moussa,1984-08-09,m,780943952
Gueye,Aminata,2017-02-22,f,771989247
Sarr,Fatou,1958-03-02,f,787679538
Sarr,Moussa,1962-05-21,m,784568334
Ba,Awa,1992-03-15,f,777701453
Gueye,Aminata,1964-11-26,f,702822775
Ndiaye,Cheikh,2012-09-05,m,770050676
Diop,Ousmane,1945-10-09,m,776718032
Kane,Ibrahima,2018-06-13,m,770711955
Sow,Ibrahima,1996-09-15,m,771633705
Diop,Cheikh,2023-03-26,m,762415374
Gueye,Moussa,1940-06-21,m,774211932
Sow,Ibrahima,2019-10-08,m,785133127
Gueye,Ibrahima,2016-07-17,m,782107691
Kane,Oumar,2017-11-08,m,777607638
Diop,Cheikh,1943-06-14,m,767959094
Diallo,Abdoulaye,1997-05-07,m,765701738
Ndiaye,Oumar,1991-10-31,m,761103514
Sow,Moussa,1998-08-03,m,768781652
Sarr,Moussa,1979-01-09,m,771962881
Diallo,Moussa,2022-11-10,m,782886462
Fall,Oumar,1965-05-21,m,761188649
Sarr,Mamadou,1982-07-27,m,773928341
Faye,Mamadou,1960-06-17,m,700792713
Diallo,Aminata,1941-07-02,f,707429237
Fall,Fatou,1985-12-16,f,701192029
Faye,Moussa,1950-11-02,m,701332085
Diallo,Fatou,2011-11-18,f,778869341
Gueye,Aminata,2007-02-11,f,700074917
Fall,Ibrahima,1987-01-08,m,774089839
Gueye,Oumar,1953-03-14,m,789349961
Diallo,Oumar,2017-12-31,m,701391590
Ba,Ousmane,2001-03-13,m,789980429
Sow,Fatou,2018-04-19,f,761784612
Sow,Khady,1974-09-21,f,789749131
Sarr,Abdoulaye,1994-10-07,m,789035258
Fall,Mariama,2002-07-03,f,773326064
Faye,Fatou,1955-12-02,f,789125076
Fall,Mamadou,1974-01-15,m,702020984
Diallo,Oumar,1999-04-26,m,782739983
Sow,Fatou,2013-03-26,f,703487530
Faye,Mariama,1978-07-20,f,764524386
Diop,Awa,2019-08-23,f,762909570
Sy,Abdoulaye,1997-07-07,m,780802551
Faye,Khady,1980-01-15,f,772246887
Ndiaye,Khady,1962-07-29,f,760124412
Diallo,Aminata,1942-06-21,f,764431574
Ndiaye,Oumar,1944-08-07,m,770580734
Diop,Awa,1954-07-29,f,760468767
Ndiaye,Oumar,1988-06-01,m,772910328
Sy,Ibrahima,1992-05-08,m,701728083
Ba,Abdoulaye,2019-10-19,m,706168082
Fall,Cheikh,1966-09-15,m,780438064
Kane,Aminata,1953-09-15,f,760213926
Gueye,Abdoulaye,1953-09-28,m,771218525
Fall,Cheikh,1952-01-15,m,700319874
Diop,Oumar,1987-04-30,m,780005289
Diop,Oumar,1987-07-28,m,785430328
Diallo,Cheikh,1963-05-08,m,785063540
Ndiaye,Cheikh,1968-10-15,m,787701770
Diallo,Cheikh,1977-12-08,m,768506140
Fall,Khady,1949-01-02,f,705893760
Sy,Abdoulaye,1953-10-18,m,780294237
Sow,Awa,1948-07-20,f,700231276
Sy,Mamadou,1988-03-22,m,767559310
Diallo,Oumar,1942-03-27,m,760023796
Gueye,Ousmane,2011-09-19,m,786364453
Gueye,Mamadou,1991-07-19,m,783512012
Gueye,Mamadou,2000-03-04,m,789875694
Sy,Aminata,1969-07-12,f,784468610
Sarr,Fatou,1996-05-25,f,781918378
Diallo,Abdoulaye,1972-02-07,m,778099573
Diop,Mariama,2010-06-20,f,766149850
Ndiaye,Khady,1943-07-08,f,774898998
Sow,Oumar,2001-06-16,m,774820246
Diallo,Awa,2004-09-04,f,787743239
Sy,Cheikh,1974-11-17,m,775530366
Sarr,Mariama,1991-06-02,f,776123855
Sarr,Aminata,1996-07-02,f,769947634
Ndiaye,Khady,1982-02-14,f,709725380
Fall,Abdoulaye,2022-02-21,m,709251862
Kane,Oumar,1967-07-01,m,761450537
Sow,Cheikh,2004-10-03,m,789478062
Fall,Khady,1977-03-29,f,788741374
Sow,Mamadou,1973-02-28,m,770226053
Kane,Khady,1973-11-09,f,766394285
Sow,Oumar,2015-05-13,m,707500409
Sy,Abdoulaye,1998-05-22,m,782201387
Kane,Mamadou,2006-03-02,m,777990452
Faye,Fatou,1987-02-13,f,776085517
Faye,Ousmane,2007-08-06,m,777946081
Ba,Cheikh,2003-06-11,m,702754558
Ba,Ousmane,2016-10-17,m,766307195
Sarr,Aminata,2022-01-05,f,782350139
Ndiaye,Awa,1961-11-26,f,778588426
Fall,Moussa,1986-01-10,m,765857026
Sy,Aminata,1994-05-08,f,768341423
Kane,Abdoulaye,1950-05-06,m,761699753
Ba,Cheikh,1970-04-25,m,787164287
Sy,Cheikh,1982-06-29,m,777503079
Diop,Awa,1993-05-15,f,765835291
Faye,Khady,1994-02-15,f,763389854
Sow,Awa,1978-09-15,f,784274833
Ba,Moussa,2023-02-16,m,772957699
Ba,Awa,1968-07-29,f,707422027
Faye,Fatou,1972-02-29,f,787879089
Ba,Ibrahima,1965-11-01,m,771586075
Faye,Moussa,1959-10-26,m,769489090
Gueye,Khady,1955-02-20,f,705518895
Ba,Aminata,2023-08-15,f,765529005
Gueye,Aminata,1964-02-07,f,768228858
Ndiaye,Awa,2001-09-20,f,704806817
Gueye,Fatou,1991-09-12,f,706205797
Fall,Mariama,1992-07-09,f,763634845
Diop,Aminata,1945-09-02,f,760578389
Diop,Abdoulaye,1980-02-10,m,703575703
Gueye,Ibrahima,1951-09-27,m,766102393
Ndiaye,Aminata,2022-12-07,f,776437215
Sow,Abdoulaye,2021-08-07,m,762005186
Fall,Mariama,1961-07-07,f,786001987
Sy,Aminata,1977-11-07,f,777340837
Ba,Ibrahima,1989-11-24,m,778005836
Fall,Cheikh,1981-08-30,m,701952017
Diop,Cheikh,1964-12-24,m,783727617
Kane,Khady,1941-08-20,f,700393519
Diop,Aminata,2003-02-26,f,778265323
Sarr,Khady,1987-11-16,f,709257117
Kane,Ousmane,1966-08-24,m,779808808
Kane,Abdoulaye,2010-02-28,m,782116375
Sy,Moussa,2004-10-07,m,706405145
Gueye,Oumar,2022-07-11,m,765784349
Sow,Aminata,2010-02-11,f,708316797
Sarr,Mariama,1969-10-29,f,788248676
Sy,Mariama,1983-09-07,f,707884800
Ndiaye,Khady,1940-07-28,f,767983439
Kane,Fatou,1985-09-11,f,768842368
Gueye,Ibrahima,1963-10-18,m,771633650
Kane,Moussa,1975-04-24,m,771646405
Kane,Awa,1955-10-23,f,776542528
Diop,Awa,1991-06-29,f,769144720
Sow,Oumar,1956-07-01,m,773755559
Sow,Oumar,2014-10-21,m,702405719
Sarr,Aminata,2020-08-16,f,768058113
Fall,Khady,1971-03-31,f,770011378
Fall,Mamadou,1970-07-24,m,702366861
Diop,Mariama,2016-04-02,f,707120321
Diop,Mariama,1976-07-28,f,786053795
Diop,Aminata,1956-06-09,f,785565485
Gueye,Moussa,1982-11-18,m,763423892
Ndiaye,Awa,1950-10-21,f,766453115
Diallo,Aminata,2009-07-14,f,778611759
Sarr,Awa,2010-02-04,f,774177686
Sarr,Abdoulaye,1986-03-27,m,784001092
Ba,Ibrahima,2006-12-14,m,700776985
Diop,Oumar,2004-03-05,m,701245429
Ba,Moussa,2021-04-09,m,762035163
Diop,Awa,1982-07-19,f,778921797
Diop,Awa,1998-05-03,f,762305381
Sy,Ousmane,1989-11-19,m,703316993
Sy,Abdoulaye,1996-07-21,m,773046166
Sy,Oumar,1946-11-14,m,788725305
Diallo,Mariama,1991-08-15,f,788874389
Diop,Aminata,1992-12-08,f,777288910
Sow,Khady,1956-09-30,f,785606388
Ba,Awa,1990-11-25,f,762878471
Sarr,Abdoulaye,2021-09-26,m,773568176
Diop,Mariama,2019-01-18,f,786539723
Ndiaye,Moussa,1983-03-03,m,709266493
Diallo,Aminata,2004-03-12,f,782549676
Kane,Khady,1942-10-10,f,765583652
Sow,Khady,1981-06-08,f,782817231
Fall,Oumar,1966-05-08,m,789138521
Ndiaye,Fatou,1941-05-20,f,769534655
Ndiaye,Khady,1959-09-22,f,701194510
Faye,Fatou,1966-01-07,f,707899787
Ndiaye,Ousmane,2022-04-20,m,786643151
Kane,Cheikh,2013-06-30,m,777038773
Sy,Moussa,2000-06-01,m,781335753
Kane,Aminata,2018-08-16,f,783347888
Diallo,Ousmane,1961-12-27,m,702929449
Ndiaye,Ousmane,2012-01-09,m,775747630
Faye,Ibrahima,1972-11-25,m,770335248
Kane,Khady,2014-10-30,f,701218235
Gueye,Fatou,1952-11-12,f,785404194
Fall,Aminata,1986-08-01,f,779736987
Ndiaye,Moussa,2012-12-15,m,769701670
Sow,Khady,2002-01-20,f,708988047
Faye,Khady,2010-07-29,f,778604642
Sarr,Cheikh,1970-01-23,m,789177681
Ba,Mariama,2021-04-25,f,764445706
Diop,Mariama,1966-04-21,f,763707162
Faye,Ibrahima,1977-08-16,m,782159441
Sarr,Mamadou,1956-03-24,m,785843299
Diop,Abdoulaye,2011-07-28,m,785877834
Kane,Fatou,1967-08-08,f,707061911
Ndiaye,Mariama,1976-01-03,f,785469037
Kane,Cheikh,1942-05-29,m,774014290
Faye,Fatou,1976-12-22,f,702454193
Diallo,Moussa,1940-06-19,m,776991980
Sarr,Fatou,1979-08-20,f,706306703
Faye,Abdoulaye,1948-12-26,m,778806368
Kane,Moussa,2002-10-01,m,762221511
Ba,Fatou,2010-11-07,f,766441574
Diop,Fatou,1942-01-19,f,782674656
Faye,Ibrahima,1975-12-30,m,786496170
Sarr,Mariama,2002-07-28,f,782611191
Sarr,Oumar,1998-11-05,m,704949773
Sy,Mariama,1949-12-02,f,763599138
Sy,Mariama,2016-09-11,f,774782624
Ndiaye,Awa,1962-01-15,f,760635296
Sarr,Ousmane,1990-05-24,m,789115624
Diallo,Fatou,1992-06-10,f,776561243
Diallo,Oumar,1981-04-19,m,706618428
Sy,Fatou,2000-05-12,f,789913964
Ndiaye,Aminata,1965-11-05,f,700070368
Sy,Awa,2015-11-16,f,778078296
Diallo,Khady,1954-01-18,f,786885681
Diallo,Awa,1976-10-10,f,772638591
Faye,Aminata,1976-07-13,f,761257755
Ba,Ibrahima,1984-12-11,m,702685505
Kane,Mariama,1943-05-09,f,772903755
Sy,Oumar,2019-04-16,m,707316052
Sow,Oumar,1952-10-27,m,765637540
Fall,Moussa,1975-05-22,m,771272891
Diop,Fatou,1968-02-29,f,772431435
Sow,Fatou,2010-04-04,f,780790611
Kane,Awa,2008-05-26,f,708595533
Gueye,Mamadou,1945-02-28,m,768126557
Sy,Abdoulaye,1944-12-15,m,702529763
Diop,Moussa,1947-01-25,m,788482120
Faye,Oumar,2010-04-29,m,773164294
Ndiaye,Khady,1972-11-13,f,763562118
Diop,Cheikh,2021-10-24,m,778699193
Gueye,Ousmane,1961-11-03,m,705869663
Diop,Moussa,1991-07-25,m,789086210
Gueye,Ibrahima,1998-09-19,m,788687441
Sow,Abdoulaye,1964-10-06,m,707933726
Sow,Khady,2012-01-26,f,702235436
Sy,Ibrahima,2000-11-22,m,707198053
Faye,Awa,1971-09-28,f,706674419
Diop,Mariama,2013-02-05,f,780390915
Gueye,Khady,1978-03-12,f,776001424
Faye,Khady,2020-04-21,f,786114063
Ndiaye,Oumar,2016-11-18,m,776256885
Ba,Oumar,2015-09-22,m,776501766
Fall,Abdoulaye,1960-12-25,m,769319060
Sy,Khady,2007-05-23,f,772392367
Gueye,Awa,1944-12-01,f,770599785
Kane,Mamadou,1963-03-19,m,787442615
Diallo,Mariama,1972-10-24,f,783584385
Fall,Awa,2020-07-19,f,767985916
Sy,Khady,1952-11-06,f,703287184
Sow,Ibrahima,2011-04-22,m,770642245
Faye,Mamadou,1971-11-07,m,781559637
Kane,Awa,2015-11-05,f,770659983
Kane,Moussa,2002-06-25,m,776750821
Faye,Ousmane,1954-03-01,m,766862430
Ba,Mamadou,2010-07-14,m,776363130
Sy,Mariama,1942-06-27,f,708824417
Sarr,Mariama,2018-04-23,f,776730687
Diallo,Moussa,1994-07-31,m,702132259
Sarr,Fatou,1960-09-08,f,783698617
Diallo,Awa,1982-05-27,f,777485170
Diallo,Khady,1977-09-23,f,780713891
Sy,Awa,1995-06-27,f,778333918
Fall,Moussa,1962-04-02,m,762281142
Sy,Oumar,1996-01-26,m,705120164
Sy,Oumar,1975-02-11,m,762791555
Sy,Aminata,1950-12-27,f,782198177
Kane,Ousmane,1942-09-03,m,787200800
Sarr,Moussa,1965-07-04,m,709276572
Sy,Aminata,2020-05-03,f,786647371
Gueye,Khady,1976-10-26,f,766753549
Gueye,Awa,2018-09-06,f,775710062
Diop,Aminata,1948-01-20,f,763343522
Fall,Moussa,1977-05-23,m,703370764
Sy,Mamadou,2020-07-17,m,783268352
Sarr,Cheikh,1977-12-02,m,766918435
Sarr,Awa,1967-04-01,f,764471182
Sy,Awa,2011-07-13,f,788222020
Sy,Aminata,1984-03-08,f,783657447
Gueye,Oumar,2018-07-17,m,708682558
Ndiaye,Mamadou,2023-05-01,m,700479604
Fall,Mariama,1956-10-11,f,783261165
Gueye,Ousmane,2016-07-03,m,762134976
Diop,Ousmane,2014-11-08,m,777943972
Ndiaye,Mariama,1941-08-28,f,707615145
Gueye,Abdoulaye,1979-05-09,m,763289319
Diallo,Moussa,2010-07-07,m,704741719
Ba,Abdoulaye,2022-05-20,m,787957095
Faye,Awa,1991-07-11,f,760962948
Ba,Oumar,2022-08-02,m,777806130
Sarr,Fatou,2008-08-17,f,767238330
Faye,Oumar,1979-10-16,m,768600833
Diallo,Abdoulaye,1954-05-10,m,707206365
Diop,Abdoulaye,1960-10-24,m,787131257
Fall,Mamadou,2007-02-10,m,779923173
Faye,Moussa,1974-12-15,m,700650650
Ba,Aminata,1972-01-29,f,778723921
Sow,Ibrahima,2006-11-05,m,789675134
Diallo,Ibrahima,1953-03-05,m,773320745
Sow,Fatou,1948-12-25,f,771917324
Sow,Khady,1958-03-16,f,772744471
Sow,Aminata,1989-10-16,f,703340395
Sow,Awa,1987-11-17,f,708683132
Ba,Mariama,2002-11-23,f,768573274
Gueye,Awa,1993-06-17,f,789534715
Sow,Cheikh,2022-03-06,m,788108971
Sy,Aminata,1947-02-02,f,779645892
Gueye,Aminata,2014-08-16,f,706894717
Sow,Oumar,1960-11-30,m,700831703
Sarr,Khady,1979-06-14,f,773635868
Sy,Ibrahima,1972-11-25,m,707031181
Diallo,Awa,2001-02-15,f,773012107
Sarr,Cheikh,1989-11-13,m,770270643
Ba,Mariama,1975-09-23,f,783270748
Diop,Aminata,2023-11-30,f,771085580
Sow,Aminata,1982-12-11,f,700742233
Kane,Ousmane,1993-05-24,m,772878608
Gueye,Ibrahima,1965-03-21,m,777866677
Diallo,Awa,2022-06-26,f,700701105
Diop,Mariama,2017-08-13,f,783875078
Ndiaye,Fatou,1946-10-01,f,764502026
Sarr,Fatou,2009-08-01,f,770360354
Sarr,Mariama,1965-03-18,f,789276463
Sy,Ousmane,2018-10-13,m,700134498
Kane,Abdoulaye,1958-02-25,m,705706493
Diop,Ibrahima,1942-12-08,m,771562335
Diop,Awa,1979-07-20,f,767099043
Ndiaye,Fatou,2022-10-12,f,707596594
Ba,Khady,1943-10-17,f,774201988
Faye,Mariama,1953-11-06,f,780173708
Sy,Awa,1948-07-12,f,788796037
Kane,Mamadou,1953-10-11,m,780411663
Fall,Cheikh,2021-12-03,m,782215085
Fall,Awa,1979-11-25,f,705383333
Ba,Moussa,1964-11-09,m,778302851
Kane,Cheikh,1990-12-06,m,777249801
Gueye,Moussa,1951-04-12,m,783298897
Kane,Oumar,1966-02-09,m,769288768
Kane,Mariama,1957-06-03,f,702416786
Kane,Khady,1941-07-27,f,707739138
Kane,Ousmane,2000-06-21,m,778967267
Faye,Awa,1946-02-12,f,701936460
Ndiaye,Mamadou,2012-09-08,m,785583751
Faye,Aminata,1971-12-06,f,786595386
Diallo,Ibrahima,1973-01-27,m,708761086
Diallo,Mariama,2020-07-12,f,764497089
Gueye,Moussa,1945-12-20,m,771931145
Faye,Abdoulaye,1986-03-02,m,789997882
Sarr,Cheikh,1962-08-28,m,784024297
Sow,Aminata,1990-11-04,f,788533013
Diallo,Awa,1946-07-09,f,777760505
Sarr,Aminata,1989-11-27,f,700798906
Ba,Ousmane,2021-03-31,m,761657424
Ba,Moussa,1953-01-04,m,773513873
Sy,Mariama,1975-04-21,f,775204706
Gueye,Khady,1954-01-14,f,773029680
Fall,Moussa,2020-01-01,m,775411663
Sarr,Moussa,2010-07-16,m,704818150
Kane,Moussa,1971-07-19,m,774536111
Ba,Ousmane,1958-10-24,m,777563448
Diallo,Moussa,1960-10-06,m,705654686
Kane,Mamadou,1989-07-21,m,761048827
Diop,Moussa,1974-05-02,m,782189401
Kane,Ibrahima,1991-04-14,m,703604029
Diallo,Abdoulaye,1943-05-16,m,703785673
Faye,Aminata,1991-09-30,f,776378608
Gueye,Cheikh,2013-10-07,m,789099810
Sarr,Mariama,2023-10-19,f,789430382
Ba,Ibrahima,2017-12-28,m,780796822
Ba,Ousmane,1952-11-22,m,782901769
Faye,Fatou,1971-11-10,f,766651880
Sy,Mamadou,2007-04-03,m,768347833
Faye,Mamadou,2023-03-11,m,772538010
Kane,Mariama,1980-08-28,f,772130171
Fall,Ibrahima,1981-09-04,m,789339538
Diop,Aminata,1957-06-11,f,766284023
Ndiaye,Moussa,1942-03-15,m,783774451
Sarr,Ibrahima,1942-12-05,m,770862281
Ndiaye,Ousmane,1950-08-23,m,777918828
Kane,Awa,1959-09-28,f,705478042
Fall,Khady,1952-01-15,f,771324152
Sy,Aminata,1993-11-03,f,707295045
Ba,Aminata,1975-09-21,f,769233588
Gueye,Khady,1941-10-15,f,783093774
Sow,Oumar,1942-11-27,m,779374495
Ba,Aminata,1954-02-27,f,702871089
Gueye,Awa,1994-06-05,f,788365782
Diop,Moussa,2017-02-11,m,784976871
Fall,Mariama,2006-08-13,f,770034452
Diop,Fatou,1942-02-01,f,700533451
Diop,Aminata,1961-07-04,f,788345304
Sow,Cheikh,1954-02-12,m,778196519
Diop,Awa,2010-07-25,f,764175022
Diallo,Khady,2020-09-28,f,775765072
Sy,Awa,1971-03-10,f,774432390
Diop,Aminata,2004-04-15,f,764654418
Ba,Abdoulaye,1972-07-16,m,772858688
Sarr,Awa,1983-07-02,f,776473170
Sarr,Mariama,1940-05-02,f,702485534
Gueye,Aminata,1963-04-23,f,708255022
Gueye,Abdoulaye,1995-04-22,m,769793575
Sy,Ousmane,1977-08-27,m,773745097
Sow,Fatou,1984-06-12,f,786282533
Gueye,Khady,1985-04-03,f,703679872
Sow,Ousmane,1987-01-25,m,773339122
Ndiaye,Oumar,1940-02-13,m,775279224
Sarr,Aminata,1991-05-04,f,768585965
Diop,Aminata,1984-05-25,f,781032148
Ba,Aminata,1982-03-13,f,784764667
Sy,Mamadou,1984-12-29,m,704908718
Ba,Ousmane,2007-01-18,m,778131110
Diop,Aminata,1968-08-22,f,760426927
Gueye,Cheikh,1962-10-07,m,772718980
Ba,Cheikh,1948-02-23,m,764521549
Faye,Fatou,2010-07-27,f,771113808
Diallo,Aminata,1962-07-15,f,706942970
Diallo,Ousmane,1977-06-29,m,761426207
Sow,Khady,1941-09-06,f,701471199
Diallo,Mamadou,1958-11-23,m,762350490
Ba,Moussa,1996-05-16,m,703124349
Diop,Moussa,1972-02-04,m,709025319
Sy,Ibrahima,2012-11-09,m,780143009
Kane,Fatou,1946-01-08,f,777314845
Faye,Fatou,1966-05-10,f,765734956
Sy,Oumar,1942-04-27,m,786240681
Kane,Abdoulaye,2000-03-22,m,774104662
Faye,Fatou,1962-01-31,f,784134280
Diop,Aminata,2020-08-25,f,766411160
Ba,Aminata,1984-12-11,f,769892085
Kane,Ousmane,1949-05-28,m,786347683
Ndiaye,Awa,1970-11-29,f,774298261
Sow,Khady,1988-12-24,f,789246649
Ba,Khady,1971-10-22,f,782641966
Faye,Moussa,1950-06-08,m,761872656
Sarr,Aminata,1951-03-05,f,700014286
Sow,Mariama,2012-09-27,f,701808991
Diallo,Ousmane,2010-04-16,m,708027666
Diallo,Awa,1963-09-01,f,781245588
Sy,Mariama,2004-02-03,f,784226721
Sarr,Khady,1994-05-08,f,771826524
Diallo,Awa,2015-06-11,f,778616071
Sy,Oumar,1941-09-02,m,783758405
Diop,Cheikh,2012-01-11,m,762213587
Sow,Aminata,1981-08-15,f,779775424
Sow,Oumar,1979-08-17,m,707982905
Sarr,Mariama,1992-10-15,f,701157250
Diop,Oumar,1950-06-02,m,774144331
Diallo,Aminata,1994-08-31,f,704993461
Sow,Khady,1978-08-15,f,768445615
Kane,Mariama,1968-08-18,f,763675075
Sarr,Awa,1941-02-20,f,703394590
Sy,Abdoulaye,1991-03-04,m,787694510
Kane,Cheikh,1983-01-12,m,776833333
Sy,Khady,2015-10-25,f,769893479
Sarr,Awa,2002-05-13,f,780784766
Fall,Mariama,1991-04-16,f,706213931
Fall,Mamadou,1944-09-09,m,702344189
Diallo,Awa,1945-02-25,f,700022365
Ba,Cheikh,1998-05-02,m,780168795
Gueye,Ibrahima,2006-09-20,m,773097007
Gueye,Fatou,1988-05-15,f,775828350
Ndiaye,Cheikh,1998-11-17,m,709075598
Sow,Cheikh,1960-11-09,m,703098311
Faye,Oumar,2016-01-13,m,700747010
Sarr,Mamadou,1956-12-14,m,784781982
Ndiaye,Cheikh,1987-03-05,m,704947024
Faye,Khady,1984-08-17,f,765280722
Kane,Aminata,1941-10-30,f,769837336
Ba,Khady,1940-08-27,f,763176404
Sy,Moussa,1956-11-26,m,760358095
Ba,Cheikh,1984-10-29,m,770370698
Fall,Oumar,1946-01-15,m,769058425
Sarr,Fatou,2004-02-26,f,776535647
Kane,Moussa,1998-10-29,m,784310395
Ba,Moussa,1953-05-06,m,762508427
Diallo,Aminata,2000-09-10,f,785738773
Diallo,Mamadou,2009-12-02,m,770273740
Sy,Ousmane,1943-06-23,m,702041500
Sow,Mariama,1961-04-16,f,701695780
Faye,Awa,2020-11-25,f,773459857
Ba,Khady,1946-11-26,f,764463431
Fall,Fatou,1988-04-10,f,703850996
Ba,Khady,2004-04-03,f,781966432
Sarr,Cheikh,1966-01-21,m,788598489
Sow,Aminata,1947-11-30,f,783290699
Diallo,Aminata,1974-06-06,f,778056532
Diop,Khady,1992-08-11,f,703608491
Ba,Khady,2009-03-17,f,762452408
Kane,Ibrahima,1998-06-08,m,702644122
Sow,Mariama,1960-09-18,f,785106870
Sy,Fatou,2013-05-30,f,773797686
Gueye,Khady,2021-10-21,f,767417608
Fall,Cheikh,1974-07-10,m,761714269
Sow,Awa,2007-08-16,f,760488797
Faye,Fatou,1966-02-09,f,704650047
Faye,Moussa,1946-09-07,m,776304665
Sy,Khady,1978-09-02,f,785202876
Diallo,Oumar,2015-07-17,m,705615258
Kane,Abdoulaye,2003-01-25,m,772723418
Faye,Fatou,1952-02-12,f,761741171
Faye,Khady,1943-07-26,f,764820249
Diop,Moussa,1994-04-11,m,789045003
Faye,Khady,2007-03-06,f,774585659
Diallo,Moussa,1971-08-23,m,705327584
Sarr,Mariama,1948-09-07,f,787813286
Ba,Ibrahima,1994-06-30,m,776325258
Sow,Mariama,1968-12-25,f,706278110
Kane,Ibrahima,1952-06-10,m,705667741
Sarr,Khady,1955-09-23,f,779182034
Sow,Mariama,2005-05-21,f,762606463
Diallo,Awa,1976-07-06,f,784564020
Faye,Cheikh,1977-10-18,m,763825042
Gueye,Mariama,1958-05-20,f,774530949
Faye,Fatou,2011-07-31,f,784414968
Sy,Moussa,1979-08-29,m,783696666
Gueye,Awa,1957-04-16,f,769707971
Diop,Mariama,1984-08-13,f,774140422
Diallo,Mariama,1973-01-18,f,765772669
Sow,Mamadou,1952-11-21,m,782232859
Ba,Khady,1954-11-29,f,768728174
Diallo,Cheikh,1965-11-14,m,787676612
Diop,Ibrahima,1952-12-19,m,762577771
Ndiaye,Abdoulaye,1997-11-12,m,788514788
Diallo,Khady,2022-06-01,f,768050554
Diallo,Khady,1992-12-13,f,787529950
Gueye,Abdoulaye,1945-01-22,m,788947005
Diop,Fatou,1984-03-24,f,702180946
Gueye,Aminata,2009-07-13,f,771051128
Sarr,Ibrahima,1992-09-07,m,787553230
Gueye,Abdoulaye,1998-03-03,m,704182817
Fall,Khady,1999-01-11,f,789364442
Ndiaye,Fatou,1943-07-23,f,770218043
Diop,Ousmane,1995-01-29,m,782401109
Diallo,Moussa,2001-05-31,m,788060796
Diop,Aminata,1992-08-10,f,706255388
Diallo,Ibrahima,1957-12-27,m,769373099
Sarr,Moussa,1989-03-15,m,782680295
Sow,Ibrahima,1991-01-30,m,762158553
Sy,Mamadou,1972-08-05,m,780995945
Ba,Mariama,2011-09-20,f,785720703
Diop,Moussa,1966-12-13,m,705223816
Diop,Khady,1947-06-26,f,768733627
Diallo,Aminata,1982-01-15,f,765428165
Sarr,Abdoulaye,1988-08-12,m,761641478
Diop,Mamadou,2016-08-26,m,779783897
Diop,Mariama,1976-08-14,f,700396395
Diallo,Aminata,1983-09-09,f,785108380
Sow,Ousmane,1974-07-31,m,768512492
Kane,Awa,2017-08-23,f,705714614
Gueye,Ibrahima,2019-01-20,m,781045733
Sow,Aminata,1968-07-18,f,768181016
Ndiaye,Oumar,1986-02-26,m,763310407
Ba,Oumar,1961-07-17,m,702530976
Sarr,Moussa,1982-10-14,m,786629796
Ndiaye,Moussa,1993-08-17,m,774252181
Fall,Abdoulaye,1943-06-02,m,768523336
Diop,Ousmane,2000-07-04,m,783449948
Sarr,Mariama,1987-05-04,f,784936601
Fall,Awa,2002-12-25,f,707593296
Ba,Fatou,1953-06-12,f,789181270
Diop,Aminata,1999-02-27,f,783138539
Kane,Cheikh,2021-03-21,m,709872583
Diallo,Ibrahima,1990-12-01,m,778373748
Faye,Aminata,1965-02-27,f,780295931
Gueye,Awa,2015-06-07,f,769902027
Sarr,Ibrahima,1998-07-24,m,766160050
Sy,Cheikh,2023-07-02,m,762300172
Sy,Aminata,1945-01-22,f,703264170
Diallo,Cheikh,1963-03-31,m,702972453
Sy,Ousmane,1958-04-24,m,761622742
Sy,Awa,2003-09-09,f,784475283
Sarr,Mariama,1971-06-20,f,708155906
Sy,Mariama,1995-05-03,f,780352784
Sarr,Cheikh,1957-08-05,m,769778291
Gueye,Khady,1941-03-20,f,780898882
Fall,Awa,2003-08-03,f,700752737
Faye,Moussa,2001-04-18,m,706062493
Sow,Fatou,1971-07-24,f,764482524
Gueye,Abdoulaye,1950-11-12,m,774349669
Faye,Cheikh,1948-06-06,m,774601707
Faye,Cheikh,1988-12-04,m,767985009
Ba,Moussa,2012-04-05,m,766469620
Kane,Ousmane,1998-08-07,m,788463404
Sarr,Khady,2005-04-08,f,782101276
Sow,Aminata,1993-01-29,f,787126488
Ndiaye,Mariama,2007-11-19,f,704939592
Sy,Mamadou,1982-03-08,m,708729173
Sy,Awa,2001-05-30,f,783887100
Sy,Cheikh,1967-09-12,m,783820622
Faye,Awa,1974-05-23,f,776070434
Diop,Oumar,2023-06-21,m,764930898
Ndiaye,Oumar,1995-09-22,m,783612897
Diallo,Moussa,1947-03-23,m,774316293
Sarr,Cheikh,1958-10-28,m,789924830
Sarr,Mariama,2016-04-11,f,772574999
Sy,Moussa,1993-10-29,m,709690576
Ndiaye,Ibrahima,1946-07-19,m,775191344
Kane,Aminata,1948-03-11,f,775690842
Ba,Khady,1959-02-20,f,770470530
Diop,Oumar,1977-05-15,m,787524736
Diallo,Mamadou,1973-05-23,m,763494805
Sow,Abdoulaye,1948-11-23,m,702901417
Sarr,Oumar,1947-04-20,m,764067130
Diallo,Mariama,2011-07-09,f,783288127
Sy,Aminata,1999-03-31,f,781768142
Diallo,Mariama,2001-06-11,f,777267464
Faye,Mamadou,1961-09-20,m,771251057
Fall,Ousmane,2002-11-29,m,774758785
Kane,Awa,1953-05-07,f,707216902
Sarr,Mamadou,2015-11-20,m,700018821
Ndiaye,Awa,1982-08-04,f,777363877
Faye,Cheikh,1976-06-04,m,767416988
Faye,Moussa,2005-10-07,m,785918120
Sarr,Mariama,1993-08-05,f,768776726
Ndiaye,Ibrahima,2019-07-23,m,783461868
Sow,Ibrahima,1969-05-10,m,705736620
Sarr,Awa,1991-08-08,f,765741929
Kane,Awa,1978-10-13,f,760419500
Diallo,Aminata,1987-10-12,f,788472381
Diallo,Awa,1995-11-23,f,777721651
Kane,Mamadou,1971-03-29,m,764609319
Gueye,Abdoulaye,2020-02-21,m,708223943
Ndiaye,Fatou,1954-01-27,f,766595260
Diop,Fatou,1989-01-29,f,769304578
Kane,Aminata,1942-06-18,f,783400926
Sy,Oumar,1959-04-22,m,701028287
Sow,Mamadou,2009-07-19,m,774941471
Fall,Cheikh,1960-10-10,m,784924529
Diallo,Khady,2006-08-22,f,771814493
Faye,Khady,1970-09-25,f,702063027
Sow,Abdoulaye,1984-01-31,m,775561015
Gueye,Cheikh,2011-03-06,m,763912308
Sarr,Awa,1963-05-20,f,776551252
Ba,Cheikh,2007-03-05,m,703010035
Ba,Khady,1999-05-06,f,702352330
Sarr,Ibrahima,1974-03-27,m,769653483
Kane,Khady,1980-10-19,f,765307637
Ba,Khady,2019-04-10,f,784422854
Diop,Cheikh,1965-02-24,m,707447449
Sarr,Aminata,1967-08-09,f,709596875
Faye,Khady,1946-09-14,f,771568376
Fall,Aminata,1964-02-05,f,779396373
Fall,Moussa,1979-07-15,m,789094154
Sow,Fatou,2008-09-21,f,771814895
Sarr,Ibrahima,1956-01-20,m,781926823
Gueye,Khady,1988-06-05,f,783921125
Kane,Awa,2010-01-08,f,763437688
Kane,Fatou,1948-05-31,f,701301723
Diallo,Khady,1943-09-18,f,706217546
Sarr,Aminata,1972-01-11,f,788260810
Sy,Abdoulaye,1989-06-30,m,784201639
Faye,Cheikh,1974-07-14,m,781068767
Kane,Awa,1957-10-10,f,761526067
Gueye,Mamadou,1993-02-05,m,704148219
Diop,Mamadou,1993-10-19,m,787835993
Sy,Ousmane,1978-03-22,m,762289403
Fall,Khady,1996-11-10,f,789090998
Gueye,Mariama,1972-10-05,f,787836788
Diallo,Aminata,1979-07-29,f,785837081
Kane,Moussa,2020-07-25,m,705736696
Sarr,Aminata,1987-07-15,f,703045231
Ndiaye,Abdoulaye,2007-12-08,m,778324472
Ba,Fatou,1995-05-16,f,783117616
Ba,Mariama,2006-06-27,f,701207721
Diallo,Mamadou,1959-10-19,m,779438447
Sy,Cheikh,2018-01-03,m,767887466
Sarr,Fatou,1956-10-25,f,779916625
Diallo,Mariama,1983-07-14,f,709153696
Diop,Abdoulaye,1942-07-20,m,761525086
Fall,Ousmane,1960-08-11,m,784947768
Ba,Awa,2023-11-20,f,765954180
Diallo,Oumar,1957-01-12,m,774208371
Ndiaye,Cheikh,1949-06-21,m,702490476
Diallo,Fatou,1962-04-14,f,706975191
Diallo,Awa,2018-08-11,f,775572302
Kane,Ibrahima,1952-12-10,m,769845098
Diallo,Khady,2009-04-11,f,780515011
Gueye,Cheikh,2017-04-06,m,789833283
Sarr,Abdoulaye,1972-05-08,m,706016341
Kane,Moussa,2015-09-25,m,785594759
Diallo,Awa,1980-01-25,f,701634082
Faye,Mamadou,2015-11-25,m,778013079
Sow,Aminata,2018-06-08,f,707876930
Sarr,Ibrahima,1942-03-06,m,779392302
Fall,Mariama,2011-01-31,f,770537482
Sarr,Mamadou,2005-09-12,m,788979399
Sow,Abdoulaye,2008-01-04,m,784564691
Faye,Ibrahima,1958-03-09,m,780358054
Gueye,Cheikh,2005-11-02,m,782725763
Diop,Mamadou,1989-06-02,m,708510617
Kane,Awa,1946-10-13,f,772762847
Fall,Cheikh,1985-07-08,m,769436091
Sarr,Ibrahima,1946-02-16,m,767024761
Sow,Moussa,1943-09-01,m,702304172
Sarr,Aminata,2004-05-25,f,708385482
Sarr,Moussa,1988-07-01,m,773556132
Faye,Khady,2012-09-26,f,788144215
Ba,Mariama,1960-10-25,f,786185504
Gueye,Cheikh,1991-07-03,m,779147846
Fall,Moussa,1999-03-23,m,703004248
Sarr,Khady,1994-06-14,f,778954789
Fall,Fatou,2005-05-11,f,787083644
Fall,Abdoulaye,1980-10-21,m,764337785
Sow,Mariama,2003-09-17,f,762316171
Diallo,Aminata,1991-10-12,f,774567680
Ba,Moussa,1977-02-19,m,782844284
Faye,Awa,1996-09-04,f,709944388
Kane,Awa,2020-10-11,f,709799032
Sy,Oumar,1948-09-21,m,773494367
Sow,Oumar,1958-06-05,m,774344872
Gueye,Abdoulaye,2008-08-30,m,766018192
Faye,Aminata,1946-02-02,f,785637900
Sow,Fatou,1984-11-26,f,709807814
Faye,Awa,1980-06-18,f,705189110
Diallo,Khady,1952-02-10,f,708435519
Ndiaye,Abdoulaye,1940-06-16,m,760629474
Ndiaye,Aminata,1979-06-02,f,784198644
Sarr,Oumar,2012-03-30,m,786541613
Diallo,Cheikh,1987-02-25,m,788895911
Kane,Awa,2014-04-20,f,705328196
Fall,Mariama,2014-03-03,f,784365873
Diallo,Aminata,1999-12-28,f,783142272
Sy,Aminata,2009-10-29,f,767019594
Sarr,Aminata,1990-06-19,f,700336626
Diop,Awa,1988-11-18,f,781923764
Kane,Khady,2022-11-17,f,704323919
Faye,Oumar,2011-10-10,m,772689361
Ndiaye,Oumar,1989-02-13,m,768948394
Sy,Aminata,1960-11-09,f,789163456
Gueye,Mariama,1946-04-05,f,765479207
Fall,Aminata,1968-12-30,f,707610316
Ba,Aminata,1970-06-07,f,773040538
Ba,Ibrahima,1984-08-19,m,702842759
Sarr,Cheikh,1951-04-14,m,700691371
Sow,Khady,1951-03-10,f,769821068
Ndiaye,Aminata,1978-11-13,f,789128369
Gueye,Aminata,1943-05-13,f,763941162
Fall,Khady,1970-07-25,f,789544858
Diop,Fatou,1964-02-04,f,785301709
Diop,Fatou,1984-01-12,f,777125582
Gueye,Mariama,2018-07-12,f,763016515
Diallo,Khady,2001-04-16,f,775911183
Sow,Khady,1964-11-14,f,763075481
Diallo,Oumar,1959-06-05,m,781515690
Faye,Abdoulaye,1944-09-29,m,773522320
Sarr,Moussa,1994-05-23,m,770044583
Diallo,Aminata,1980-11-22,f,767279381
Faye,Aminata,2010-05-01,f,760958857
Kane,Khady,1953-09-14,f,769533407
Sow,Ibrahima,1964-11-29,m,788003841
Diop,Khady,2019-02-06,f,760189926
Diallo,Awa,1962-08-04,f,779397044
Ba,Aminata,1981-04-14,f,763561877
Diallo,Khady,1990-03-16,f,765640064
Faye,Awa,1972-03-24,f,708657744
Gueye,Mariama,1957-10-17,f,704589633
Fall,Aminata,1990-06-23,f,777503384
Ba,Mariama,1991-12-30,f,766719373
Ndiaye,Awa,1961-03-26,f,777386459
Diallo,Ousmane,1968-07-23,m,774384430
Sow,Oumar,1978-05-07,m,770077140
Fall,Aminata,1995-09-14,f,776997627
Diop,Cheikh,2015-06-29,m,783165636
Ndiaye,Oumar,1942-08-18,m,702650027
Gueye,Mariama,1977-08-16,f,765043854
Sy,Cheikh,2004-01-31,m,785706782
Fall,Mamadou,1953-07-04,m,787025570
Kane,Awa,1942-09-02,f,785822972
Gueye,Ibrahima,2021-12-26,m,764256425
Kane,Ibrahima,1975-11-16,m,782241492
Sow,Ibrahima,2022-08-16,m,760423858
Sy,Ibrahima,2011-02-08,m,783774115
Sy,Mamadou,2018-05-17,m,703598756
Sow,Khady,1986-07-02,f,775152263
Sy,Khady,2013-07-28,f,783383816
Fall,Oumar,1976-12-30,m,783974044
Gueye,Ibrahima,1983-05-12,m,709271708
Sow,Mamadou,1978-01-23,m,763733900
Ba,Awa,1995-05-03,f,769053290
Sarr,Fatou,2004-10-11,f,764903862
Diop,Moussa,2006-10-16,m,767198406
Ndiaye,Cheikh,2020-01-02,m,761531665
Fall,Aminata,2020-02-11,f,770686059
Diop,Mamadou,2003-03-31,m,766130989
Sy,Khady,1977-09-15,f,788412441
Gueye,Ibrahima,1956-04-03,m,783266557
Sarr,Fatou,2005-07-18,f,766214197
Sarr,Mariama,2000-11-11,f,700370302
Diallo,Khady,2004-03-05,f,776594783
Fall,Moussa,1963-02-21,m,781486262
Kane,Khady,1952-08-11,f,701183518
Ba,Khady,1951-06-20,f,780528664
Fall,Awa,1977-08-22,f,786709131
Sow,Mariama,2018-09-02,f,700339673
Ndiaye,Mamadou,1972-10-07,m,782234485
Faye,Aminata,1999-08-04,f,781125356
Faye,Aminata,2000-04-05,f,705665763
Sarr,Ousmane,1954-12-29,m,776248549
Ndiaye,Mamadou,1991-09-08,m,707521521
Ba,Aminata,1982-02-18,f,760957595
Ndiaye,Aminata,1970-06-28,f,708387207
Ndiaye,Ousmane,2013-07-04,m,764468321
Diop,Ibrahima,2019-01-20,m,785723894
Ba,Ibrahima,1987-02-03,m,775043878
Ba,Awa,2016-01-23,f,776593273
Diallo,Fatou,1947-03-29,f,775504265
Diallo,Awa,1953-12-01,f,778548030
Sy,Oumar,2023-08-27,m,709108547
Sarr,Fatou,2022-04-19,f,787970723
Diop,Moussa,1984-07-09,m,782452330
Ndiaye,Ibrahima,2015-03-27,m,760655273
Gueye,Abdoulaye,2019-04-11,m,706555936
Gueye,Khady,2013-01-15,f,778669157
Sarr,Oumar,1954-07-02,m,765432391
Kane,Moussa,1940-02-09,m,786402689
Faye,Cheikh,2004-10-30,m,774600613
Diallo,Ibrahima,1997-08-29,m,764351221
Sy,Cheikh,2017-07-18,m,768637711
Diallo,Khady,2005-07-19,f,783411758
Fall,Aminata,1985-01-31,f,770157312
Sarr,Fatou,2003-10-19,f,706416044
Faye,Cheikh,2019-06-03,m,777387498
Fall,Oumar,1964-12-02,m,761911516
Sow,Mamadou,1954-03-07,m,783410591
Fall,Ibrahima,1945-07-07,m,700230053
Fall,Ousmane,2015-06-01,m,765564579
Sarr,Oumar,1978-06-04,m,789454032
Sy,Mariama,1947-11-01,f,772564955
Diallo,Mamadou,1958-04-01,m,705534533
Sy,Oumar,2000-11-11,m,776441074
Sy,Moussa,1991-04-30,m,706082392
Sow,Khady,1982-11-21,f,767590027
Sow,Ousmane,1970-03-10,m,789229846
Diallo,Ibrahima,1943-07-08,m,781314124
Sy,Mariama,1966-10-20,f,772320152
Sarr,Moussa,2007-07-07,m,787073902
Ba,Mamadou,2011-11-07,m,709054757
Ba,Oumar,2017-02-02,m,766044461
Fall,Mamadou,1951-09-25,m,772783870
Ba,Abdoulaye,2018-06-29,m,774927962
Ndiaye,Mariama,1953-10-14,f,760359494
Diallo,Awa,1977-10-26,f,704973699
Faye,Ibrahima,1971-11-06,m,785974796
Faye,Mariama,2001-08-26,f,764144966
Kane,Abdoulaye,2007-02-01,m,788238899
Faye,Awa,1953-04-24,f,781225014
Sow,Mamadou,1985-09-25,m,774768245
Diallo,Khady,2016-09-23,f,781704877
Faye,Fatou,1970-12-25,f,769023686
Ndiaye,Ousmane,2022-09-15,m,771789481
Diop,Mariama,1963-03-04,f,705566530
Ndiaye,Aminata,1978-05-11,f,774754608
Fall,Mariama,1979-06-15,f,785874597
Sy,Awa,1973-02-08,f,703893925
Diallo,Moussa,1975-02-21,m,707159406
Diallo,Fatou,1986-03-17,f,786687681
Kane,Mamadou,1968-05-27,m,761917371
Diallo,Awa,1975-11-27,f,775881033
Fall,Oumar,1966-03-09,m,707920389
Sow,Mamadou,2002-08-07,m,772776188
Ndiaye,Aminata,1992-02-15,f,766644799
Sow,Ibrahima,1945-02-06,m,767106756
Ndiaye,Fatou,1946-08-23,f,777860537
Sy,Fatou,1959-05-10,f,761733952
Fall,Cheikh,1991-08-06,m,704213849
Sy,Awa,1993-09-03,f,786426882
Kane,Oumar,1986-08-09,m,779388877
Sarr,Aminata,2022-09-20,f,766811602
Gueye,Fatou,1942-06-04,f,785389946
Ba,Ibrahima,1950-12-16,m,709470586
Fall,Khady,2019-05-27,f,768913674
Ndiaye,Khady,1993-01-24,f,784971104
Kane,Khady,1997-07-22,f,705730865
Faye,Aminata,1991-03-23,f,787707102
Kane,Aminata,1977-01-03,f,784662154
Diop,Mamadou,2019-10-14,m,774254538
Gueye,Moussa,1969-12-08,m,766124722
Sy,Khady,1942-09-04,f,704541742
Diop,Aminata,2016-01-20,f,764854333
Diop,Moussa,2002-08-21,m,782877777
Kane,Fatou,1971-10-25,f,787200243
Gueye,Awa,1974-03-12,f,783236590
Sow,Ousmane,1991-10-29,m,771096282
Sarr,Mariama,1984-01-10,f,764446615
Fall,Cheikh,1992-06-17,m,704655001
Ndiaye,Moussa,1997-05-15,m,782972374
Sy,Khady,2023-10-23,f,785298462
Diop,Mariama,2022-04-28,f,702947019
Faye,Ousmane,1989-12-26,m,770626031
Ba,Khady,1978-07-26,f,761186313
Ndiaye,Mariama,1992-10-16,f,781850434
Kane,Mariama,1946-03-16,f,762333828
Gueye,Ousmane,2015-04-27,m,778287524
Fall,Cheikh,1956-07-18,m,773438235
Sy,Cheikh,1951-12-02,m,773308434
Sow,Fatou,1954-06-30,f,769215328
Sarr,Oumar,2020-07-05,m,786086070
Faye,Cheikh,1984-10-23,m,773116791
Kane,Ibrahima,1957-07-22,m,709834061
Fall,Ibrahima,1952-07-18,m,778480865
Gueye,Moussa,1966-12-02,m,774990098
Sarr,Awa,2013-09-16,f,700789544
Ba,Cheikh,1986-02-13,m,704055311
Fall,Ousmane,1978-08-16,m,765968104
Gueye,Mariama,2021-04-09,f,709124152
Diallo,Cheikh,2006-12-01,m,762014003
Ndiaye,Cheikh,2000-06-05,m,705041855
Kane,Cheikh,1940-02-14,m,706268324
Diallo,Moussa,2009-06-06,m,774165998
Diallo,Fatou,1993-08-28,f,787418729
Diop,Aminata,1954-10-25,f,769257796
Diallo,Ousmane,2011-10-11,m,765789888
Diop,Mariama,1994-09-10,f,786333279
Ndiaye,Mariama,2005-08-08,f,705119854
Kane,Oumar,2013-05-12,m,761212689
Diop,Fatou,2010-11-07,f,778827478
Ba,Abdoulaye,2015-07-06,m,706612872
Diop,Abdoulaye,1966-07-29,m,779186760
Ba,Ousmane,1972-01-04,m,767383306
Sarr,Awa,2023-04-14,f,769440449
Ba,Khady,2016-12-27,f,774070239
Kane,Abdoulaye,1946-09-17,m,784080505
Sarr,Fatou,2022-08-02,f,771775514
Ndiaye,Khady,1982-01-10,f,765361496
Sow,Abdoulaye,1948-11-05,m,708281302
Gueye,Mamadou,1979-12-24,m,709306794
Diop,Mariama,1960-07-14,f,767149548
Sy,Moussa,2000-01-24,m,703570365
Sarr,Moussa,1958-05-25,m,765262605
Sy,Ibrahima,2007-09-21,m,707760866
Ba,Ousmane,1976-02-10,m,775797067
Ndiaye,Cheikh,2023-05-09,m,707235316
Sarr,Cheikh,1997-01-05,m,771848364
Kane,Fatou,2013-02-17,f,705965734
Sow,Oumar,1957-12-30,m,787811143
Diallo,Awa,1999-09-26,f,768983197
Sow,Awa,1985-11-29,f,762731881
Kane,Ibrahima,1976-04-06,m,767522482
Sow,Aminata,2005-03-23,f,766337974
Diop,Mariama,1993-10-17,f,709368995
Ba,Ousmane,1981-05-13,m,761193754
Diop,Fatou,2022-06-16,f,760421078
Kane,Fatou,1951-03-05,f,764115385
Diop,Abdoulaye,1944-11-22,m,705944660
Ndiaye,Oumar,1996-12-23,m,700471505
Fall,Mamadou,2017-10-26,m,763069784
Sy,Ibrahima,1960-10-20,m,705607018
Sy,Moussa,2009-05-14,m,778836874
Faye,Aminata,2019-05-12,f,782199948
Sy,Oumar,2015-11-11,m,789009310
Sarr,Oumar,1986-09-15,m,770171619
Diop,Awa,1981-09-28,f,707233006
Faye,Awa,1951-05-23,f,707872274
Ndiaye,Oumar,1992-08-22,m,772686691
Diop,Khady,1959-02-21,f,771510840
Kane,Aminata,1951-03-06,f,777683218
Sy,Mamadou,2012-10-08,m,779989916
Faye,Oumar,1999-11-18,m,761242267
Ba,Fatou,2008-08-15,f,775657351
Gueye,Mamadou,1943-09-13,m,767261243
Diop,Mamadou,2023-03-12,m,707217148
Diallo,Oumar,1999-02-09,m,786213580
Sow,Aminata,1984-07-29,f,762420232
Diallo,Mamadou,1961-06-11,m,770337283
Sy,Mariama,2003-06-15,f,706959619
Sarr,Oumar,1984-06-08,m,780270274
Ba,Ibrahima,1958-12-19,m,700861276
Sow,Khady,1942-07-25,f,762155481
Diallo,Moussa,2000-03-03,m,769182751
Ba,Mamadou,2013-06-10,m,779958005
Fall,Awa,1976-02-20,f,786628432
Kane,Khady,2014-03-14,f,770427871
Diop,Abdoulaye,1977-09-01,m,762431736
Gueye,Ousmane,1957-05-29,m,705169982
Ba,Awa,1969-11-25,f,766220617
Sarr,Oumar,1970-08-24,m,781522380
Sarr,Awa,2012-12-06,f,771708761
Ndiaye,Khady,1962-10-28,f,784272589
Ba,Mamadou,1944-11-08,m,783726762
Gueye,Mamadou,1971-06-20,m,783859157
Diop,Cheikh,1997-08-24,m,787557300
Ndiaye,Fatou,2014-05-19,f,781785978
Kane,Ousmane,1952-06-20,m,784426495
Ndiaye,Ibrahima,1962-07-25,m,765509681
Diop,Mamadou,2014-10-22,m,774413812
Gueye,Mamadou,1963-07-27,m,709251701
Diallo,Khady,2021-11-24,f,789624200
Kane,Mariama,1956-08-01,f,781857448
Diallo,Cheikh,1980-08-30,m,704905724
Sy,Abdoulaye,1979-04-21,m,782609308
Sy,Ibrahima,1946-09-27,m,708394295
Ndiaye,Mariama,2011-03-03,f,776072994
Diop,Mamadou,2000-04-24,m,775931418
Sarr,Fatou,1991-11-04,f,775385791
Diop,Mariama,1947-03-09,f,706052700
Sarr,Oumar,1953-06-16,m,784617284
Ndiaye,Mariama,1974-12-20,f,760771603
Faye,Fatou,1960-04-16,f,777316504
Diallo,Khady,2011-02-18,f,761018475
Diallo,Mariama,1964-04-18,f,769140762
Sow,Fatou,1984-11-06,f,762586321
Fall,Moussa,1964-02-17,m,771667411
Sy,Cheikh,2007-06-21,m,708862260
Fall,Awa,1978-11-20,f,701501159
Ndiaye,Khady,2006-03-23,f,709357192
Kane,Moussa,1964-11-19,m,785502094
Sarr,Khady,1995-05-23,f,706266258
Diallo,Oumar,1969-02-27,m,704104417
Sarr,Awa,1956-01-22,f,769798453
Ndiaye,Moussa,1980-06-03,m,772087334
Fall,Ibrahima,1987-12-05,m,773284549
Sy,Abdoulaye,1991-08-23,m,709175481
Sy,Fatou,1986-06-28,f,768198328
Fall,Mariama,1997-05-25,f,789846166
Gueye,Ousmane,1972-09-01,m,779562590
Kane,Cheikh,2001-06-21,m,786566783
Sow,Awa,2006-10-24,f,703658208
Ba,Abdoulaye,2022-06-06,m,775994839
Fall,Ousmane,1980-01-30,m,705682314
Sow,Moussa,1940-02-02,m,766234169
Ndiaye,Mariama,2008-12-08,f,778301760
Sarr,Ousmane,1940-09-23,m,705607805
Fall,Ousmane,1972-09-19,m,773700777
Sy,Mamadou,1981-04-08,m,768170386
Sarr,Aminata,1969-01-23,f,773805623
Sarr,Ousmane,1984-09-08,m,764369390
Sarr,Ibrahima,1946-09-02,m,707152012
Ndiaye,Aminata,1975-05-21,f,769985368
Kane,Aminata,1958-03-01,f,766398868
Sow,Awa,1966-09-25,f,763679399
Kane,Ibrahima,1969-01-31,m,767663024
Sy,Abdoulaye,1999-11-15,m,774198163
Diop,Khady,2012-09-01,f,702758802
Gueye,Mariama,1975-02-28,f,702901465
Sow,Mamadou,1977-01-29,m,706741353
Diop,Ousmane,2007-04-03,m,765379500
Gueye,Cheikh,1986-08-24,m,783043052
Ba,Mariama,1984-09-20,f,771244085
Diop,Ibrahima,1972-09-18,m,779457514
Diallo,Moussa,1993-11-26,m,708966705
Diop,Ibrahima,1995-05-19,m,772792204
Sy,Awa,1962-03-22,f,703694457
Sarr,Mariama,2017-06-18,f,783544719
Diallo,Moussa,1942-04-24,m,785039764
Faye,Aminata,1969-04-13,f,785999743
Sy,Oumar,1995-09-06,m,700750071
Sy,Ibrahima,1951-09-11,m,774292218
Sy,Ousmane,1960-01-11,m,779058534
Gueye,Khady,1944-11-07,f,703180566
Sy,Abdoulaye,1944-02-12,m,709254435
Sy,Abdoulaye,2020-11-07,m,702661584
Faye,Mariama,1989-02-23,f,763407946
Faye,Awa,2010-09-24,f,777022247
Sow,Mamadou,1942-10-13,m,762544311
Gueye,Moussa,1968-03-28,m,762734669
Diallo,Khady,1999-07-11,f,786973517
Sow,Moussa,1973-01-15,m,783916648
Sow,Abdoulaye,2023-11-29,m,760780724
Kane,Moussa,1961-06-05,m,701690752
Fall,Khady,2012-02-11,f,705794747
Sow,Ibrahima,1980-01-13,m,783235529
Kane,Abdoulaye,1956-04-16,m,704964258
Fall,Aminata,2017-11-16,f,775055203
Fall,Ousmane,1975-09-30,m,784160857
Sow,Ousmane,1970-10-19,m,789336027
Fall,Abdoulaye,1995-10-12,m,771343349
Sarr,Awa,1964-03-23,f,700083498
Kane,Awa,1942-07-01,f,778767669
Ba,Awa,1991-03-23,f,700129599
Diop,Fatou,2023-08-28,f,776359678
Kane,Aminata,1992-01-07,f,780982979
Diop,Oumar,1997-08-06,m,709794045
Diallo,Aminata,1942-08-23,f,764596192
Kane,Fatou,2008-05-25,f,707799955
Ba,Cheikh,1948-05-26,m,779530483
Sy,Cheikh,2013-06-24,m,784648011
Ndiaye,Mariama,2017-03-18,f,778814985
Diop,Moussa,2002-08-27,m,782355697
Diallo,Awa,1970-05-09,f,778408618
Gueye,Khady,2012-03-22,f,706517033
Kane,Ousmane,1989-07-06,m,781917967
Ndiaye,Cheikh,1988-10-21,m,779355660
Diop,Abdoulaye,1958-06-11,m,763937668
Ndiaye,Ibrahima,1987-11-25,m,764270911
Diallo,Mariama,1950-03-07,f,760250499
Sarr,Awa,2014-10-05,f,776096387
Sarr,Abdoulaye,1994-10-24,m,785319280
Kane,Khady,2003-07-15,f,706828615
Kane,Cheikh,2014-04-17,m,704411446
Sarr,Cheikh,1957-09-29,m,788551604
Sow,Ibrahima,1972-05-19,m,763843884
Ba,Mamadou,1970-09-14,m,786587103
Sarr,Aminata,1979-05-28,f,788055219
Gueye,Khady,2009-11-22,f,764975134
Diop,Awa,1991-11-15,f,778397933
Faye,Fatou,2000-11-25,f,780583970
Faye,Khady,1991-11-06,f,785795400
Diallo,Awa,1984-05-14,f,707271813
Diallo,Aminata,1962-04-24,f,785946143
Sow,Oumar,1954-12-06,m,700606796
Diallo,Mamadou,1982-08-27,m,769529329
Sow,Mariama,1997-06-30,f,704856451
Kane,Oumar,1998-07-16,m,778403039
Sarr,Ibrahima,1976-03-04,m,788914137
Sow,Khady,1954-02-16,f,709138845
Sow,Cheikh,1991-03-05,m,775890209
Fall,Awa,1986-03-15,f,784964883
Sarr,Mariama,1959-10-11,f,760075986
Diop,Cheikh,1965-07-21,m,708974845
Faye,Oumar,2014-10-31,m,770748982
Ba,Khady,1968-07-11,f,778058365
Gueye,Mariama,2004-10-02,f,767031392
Kane,Mariama,2007-03-02,f,781638682
Diop,Mamadou,1976-10-08,m,777445527
Ndiaye,Mamadou,1955-03-20,m,709029593
Sow,Mamadou,1961-12-01,m,775146691
Sy,Oumar,1978-06-11,m,765034189
Ndiaye,Mariama,1996-05-31,f,768892674
Faye,Aminata,1978-10-22,f,773864765
Kane,Mamadou,2021-06-24,m,786792551
Ba,Aminata,2023-06-04,f,779790934
Diallo,Cheikh,1941-02-19,m,782785432
Ba,Ousmane,1985-03-24,m,776706008
Diop,Aminata,2008-09-30,f,760208966
Fall,Cheikh,1944-10-09,m,778936200
Faye,Oumar,1958-09-02,m,787351934
Fall,Moussa,1984-02-20,m,706270639
Sarr,Fatou,1943-04-02,f,707887299
Sow,Mariama,2000-02-19,f,778751741
Fall,Aminata,1942-03-24,f,701982663
Diallo,Ibrahima,1981-10-23,m,706662960
Ndiaye,Fatou,1994-01-21,f,701884199
Ndiaye,Abdoulaye,1984-11-21,m,786633979
Faye,Awa,2000-09-02,f,760000810
Diallo,Khady,1986-01-06,f,788621272
Ba,Awa,2012-06-11,f,783434822
Sarr,Mamadou,1971-02-12,m,762587506
Fall,Khady,1980-10-16,f,781388226
Ndiaye,Awa,1941-12-27,f,775440652
Kane,Ibrahima,2004-05-10,m,789875873
Sow,Fatou,2021-12-11,f,787323693
Faye,Ousmane,2013-12-08,m,785428070
Ba,Moussa,1950-07-15,m,707350618
Sarr,Ibrahima,2002-08-12,m,777779045
Sy,Ousmane,2014-07-05,m,767820031
Diop,Oumar,1958-12-15,m,781892868
Gueye,Mamadou,2006-02-10,m,781958171
Sy,Mariama,2012-04-20,f,703519949
Diallo,Aminata,1957-05-07,f,708964624
Kane,Moussa,1983-08-28,m,763501844
Fall,Khady,1993-01-27,f,704995158
Kane,Cheikh,1955-03-23,m,774553060
Gueye,Ibrahima,1987-03-21,m,781711896
Kane,Abdoulaye,1954-05-03,m,786166977
Sow,Awa,1955-07-19,f,777054157
Diop,Abdoulaye,2000-01-03,m,773323413
Sow,Oumar,2014-07-15,m,780315028
Sarr,Awa,1960-10-21,f,781900302
Fall,Awa,1950-01-05,f,773331285
Ndiaye,Aminata,2007-12-25,f,702816109
Faye,Mamadou,1990-11-19,m,789081720
Ba,Mamadou,1969-09-01,m,772675971
Diallo,Aminata,1941-10-13,f,781930673
Diallo,Oumar,2015-10-02,m,773480673
Kane,Moussa,1988-12-04,m,700650670
Sy,Mariama,1948-06-30,f,774591409
Ba,Ibrahima,2006-06-24,m,778733089
Ndiaye,Mariama,2015-08-17,f,709407674
Ndiaye,Abdoulaye,2013-07-23,m,768704513
Diop,Oumar,2011-01-28,m,770392399
Fall,Mariama,1995-04-17,f,709957552
Sow,Oumar,1974-02-02,m,764516332
Sarr,Oumar,1966-01-21,m,706530138
Ndiaye,Oumar,1998-11-27,m,774525409
Sarr,Ousmane,1971-06-22,m,709237656
Fall,Mamadou,2022-03-14,m,769514778
Diop,Cheikh,1958-08-05,m,700977888
Diop,Abdoulaye,1952-05-06,m,706609373
Ndiaye,Khady,1978-04-11,f,700482760
Sarr,Moussa,2019-08-30,m,772965880
Kane,Khady,1972-02-16,f,778548949
Ndiaye,Moussa,2013-10-09,m,708340437
Ndiaye,Ousmane,2023-10-15,m,771041777
Faye,Fatou,2013-02-21,f,788152202
Diallo,Moussa,2016-09-10,m,773878334
Fall,Khady,1995-02-26,f,784327030
Ba,Mariama,1976-03-31,f,762176001
Kane,Mamadou,1999-09-11,m,777552991
Kane,Oumar,2010-07-29,m,776818344
Kane,Fatou,1999-11-30,f,770168856
Sarr,Mariama,1954-06-06,f,780045403
Ba,Cheikh,1961-12-25,m,785206064
Faye,Fatou,1946-05-06,f,705195611
Diallo,Cheikh,1956-12-06,m,770921849
Sy,Awa,1947-06-14,f,705550205
Ba,Cheikh,1951-05-18,m,700944769
Ba,Cheikh,1944-08-06,m,781579260
Sy,Moussa,1959-12-31,m,767125023
Faye,Mamadou,1967-08-26,m,779003556
Sarr,Mamadou,2014-01-03,m,769978412
Gueye,Cheikh,1992-07-12,m,703476587
Kane,Fatou,1955-09-25,f,705854157
Gueye,Cheikh,1950-03-28,m,789317808
Sarr,Moussa,1964-04-23,m,702102067
Fall,Aminata,1990-03-05,f,702900808
Sarr,Abdoulaye,1967-12-29,m,761450389
Diallo,Awa,1957-07-09,f,779898926
Kane,Cheikh,1967-10-31,m,764516090
Sow,Oumar,2021-07-19,m,776206593
Gueye,Abdoulaye,1975-06-14,m,761547027
Diallo,Mariama,1991-04-24,f,708961633
Ba,Awa,1967-07-28,f,775556838
Ndiaye,Awa,1998-02-11,f,704890855
Kane,Awa,1994-02-19,f,786907244
Ndiaye,Fatou,2009-10-05,f,777812495
Fall,Moussa,1992-11-08,m,762708899
Diop,Mariama,2000-10-06,f,773510107
Gueye,Abdoulaye,1976-06-29,m,761368368
Sy,Awa,1995-04-15,f,769026672
Kane,Cheikh,2018-07-20,m,779017693
Sy,Awa,1983-09-02,f,708499343
Ndiaye,Awa,1951-01-31,f,762171932
Ndiaye,Khady,1951-02-28,f,700327722
Ba,Ibrahima,1995-01-23,m,766942117
Kane,Mariama,1959-08-24,f,769994905
Gueye,Mamadou,1973-01-14,m,760347728
Gueye,Moussa,2007-02-19,m,785943861
Faye,Ibrahima,1955-10-14,m,704199987
Kane,Abdoulaye,2016-12-02,m,785241744
Sy,Khady,1979-02-15,f,764024886
Ndiaye,Fatou,1962-06-14,f,779176775
Kane,Khady,1980-11-09,f,705783065
Sow,Fatou,1990-10-28,f,700151704
Fall,Ibrahima,2021-09-26,m,778696239
Ndiaye,Moussa,1983-08-28,m,702945306
Faye,Oumar,2011-12-24,m,767373538
Gueye,Ibrahima,1998-09-10,m,785448119
Diallo,Fatou,1953-12-26,f,778101255
Fall,Oumar,2020-04-14,m,779615391
Kane,Khady,1965-07-18,f,709498308
Diallo,Ibrahima,1983-02-28,m,772450720
Sow,Khady,1968-12-06,f,701032182
Sy,Mariama,2022-02-11,f,765209465
Sow,Mariama,1956-06-28,f,784819325
Faye,Mamadou,1991-05-12,m,761681512
Fall,Abdoulaye,1962-10-09,m,777040634
Fall,Fatou,1966-08-07,f,778773225
Faye,Oumar,2015-10-06,m,774090991
Sy,Awa,1975-04-30,f,771549858
Ndiaye,Mariama,1979-03-21,f,781271672
Ba,Abdoulaye,1960-06-19,m,709867995
Kane,Aminata,1996-07-30,f,763193459
Faye,Abdoulaye,2008-06-16,m,787237661
Sarr,Fatou,2011-05-06,f,709181289
Diop,Fatou,2010-02-24,f,788718981
Faye,Aminata,2023-01-02,f,764576525
Gueye,Fatou,1961-01-07,f,701726355
Gueye,Abdoulaye,1992-06-14,m,709458335
Ndiaye,Awa,2022-08-16,f,709008799
Sow,Fatou,1941-01-19,f,702121678
Fall,Ibrahima,1963-04-07,m,709049926
Gueye,Cheikh,1963-12-14,m,766257071
Sy,Mamadou,1942-12-03,m,709540857
Ba,Fatou,1950-07-31,f,777604424
Fall,Moussa,1974-03-28,m,778975324
Sarr,Fatou,1962-04-10,f,785319621
Sarr,Ibrahima,1948-02-12,m,708704992
Sow,Ibrahima,1948-08-08,m,702936143
Fall,Fatou,1958-09-01,f,765028122
Gueye,Mamadou,1962-02-04,m,702561283
Diallo,Aminata,1971-06-19,f,706653246
Diop,Oumar,1980-12-10,m,766798886
Diallo,Mamadou,1948-05-12,m,773127693
Sow,Fatou,1959-01-22,f,770451678
Sy,Awa,1959-04-15,f,706372585
Fall,Khady,1955-09-26,f,764892784
Sy,Ibrahima,2019-11-06,m,783199392
Faye,Khady,1943-05-03,f,783789956
Sarr,Moussa,1960-12-22,m,785549820
Ndiaye,Mariama,1976-10-17,f,786118254
Sow,Oumar,1998-01-15,m,764487540
Kane,Cheikh,1989-10-14,m,784093375
Diallo,Mariama,2008-01-14,f,767004174
Faye,Cheikh,1941-07-03,m,784580601
Sow,Abdoulaye,2005-02-13,m,760173461
Diallo,Oumar,2011-10-18,m,706766654
Ba,Cheikh,1987-09-16,m,761386457
Faye,Moussa,1976-10-16,m,700828442
Diop,Cheikh,1968-03-03,m,773663173
Ba,Mariama,1944-07-21,f,780410736
Kane,Awa,1979-10-05,f,784612782
Ndiaye,Oumar,1945-05-09,m,779886220
Diallo,Aminata,1990-02-15,f,788400399
Sow,Abdoulaye,2007-10-31,m,760363888
Diop,Awa,1970-09-22,f,769677409
Kane,Oumar,1973-04-09,m,706543080
Fall,Cheikh,1990-08-21,m,774283104
Diallo,Ibrahima,1940-10-21,m,774699114
Diop,Khady,2007-02-08,f,760432491
Sarr,Aminata,1981-08-29,f,709478272
Fall,Oumar,2011-05-07,m,703910463
Kane,Aminata,1964-05-13,f,704898475
Sarr,Fatou,1949-06-30,f,703711724
Ba,Aminata,1966-06-03,f,777771565
Fall,Awa,2013-07-07,f,765168721
Faye,Aminata,2017-04-15,f,777610096
Sy,Moussa,1965-05-11,m,761053143
Gueye,Mariama,2015-05-12,f,772281457
Kane,Moussa,1963-07-16,m,707209473
Sarr,Aminata,1975-02-26,f,776304018
Sow,Ousmane,1990-01-29,m,776714886
Sow,Ibrahima,1945-02-12,m,706016225
Diop,Awa,1966-10-27,f,761039634
Faye,Khady,2005-06-11,f,768765578
Ndiaye,Abdoulaye,2010-11-03,m,783824604
Fall,Cheikh,2001-11-16,m,788447990
Diop,Ibrahima,1972-09-18,m,703259394
Gueye,Khady,1943-08-09,f,788985972
Diallo,Ousmane,2004-10-22,m,704859588
Sy,Awa,1958-08-10,f,771794426
Ba,Aminata,1983-04-26,f,783804024
Sy,Moussa,1969-09-01,m,779060539
Ndiaye,Fatou,1965-07-20,f,789192843
Ba,Fatou,1969-03-26,f,709841074
Sow,Aminata,1978-11-07,f,780192824
Gueye,Mariama,1966-06-30,f,783049733
Ba,Mamadou,1957-09-29,m,701611279
Sow,Ousmane,1949-11-11,m,703691797
Sow,Abdoulaye,1989-07-26,m,763179060
Sarr,Ousmane,1982-08-05,m,760144838
Diop,Fatou,1966-01-03,f,701259286
Diallo,Khady,1997-02-12,f,778712455
Sarr,Cheikh,2001-12-05,m,762659593
Sy,Cheikh,1996-12-30,m,774508081
Kane,Fatou,1950-04-22,f,785118836
Fall,Mamadou,1968-02-28,m,760852516
Faye,Awa,1953-08-11,f,774396526
Fall,Mariama,1977-06-14,f,778207301
Kane,Aminata,1946-12-10,f,707331193
Diop,Cheikh,1942-01-13,m,784845268
Gueye,Cheikh,1979-01-02,m,783049262
Kane,Fatou,1978-07-04,f,777406677
Sarr,Abdoulaye,2021-12-14,m,786049704
Ndiaye,Awa,2003-01-16,f,779126338
Kane,Fatou,1969-04-26,f,767255116
Sy,Ibrahima,1985-06-26,m,778003108
Gueye,Cheikh,1990-11-02,m,789061474
Fall,Abdoulaye,1942-09-30,m,787537236
Sarr,Khady,2004-03-17,f,786173251
Sarr,Fatou,2006-10-21,f,708008569
Sow,Aminata,1941-10-23,f,768770683
Diop,Ousmane,1982-03-08,m,788988227
Fall,Oumar,1976-02-10,m,771451475
Ba,Ibrahima,2002-04-25,m,709351517
Gueye,Moussa,1949-09-02,m,774030422
Diallo,Aminata,1973-08-05,f,701264243
Fall,Awa,1960-10-27,f,701973400
Sarr,Mamadou,1961-10-22,m,783293998
Diop,Abdoulaye,2002-08-21,m,783041586
Diallo,Oumar,1988-05-14,m,769938471
Sow,Aminata,1951-09-14,f,703528688
Gueye,Abdoulaye,2021-03-27,m,789640438
Sarr,Mariama,1949-07-04,f,787050264
Sarr,Oumar,1959-03-03,m,705923111
Diop,Mamadou,1971-09-23,m,781653892
Sy,Mamadou,1983-08-11,m,707407970
Sarr,Mamadou,1947-04-24,m,776620109
Ndiaye,Mamadou,1952-12-19,m,778448859
Faye,Aminata,1978-06-03,f,764867394
Diallo,Abdoulaye,2013-05-11,m,765173549
Ndiaye,Khady,2013-10-17,f,789608928
Faye,Mariama,1999-09-09,f,763394037
Diallo,Awa,2019-06-22,f,764609222
Diop,Mamadou,2023-01-11,m,781966886
Sow,Oumar,1977-11-01,m,786860354
Kane,Awa,1962-01-24,f,784348712
Kane,Fatou,1993-03-23,f,786299969
Sow,Cheikh,1977-01-23,m,702646214
Ba,Mamadou,1958-05-04,m,775724452
Diallo,Cheikh,1949-10-17,m,783677416
Diallo,Abdoulaye,1959-04-29,m,768805170
Gueye,Cheikh,1989-08-03,m,783243451
Diallo,Mariama,1960-06-11,f,768761483
Diop,Mamadou,2021-12-14,m,781871012
Faye,Ibrahima,1940-06-21,m,706502809
Ba,Abdoulaye,2023-01-10,m,765145327
Faye,Khady,1976-11-25,f,762682398
Gueye,Mariama,1970-07-13,f,767965219
Fall,Khady,1996-04-16,f,780919290
Diallo,Fatou,2020-05-21,f,763644420
Sarr,Aminata,1951-07-19,f,707055950
Fall,Ibrahima,2004-02-22,m,777177791
Sow,Cheikh,1997-01-27,m,779979268
Sy,Cheikh,1955-07-02,m,764239562
Gueye,Fatou,2005-08-23,f,764561825
Faye,Mariama,1959-01-01,f,708996366
Faye,Abdoulaye,1985-09-08,m,782185881
Faye,Oumar,1961-01-28,m,789307971
Fall,Mariama,1972-09-05,f,700996065
Fall,Aminata,1977-05-16,f,760910572
Diop,Abdoulaye,1942-06-11,m,709318848
Ndiaye,Mamadou,1991-03-21,m,704967521
Kane,Ibrahima,2006-12-22,m,788598680
Diop,Cheikh,1986-06-21,m,782867837
Faye,Mamadou,2017-03-26,m,774577385
Sarr,Khady,1971-06-19,f,779540323
Kane,Mariama,1942-06-23,f,789201409
Gueye,Aminata,1963-05-24,f,782626079
Sy,Cheikh,1942-03-09,m,785409883
Ba,Moussa,1976-04-22,m,785170714
Ndiaye,Ibrahima,2011-12-14,m,701290367
Gueye,Abdoulaye,1954-10-25,m,766207622
Kane,Fatou,1958-06-03,f,777903840
Sarr,Fatou,1948-06-16,f,775513974
Ndiaye,Aminata,2005-11-09,f,775694635
Fall,Ousmane,1994-02-01,m,707255342
Ndiaye,Ousmane,1952-05-18,m,773699146
Gueye,Ibrahima,2015-12-02,m,776484500
Faye,Cheikh,2002-12-19,m,702360066
Sy,Mariama,1941-11-20,f,786418212
Fall,Mamadou,1999-02-13,m,766284324
Faye,Mamadou,1965-01-02,m,784273694
Fall,Khady,2010-07-28,f,778651529
Diop,Awa,1951-11-03,f,708038795
Gueye,Moussa,1966-05-11,m,784460475
Ba,Aminata,2020-03-03,f,764792581
Gueye,Mamadou,2012-09-16,m,783728634
Sarr,Abdoulaye,1973-11-11,m,775568003
Gueye,Mamadou,1959-05-28,m,766199242
Faye,Oumar,1944-07-24,m,776744031
Kane,Fatou,1994-02-22,f,760267471
Gueye,Mamadou,1946-09-24,m,775157701
Sy,Fatou,1992-09-23,f,706591511
Sy,Fatou,1978-05-22,f,772694254
Diallo,Cheikh,1957-10-28,m,779192076
Ndiaye,Aminata,1979-09-22,f,705040702
Diallo,Ibrahima,1992-06-24,m,776356296
Gueye,Mamadou,1947-09-06,m,778238492
Diop,Oumar,2005-09-03,m,764023881
Ba,Ibrahima,1969-10-19,m,784603913
Fall,Khady,2010-09-21,f,701788171
Gueye,Ousmane,1959-09-16,m,789823144
Sy,Mamadou,1970-10-31,m,787133091
Diallo,Moussa,1978-01-28,m,788757085
Ba,Moussa,1995-11-27,m,771781021
Ndiaye,Cheikh,1946-02-01,m,707307818
Ba,Aminata,1947-08-14,f,769173382
Sarr,Moussa,1998-05-29,m,773654050
Ndiaye,Ousmane,1962-08-18,m,707298983
Faye,Mamadou,2003-07-31,m,702218805
Ndiaye,Khady,2016-08-27,f,783748874
Fall,Khady,1961-09-30,f,781707247
Sarr,Oumar,2013-06-05,m,700756226
Faye,Aminata,1966-11-21,f,771108839
Sow,Awa,1966-07-04,f,778615229
Diallo,Fatou,1988-12-30,f,704511108
Sow,Mariama,2003-08-02,f,701669991
Faye,Ousmane,2018-05-22,m,760397976
Ndiaye,Fatou,1981-04-07,f,703239508
Diallo,Mamadou,1955-11-19,m,705845965
Diallo,Oumar,1950-10-09,m,773188135
Diallo,Moussa,1966-05-28,m,774448164
Sy,Aminata,1967-09-15,f,706804966
Sarr,Awa,1947-07-18,f,789456512
Faye,Abdoulaye,1945-07-26,m,784374901
Ba,Mariama,1990-06-14,f,779373974
Ba,Oumar,1973-05-17,m,767075656
Diallo,Mariama,1946-08-12,f,760013409
Sy,Oumar,2007-01-09,m,786204409
Ba,Awa,2011-03-15,f,702915720
Sy,Mariama,2019-03-17,f,765984166
Ba,Aminata,2002-11-01,f,703422183
Kane,Ousmane,2011-06-24,m,786508339
Sow,Awa,1998-09-13,f,706959178
Sow,Moussa,2015-06-16,m,786486943
Faye,Fatou,2007-06-05,f,702595248
Kane,Abdoulaye,1940-11-23,m,774449995
Kane,Aminata,1949-10-03,f,783553173
Sy,Cheikh,1992-03-18,m,700689385
Diallo,Ibrahima,2009-08-30,m,786656852
Ba,Awa,1942-08-16,f,707647453
Diop,Khady,1999-10-07,f,773385225
Gueye,Ibrahima,1947-12-18,m,770318540
Diallo,Khady,1975-04-24,f,707671886
Ba,Cheikh,1953-12-22,m,706813317
Fall,Cheikh,1994-10-01,m,780542709
Diallo,Ousmane,1945-02-07,m,784914917
Sy,Aminata,2000-07-30,f,782824370
Gueye,Aminata,2006-07-09,f,771536545
Sarr,Ousmane,1965-08-06,m,771482447
Diallo,Moussa,1966-12-20,m,783178758
Sarr,Aminata,1948-03-27,f,769829913
Sy,Mamadou,2004-12-25,m,772922405
Kane,Mariama,2022-05-24,f,778616673
Diallo,Cheikh,1965-12-05,m,789618557
Diallo,Cheikh,2001-08-02,m,700113589
Sy,Fatou,2022-02-26,f,763592128
Diop,Mariama,1995-09-02,f,775717966
Sarr,Khady,1945-06-10,f,771335721
Diop,Khady,2001-06-21,f,788029500
Ba,Aminata,2002-04-05,f,784173205
Kane,Khady,1960-02-17,f,760510503
Sy,Ousmane,1999-02-27,m,773687759
Ba,Moussa,1980-01-13,m,767542885
Sow,Mariama,2011-12-10,f,709947068
Ba,Khady,2010-03-19,f,705808602
Kane,Ibrahima,2011-12-17,m,772251251
Ndiaye,Oumar,1998-11-26,m,761923702
Kane,Ousmane,1972-11-07,m,706134217
Kane,Awa,2007-01-22,f,786658017
Kane,Fatou,1949-12-21,f,765294461
Sow,Mamadou,2014-10-24,m,788681429
Fall,Cheikh,1997-10-09,m,784593286
Sarr,Ousmane,2004-07-08,m,764279958
Diop,Aminata,1971-01-15,f,772627066
Ba,Cheikh,2002-04-25,m,760180576
Sarr,Awa,1973-07-18,f,706832452
Diallo,Mamadou,1942-06-22,m,769414712
Ba,Khady,1992-07-17,f,781260289
Sy,Cheikh,1982-02-10,m,784035554
Faye,Ousmane,1963-07-26,m,781463963
Sy,Mariama,2005-09-22,f,765762008
Kane,Oumar,1996-11-29,m,783408415
Fall,Mariama,1970-02-22,f,772820729
Sarr,Fatou,1998-08-14,f,709402414
Sow,Awa,2007-06-11,f,763669464
Fall,Oumar,2004-11-04,m,784098260
Diop,Cheikh,1995-09-19,m,706628355
Gueye,Mariama,2020-06-16,f,775485483
Gueye,Mariama,2008-12-23,f,702006878
Diop,Mamadou,1943-06-10,m,784491654
Ba,Aminata,1958-08-12,f,768720024
Ndiaye,Aminata,1967-06-17,f,784983938
Ba,Awa,2021-11-27,f,784165319
Sy,Moussa,1952-11-01,m,778069821
Fall,Fatou,1987-04-26,f,763144637
Sy,Abdoulaye,2005-03-14,m,706154304
Gueye,Khady,1990-03-03,f,706185047
Sy,Aminata,1994-03-31,f,785968954
Ndiaye,Khady,1996-02-27,f,707315029
Sarr,Ibrahima,1977-01-08,m,703504071
Ba,Awa,1973-09-18,f,761498678
Faye,Mariama,1991-03-01,f,782747286
Ndiaye,Awa,2002-11-20,f,779695688
Sy,Mamadou,2022-01-18,m,779657166
Ba,Mariama,2010-02-05,f,700120540
Diop,Awa,1960-02-08,f,764420821
Gueye,Ibrahima,2011-12-29,m,765990713
Faye,Mamadou,2016-01-30,m,770070531
Sarr,Moussa,1959-10-03,m,708666947
Diallo,Abdoulaye,2021-12-05,m,764397889
Gueye,Moussa,1970-03-18,m,700201121
Fall,Mariama,2020-04-20,f,778385815
Sy,Ousmane,2003-07-30,m,702892165
Ba,Ousmane,2010-09-06,m,761076812
Sow,Mariama,2001-03-05,f,766940906
Sarr,Mariama,1950-06-09,f,764287580
Faye,Abdoulaye,1997-06-15,m,704961859
Sarr,Cheikh,1974-03-21,m,783108855
Sarr,Moussa,1988-12-07,m,785047594
Ndiaye,Aminata,1983-06-17,f,707247257
Kane,Mamadou,2000-02-04,m,770391631
Sow,Awa,1999-06-13,f,763326287
Sow,Mariama,1983-06-29,f,703256129
Gueye,Fatou,1983-08-13,f,778782779
Sy,Awa,1960-04-03,f,779461405
Ba,Fatou,1967-06-13,f,700294293
Sy,Ousmane,1997-09-07,m,703460612
Kane,Ibrahima,1958-06-22,m,787881610
Diop,Fatou,1965-07-11,f,786174905
Kane,Awa,1967-05-29,f,772308238
Sow,Moussa,2004-01-08,m,781418281
Gueye,Mamadou,1950-01-06,m,779007291
Sarr,Fatou,1957-09-25,f,764077461
Ndiaye,Oumar,2018-06-09,m,761855142
Sy,Khady,1983-12-14,f,761567890
Faye,Ousmane,1973-02-03,m,766188311
Sy,Ousmane,1948-11-09,m,775084890
Kane,Fatou,2006-02-01,f,785407914
Kane,Mariama,1995-12-02,f,771123418
Diallo,Fatou,1998-04-05,f,770905535
Faye,Moussa,1974-03-02,m,704293002
Kane,Mamadou,1998-10-15,m,789471775
Sow,Khady,1977-07-15,f,778394733
Diop,Khady,1956-10-15,f,706015007
Sy,Khady,1940-03-07,f,786444363
Sarr,Ousmane,1985-01-06,m,777374169
Sy,Cheikh,1995-04-23,m,700601270
Ba,Aminata,1944-06-09,f,770013009
Sow,Mamadou,2001-12-04,m,788855292
Sow,Mamadou,1958-07-22,m,782358333
Faye,Mariama,1995-08-16,f,709448039
Diop,Cheikh,1979-10-11,m,701732975
Kane,Cheikh,1957-03-23,m,700568250
Kane,Moussa,2004-06-27,m,703264582
Faye,Moussa,1966-02-11,m,778286902
Ba,Cheikh,1955-12-19,m,785308300
Diop,Fatou,2011-09-13,f,703137374
Ba,Fatou,1996-07-22,f,768808158
Sow,Oumar,1998-04-28,m,786376409
Sy,Abdoulaye,2005-12-04,m,782269587
Faye,Mariama,2013-06-25,f,768260932
Kane,Moussa,1958-11-13,m,708445884
Sy,Ousmane,1953-07-02,m,779166390
Gueye,Aminata,1963-02-14,f,766859242
Sow,Moussa,1996-02-07,m,780794188
Diallo,Ibrahima,1954-10-15,m,771199681
Sow,Mamadou,1993-05-19,m,786638029
Diallo,Aminata,1960-10-28,f,707521730
Diallo,Cheikh,2000-04-12,m,788781304
Diop,Mariama,1954-12-22,f,772833850
Diop,Awa,1948-10-10,f,770796252
Sarr,Khady,2015-08-07,f,775737348
Diallo,Ibrahima,2002-03-01,m,770566546
Sy,Ousmane,1995-08-12,m,776001118
Diallo,Mariama,1959-04-24,f,708342277
Ba,Abdoulaye,1999-05-20,m,764429615
Sy,Fatou,2006-06-30,f,701578330
Fall,Oumar,1956-12-14,m,788562520
Fall,Mariama,1958-01-08,f,783977096
Gueye,Cheikh,1959-04-18,m,706731559
Sarr,Oumar,1972-01-10,m,774218841
Ndiaye,Mariama,1980-10-13,f,783526648
Ndiaye,Awa,1967-06-14,f,760454021
Sarr,Moussa,1990-03-12,m,709975959
Kane,Aminata,1943-01-04,f,772058394
Fall,Awa,1945-07-18,f,776764034
Diallo,Mariama,2019-10-11,f,767969740
Ndiaye,Khady,1989-06-04,f,760005198
Fall,Aminata,1950-09-26,f,708650704
Sow,Oumar,1989-01-17,m,780148663
Ba,Khady,1992-01-04,f,781995444
Gueye,Fatou,1942-05-31,f,707337201
Sy,Awa,1976-04-13,f,768403509
Diallo,Mariama,1971-07-01,f,768649775
Kane,Mariama,1957-10-08,f,701760318
Sy,Moussa,2011-08-11,m,768024737
Sy,Ousmane,1987-11-30,m,764028584
Kane,Mariama,1975-05-14,f,775531400
Diop,Moussa,1956-08-18,m,761752909
Diallo,Fatou,1974-01-17,f,704184125
Diop,Abdoulaye,1947-08-11,m,767843580
Ndiaye,Khady,1947-03-14,f,785454281
Diallo,Ousmane,1955-04-25,m,765397403
Diop,Aminata,2009-04-19,f,763971902
Ndiaye,Mariama,1986-02-27,f,762375484
Fall,Awa,1954-12-08,f,780794818
Kane,Fatou,1985-02-12,f,774677099
Diop,Ousmane,1987-12-03,m,773407883
Ndiaye,Awa,2004-08-30,f,769523464
Sarr,Moussa,1981-09-16,m,768516530
Faye,Oumar,1940-06-07,m,777841403
Kane,Fatou,1993-07-10,f,788735630
Kane,Mariama,1962-01-04,f,761942867
Kane,Mamadou,1962-05-24,m,706748436
Fall,Khady,2002-11-12,f,702243644
Sow,Mariama,1978-01-24,f,779342337
Kane,Mariama,2008-11-01,f,767468081
Diallo,Oumar,1985-10-01,m,703048559
Kane,Cheikh,2004-12-26,m,704140225
Sy,Fatou,2001-05-13,f,769714682
Sy,Ousmane,1989-12-08,m,702096121
Kane,Oumar,2016-02-28,m,761237236
Sy,Abdoulaye,1952-05-01,m,772763081
Sow,Mariama,2021-06-09,f,763008448
Diop,Khady,1990-04-26,f,708739336
Sy,Aminata,1954-08-30,f,776401413
Ndiaye,Oumar,2000-09-02,m,786416760
Ba,Ousmane,1952-02-17,m,782881578
Gueye,Khady,2001-11-17,f,767801892
Ba,Mariama,2008-12-25,f,765172329
Faye,Aminata,1947-08-07,f,784755699
Sy,Khady,2001-03-29,f,780693603
Ba,Mariama,1951-10-19,f,768769053
Diallo,Khady,1998-11-01,f,760088291
Ndiaye,Aminata,2002-11-10,f,768170826
Ndiaye,Oumar,1955-10-11,m,766359215
Kane,Oumar,1996-10-25,m,768397993
Ndiaye,Mariama,1949-11-08,f,765256834
Ba,Fatou,1993-01-13,f,703978228
Faye,Khady,1944-11-30,f,704297667
Faye,Khady,1940-07-06,f,772080658
Sow,Ousmane,1966-09-21,m,788071993
Kane,Fatou,1947-04-15,f,781977063
Kane,Abdoulaye,1994-04-11,m,767204909
Ndiaye,Khady,1965-06-22,f,706022098
Diop,Aminata,1945-04-08,f,708441420
Faye,Mariama,2010-05-20,f,775994217
Ba,Ousmane,2002-01-19,m,705787434
Kane,Moussa,1958-07-01,m,708439903
Fall,Mamadou,1956-05-24,m,702338797
Fall,Ibrahima,2003-11-06,m,787236065
Diop,Ibrahima,1968-12-15,m,706727717
Ndiaye,Oumar,2009-12-15,m,707565217
Sarr,Oumar,1991-09-22,m,786297575
Ba,Ibrahima,1971-06-12,m,779523788
Sow,Ibrahima,1955-03-14,m,762944182
Gueye,Mariama,2005-03-28,f,786737534
Faye,Fatou,1977-06-20,f,765246730
Ba,Awa,2016-09-23,f,766292772
Diallo,Khady,1953-02-03,f,761273507
Gueye,Aminata,2003-01-11,f,788226309
Sow,Moussa,1999-09-23,m,786735473
Gueye,Oumar,2006-10-12,m,788615466
Sarr,Aminata,1965-10-12,f,705435380
Ndiaye,Aminata,1958-03-02,f,704146753
Diop,Cheikh,1952-02-22,m,782959986
Kane,Aminata,1987-02-18,f,783605937
Sow,Moussa,2016-12-21,m,769014044
Fall,Mariama,1962-04-17,f,704043695
Sow,Abdoulaye,2005-01-06,m,762222994
Sy,Ousmane,1985-01-27,m,708410906
Gueye,Mariama,1966-04-17,f,764229826
Kane,Fatou,1963-04-30,f,764901862
Sarr,Khady,1946-04-17,f,786711945
Ndiaye,Ousmane,2003-08-14,m,763362444
Ndiaye,Mariama,1993-10-12,f,705728376
Fall,Mariama,2002-09-21,f,781368455
Sow,Aminata,2008-02-09,f,769198613
Diop,Moussa,2013-03-06,m,780771440
Ba,Moussa,2013-01-24,m,783810025
Ndiaye,Abdoulaye,1952-05-21,m,776930647
Fall,Ousmane,2006-10-17,m,762365280
Gueye,Awa,1969-10-09,f,704384481
Ba,Ousmane,2005-10-18,m,772800112
Sy,Cheikh,1967-03-23,m,766308579
Gueye,Awa,2002-05-07,f,769960694
Gueye,Mamadou,1961-10-16,m,709070691
Ba,Fatou,2008-12-15,f,706171885
Faye,Mariama,1952-07-13,f,707790928
Fall,Oumar,1942-05-04,m,701554158
Faye,Khady,1993-01-16,f,700482641
Sy,Mariama,1983-08-19,f,769277977
Gueye,Ibrahima,1983-04-07,m,764560308
Sarr,Oumar,1971-02-22,m,705905071
Sarr,Fatou,1947-03-15,f,782494068
Kane,Aminata,1971-02-20,f,766001148
Ndiaye,Mariama,1940-04-21,f,789965669
Ba,Fatou,1986-11-25,f,784762412
Sy,Khady,2003-12-23,f,761793262
Kane,Ousmane,1974-07-02,m,763803159
Ndiaye,Oumar,1952-01-09,m,777494365
Diop,Abdoulaye,2016-07-09,m,705409551
Ba,Mariama,2019-01-01,f,778583415
Sarr,Khady,1981-02-10,f,772210125
Diop,Oumar,2002-11-17,m,776572355
Ba,Mamadou,1940-12-24,m,701960037
Diop,Ibrahima,1962-12-01,m,761313957
Sow,Fatou,1948-11-08,f,774822128
Ndiaye,Abdoulaye,2022-11-15,m,763966069
Ba,Aminata,1950-09-26,f,708039200
Ba,Cheikh,1961-04-15,m,788889155
Sy,Ibrahima,1980-03-27,m,701319583
Sarr,Cheikh,1998-12-11,m,707017756
Gueye,Oumar,1993-03-05,m,763733180
Diallo,Cheikh,1980-03-03,m,762519750
Ndiaye,Mariama,2018-11-22,f,768641943
Sy,Ousmane,2001-07-14,m,781507014
Faye,Moussa,1957-11-30,m,704109780
Diop,Cheikh,1944-01-26,m,709564125
Diallo,Ibrahima,1974-05-02,m,761982185
Fall,Aminata,1989-06-21,f,770518966
Sy,Ibrahima,2016-10-12,m,707692722
Kane,Mariama,1951-08-04,f,778170284
Diallo,Mariama,1953-06-13,f,774629888
Ndiaye,Mariama,1942-01-26,f,774192360
Sarr,Mariama,1978-10-07,f,708965878
Gueye,Fatou,1941-03-12,f,773208874
Sarr,Khady,2001-04-15,f,788710483
Gueye,Khady,2020-05-08,f,788917105
Sarr,Ousmane,1995-11-23,m,702866145
Kane,Cheikh,1977-05-14,m,772865235
Sy,Fatou,1940-10-14,f,786166666
Sow,Cheikh,1974-04-09,m,764801321
Ndiaye,Aminata,1970-01-15,f,702361171
Fall,Awa,1979-09-24,f,704120615
Fall,Moussa,2012-05-13,m,764336047
Kane,Cheikh,2010-03-16,m,787917552
Gueye,Khady,2023-04-14,f,778374654
Kane,Ousmane,1960-06-19,m,700611584
Kane,Oumar,1954-06-20,m,776950835
Gueye,Ibrahima,1984-04-03,m,778488037
Sow,Awa,1941-12-27,f,787685859
Gueye,Oumar,1958-04-28,m,703777633
Faye,Khady,1983-07-20,f,709039673
Faye,Aminata,1983-12-21,f,701261942
Sow,Fatou,1971-07-06,f,774893285
Ba,Oumar,2012-05-01,m,785779852
Gueye,Aminata,2022-09-29,f,708436390
Sarr,Awa,2003-03-13,f,702259564
Gueye,Abdoulaye,2021-12-27,m,775939673
Sy,Aminata,1986-05-05,f,786229867
Diop,Cheikh,1942-11-29,m,776081473
Kane,Awa,2009-04-06,f,783356967
Gueye,Fatou,2013-01-09,f,772146745
Sy,Aminata,2003-10-23,f,705503262
Sy,Cheikh,2011-11-01,m,785592747
Faye,Awa,1996-12-21,f,782825121
Diallo,Aminata,1996-12-29,f,780100691
Sow,Khady,2017-12-05,f,775694323
Sow,Moussa,1997-11-25,m,763433176
Ba,Abdoulaye,2007-06-26,m,786586495
Ba,Cheikh,1990-09-03,m,778614315
Diallo,Abdoulaye,1975-08-22,m,705019056
Gueye,Abdoulaye,1966-08-14,m,704644692
Ba,Awa,1983-04-23,f,770666368
Diop,Fatou,2009-04-17,f,773991208
Sow,Mariama,2005-12-08,f,702530946
Faye,Fatou,1991-12-02,f,774209090
Diop,Mamadou,2006-01-14,m,766418238
Fall,Mariama,1977-12-02,f,707502155
Ba,Ousmane,2008-10-01,m,776186440
Gueye,Oumar,1990-11-17,m,706358670
Faye,Awa,2003-11-25,f,767683423
Ba,Fatou,1955-02-06,f,775632250
Kane,Ousmane,1966-03-05,m,769778388
Sow,Oumar,1988-07-09,m,705392770
Ba,Fatou,1945-12-14,f,704873450
Diallo,Khady,1967-02-28,f,761794378
Ndiaye,Mamadou,1949-06-29,m,787904814
Fall,Moussa,1944-12-24,m,775321922
Sarr,Mariama,1966-05-07,f,787958110
Ndiaye,Aminata,1972-02-08,f,778995577
Ba,Fatou,1944-03-31,f,778807053
Fall,Ousmane,1991-09-21,m,709599294
Kane,Oumar,1977-03-18,m,772931012
Kane,Mariama,2009-03-15,f,701120801
Gueye,Ibrahima,1959-03-28,m,789165690
Gueye,Fatou,2007-03-16,f,776454821
Sy,Aminata,1947-08-06,f,773600233
Sarr,Awa,1993-10-02,f,776614711
Diallo,Ibrahima,1954-02-16,m,778165958
Ba,Oumar,1944-02-12,m,774351938
Faye,Ousmane,1954-03-31,m,771102839
Faye,Moussa,1957-07-26,m,781418397
Diop,Mariama,1983-04-13,f,763144238
Diop,Aminata,1945-08-12,f,781636321
Diop,Fatou,2005-09-12,f,771895830
Faye,Mariama,1991-01-24,f,769490364
Diallo,Khady,1990-12-18,f,763396715
Ba,Moussa,1994-08-18,m,776722868
Fall,Fatou,1989-07-20,f,779332506
Sarr,Awa,1997-04-01,f,769685707
Ba,Abdoulaye,2014-12-26,m,702529722
Faye,Khady,1948-08-24,f,706262264
Faye,Aminata,2004-02-09,f,778702257
Ndiaye,Mariama,1985-06-07,f,778090446
Ba,Oumar,2019-11-05,m,782734391
Kane,Cheikh,1993-06-18,m,769700461
Sy,Abdoulaye,1983-03-15,m,771646361
Fall,Mamadou,1986-12-08,m,784886505
Diop,Mamadou,1997-02-19,m,786420085
Faye,Abdoulaye,2004-06-10,m,783911485
Sow,Awa,2018-02-12,f,761702264
Diallo,Awa,1944-02-05,f,775928844
Faye,Awa,1982-12-27,f,763666855
Ba,Mariama,1965-05-29,f,770066104
Kane,Aminata,1997-05-23,f,700270229
Sow,Awa,2002-04-30,f,761708015
Fall,Mamadou,1997-09-04,m,702950136
Sarr,Khady,1994-02-08,f,704743754
Sy,Ibrahima,2020-10-21,m,702408758
Kane,Aminata,1993-08-17,f,707077689
Kane,Mamadou,1968-10-28,m,772054551
Kane,Fatou,1982-02-03,f,788578805
Sarr,Khady,2007-08-11,f,706794632
Faye,Khady,2004-01-11,f,784702061
Diop,Mamadou,1958-01-22,m,762549512
Faye,Oumar,1942-06-19,m,776032820
Sarr,Cheikh,1990-03-08,m,771933242
Diop,Fatou,1986-03-23,f,779598843
Diallo,Ibrahima,2022-10-23,m,778735260
Sarr,Fatou,2001-09-18,f,760931035
Sy,Cheikh,1942-05-26,m,784821292
Diallo,Aminata,1989-09-12,f,770983639
Fall,Cheikh,1963-03-07,m,765779908
Fall,Awa,1965-03-29,f,708209476
Diop,Awa,1958-03-24,f,789907695
Sow,Mariama,1957-06-16,f,702299637
Gueye,Oumar,1987-04-24,m,769986925
Kane,Cheikh,1991-02-22,m,776210584
Diallo,Fatou,1992-07-02,f,762895633
Diallo,Moussa,1943-06-06,m,761588628
Gueye,Khady,1961-09-26,f,787007510
Fall,Moussa,1984-04-09,m,775952564
Diallo,Oumar,2000-07-27,m,779752462
Ndiaye,Khady,1972-04-02,f,779835756
Kane,Aminata,1941-02-06,f,783127236
Sy,Khady,2022-03-01,f,703937750
Sarr,Ibrahima,1952-05-05,m,776582462
Kane,Ousmane,1947-06-06,m,775690316
Sarr,Abdoulaye,2022-01-03,m,776878148
Gueye,Mariama,1984-06-10,f,774968158
Sy,Awa,2001-10-05,f,706497787
Sarr,Khady,2009-02-10,f,707722600
Kane,Abdoulaye,2012-08-13,m,703021970
Ba,Cheikh,2011-11-14,m,702057003
Ndiaye,Awa,1990-12-02,f,768074004
Sow,Aminata,1994-08-17,f,784542225
Sow,Mamadou,1988-06-01,m,771326660
Gueye,Mariama,1944-10-31,f,707407279
Sarr,Fatou,2006-11-24,f,785415607
Diallo,Mariama,2011-11-26,f,779008663
Sy,Aminata,1947-01-15,f,764645093
Ndiaye,Abdoulaye,1949-10-09,m,787708538
Sy,Khady,2019-11-15,f,705176008
Sy,Awa,1992-12-17,f,783831709
Sy,Cheikh,1976-04-10,m,766494619
Diop,Khady,1968-10-13,f,706680371
Faye,Ousmane,1991-11-12,m,779428813
Gueye,Mariama,1993-04-06,f,764007655
Kane,Awa,1940-11-28,f,783023912
Sy,Awa,1966-11-12,f,706428064
Diop,Mariama,1953-10-28,f,704820580
Sy,Ibrahima,2022-01-08,m,779263337
Sy,Awa,2003-02-15,f,704273250
Diop,Mamadou,2004-02-21,m,761318943
Fall,Abdoulaye,1997-08-24,m,780246280
Ba,Fatou,2009-12-07,f,780487603
Kane,Abdoulaye,2019-08-16,m,781436341
Gueye,Oumar,1984-01-08,m,705378399
Faye,Abdoulaye,1983-06-30,m,764545120
Faye,Moussa,1982-04-15,m,787107883
Diop,Fatou,1943-08-24,f,782474164
Fall,Khady,1951-05-01,f,709123740
Ba,Mamadou,1976-08-04,m,789309605
Kane,Fatou,1970-05-08,f,767689498
Sarr,Abdoulaye,1968-01-15,m,779936037
Diop,Fatou,2008-10-04,f,704713336
Diop,Mariama,1970-07-17,f,706816566
Gueye,Aminata,1944-11-23,f,777443417
Ndiaye,Ousmane,1985-02-08,m,788093442
Sow,Abdoulaye,1983-02-04,m,704374451
Ba,Moussa,2001-08-16,m,785888712
Diallo,Fatou,1969-07-02,f,781190601
Diop,Cheikh,1964-06-15,m,700639216
Gueye,Aminata,1981-09-16,f,776302607
Kane,Aminata,1981-12-03,f,781260672
Ndiaye,Fatou,1994-11-30,f,764370782
Kane,Khady,1972-05-10,f,784272668
Ba,Oumar,1959-12-17,m,762804996
Kane,Mariama,1954-11-11,f,776220701
Diop,Fatou,1978-04-29,f,777444861
Diallo,Aminata,1977-07-20,f,769184234
Sy,Ibrahima,1945-06-25,m,780259531
Diallo,Aminata,1966-12-27,f,780948760
Faye,Mamadou,1995-03-23,m,781367754
Kane,Mamadou,1986-02-15,m,763791483
Ndiaye,Ibrahima,2018-05-27,m,777959330
Diallo,Fatou,1977-12-31,f,762429065
Diop,Cheikh,1963-02-01,m,772512730
Fall,Awa,2019-12-27,f,703099064
Fall,Khady,2010-12-25,f,703395582
Faye,Awa,1944-01-17,f,787122601
Kane,Fatou,2016-10-13,f,789383574
Ndiaye,Fatou,1997-04-05,f,778068448
Sarr,Moussa,1971-07-10,m,769221646
Ba,Fatou,1983-06-15,f,705636406
Ndiaye,Khady,1961-05-05,f,700606282
Diop,Cheikh,1999-11-10,m,779984387
Ndiaye,Oumar,1956-03-20,m,788419046
Sow,Khady,1994-01-27,f,701532228
Sy,Abdoulaye,1965-10-06,m,767906437
Ba,Khady,2000-05-31,f,769205372
Fall,Cheikh,1947-12-05,m,786795515
Faye,Ousmane,1971-06-15,m,778810835
Ndiaye,Fatou,1957-06-03,f,760372442
Ba,Fatou,2014-04-08,f,785320994
Diop,Abdoulaye,2008-01-03,m,784415420
Diallo,Oumar,1973-04-11,m,707776484
Sarr,Khady,2014-10-28,f,777663572
Diop,Ibrahima,1985-10-01,m,789680247
Ndiaye,Oumar,1955-04-19,m,783014287
Sy,Khady,1985-08-31,f,780790692
Ndiaye,Awa,2007-07-01,f,777357496
Faye,Cheikh,2021-08-27,m,702946101
Diallo,Mamadou,1980-05-14,m,788810913
Ba,Fatou,1980-08-09,f,708033387
Fall,Fatou,2009-12-03,f,705869211
Ba,Awa,1986-08-23,f,780293816
Sy,Awa,1975-08-09,f,764454016
Faye,Awa,2001-11-25,f,702361935
Sow,Cheikh,1949-04-19,m,783593354
Faye,Ibrahima,1990-01-25,m,771611608
Diop,Fatou,1992-03-09,f,782742141
Ba,Aminata,1950-08-02,f,703303558
Diallo,Khady,2012-10-25,f,774745980
Diop,Abdoulaye,1977-11-18,m,781165810
Diop,Khady,1959-11-15,f,780323779
Kane,Khady,1991-04-16,f,789187684
Ndiaye,Abdoulaye,1991-05-24,m,766281190
Faye,Aminata,1993-09-19,f,708787594
Sy,Moussa,1947-05-16,m,769836128
Faye,Abdoulaye,1947-02-05,m,707761506
Faye,Khady,1946-12-29,f,781724936
Gueye,Awa,1989-11-21,f,707407165
Diop,Cheikh,1999-12-29,m,774688311
Faye,Awa,2006-08-26,f,773340623
Sow,Aminata,1988-02-09,f,709775368
Diop,Awa,2021-04-28,f,706793561
Faye,Oumar,1965-03-27,m,777260254
Ndiaye,Mamadou,1984-09-03,m,769575043
Diallo,Cheikh,1947-05-24,m,760789479
Diop,Oumar,1995-03-11,m,760991245
Diop,Aminata,2007-12-08,f,789080932
Faye,Oumar,1978-04-17,m,780178082
Sarr,Ibrahima,1940-10-11,m,708100038
Diop,Awa,1951-03-27,f,707532484
Fall,Ibrahima,1940-10-31,m,768858701
Kane,Mariama,1986-09-01,f,789818426
Faye,Moussa,1944-11-18,m,701940167
Sy,Cheikh,1989-05-15,m,789745847
Ndiaye,Fatou,2004-12-05,f,702085721
Ba,Mamadou,2019-11-06,m,764041272
Diallo,Khady,1951-09-09,f,709183997
Diop,Fatou,1999-08-03,f,763503557
Gueye,Mamadou,2003-07-10,m,783443209
Ba,Moussa,1945-08-26,m,709393715
Ndiaye,Ousmane,2018-06-07,m,786483753
Ba,Awa,1983-09-02,f,786270201
Fall,Ibrahima,1968-09-17,m,704915945
Ndiaye,Mamadou,2023-10-14,m,702514702
Ba,Mariama,2015-12-12,f,705906127
Kane,Mariama,1966-01-12,f,762404646
Fall,Moussa,1998-10-04,m,704464197
Faye,Cheikh,2005-01-15,m,708225711
Kane,Cheikh,1958-05-10,m,777934711
Faye,Oumar,1976-03-11,m,704207119
Ba,Mariama,1998-09-03,f,761720901
Faye,Abdoulaye,1969-05-07,m,775317706
Ba,Mamadou,1991-12-17,m,789805525
Sy,Awa,1989-07-05,f,701044332
Gueye,Cheikh,1984-01-30,m,761213735
Gueye,Ibrahima,1958-10-21,m,707499671
Diallo,Fatou,1976-06-24,f,786523628
Diallo,Mariama,1949-08-10,f,761588730
Ba,Abdoulaye,1996-05-26,m,780423499
Faye,Khady,1984-02-23,f,786902077
Ba,Mamadou,2018-03-29,m,781047634
Kane,Awa,1975-08-04,f,783207713
Faye,Ousmane,1956-02-20,m,700497869
Diop,Aminata,1945-06-30,f,704810003
Fall,Ibrahima,1981-07-29,m,701961510
Faye,Khady,2023-03-19,f,709461500
Gueye,Fatou,1944-02-02,f,760490952
Faye,Fatou,1954-12-31,f,707111279
Faye,Mariama,1990-09-08,f,789804937
Sow,Oumar,1982-12-30,m,781969051
Diallo,Ousmane,1949-03-31,m,772201832
Fall,Khady,1943-11-08,f,769897177
Kane,Mariama,2005-05-07,f,763021632
Sow,Fatou,1958-04-30,f,700004391
Sy,Mariama,2009-08-22,f,766111832
Sarr,Awa,1955-05-13,f,774355215
Fall,Ibrahima,1995-03-28,m,766252287
Sow,Abdoulaye,1978-03-28,m,788714903
Diop,Khady,2010-07-14,f,763517298
Fall,Oumar,1941-07-23,m,784112361
Faye,Fatou,2002-12-17,f,703742542
Kane,Mariama,1963-12-25,f,776193391
Fall,Cheikh,1991-05-02,m,783100347
Kane,Mariama,1984-12-06,f,764600006
Sow,Aminata,2019-10-28,f,704178307
Diallo,Oumar,1943-03-08,m,766620377
Faye,Ibrahima,1966-09-11,m,762016696
Diop,Ousmane,1949-04-07,m,773163411
Diop,Abdoulaye,1972-05-11,m,786551134
Diop,Mariama,1945-12-26,f,707420171
Ba,Mariama,2023-03-25,f,783686742
Diallo,Mamadou,1998-06-30,m,789447887
Ba,Aminata,2017-05-17,f,760156177
Sarr,Khady,1958-09-20,f,709857789
Faye,Cheikh,1954-05-26,m,784889284
Sarr,Moussa,1942-11-16,m,769159418
Sow,Fatou,1948-10-23,f,706750928
Sow,Abdoulaye,1984-12-03,m,707953672
Gueye,Aminata,1993-11-27,f,760935612
Diallo,Awa,1969-10-27,f,785652067
Sarr,Aminata,1969-03-05,f,706410978
Diallo,Khady,1943-03-06,f,760720507
Diallo,Cheikh,1954-03-15,m,773259985
Kane,Awa,1958-03-03,f,704278732
Kane,Mamadou,2007-02-16,m,709576116
Fall,Cheikh,1973-10-18,m,772610933
Diallo,Abdoulaye,2004-01-07,m,707965577
Kane,Ibrahima,1974-08-07,m,761278795
Ba,Mariama,1941-12-29,f,782538693
Gueye,Khady,1959-09-10,f,770047485
Fall,Ousmane,2020-08-01,m,773018056
Sarr,Ibrahima,2023-02-06,m,704416936
Gueye,Khady,2004-07-07,f,772874516
Kane,Awa,1966-11-23,f,705627936
Diop,Ibrahima,2017-03-14,m,784396066
Gueye,Mariama,1974-10-05,f,704135247
Ndiaye,Cheikh,2020-08-23,m,764480476
Faye,Ibrahima,1975-08-10,m,701600908
Ba,Fatou,2013-07-13,f,779183404
Ndiaye,Aminata,1973-07-12,f,786188698
Fall,Cheikh,1990-03-13,m,770720427
Ba,Aminata,1947-09-21,f,761713373
Ndiaye,Moussa,1994-08-01,m,760462449
Gueye,Fatou,2016-10-26,f,701606158
Fall,Khady,2006-10-06,f,786064722
Diop,Awa,1977-03-30,f,709940069
Ba,Mamadou,2004-08-05,m,765633098
Gueye,Ousmane,1992-01-17,m,708130595
Gueye,Moussa,2011-07-29,m,770948601
Gueye,Awa,1987-08-05,f,778999018
Faye,Ibrahima,1962-09-12,m,701005471
Gueye,Moussa,1955-04-29,m,782405127
Diop,Oumar,2006-03-25,m,786417858
Diallo,Ousmane,1960-08-17,m,781215581
Faye,Moussa,2008-03-21,m,763128045
Ndiaye,Awa,1974-07-05,f,776495866
Gueye,Oumar,2011-05-07,m,767268981
Gueye,Abdoulaye,1946-02-27,m,760124550
Diallo,Fatou,2005-07-19,f,709415853
Sy,Moussa,1994-06-23,m,772004599
Diallo,Ibrahima,1963-02-03,m,705867957
Faye,Aminata,2002-01-26,f,768734266
Diallo,Mariama,1986-12-21,f,775058280
Fall,Moussa,1998-09-14,m,782817965
Sy,Cheikh,2016-04-28,m,778812178
Kane,Aminata,2011-12-20,f,779910408
Fall,Khady,1951-03-10,f,785294934
Sy,Moussa,1992-02-18,m,768533234
Kane,Awa,2009-09-28,f,783124598
Fall,Moussa,1940-11-08,m,770681332
Sarr,Fatou,1940-06-08,f,774493635
Kane,Abdoulaye,1968-05-19,m,703735039
Diop,Khady,1971-08-24,f,776030692
Diop,Cheikh,1955-06-10,m,702604559
Sow,Abdoulaye,1998-07-08,m,777611295
Sow,Fatou,1976-07-01,f,701061535
Sy,Abdoulaye,1968-12-18,m,783041937
Faye,Fatou,1994-12-03,f,773670788
Sow,Awa,1964-11-01,f,774007103
Diallo,Mariama,1959-08-09,f,760432769
Diop,Fatou,1966-06-25,f,705051513
Ba,Oumar,1997-03-11,m,765841408
Diop,Ousmane,1984-06-22,m,767658645
Kane,Oumar,1947-10-30,m,773112431
Sy,Fatou,2017-05-11,f,760579644
Gueye,Cheikh,1997-11-09,m,772724454
Sow,Mariama,1998-05-04,f,704204591
Diop,Aminata,2023-11-07,f,765205956
Faye,Fatou,1951-11-23,f,767755396
Ndiaye,Aminata,1959-12-25,f,767363581
Kane,Ibrahima,2016-10-20,m,771503362
Kane,Fatou,2018-02-15,f,702070240
Sow,Aminata,2001-05-14,f,775823913
Sow,Ibrahima,1954-11-12,m,771011674
Gueye,Khady,1966-08-22,f,769315530
Sow,Aminata,2022-06-08,f,774231186
Ndiaye,Fatou,2013-10-10,f,701096318
Sarr,Fatou,1979-05-03,f,789792605
Fall,Fatou,2011-02-23,f,761833079
Diop,Ibrahima,1971-06-22,m,706444970
Ba,Awa,1982-09-23,f,768253976
Faye,Fatou,2001-01-30,f,789218207
Gueye,Ibrahima,1951-03-14,m,769847776
Sarr,Ibrahima,1954-04-13,m,700575605
Kane,Cheikh,1947-03-11,m,781672994
Ndiaye,Awa,1982-06-23,f,704802410
Sy,Fatou,1960-07-11,f,709464048
Fall,Mariama,1981-02-15,f,782524749
Diop,Ibrahima,1952-01-22,m,761386040
Sy,Ibrahima,1961-10-22,m,789312345
Sarr,Fatou,2021-12-13,f,779560615
Sy,Mamadou,1948-06-09,m,788089709
Fall,Mariama,1992-05-10,f,771251873
Ba,Abdoulaye,1943-07-06,m,764731073
Sy,Cheikh,1944-03-30,m,784356891
Faye,Khady,1988-08-11,f,777024339
Sow,Oumar,1962-08-17,m,786270389
Fall,Awa,2003-02-05,f,762215357
Kane,Aminata,1998-03-21,f,769966509
Sarr,Moussa,1985-09-13,m,782750766
Diallo,Mariama,1997-09-18,f,709940129
Faye,Mariama,1985-01-18,f,702465882
Diop,Ibrahima,2023-04-26,m,704531217
Diallo,Awa,1981-11-08,f,766374006
Gueye,Awa,1948-02-20,f,763252978
Faye,Ibrahima,1965-02-09,m,779654207
Sow,Khady,2008-08-11,f,773360502
Sow,Mariama,1965-10-01,f,773293057
Gueye,Abdoulaye,1968-04-03,m,700362266
Ba,Awa,1957-06-19,f,760427301
Sarr,Aminata,1991-09-23,f,789268131
Sow,Ibrahima,1999-12-13,m,761304034
Fall,Mariama,2020-09-05,f,700091648
Diop,Oumar,1996-02-02,m,777931043
Sy,Ibrahima,1999-01-31,m,788038808
Sarr,Fatou,1957-10-27,f,788497363
Sow,Ibrahima,2016-10-29,m,777042250
Diallo,Oumar,1986-09-29,m,764168931
Fall,Aminata,2008-08-02,f,706032172
Ndiaye,Aminata,2001-02-24,f,787967711
Ndiaye,Mamadou,1972-01-14,m,703010094
Ba,Awa,1997-07-30,f,707487675
Sarr,Ibrahima,1966-06-12,m,780674747
Ba,Mariama,1996-04-26,f,704528984
Fall,Khady,1951-06-21,f,703350063
Sarr,Cheikh,1979-04-14,m,787700698
Sarr,Aminata,1955-08-19,f,707995789
Sow,Cheikh,1992-12-03,m,702574838
Sarr,Ibrahima,2007-12-16,m,704093778
Sy,Oumar,1998-01-08,m,770247610
Ndiaye,Ibrahima,1974-07-11,m,780399059
Diop,Moussa,2015-12-26,m,766903176
Sow,Moussa,1994-09-03,m,781805311
Diallo,Khady,2009-08-06,f,781159788
Sarr,Cheikh,1949-08-21,m,789821475
Ba,Mariama,1984-12-01,f,760002543
Sow,Fatou,2018-10-08,f,765563373
Gueye,Ibrahima,1989-11-16,m,705690626
Diallo,Moussa,1999-08-27,m,787921572
Faye,Aminata,1987-01-07,f,788079624
Kane,Aminata,1963-11-04,f,708178316
Sow,Oumar,1969-08-06,m,760504676
Sarr,Aminata,1957-08-05,f,701957870
Kane,Aminata,1995-05-12,f,708273529
Gueye,Abdoulaye,2005-05-13,m,764708562
Faye,Mariama,1971-07-15,f,764015146
Diallo,Aminata,1973-01-09,f,784174231
Gueye,Ibrahima,1979-09-12,m,776221630
Diallo,Oumar,1969-02-23,m,788817800
Faye,Fatou,1981-09-10,f,774873723
Ndiaye,Moussa,2009-05-22,m,763689294
Gueye,Khady,1967-07-29,f,769458111
Faye,Mamadou,2017-10-09,m,777327823
Sarr,Mariama,2008-10-04,f,703744157
Sy,Khady,1960-04-21,f,778234918
Sy,Ibrahima,1955-01-04,m,760540781
Diallo,Ousmane,1963-12-25,m,789712762
Ndiaye,Ousmane,1984-03-30,m,788981272
Faye,Fatou,1940-09-01,f,705521607
Ba,Ousmane,1970-07-24,m,783797423
Fall,Awa,1986-03-30,f,782580206
Diop,Mariama,1985-10-08,f,762277865
Kane,Khady,2020-05-14,f,766825898
Fall,Mariama,1969-07-17,f,783671354
Faye,Mamadou,1961-02-11,m,702942195
Faye,Mariama,1988-02-01,f,762097700
Fall,Cheikh,1999-02-24,m,764197405
Kane,Abdoulaye,1940-11-23,m,762943415
Sy,Cheikh,1993-04-30,m,700502361
Ndiaye,Abdoulaye,2022-05-13,m,769033435
Sarr,Aminata,1983-07-14,f,764907511
Fall,Ousmane,1996-02-07,m,775547789
Ndiaye,Khady,2015-01-10,f,765092562
Ba,Aminata,2011-12-20,f,778020648
Fall,Khady,1984-02-06,f,768345585
Diop,Abdoulaye,1969-08-23,m,787827880
Gueye,Moussa,1961-01-01,m,778465484
Fall,Mariama,1947-04-18,f,765487307
Sarr,Awa,1979-02-05,f,781554291
Ba,Ibrahima,1962-09-15,m,769380844
Ndiaye,Oumar,1980-10-14,m,770121470
Ba,Ibrahima,1950-06-18,m,762376609
Sarr,Khady,1972-04-08,f,708500757
Fall,Ousmane,2010-11-20,m,774135170
Diop,Khady,2000-02-15,f,702007778
Ndiaye,Moussa,1984-02-26,m,786093648
Sow,Awa,1979-01-09,f,779293200
Diallo,Ibrahima,1969-06-29,m,702199453
Fall,Mamadou,2019-03-03,m,777147167
Faye,Aminata,1987-05-29,f,760477417
Kane,Oumar,1983-07-14,m,777954854
Gueye,Fatou,1987-04-24,f,701241359
Fall,Mariama,1969-03-18,f,768315388
Faye,Aminata,1998-01-18,f,771031615
Gueye,Khady,1969-11-01,f,705918438
Ndiaye,Mariama,1964-07-09,f,765138851
Sarr,Abdoulaye,1973-02-19,m,786400966
Kane,Abdoulaye,1949-04-28,m,784223966
Sy,Cheikh,1957-06-04,m,702670801
Faye,Ibrahima,1942-01-07,m,777832474
Faye,Abdoulaye,1970-09-09,m,706112909
Ndiaye,Awa,2008-02-22,f,773241410
Fall,Khady,1975-01-25,f,786400486
Ba,Cheikh,1973-09-30,m,773577618
Sow,Moussa,2004-08-09,m,767565725
Sow,Khady,1949-03-23,f,760755070
Fall,Oumar,1978-04-18,m,787470961
Sarr,Fatou,1988-04-25,f,771643566
Diallo,Ousmane,1952-05-29,m,702707878
Sow,Oumar,1940-05-30,m,775638387
Sow,Mamadou,1966-02-13,m,774596538
Sarr,Khady,1988-02-10,f,763028428
Sarr,Cheikh,2016-12-25,m,784579125
Ndiaye,Oumar,2023-10-15,m,703188328
Sarr,Aminata,1954-09-01,f,783175925
Kane,Mamadou,1963-12-04,m,709907773
Sy,Cheikh,1971-01-22,m,760854070
Diallo,Ousmane,1991-03-21,m,705161900
Diop,Mariama,1967-10-07,f,785121693
Diallo,Moussa,1988-10-27,m,773962613
Ba,Abdoulaye,1986-08-12,m,781838004
Sow,Aminata,2017-09-17,f,773034851
Diop,Mamadou,1986-07-23,m,771335120
Ndiaye,Mamadou,2017-05-02,m,700168827
Diallo,Khady,1960-06-29,f,765564915
Fall,Moussa,1975-01-27,m,760963332
Kane,Fatou,1966-11-29,f,763056490
Ba,Awa,1983-02-12,f,702663491
Sy,Mariama,1983-07-13,f,707452840
Sy,Ibrahima,1969-01-17,m,786492931
Diop,Mariama,2007-05-31,f,781035640
Gueye,Oumar,1948-01-18,m,705124259
Ndiaye,Ibrahima,1999-11-22,m,778266542
Ndiaye,Ibrahima,1993-05-21,m,783480089
Sy,Khady,2007-08-15,f,709565627
Fall,Oumar,1993-05-11,m,774864646
Ba,Aminata,1973-11-01,f,764997034
Faye,Ousmane,1982-10-19,m,761354387
Gueye,Khady,1942-12-12,f,765460124
Ba,Fatou,1941-10-15,f,785256725
Faye,Moussa,2005-10-23,m,778577267
Ndiaye,Aminata,2015-06-17,f,702490352
Sow,Mariama,1989-02-02,f,777933026
Fall,Ousmane,1973-07-03,m,771880804
Faye,Moussa,1946-01-02,m,784357152
Diallo,Mamadou,2004-05-27,m,769733079
Sy,Mariama,2023-01-05,f,775154477
Diallo,Aminata,1953-06-08,f,704951384
Ba,Fatou,1980-02-09,f,709324628
Fall,Aminata,2017-03-24,f,763653654
Gueye,Khady,1943-03-31,f,761866175
Diallo,Aminata,2003-12-16,f,781969287
Diallo,Cheikh,1948-10-07,m,769772911
Sarr,Mamadou,1979-09-06,m,763668007
Faye,Fatou,1942-05-24,f,775213808
Sow,Moussa,1992-12-29,m,767681445
Kane,Awa,2012-08-02,f,706836517
Sow,Fatou,2004-06-09,f,763250974
Sow,Mamadou,1953-07-29,m,764288287
Kane,Cheikh,1951-07-25,m,789657276
Faye,Aminata,1941-04-03,f,708062452
Fall,Khady,2001-09-11,f,778440819
Diop,Cheikh,1945-08-28,m,761915153
Ndiaye,Aminata,1950-08-25,f,770823272
Faye,Awa,1950-06-06,f,770503414
Diallo,Ousmane,1958-03-11,m,762545263
Diallo,Fatou,1954-04-25,f,705835062
Gueye,Ibrahima,1972-07-21,m,775599392
Sarr,Khady,2003-03-09,f,763771311
Faye,Aminata,2001-01-25,f,764194530
Faye,Fatou,1965-04-30,f,705167342
Kane,Mamadou,2022-11-04,m,700335335
Ba,Moussa,1961-03-11,m,781934253
Ba,Cheikh,1976-03-20,m,765373770
Fall,Ousmane,1997-02-10,m,788547862
Gueye,Cheikh,2003-06-26,m,707747519
Gueye,Awa,2001-02-09,f,785994307
Sow,Abdoulaye,1979-05-19,m,704972454
Ba,Awa,1968-07-04,f,782375766
Ba,Oumar,2012-04-06,m,777467591
Ndiaye,Mamadou,1993-11-03,m,707618607
Kane,Mariama,1967-09-04,f,707815769
Gueye,Fatou,1988-06-05,f,704872575
Faye,Mariama,1973-07-12,f,787000448
Sy,Ousmane,1952-02-17,m,771978454
Ndiaye,Mariama,1947-12-02,f,767341962
Ndiaye,Cheikh,1991-02-06,m,703161441
Sow,Mariama,1958-08-31,f,761333311
Sy,Khady,1989-09-08,f,769379909
Faye,Mamadou,1943-03-09,m,788889533
Faye,Mariama,1983-04-10,f,766608256
Fall,Ousmane,1993-07-11,m,763828473
Diallo,Aminata,1953-02-10,f,788979347
Sow,Fatou,1991-07-04,f,766889364
Faye,Abdoulaye,1984-10-29,m,780729383
Gueye,Oumar,1994-01-30,m,701478477
Sow,Mariama,1978-05-10,f,763623960
Diallo,Awa,1942-12-31,f,707293401
Sow,Mariama,1984-07-25,f,772623520
Kane,Awa,1989-12-03,f,763288310
Diop,Ibrahima,1977-08-20,m,765623109
Sow,Khady,2023-06-10,f,787037293
Sy,Ousmane,2021-07-26,m,766257532
Sow,Abdoulaye,1958-12-27,m,780529494
Ba,Moussa,1991-08-20,m,774479418
Diallo,Khady,2006-07-15,f,766091634
Ndiaye,Khady,2010-07-03,f,765474933
Fall,Aminata,1973-05-22,f,784146085
Ba,Fatou,1997-03-04,f,789080606
Faye,Oumar,2006-06-25,m,778824243
Kane,Aminata,1982-12-03,f,785026130
Sow,Mariama,2014-06-08,f,761826061
Ndiaye,Aminata,1979-06-13,f,763743071
Sy,Mamadou,1942-07-10,m,784081149
Sy,Aminata,1947-10-02,f,769144157
Ndiaye,Aminata,1947-06-26,f,760063699
Ba,Fatou,2003-03-01,f,783942055
Ba,Aminata,1975-07-17,f,787217593
Diallo,Abdoulaye,1992-06-19,m,760362489
Sarr,Khady,1999-03-05,f,707024515
Fall,Abdoulaye,2013-08-17,m,700837019
Fall,Aminata,1970-04-24,f,766741504
Sow,Fatou,1954-12-18,f,777488676
Ndiaye,Khady,1988-09-15,f,774992814
Diallo,Mariama,1948-05-18,f,700904230
Sow,Khady,1965-03-01,f,763560175
Faye,Khady,1943-10-19,f,760745386
Ba,Awa,2002-03-15,f,704554954
Fall,Oumar,1992-11-13,m,760715505
Gueye,Awa,1961-11-22,f,762777690
Gueye,Aminata,1942-04-26,f,705872891
Sarr,Awa,1958-12-30,f,762295495
Gueye,Ibrahima,1951-01-31,m,763930212
Ba,Aminata,1998-10-09,f,764850770
Ndiaye,Ousmane,1949-04-13,m,701850623
Fall,Mariama,1957-12-16,f,788753229
Sy,Mamadou,2006-05-18,m,777817241
Diop,Fatou,1961-05-01,f,779170580
Diop,Cheikh,1958-03-24,m,703144694
Gueye,Khady,2015-05-10,f,770896380
Ndiaye,Ousmane,1945-11-02,m,784879286
Gueye,Fatou,1977-03-14,f,701172489
Diop,Oumar,1990-08-20,m,705128958
Ndiaye,Cheikh,1946-10-26,m,776516118
Sow,Cheikh,1982-08-31,m,785136479
Ndiaye,Abdoulaye,1945-08-15,m,785470808
Kane,Mariama,1942-09-05,f,789676453
Diop,Awa,1970-09-28,f,775049592
Gueye,Awa,2007-12-28,f,781839712
Faye,Mariama,1941-02-17,f,705675232
Faye,Khady,1941-10-24,f,707872591
Sow,Aminata,1941-08-08,f,772842447
Sow,Awa,1961-03-22,f,789279046
Ba,Cheikh,1996-09-22,m,763809618
Sarr,Fatou,2004-10-29,f,709812739
Fall,Mariama,1950-02-15,f,764865212
Gueye,Fatou,2014-06-18,f,707118172
Ndiaye,Moussa,2003-12-15,m,703714667
Kane,Abdoulaye,2021-07-18,m,700578645
Diallo,Fatou,1968-07-06,f,782388260
Sy,Awa,1990-01-30,f,705337309
Fall,Fatou,1991-11-16,f,774499584
Gueye,Abdoulaye,1959-09-30,m,772636819
Sarr,Aminata,2005-09-18,f,708978739
Sy,Moussa,1951-01-03,m,782965852
Sy,Khady,2023-05-09,f,782031984
Faye,Oumar,1961-04-20,m,775957982
Ba,Awa,1961-03-17,f,774513265
Sy,Oumar,1948-10-29,m,702644450
Kane,Oumar,1970-12-18,m,765921250
Sarr,Oumar,2020-02-26,m,702464513
Diallo,Khady,1992-09-11,f,702755568
Sarr,Ibrahima,1992-04-21,m,777088070
Kane,Cheikh,1961-10-03,m,763658321
Kane,Aminata,1947-12-26,f,774025929
Kane,Mariama,2019-10-31,f,769132174
Sow,Moussa,1973-12-17,m,703814325
Sow,Aminata,1964-12-16,f,781495139
Sarr,Awa,1955-08-05,f,765909321
Fall,Ibrahima,2020-05-08,m,789913593
Fall,Khady,2012-07-03,f,764420539
Sy,Cheikh,1955-05-31,m,789473485
Sow,Aminata,1966-02-11,f,786827330
Ndiaye,Ibrahima,1964-10-12,m,775827598
Fall,Ousmane,1953-09-21,m,779288448
Sarr,Aminata,1941-09-27,f,777662485
Diallo,Fatou,2007-10-22,f,768955052
Ndiaye,Mamadou,1955-11-14,m,784378712
Sarr,Ibrahima,1983-02-16,m,783099291
Sow,Fatou,1950-04-30,f,764198224
Sow,Fatou,1951-07-25,f,707406505
Gueye,Fatou,2012-09-24,f,774265422
Ndiaye,Oumar,1955-05-14,m,708637325
Fall,Cheikh,1943-05-06,m,786510634
Fall,Abdoulaye,1985-01-13,m,773445465
Sow,Fatou,2004-08-18,f,789715969
Ba,Ousmane,2021-07-19,m,778699631
Diallo,Aminata,1941-10-18,f,704371579
Sarr,Abdoulaye,1981-08-25,m,700585078
Fall,Mamadou,1959-03-09,m,708672550
Diop,Aminata,1994-01-21,f,789176212
Sy,Oumar,1995-09-21,m,762625164
Kane,Ibrahima,1979-08-16,m,775629526
Diallo,Awa,1953-10-28,f,769880056
Diop,Moussa,2018-08-23,m,769113947
Diallo,Ibrahima,2004-12-06,m,771180131
Diop,Awa,2000-08-04,f,766118552
Diop,Khady,1947-02-09,f,776543388
Sow,Cheikh,2018-01-08,m,788503551
Diop,Khady,1988-07-25,f,700578044
Ndiaye,Fatou,1948-03-08,f,776924191
Diop,Mamadou,1981-07-27,m,787660595
Kane,Ibrahima,2000-09-17,m,777848210
Gueye,Ibrahima,2002-12-02,m,704210024
Ba,Oumar,1949-05-09,m,786998129
Sow,Mamadou,2013-05-25,m,771963238
Sow,Khady,1964-10-10,f,767226182
Fall,Ousmane,1993-06-03,m,768860930
Ba,Ousmane,1953-06-10,m,761572093
Fall,Ibrahima,1943-03-17,m,707650055
Sow,Ibrahima,1988-11-07,m,770083813
Ndiaye,Moussa,1974-06-14,m,786877695
Ba,Abdoulaye,1950-01-18,m,769826707
Diallo,Aminata,1994-04-22,f,775908443
Gueye,Oumar,1960-12-18,m,779337443
Kane,Cheikh,1961-05-17,m,763617940
Faye,Mamadou,1987-01-02,m,705435738
Faye,Moussa,2022-06-28,m,762306942
Fall,Khady,1942-07-18,f,782443075
Fall,Mamadou,1998-11-15,m,704116819
Faye,Fatou,2010-08-25,f,705009177
Faye,Ibrahima,1959-05-13,m,774526118
Diop,Mamadou,1948-04-15,m,703235576
Fall,Moussa,1984-01-10,m,775824366
Sow,Mamadou,1992-09-25,m,784454088
Sarr,Ousmane,1962-01-12,m,784176413
Diop,Mamadou,1979-11-24,m,789727014
Kane,Ousmane,1952-10-23,m,772948359
Diop,Cheikh,2000-03-15,m,768593664
Sow,Ousmane,1973-10-01,m,705458638
Diallo,Khady,2011-04-21,f,789840316
Ndiaye,Fatou,2022-03-30,f,702981222
Faye,Mamadou,1979-07-13,m,702367358
Faye,Moussa,1959-01-11,m,762656148
Diallo,Mariama,1964-07-15,f,703645897
Faye,Abdoulaye,1963-07-11,m,771965378
Sow,Mamadou,2021-12-01,m,781609911
Faye,Mariama,1940-10-20,f,706549646
Fall,Fatou,1992-06-27,f,777377500
Sy,Ibrahima,1958-10-11,m,774880922
Kane,Aminata,2019-07-25,f,708185984
Gueye,Fatou,1991-02-12,f,761633914
Gueye,Awa,2021-11-21,f,785433651
Ba,Fatou,2020-07-05,f,789855197
Gueye,Fatou,1973-10-18,f,763960700
Ndiaye,Aminata,2008-06-16,f,709988986
Faye,Khady,1974-10-17,f,771930115
Diop,Aminata,1945-12-07,f,777041084
Faye,Cheikh,1958-10-14,m,785106070
Diop,Mariama,2004-08-02,f,707817087
Kane,Abdoulaye,1982-12-02,m,704482616
Sy,Mariama,2014-03-31,f,789050361
Sarr,Oumar,1960-11-03,m,765142526
Diop,Ousmane,1966-08-17,m,780332894
Sy,Aminata,1973-05-19,f,707685547
Diop,Aminata,2022-03-11,f,775777048
Kane,Khady,1984-10-04,f,769344659
Sarr,Aminata,2021-11-25,f,785695690
Kane,Oumar,2018-08-12,m,777830480
Sy,Oumar,1958-02-06,m,706273352
Ndiaye,Cheikh,1978-07-09,m,707029148
Kane,Fatou,1999-04-10,f,760981128
Ndiaye,Mariama,1963-06-05,f,769185404
Gueye,Mariama,1984-07-16,f,787078499
Fall,Cheikh,1950-08-23,m,786174303
Sarr,Cheikh,2021-01-07,m,768641753
Sy,Mariama,1958-09-25,f,702619807
Ndiaye,Awa,1992-05-26,f,780794182
Sow,Moussa,1947-01-19,m,775958269
Diop,Abdoulaye,2022-01-23,m,702160958
Sow,Ousmane,2003-07-18,m,773188969
Sy,Khady,1992-01-24,f,784783602
Ba,Awa,1979-03-19,f,771592309
Sarr,Awa,2003-03-06,f,765647334
Diallo,Awa,1968-01-27,f,700867929
Diallo,Oumar,1958-08-27,m,788454029
Ndiaye,Ousmane,1972-06-14,m,773970806
Sow,Oumar,1954-09-19,m,709892486
Kane,Khady,2018-08-15,f,705213309
Faye,Cheikh,1954-12-21,m,771291354
Ba,Mariama,2009-06-09,f,701423059
Fall,Ousmane,1948-05-24,m,708897832
Faye,Moussa,2017-12-01,m,700313041
Gueye,Khady,2021-08-22,f,770949934
Fall,Awa,2008-09-29,f,709339516
Kane,Awa,1982-04-30,f,779366562
Sow,Ibrahima,2009-09-04,m,701136976
Ndiaye,Ousmane,2009-08-10,m,786036178
Sy,Ibrahima,1952-10-15,m,762806506
Diop,Ousmane,1972-03-03,m,772973489
Diop,Aminata,1982-04-22,f,784829197
Sarr,Aminata,1962-03-11,f,774389032
Diop,Aminata,1967-09-10,f,704062020
Ba,Awa,1953-07-23,f,701723894
Ndiaye,Fatou,2005-05-23,f,701098768
Sow,Cheikh,1975-03-17,m,765739133
Faye,Oumar,1963-08-16,m,782933595
Diallo,Oumar,1988-12-17,m,780174522
Ba,Abdoulaye,2004-08-29,m,707766786
Sarr,Ibrahima,2010-02-17,m,701738809
Sy,Fatou,1985-05-14,f,707236584
Faye,Ousmane,1952-09-04,m,708543765
Ndiaye,Ibrahima,2014-03-21,m,767232021
Ndiaye,Khady,2001-03-11,f,766808593
Kane,Cheikh,2016-05-24,m,763277092
Diop,Aminata,2010-09-12,f,782755742
Kane,Abdoulaye,2015-05-05,m,781113054
Ba,Fatou,1952-05-28,f,703668692
Kane,Mariama,1968-12-30,f,703356443
Diop,Mamadou,1951-03-24,m,776626907
Ndiaye,Ibrahima,1982-09-12,m,777511361
Faye,Fatou,2009-01-02,f,768104494
Sarr,Mariama,1942-02-06,f,771644793
Kane,Khady,2014-04-23,f,763237554
Ba,Fatou,1996-05-29,f,775461274
Diallo,Mariama,1957-03-06,f,769884114
Faye,Abdoulaye,1990-12-01,m,782019829
Sy,Ibrahima,1968-11-28,m,770902244
Faye,Aminata,1992-11-14,f,784752182
Gueye,Cheikh,2003-07-06,m,763521299
Ba,Ousmane,2017-09-14,m,777840337
Diallo,Aminata,1988-03-03,f,770761464
Sarr,Cheikh,2008-07-03,m,706635858
Faye,Awa,1941-12-20,f,771168070
Diop,Khady,1976-03-05,f,773287735
Diallo,Ousmane,1983-01-16,m,771016084
Kane,Moussa,1941-10-16,m,760777936
Diallo,Cheikh,1986-10-17,m,700108831
Sow,Moussa,1998-09-14,m,779238332
Gueye,Mariama,2014-06-14,f,708073251
Sy,Fatou,1941-01-13,f,783228220
Sow,Awa,2010-07-05,f,772854664
Sy,Abdoulaye,1995-07-23,m,781695779
Diop,Moussa,2001-09-12,m,786258962
Fall,Fatou,1978-01-19,f,770673578
Sow,Awa,1948-04-20,f,702357254
Sarr,Khady,1972-02-16,f,789926446
Fall,Aminata,1961-02-21,f,701153747
Kane,Aminata,1961-07-26,f,784224908
Fall,Ousmane,1942-07-27,m,766645244
Fall,Mariama,1956-11-14,f,778240754
Diop,Ousmane,1980-01-23,m,767694364
Sow,Moussa,2018-05-01,m,708820089
Sarr,Cheikh,2019-11-24,m,788560420
Gueye,Abdoulaye,2001-06-28,m,774271173
Gueye,Fatou,1976-04-16,f,785540941
Sarr,Mariama,2020-03-14,f,764093251
Gueye,Khady,2011-05-19,f,780194194
Diallo,Awa,1969-08-12,f,765086920
Diallo,Fatou,2023-04-03,f,767398547
Diop,Cheikh,1944-07-14,m,704915459
Ba,Abdoulaye,1985-01-07,m,789704732
Sow,Aminata,1980-04-05,f,776264357
Fall,Abdoulaye,2004-11-18,m,706121943
Gueye,Cheikh,2011-12-24,m,784186666
Diallo,Ibrahima,1991-07-05,m,781106838
Sarr,Khady,1997-06-25,f,705972854
Diop,Mariama,1987-01-26,f,787699417
Sarr,Fatou,1969-09-16,f,709252865
Gueye,Khady,1945-09-04,f,786683412
Sarr,Mariama,1985-07-26,f,702619498
Kane,Awa,2017-10-28,f,705487174
Ndiaye,Moussa,1971-02-07,m,772097379
Gueye,Abdoulaye,1995-01-12,m,700391689
Sy,Fatou,1950-01-28,f,770430694
Faye,Ousmane,2007-06-09,m,786415797
Gueye,Mamadou,1960-07-05,m,766157327
Gueye,Ousmane,1989-05-21,m,775393764
Fall,Mariama,1993-09-22,f,778168519
Sarr,Mariama,2018-09-27,f,703999776
Sarr,Ousmane,1980-04-05,m,709846876
Sarr,Fatou,1940-01-18,f,701898204
Diallo,Moussa,1946-02-02,m,781458101
Diop,Fatou,2004-10-12,f,774829762
Sow,Abdoulaye,1968-02-15,m,707378999
Kane,Moussa,1997-01-17,m,776661512
Diop,Abdoulaye,2018-12-25,m,701200730
Ba,Ibrahima,2023-03-31,m,779117841
Gueye,Aminata,1987-07-17,f,786058616
Sy,Mamadou,1965-12-29,m,787880069
Kane,Mamadou,1997-09-13,m,782138637
Ba,Abdoulaye,2003-07-01,m,774839176
Gueye,Mariama,1957-01-25,f,782308989
Ndiaye,Awa,1951-09-13,f,773652537
Ba,Khady,2000-03-08,f,771048305
Kane,Ibrahima,1979-05-11,m,705220397
Ndiaye,Aminata,1949-06-25,f,785599455
Diallo,Fatou,1978-07-23,f,762889744
Ba,Mariama,2005-05-29,f,787160564
Sy,Ibrahima,2017-07-07,m,772133040
Gueye,Ousmane,1960-05-24,m,779068038
Sy,Aminata,2016-12-06,f,786372867
Sy,Cheikh,1994-06-11,m,788396613
Ndiaye,Cheikh,1991-01-15,m,760138157
Ba,Moussa,1976-10-21,m,761856089
Sow,Fatou,1975-02-22,f,782101371
Gueye,Ousmane,1972-05-29,m,783682787
Gueye,Awa,1948-01-11,f,762727807
Kane,Mariama,1987-04-03,f,764519512
Faye,Khady,1954-05-18,f,761412824
Sy,Abdoulaye,1947-09-10,m,702353581
Sow,Aminata,1974-12-22,f,700134163
Sarr,Mamadou,1951-09-26,m,701935399
Faye,Aminata,1970-05-26,f,777882825
Fall,Fatou,1989-06-29,f,786729338
Ndiaye,Mariama,1993-09-14,f,773773502
Ba,Awa,1965-10-06,f,764247208
Sow,Fatou,2005-09-21,f,701527462
Kane,Khady,1963-08-24,f,703930847
Sow,Awa,1941-11-05,f,708852572
Sow,Cheikh,1988-10-26,m,766467373
Sy,Cheikh,1990-09-05,m,776904410
Gueye,Khady,2011-12-30,f,777934229
Ba,Fatou,1967-03-23,f,766256377
Fall,Ousmane,1993-09-21,m,773871152
Diallo,Ibrahima,2016-03-26,m,780280391
Diallo,Oumar,1941-02-17,m,777436915
Diallo,Cheikh,1992-02-26,m,771925461
Ndiaye,Ousmane,1952-08-16,m,777690956
Ba,Ousmane,1994-01-06,m,767538028
Gueye,Khady,1990-05-05,f,767692484
Diallo,Khady,2016-12-20,f,766626118
Ndiaye,Khady,1978-04-01,f,768694986
Fall,Mariama,1942-04-14,f,788361893
Gueye,Mariama,1986-08-03,f,774678544
Ba,Ibrahima,2004-08-29,m,770070158
Sy,Ousmane,2006-01-27,m,703406546
Sy,Ousmane,2018-08-11,m,709065568
Ndiaye,Mamadou,2002-12-13,m,785912143
Sow,Khady,2001-11-20,f,772330607
Faye,Awa,2015-02-27,f,762304295
Ndiaye,Cheikh,1949-11-09,m,709405309
Faye,Ousmane,1999-05-22,m,703577119
Sarr,Oumar,2021-05-15,m,781716230
Gueye,Cheikh,1951-10-03,m,709395604
Sy,Khady,1985-07-03,f,776763226
Ndiaye,Ousmane,2010-06-04,m,780496768
Diallo,Khady,2019-05-28,f,702927592
Diallo,Ousmane,1947-06-12,m,709250617
Ndiaye,Mamadou,1980-04-19,m,706676520
Diop,Awa,1990-12-30,f,762132433
Faye,Oumar,1988-03-31,m,781553034
Fall,Ousmane,1999-10-15,m,761625579
Sow,Fatou,1950-02-14,f,778438438
Sy,Aminata,1970-01-30,f,764204257
Fall,Khady,1984-07-25,f,700681662
Sow,Abdoulaye,1971-10-09,m,760772330
Sy,Awa,2013-02-04,f,700623562
Fall,Oumar,1987-03-23,m,789801157
Ndiaye,Khady,1955-04-24,f,769690010
Faye,Mariama,1993-10-17,f,778576294
Ndiaye,Mamadou,2000-08-31,m,702748014
Sow,Mariama,1953-12-08,f,787688512
Kane,Moussa,1958-04-26,m,761279209
Ba,Khady,1991-05-06,f,778897551
Sarr,Mariama,2000-07-07,f,771968057
Ba,Moussa,1965-10-21,m,760096390
Diop,Abdoulaye,1947-09-05,m,765857692
Sarr,Mariama,1957-10-26,f,789910965
Sow,Ibrahima,2007-08-27,m,774665396
Sy,Mariama,1987-04-05,f,703316252
Sow,Abdoulaye,1946-01-12,m,766626585
Fall,Awa,1956-06-30,f,789655330
Ba,Awa,1993-12-20,f,789600297
Faye,Fatou,1986-04-22,f,779279197
Faye,Aminata,1948-01-14,f,763840056
Gueye,Mariama,2016-03-24,f,770127939
Gueye,Khady,1969-05-21,f,708899010
Fall,Ousmane,1959-08-01,m,771125813
Sarr,Cheikh,2013-03-30,m,701074488
Faye,Awa,2004-10-17,f,777107592
Faye,Cheikh,1972-01-28,m,787026536
Faye,Cheikh,2000-12-13,m,768787003
Fall,Ousmane,2018-06-26,m,705726773
Diop,Mariama,1944-03-24,f,773616619
Diallo,Awa,2011-07-17,f,784497259
Fall,Fatou,1952-11-28,f,783489334
Faye,Cheikh,1974-01-15,m,703233020
Diallo,Mamadou,2021-08-21,m,783651901
Sarr,Awa,1945-07-25,f,765372262
Sow,Awa,1996-12-01,f,708931500
Kane,Moussa,1963-02-13,m,767242596
Sarr,Khady,1975-08-04,f,769644206
Kane,Mariama,2016-11-06,f,768172946
Ba,Cheikh,1985-04-24,m,779662971
Sow,Aminata,1962-06-23,f,776107416
Ba,Ousmane,1963-03-12,m,708530490
Sarr,Mariama,2021-01-20,f,776315334
Faye,Khady,1943-08-14,f,708109898
Sow,Oumar,1984-10-08,m,764623468
Ba,Abdoulaye,1953-09-14,m,769499507
Diallo,Ousmane,1949-12-14,m,767462373
Ndiaye,Ousmane,1944-01-15,m,764381773
Ba,Fatou,1946-01-04,f,779414532
Fall,Aminata,1995-11-02,f,767237935
Ndiaye,Cheikh,1952-12-23,m,762719432
Sy,Mariama,1977-04-19,f,780955383
Sarr,Khady,1961-02-21,f,708735659
Diallo,Ousmane,1986-12-05,m,761869409
Kane,Fatou,1991-10-12,f,702442595
Sy,Cheikh,1985-10-02,m,771597689
Diallo,Aminata,2012-10-12,f,708572376
Diop,Fatou,1956-09-25,f,702139012
Fall,Moussa,1959-05-30,m,776889742
Fall,Ibrahima,1985-08-08,m,768171080
Faye,Awa,1941-08-07,f,700871815
Diallo,Ibrahima,2006-08-27,m,701081271
Gueye,Awa,1985-03-18,f,781615788
Faye,Mamadou,1985-07-28,m,764150176
Diop,Fatou,1946-10-04,f,787834505
Ndiaye,Mamadou,2005-07-06,m,772562982
Sow,Aminata,2011-08-11,f,788605879
Faye,Fatou,1990-03-07,f,761312380
Ba,Aminata,1959-11-04,f,784730615
Faye,Moussa,2005-10-18,m,774760310
Ndiaye,Oumar,1985-05-19,m,771391759
Fall,Mamadou,2018-03-01,m,700308412
Diop,Khady,1965-08-13,f,773066826
Fall,Aminata,1994-05-25,f,784694928
Sarr,Awa,1949-03-11,f,707710780
Sarr,Abdoulaye,1989-02-16,m,767117650
Faye,Fatou,2001-07-02,f,772536377
Ndiaye,Khady,1945-02-03,f,785654029
Sow,Ousmane,1953-10-30,m,763524374
Sy,Mamadou,1982-03-05,m,767499509
Sarr,Awa,1985-08-03,f,709954821
Sy,Khady,2008-07-07,f,701794756
Faye,Oumar,2004-09-17,m,782496600
Fall,Oumar,1978-01-24,m,704620610
Sy,Abdoulaye,2000-03-13,m,789678726
Ba,Awa,1983-02-22,f,781584981
Kane,Cheikh,1988-04-19,m,779264923
Faye,Mamadou,1947-03-31,m,779479534
Ba,Mariama,2006-05-10,f,786279339
Fall,Awa,1963-05-18,f,774135973
Fall,Mamadou,1944-08-14,m,780511313
Diop,Mamadou,1999-07-07,m,782633101
Kane,Aminata,1942-03-07,f,789339720
Sarr,Fatou,2011-08-12,f,764108189
Ndiaye,Ibrahima,1997-04-02,m,767351290
Diop,Awa,1945-08-09,f,768099205
Ba,Fatou,1991-10-18,f,776698585
Ba,Aminata,2019-04-05,f,774673685
Sow,Mamadou,1951-04-01,m,775655897
Faye,Ousmane,1984-05-28,m,701859075
Sy,Moussa,1982-09-30,m,776699954
Ndiaye,Moussa,1996-03-14,m,700695729
Sy,Khady,1990-01-24,f,764810641
Sy,Awa,1948-11-25,f,703817381
Fall,Aminata,2021-03-20,f,762483531
Gueye,Awa,2021-12-23,f,701674830
Sarr,Awa,1944-04-23,f,708450382
Sow,Cheikh,1970-04-14,m,782391411
Sow,Aminata,1985-02-28,f,772903354
Diop,Aminata,2022-10-20,f,701350464
Sarr,Cheikh,2023-12-29,m,763380968
Ba,Khady,1972-05-16,f,762331056
Diallo,Ibrahima,1968-06-05,m,702445984
Fall,Ousmane,2021-12-11,m,760212097
Gueye,Fatou,2021-02-23,f,706717156
Ba,Fatou,2016-12-28,f,701531025
Ba,Moussa,1946-03-24,m,704614903
Gueye,Abdoulaye,2012-07-27,m,708192784
Sy,Moussa,1963-11-14,m,789041201
Ba,Abdoulaye,1959-07-28,m,762479882
Sarr,Awa,1995-04-04,f,779389579
Kane,Aminata,1999-09-20,f,780284977
Fall,Mariama,2013-05-24,f,707942750
Diop,Awa,1987-08-24,f,775879191
Fall,Ousmane,1971-12-22,m,764011316
Sow,Abdoulaye,1965-04-10,m,766091427
Gueye,Mariama,1964-06-28,f,760021545
Sow,Mamadou,1944-12-01,m,704848643
Gueye,Abdoulaye,1969-07-30,m,774892234
Diop,Cheikh,1959-02-23,m,770163803
Kane,Awa,1970-07-03,f,764726150
Sow,Aminata,1983-05-18,f,771309132
Fall,Aminata,1993-04-10,f,702963265
Ba,Mariama,1943-09-07,f,760499579
Gueye,Ibrahima,1954-10-27,m,782660787
Faye,Ibrahima,1952-01-18,m,764736630
Gueye,Fatou,1948-12-23,f,761176406
Sy,Khady,2015-03-10,f,775467648
Sow,Awa,1940-10-10,f,768437058
Ndiaye,Fatou,1982-08-21,f,701331063
Ndiaye,Aminata,2007-01-25,f,700197553
Diallo,Moussa,1956-12-08,m,708644322
Diallo,Fatou,2012-09-01,f,709155991
Ndiaye,Khady,2002-11-07,f,700011825
Ndiaye,Mariama,1997-08-17,f,706473699
Diop,Mariama,1965-10-26,f,761028729
Sow,Aminata,2019-05-25,f,764444592
Gueye,Aminata,1979-03-12,f,783661066
Kane,Ousmane,2001-04-18,m,702360939
Diallo,Moussa,1941-12-10,m,764466243
Diallo,Mamadou,1997-08-07,m,708564809
Gueye,Mariama,1948-11-30,f,765332127
Faye,Cheikh,1946-03-30,m,777802499
Kane,Mamadou,1975-12-10,m,772000771
Ndiaye,Mariama,2001-11-06,f,770184644
Faye,Ousmane,1955-04-09,m,700311234
Faye,Ousmane,1950-10-10,m,785093519
Ndiaye,Ousmane,1985-06-23,m,780964486
Diallo,Ibrahima,2019-10-21,m,788814702
Kane,Mariama,1971-04-14,f,761136657
Sow,Fatou,2010-06-16,f,783754580
Kane,Fatou,1981-05-24,f,787137818
Gueye,Cheikh,2003-01-17,m,703104930
Fall,Awa,1970-01-06,f,785089916
Diop,Abdoulaye,1974-10-29,m,767960946
Sy,Awa,1959-01-31,f,760117000
Sy,Mamadou,1998-05-14,m,789716615
Kane,Cheikh,1965-02-01,m,771958609
Kane,Moussa,1975-04-10,m,784534800
Ba,Fatou,1957-12-07,f,784930580
Sow,Ibrahima,1958-08-07,m,787608076
Sow,Awa,2013-07-31,f,775132758
Ba,Abdoulaye,2018-11-30,m,775646952
Ba,Awa,1989-10-21,f,774802101
Kane,Cheikh,1969-08-26,m,780740400
Faye,Moussa,2018-03-03,m,771383753
Sow,Awa,1988-12-30,f,775702017
Diallo,Mariama,1970-03-13,f,701279587
Ba,Khady,2007-08-27,f,782572938
Diallo,Ibrahima,1984-12-13,m,705146259
Diop,Mariama,2004-01-14,f,788258887
Sow,Aminata,1997-07-27,f,772131900
Faye,Oumar,1954-05-28,m,788273214
Fall,Awa,1967-06-06,f,786280391
Diallo,Oumar,1968-05-01,m,782059838
Ndiaye,Fatou,2020-10-04,f,701481582
Gueye,Oumar,1969-01-06,m,702413775
Ba,Awa,2014-05-09,f,775632201
Sow,Awa,2017-06-04,f,766395580
Sy,Ibrahima,1961-08-14,m,760520467
Sy,Cheikh,1957-12-06,m,708198148
Diallo,Mamadou,1940-03-26,m,783989624
Ndiaye,Aminata,1968-12-07,f,776336429
Sow,Awa,1958-09-22,f,774840698
Ndiaye,Moussa,2002-07-17,m,764818512
Kane,Oumar,2004-12-10,m,763085265
Faye,Cheikh,1956-08-06,m,700826508
Ndiaye,Khady,2002-12-21,f,772200820
Sy,Fatou,2018-08-30,f,703885244
Fall,Ibrahima,1943-11-12,m,766512623
Kane,Awa,1975-10-07,f,702207659
Kane,Moussa,1994-11-20,m,786163982
Diallo,Fatou,2019-11-30,f,785938319
Sarr,Aminata,1958-02-11,f,778085179
Gueye,Awa,1957-08-01,f,761582886
Faye,Aminata,1993-12-28,f,764289474
Sarr,Khady,1961-06-10,f,765077831
Sarr,Cheikh,2007-11-14,m,774244991
Sy,Aminata,2021-08-30,f,776301371
Diop,Awa,1992-07-12,f,766106041
Sow,Awa,1997-08-12,f,765842634
Gueye,Khady,1952-11-17,f,780865633
Kane,Fatou,2002-02-20,f,771414317
Sy,Ibrahima,1962-03-22,m,700956587
Faye,Aminata,2008-12-18,f,782237771
Ba,Mariama,1986-04-09,f,787593732
Ba,Khady,1943-01-08,f,766401894
Sy,Mamadou,2020-09-30,m,783717671
Ba,Abdoulaye,1986-10-16,m,767854026
Diallo,Ibrahima,1991-01-31,m,783974337
Ba,Aminata,2023-01-13,f,778826012
Diop,Ousmane,1947-02-08,m,787291816
Kane,Mariama,1983-01-07,f,762422795
Diop,Oumar,1955-09-07,m,785415219
Gueye,Ibrahima,1980-03-02,m,784716275
Diallo,Ibrahima,1946-08-30,m,776294422
Kane,Khady,1996-01-27,f,782293495
Sarr,Ibrahima,1961-04-29,m,702055482
Diop,Aminata,1967-02-10,f,782685903
Diop,Abdoulaye,1953-03-21,m,786847714
Diop,Cheikh,1943-04-05,m,780519490
Sarr,Abdoulaye,1942-07-29,m,762694257
Fall,Oumar,2015-03-05,m,764989365
Gueye,Ibrahima,1987-11-01,m,701258310
Sy,Moussa,1987-12-20,m,767554355
Diallo,Ousmane,2006-11-03,m,782906089
Sy,Ibrahima,1964-03-04,m,773565413
Sow,Oumar,2017-04-01,m,774606729
Ndiaye,Aminata,1992-03-08,f,760671093
Kane,Ibrahima,2005-01-30,m,779752429
Sow,Oumar,1942-01-29,m,706298957
Faye,Ibrahima,2000-07-09,m,700416786
Faye,Oumar,1951-08-27,m,786443694
Sow,Cheikh,1957-05-19,m,766031968
Kane,Mamadou,2014-12-04,m,766812568
Faye,Fatou,2011-02-15,f,789461436
Sow,Abdoulaye,1968-03-31,m,770589075
Faye,Mariama,1956-03-13,f,787070735
Fall,Fatou,2017-05-25,f,702805879
Diop,Awa,2015-03-24,f,771308847
Fall,Mariama,1967-04-10,f,787828687
Sarr,Abdoulaye,1954-02-10,m,779302553
Gueye,Mariama,2020-09-30,f,781864518
Kane,Ousmane,1973-07-06,m,766981192
Ba,Mariama,1943-05-28,f,786453311
Fall,Aminata,1944-04-30,f,784832640
Sarr,Aminata,2017-08-27,f,776864535
Sy,Khady,1970-09-11,f,770680182
Ndiaye,Ibrahima,1957-02-13,m,702643968
Sarr,Ousmane,1980-04-23,m,766985352
Diallo,Abdoulaye,1947-05-10,m,707035485
Ba,Abdoulaye,1985-10-07,m,761374008
Gueye,Fatou,2021-08-01,f,772651114
Gueye,Ousmane,2019-05-01,m,779977591
Ndiaye,Mariama,1977-07-04,f,777328818
Fall,Khady,1957-11-25,f,760952164
Sy,Moussa,1945-11-03,m,761021394
Diop,Mariama,1985-03-03,f,788592803
Sarr,Khady,1943-07-03,f,701876789
Gueye,Mamadou,2020-02-02,m,773183105
Gueye,Mamadou,1971-04-16,m,707797952
Sy,Mariama,1952-07-08,f,707371424
Gueye,Ousmane,2014-10-23,m,780275049
Kane,Khady,1998-07-13,f,781592189
Sy,Mamadou,1992-11-06,m,783288470
Faye,Abdoulaye,1964-10-13,m,701380343
Gueye,Aminata,1942-04-01,f,765695665
Diop,Khady,1984-03-12,f,779973782
Diop,Oumar,1995-09-08,m,771939823
Diop,Ibrahima,1998-05-10,m,762937803
Sarr,Mariama,1944-05-30,f,760283966
Ba,Khady,1945-01-12,f,769062923
Kane,Fatou,1957-02-15,f,781847942
Sy,Abdoulaye,1941-08-03,m,785474752
Kane,Aminata,1999-02-17,f,772166790
Ndiaye,Khady,2002-10-13,f,781736440
Diop,Awa,2011-12-19,f,782540024
Gueye,Abdoulaye,2001-08-25,m,762185557
Sow,Fatou,1965-11-20,f,789280661
Kane,Ibrahima,2011-03-02,m,777452277
Diallo,Aminata,2007-04-11,f,702301676
Kane,Ousmane,1984-12-23,m,780835686
Faye,Fatou,2009-04-03,f,763821293
Ba,Awa,2018-02-26,f,704903347
Faye,Awa,2021-04-27,f,761786026
Sy,Moussa,1999-08-22,m,702462724
Faye,Abdoulaye,1995-12-26,m,705520679
Ndiaye,Mariama,1941-07-22,f,701201910
Sarr,Aminata,2021-12-28,f,708639196
Sy,Oumar,1967-05-16,m,760616118
Diop,Awa,1964-01-23,f,779829092
Faye,Khady,1975-06-15,f,770636657
Fall,Cheikh,1960-12-23,m,766441042
Sy,Aminata,1983-08-15,f,704194023
Diallo,Abdoulaye,1990-12-05,m,778690023
Gueye,Ibrahima,1987-10-29,m,788141055
Fall,Moussa,1994-12-01,m,705766427
Ba,Mamadou,1974-10-07,m,785063424
Ba,Fatou,1986-04-25,f,703384476
Diallo,Cheikh,1952-04-15,m,774867536
Kane,Fatou,1958-08-12,f,788199804
Sy,Aminata,1942-04-12,f,771451306
Sow,Khady,1991-01-15,f,770682055
Sow,Awa,1999-09-29,f,708579255
Ba,Ibrahima,1984-02-01,m,788117989
Diop,Ibrahima,1944-01-04,m,787803255
Sarr,Moussa,1966-05-16,m,787325198
Ndiaye,Mariama,1959-12-13,f,787090358
Gueye,Aminata,2001-02-17,f,777295938
Sarr,Khady,1941-05-31,f,705585093
Sow,Awa,1952-06-15,f,705670121
Gueye,Ibrahima,1973-08-19,m,766691625
Sow,Oumar,1979-12-23,m,709953425
Fall,Awa,2023-10-25,f,784755674
Sow,Cheikh,1973-07-24,m,764049436
Diop,Aminata,1976-06-06,f,778714701
Sy,Ibrahima,1942-06-22,m,761623478
Faye,Oumar,1996-10-12,m,777009350
Diallo,Ousmane,1981-08-18,m,701302548
Sow,Aminata,2009-11-30,f,760681296
Faye,Khady,2008-03-22,f,779541408
Gueye,Abdoulaye,1967-06-21,m,772527764
Sy,Oumar,1992-05-29,m,702178423
Ba,Fatou,2006-10-14,f,707081565
Sow,Fatou,1970-06-14,f,702128511
Gueye,Awa,1982-12-21,f,760034331
Gueye,Mariama,2023-02-23,f,768359237
Faye,Cheikh,1972-08-17,m,707346029
Faye,Mariama,1953-11-23,f,702709293
Gueye,Ousmane,1943-03-22,m,767415153
Diop,Awa,1956-12-22,f,701936757
Diallo,Fatou,2014-03-03,f,768716322
Sarr,Aminata,2013-10-16,f,787209598
Faye,Mariama,1947-05-31,f,704996590
Ba,Cheikh,1993-05-18,m,788316001
Sy,Mariama,2015-10-05,f,763223112
Ba,Awa,2011-04-20,f,777406639
Diallo,Oumar,1976-10-09,m,761070396
Sarr,Aminata,1944-05-05,f,776858403
Faye,Ousmane,1964-09-17,m,772601760
Sow,Awa,1997-04-09,f,765317259
Faye,Moussa,1997-05-27,m,781960182
Faye,Aminata,1969-08-17,f,765630948
Sarr,Khady,1961-02-23,f,781692555
Ndiaye,Cheikh,1958-09-12,m,702473256
Kane,Oumar,2015-07-08,m,706918984
Diallo,Khady,1973-12-17,f,704601038
Fall,Mamadou,2019-11-13,m,706678950
Diallo,Awa,1948-03-02,f,784373654
Sow,Fatou,1975-06-27,f,773833523
Ba,Aminata,1952-04-26,f,769827541
Kane,Oumar,1978-07-03,m,769626656
Sarr,Abdoulaye,2019-01-06,m,762363422
Sarr,Oumar,1969-04-13,m,777297578
Gueye,Oumar,2004-02-13,m,770859571
Diop,Mariama,2020-04-07,f,789606021
Diallo,Awa,2007-06-16,f,701789805
Ndiaye,Khady,1971-08-07,f,779094792
Sy,Cheikh,2016-06-18,m,704018554
Ndiaye,Cheikh,1980-03-09,m,702051596
Ba,Ousmane,1990-10-24,m,781832293
Ba,Oumar,2015-09-02,m,761522612
Kane,Ousmane,2008-10-25,m,787464507
Ba,Awa,1985-07-30,f,765671064
Sy,Ousmane,1997-02-28,m,771433063
Sow,Mariama,1976-04-26,f,781090387
Sarr,Aminata,1982-07-26,f,764943852
Ba,Mariama,1952-12-01,f,760569170
Gueye,Fatou,1962-08-06,f,762252828
Kane,Mamadou,2019-06-04,m,776028521
Sy,Ousmane,1962-09-23,m,786794641
Fall,Fatou,1993-11-20,f,706767349
Sy,Moussa,1969-05-10,m,700339900
Diallo,Abdoulaye,2000-11-26,m,780891926
Ndiaye,Khady,1947-08-29,f,786876053
Faye,Awa,1990-10-11,f,772684692
Diallo,Awa,1967-08-02,f,783698534
Fall,Ibrahima,1988-09-11,m,784524179
Kane,Awa,1971-01-28,f,708009850
Gueye,Khady,1985-08-18,f,788699216
Gueye,Mariama,2012-08-21,f,770251607
Fall,Awa,2012-04-15,f,765331190
Sarr,Mariama,1997-10-09,f,760270275
Ba,Moussa,1985-01-31,m,700871934
Sy,Khady,1955-04-21,f,706333271
Ndiaye,Moussa,2013-09-10,m,767364962
Kane,Abdoulaye,1951-06-19,m,771060234
Diop,Fatou,1991-12-14,f,772834049
Ndiaye,Moussa,1949-06-06,m,764948637
Kane,Oumar,1993-09-13,m,703706356
Ndiaye,Mamadou,1952-07-25,m,786459812
Ba,Ibrahima,1951-12-03,m,705523792
Gueye,Khady,2006-05-06,f,777202653
Ba,Mariama,1944-04-01,f,787957429
Fall,Khady,1980-01-04,f,708490420
Kane,Moussa,2005-12-18,m,702376127
Sarr,Oumar,2012-08-22,m,782981701
Diop,Oumar,1999-10-19,m,772920885
Ndiaye,Fatou,2001-08-31,f,765310868
Sarr,Ousmane,1980-11-14,m,787372871
Fall,Mamadou,2003-12-13,m,769584231
Gueye,Awa,2011-07-09,f,707892979
Gueye,Ibrahima,1979-06-02,m,776616056
Fall,Khady,1941-06-06,f,772410558
Gueye,Oumar,1993-03-15,m,705519470
Ba,Fatou,1951-02-22,f,783619692
Ndiaye,Mamadou,1979-01-21,m,786145546
Sarr,Moussa,1968-03-18,m,760023891
Sarr,Awa,2011-04-07,f,709869807
Kane,Fatou,1977-09-20,f,779936422
Sy,Khady,1954-12-10,f,789373036
Gueye,Awa,1992-01-14,f,781037366
Sow,Mariama,1988-06-25,f,785893268
Fall,Aminata,1993-03-08,f,769194535
Kane,Aminata,2012-09-08,f,768373946
Kane,Fatou,1962-06-20,f,765775505
Kane,Awa,1942-03-18,f,762862157
Diallo,Cheikh,1983-11-07,m,708157944
Sarr,Mamadou,1950-03-02,m,761541523
Faye,Cheikh,1998-05-13,m,760225526
Ba,Aminata,1998-10-20,f,706272891
Fall,Ibrahima,1984-10-30,m,777484816
Diallo,Awa,1963-11-08,f,767770584
Diop,Aminata,1943-06-29,f,760827939
Gueye,Khady,2019-10-07,f,771366461
Fall,Mariama,2011-06-27,f,785950799
Ndiaye,Mamadou,2007-01-14,m,708659454
Ndiaye,Fatou,1982-05-06,f,773889619
Fall,Aminata,1946-06-11,f,770364064
Sy,Aminata,1943-09-19,f,760770969
Ba,Aminata,1980-02-27,f,703622647
Sy,Oumar,1979-06-03,m,763695331
Sy,Khady,1982-09-26,f,707354901
Ba,Abdoulaye,1940-04-15,m,780438089
Ndiaye,Ousmane,1972-01-13,m,782931113
Fall,Ousmane,1969-07-16,m,774983957
Sarr,Mariama,2006-05-09,f,771147460
Kane,Mariama,1958-09-02,f,785113746
Gueye,Abdoulaye,1973-04-26,m,762202634
Diallo,Oumar,1994-05-22,m,785911912
Sarr,Ousmane,1945-05-27,m,773163078
Ndiaye,Abdoulaye,1986-12-03,m,760313726
Diallo,Awa,1990-12-07,f,701577153
Diallo,Awa,1951-06-15,f,760132546
Ndiaye,Mariama,2006-02-04,f,767870981
Sy,Mamadou,2003-11-28,m,768375642
Ndiaye,Moussa,2023-10-09,m,787878895
Sarr,Fatou,1960-08-05,f,760310163
Kane,Mariama,2005-06-04,f,773933195
Fall,Moussa,1979-06-03,m,776628343
Ndiaye,Aminata,1946-09-13,f,780184538
Kane,Mariama,1997-08-10,f,785666585
Sarr,Fatou,1974-06-25,f,770836486
Sarr,Fatou,1963-12-18,f,776713325
Sow,Ousmane,1966-08-02,m,774843566
Ba,Ousmane,1941-09-30,m,785920657
Sy,Awa,1996-05-28,f,780080724
Sarr,Ibrahima,2015-04-15,m,783499777
Ndiaye,Mariama,1957-06-24,f,706776257
Sy,Mariama,2023-06-07,f,784188680
Ndiaye,Fatou,2011-04-07,f,700913193
Faye,Moussa,1957-09-30,m,700941649
Kane,Mariama,1950-04-28,f,787966469
Sy,Khady,1986-08-12,f,704697921
Sarr,Cheikh,1950-01-01,m,776498698
Diop,Mariama,1982-12-18,f,789388317
Ba,Khady,2016-05-14,f,786614896
Fall,Abdoulaye,2006-06-25,m,781539425
Sarr,Cheikh,1947-08-23,m,703675397
Kane,Khady,2021-01-07,f,772621169
Ba,Abdoulaye,1965-05-12,m,785782747
Sow,Oumar,1976-02-08,m,772042485
Sow,Mariama,1945-10-21,f,701746273
Fall,Oumar,2010-02-13,m,765432602
Faye,Cheikh,1976-08-13,m,779315484
Diallo,Aminata,2007-07-19,f,781384937
Gueye,Cheikh,1956-06-15,m,706906844
Faye,Fatou,2018-08-18,f,760934310
Gueye,Fatou,1955-10-03,f,778192415
Sarr,Oumar,1995-06-02,m,773156149
Sarr,Mamadou,1968-10-18,m,704540190
Diop,Cheikh,1942-05-08,m,769933259
Faye,Mariama,1960-12-13,f,785857116
Faye,Aminata,1976-09-21,f,782474884
Sy,Khady,1964-08-22,f,709022878
Gueye,Fatou,1969-05-15,f,784489792
Ba,Khady,2023-05-31,f,770018079
Gueye,Ousmane,1980-05-01,m,777414066
Fall,Aminata,2002-09-10,f,771819068
Ndiaye,Khady,1987-07-18,f,702939171
Sy,Mariama,1993-10-31,f,764454136
Sy,Awa,1960-10-23,f,707428795
Kane,Khady,1986-11-24,f,788906837
Ndiaye,Abdoulaye,2023-01-14,m,767915683
Fall,Khady,1951-09-04,f,762143693
Sow,Awa,1946-10-25,f,704250896
Sy,Aminata,1942-11-07,f,780074669
Diallo,Ibrahima,2022-04-20,m,769886716
Faye,Ibrahima,1945-11-16,m,708841444
Fall,Fatou,1984-05-27,f,784934316
Sy,Ibrahima,1952-05-20,m,709387320
Diallo,Khady,1999-12-15,f,702513708
Diop,Awa,1991-06-21,f,704398832
Ndiaye,Khady,1964-11-14,f,767954513
Fall,Mamadou,1969-05-27,m,765863641
Diop,Cheikh,1961-09-16,m,702363315
Kane,Fatou,2017-12-31,f,768877829
Ndiaye,Mariama,1950-04-26,f,764207214
Sy,Moussa,1981-05-01,m,707535471
Fall,Awa,2000-06-05,f,779803253
Faye,Aminata,1947-06-19,f,784433995
Diallo,Ibrahima,1987-01-18,m,761557605
Faye,Ibrahima,2017-06-06,m,706439634
Sow,Khady,2013-01-24,f,702946415
Diop,Fatou,1943-11-25,f,707738492
Faye,Ibrahima,2008-03-14,m,705458201
Fall,Khady,1972-05-20,f,781061321
Diallo,Aminata,1988-01-06,f,705578753
Gueye,Awa,1957-09-26,f,770176551
Sy,Mariama,1947-01-31,f,763013950
Gueye,Mamadou,1950-01-03,m,703671841
Ndiaye,Abdoulaye,1996-11-24,m,704849057
Sow,Fatou,1998-06-06,f,707490683
Faye,Ibrahima,1986-04-16,m,705325209
Ndiaye,Awa,1954-06-07,f,789509785
Sow,Abdoulaye,1940-09-24,m,764150157
Ndiaye,Khady,1966-06-19,f,778821643
Faye,Abdoulaye,1963-10-09,m,709294077
Diop,Moussa,2011-04-18,m,774691858
Sarr,Fatou,1968-07-03,f,786858645
Sarr,Oumar,1952-01-28,m,776732148
Fall,Ibrahima,1955-03-03,m,709977981
Fall,Oumar,1964-05-16,m,701802184
Sow,Ousmane,1983-08-29,m,774546288
Faye,Oumar,1941-03-16,m,775620321
Ndiaye,Abdoulaye,2003-01-27,m,704840352
Ba,Mamadou,1966-01-23,m,773724537
Faye,Ousmane,2012-11-08,m,770513459
Gueye,Fatou,1998-09-29,f,703747224
Faye,Cheikh,1956-04-08,m,766582229
Sow,Mariama,1998-10-08,f,761925810
Sow,Mariama,1984-07-31,f,778426378
Sarr,Fatou,2010-11-01,f,784952173
Diallo,Ibrahima,1982-08-27,m,775873654
Sarr,Awa,1996-05-13,f,702485668
Sy,Awa,1942-01-22,f,777733907
Kane,Oumar,1975-04-20,m,768099658
Sow,Mariama,1947-05-03,f,782155681
Faye,Mariama,1944-10-28,f,761799397
Ndiaye,Mamadou,1977-11-13,m,772033663
Ndiaye,Aminata,2003-05-24,f,776381233
Sy,Abdoulaye,1948-08-14,m,700342830
Diop,Mamadou,1957-02-08,m,777543058
Diallo,Cheikh,1951-10-30,m,779497823
Ndiaye,Cheikh,1954-12-13,m,773542055
Sow,Aminata,1971-05-10,f,705742054
Diallo,Moussa,1963-11-14,m,709686617
Diallo,Khady,1996-01-23,f,764315851
Fall,Oumar,1988-12-20,m,788554189
Faye,Aminata,1946-04-10,f,782444843
Sow,Oumar,1996-10-28,m,789397151
Sow,Mariama,1967-11-09,f,762305229
Ba,Fatou,2008-12-21,f,770953216
Sy,Awa,1954-11-15,f,763057498
Fall,Fatou,1965-04-17,f,769878315
Sow,Awa,2000-05-02,f,768247018
Sow,Aminata,2003-11-07,f,709249028
Sy,Cheikh,2017-11-24,m,705078785
Diallo,Awa,1988-07-04,f,775094617
Sow,Khady,1984-04-12,f,762298994
Sarr,Mariama,2007-02-04,f,705745221
Sow,Ousmane,2001-01-20,m,789434395
Kane,Abdoulaye,2008-12-13,m,781309263
Sy,Mamadou,1982-04-24,m,787403265
Sow,Abdoulaye,1972-04-10,m,771298130
Faye,Awa,1986-01-19,f,777381078
Fall,Ibrahima,1993-03-28,m,703279776
Fall,Mamadou,1987-03-29,m,709634235
Diallo,Mamadou,1987-11-14,m,700571292
Sow,Awa,1942-05-05,f,765185937
Kane,Ousmane,1947-06-19,m,785215579
Fall,Aminata,1984-06-15,f,704029351
Faye,Moussa,2000-09-17,m,707711464
Sy,Mariama,1969-04-25,f,779851223
Fall,Ousmane,1983-09-09,m,765328532
Fall,Fatou,2020-08-02,f,788852982
Gueye,Moussa,1966-07-06,m,769121269
Diallo,Oumar,1971-04-24,m,767081753
Ndiaye,Mariama,1991-08-27,f,763504705
Diop,Khady,1974-07-10,f,767016005
Diop,Awa,1985-12-17,f,772393056
Ba,Khady,2011-04-10,f,701924860
Diop,Awa,2002-09-16,f,704032021
Sy,Abdoulaye,1987-09-08,m,781448399
Kane,Khady,1945-05-16,f,708569552
Gueye,Abdoulaye,1955-04-24,m,782798414
Sy,Khady,2005-08-14,f,780250943
Diop,Awa,1946-09-26,f,763734110
Faye,Fatou,2021-01-02,f,700395012
Sy,Mariama,2021-04-06,f,767340817
Faye,Ousmane,1962-04-28,m,783645754
Kane,Abdoulaye,1949-04-10,m,708719824
Sy,Khady,2008-06-16,f,779378509
Sarr,Oumar,2022-03-14,m,787738160
Ba,Abdoulaye,1963-02-23,m,762561504
Sow,Mariama,2021-01-09,f,777106369
Ba,Aminata,1962-02-28,f,708394726
Diop,Mariama,1971-06-27,f,789228748
Kane,Oumar,1941-08-29,m,707322316
Ndiaye,Oumar,1958-11-17,m,762343257
Faye,Ousmane,1941-05-24,m,785112384
Diallo,Oumar,1989-12-31,m,708967792
Ndiaye,Ibrahima,1994-05-10,m,706596141
Ndiaye,Ibrahima,2009-04-11,m,786824770
Diallo,Aminata,1979-11-10,f,707033191
Ba,Awa,1955-10-06,f,708637556
Faye,Mamadou,1979-12-31,m,783909594
Ndiaye,Aminata,1986-11-17,f,764679573
Sarr,Cheikh,1994-09-17,m,782025198
Fall,Ousmane,1946-09-05,m,702939849
Gueye,Ousmane,1996-01-29,m,773703825
Ndiaye,Mariama,2004-11-18,f,702985272
Fall,Fatou,1941-10-16,f,702387138
Sy,Abdoulaye,2008-05-16,m,786433445
Ba,Oumar,1977-05-26,m,779880800
Sow,Mamadou,1949-08-03,m,787596306
Faye,Ousmane,1969-08-16,m,709862359
Sy,Mamadou,2023-04-16,m,783149280
Sarr,Fatou,1995-03-10,f,782925780
Gueye,Awa,1977-03-17,f,760152656
Ndiaye,Mariama,2008-07-18,f,700166002
Sow,Mariama,2004-07-16,f,783388081
Faye,Oumar,1943-02-02,m,708466682
Fall,Ibrahima,1998-11-18,m,780689935
Sow,Mariama,1966-11-30,f,789610150
Fall,Cheikh,2023-03-21,m,761460232
Gueye,Aminata,1972-09-19,f,709794871
Sarr,Awa,1994-11-20,f,701830256
Diop,Aminata,1967-11-22,f,701761189
Diallo,Fatou,1964-03-14,f,768160539
Sarr,Mariama,2018-02-01,f,787313690
Sow,Awa,1965-11-03,f,777755762
Sarr,Oumar,1988-06-02,m,709629622
Faye,Ibrahima,1998-02-15,m,761219074
Kane,Cheikh,1971-07-19,m,764603868
Sarr,Mariama,1947-03-02,f,786274262
Fall,Mariama,1987-03-01,f,707890025
Kane,Mariama,1952-03-08,f,707375976
Diallo,Mariama,1942-11-18,f,785583328
Fall,Aminata,1986-05-18,f,780411653
Diop,Awa,2018-04-06,f,762328407
Sarr,Mariama,1951-05-24,f,707416303
Gueye,Mamadou,1972-05-05,m,708005756
Ba,Khady,1990-05-18,f,777541593
Kane,Mariama,1978-11-29,f,777636192
Faye,Moussa,2018-09-01,m,780523264
Sow,Cheikh,1970-04-22,m,783746402
Diop,Khady,1966-12-12,f,708656773
Sy,Moussa,1963-08-29,m,708441532
Diop,Fatou,1998-07-25,f,765160928
Kane,Fatou,1973-08-24,f,780879396
Sy,Cheikh,1947-06-24,m,772474389
Diop,Khady,2008-01-25,f,761589890
Gueye,Ibrahima,1953-07-02,m,784219309
Faye,Khady,1979-03-01,f,762918638
Sarr,Fatou,2008-10-28,f,702967848
Faye,Khady,2010-12-25,f,775565234
Fall,Abdoulaye,2019-05-03,m,780897912
Ba,Moussa,1977-10-14,m,767698776
Ndiaye,Moussa,1951-05-09,m,703952377
Ndiaye,Aminata,2014-06-17,f,782045222
Fall,Aminata,2000-11-06,f,783019925
Diallo,Aminata,1961-05-06,f,787599790
Sow,Abdoulaye,1960-01-04,m,782579037
Fall,Khady,1985-05-11,f,764806838
Ba,Fatou,1960-11-27,f,764866834
Diop,Mamadou,1972-01-09,m,773764548
Diallo,Awa,2004-04-09,f,773406681
Faye,Mamadou,1955-06-23,m,766860574
Faye,Abdoulaye,1940-12-28,m,703509101
Diop,Mamadou,1955-11-20,m,773149024
Diallo,Awa,2004-02-19,f,771081478
Fall,Aminata,1977-03-16,f,706680221
Kane,Fatou,1948-10-12,f,780821779
Gueye,Awa,1942-09-20,f,787827074
Ba,Mariama,1978-11-22,f,767973952
Diop,Fatou,2010-11-08,f,776189638
Diallo,Cheikh,1947-03-27,m,706856112
Ba,Moussa,1998-06-25,m,786323769
Sy,Abdoulaye,2018-06-07,m,779090208
Kane,Fatou,2001-10-17,f,771835831
Faye,Ousmane,1979-12-01,m,708808413
Sy,Khady,1982-08-13,f,773230906
Kane,Aminata,1955-04-08,f,788478698
Gueye,Awa,1975-04-24,f,708712092
Ba,Aminata,1972-12-09,f,768623954
Fall,Oumar,1993-12-18,m,784547136
Ba,Cheikh,1984-10-20,m,780842670
Sow,Mariama,2002-02-05,f,784658992
Faye,Aminata,1950-02-21,f,761834478
Ndiaye,Ousmane,2004-03-26,m,784923114
Fall,Abdoulaye,1978-10-07,m,702734537
Kane,Mamadou,1968-09-07,m,766983936
Sarr,Aminata,2004-12-06,f,784297667
Sy,Khady,1954-10-27,f,767000115
Ndiaye,Khady,1998-01-16,f,761480799
Sarr,Mamadou,1947-11-02,m,781760507
Ndiaye,Mariama,1978-03-27,f,763857874
Ba,Fatou,1985-04-23,f,774818834
Ba,Oumar,1947-06-15,m,781523421
Diop,Cheikh,1950-11-06,m,775875405
Sarr,Ibrahima,1988-03-23,m,705446608
Ba,Khady,2007-10-02,f,780636452
Kane,Abdoulaye,2020-09-26,m,771055869
Diop,Mamadou,1953-03-01,m,785376247
Kane,Mariama,1970-03-21,f,776388621
Ba,Mariama,2001-11-12,f,766823604
Fall,Fatou,1972-10-22,f,701105199
Diop,Mariama,1957-06-30,f,785482205
Sarr,Moussa,1977-09-16,m,766322555
Ndiaye,Mamadou,1963-05-04,m,762089188
Ba,Ousmane,1999-12-19,m,764052280
Faye,Aminata,1982-06-20,f,782286225
Ba,Oumar,1985-03-28,m,781551112
Sow,Ibrahima,1989-07-14,m,709214479
Sow,Mariama,1949-01-22,f,789769366
Fall,Abdoulaye,1971-05-12,m,775081127
Diallo,Fatou,2023-12-07,f,789510775
Sow,Fatou,1997-08-30,f,702486593
Diallo,Moussa,2007-03-27,m,779879030
Faye,Ibrahima,1996-08-21,m,764938338
Sy,Oumar,1949-05-10,m,773888343
Fall,Ousmane,2006-07-31,m,706446119
Sow,Khady,1996-10-16,f,764338955
Sow,Mariama,2012-07-26,f,769351847
Kane,Fatou,1958-10-30,f,789051413
Ba,Fatou,1956-05-22,f,770325488
Gueye,Fatou,2014-08-25,f,768541932
Diop,Fatou,2003-01-07,f,766099699
Ndiaye,Mariama,1996-02-19,f,778450860
Ba,Aminata,2001-11-21,f,764898938
Sy,Moussa,1997-10-17,m,702516298
Ba,Cheikh,2014-11-29,m,777481186
Kane,Aminata,2021-12-08,f,779138030
Ba,Aminata,1943-02-13,f,775996772
Sarr,Ibrahima,1961-07-12,m,777046492
Diallo,Mamadou,2020-06-20,m,786294636
Sarr,Awa,1948-05-14,f,776554420
Ba,Moussa,1987-05-25,m,767025052
Diallo,Fatou,1986-03-29,f,781632832
Diallo,Oumar,1954-08-24,m,771668950
Kane,Ousmane,1965-06-14,m,763208472
Gueye,Mamadou,1966-12-18,m,704045522
Diop,Mariama,2010-03-09,f,768482772
Diallo,Khady,1960-09-24,f,779465926
Sow,Ousmane,2017-02-17,m,706139491
Faye,Fatou,1984-03-19,f,783419208
Ndiaye,Ibrahima,2011-02-15,m,770900419
Fall,Cheikh,1944-08-27,m,709575567
Diallo,Ousmane,2010-01-08,m,704515793
Diallo,Mariama,1979-08-26,f,780892503
Sarr,Moussa,1950-03-22,m,700941664
Fall,Ousmane,1976-12-22,m,780014054
Sarr,Mamadou,1944-05-22,m,776809522
Ba,Abdoulaye,1981-10-27,m,763882978
Ba,Mariama,2016-03-28,f,760834534
Diallo,Awa,2004-10-09,f,776232873
Ndiaye,Ousmane,1964-06-03,m,762428596
Faye,Khady,1993-09-15,f,708760011
Fall,Abdoulaye,1981-08-28,m,788510619
Kane,Oumar,2002-09-19,m,778203711
Ndiaye,Oumar,1990-12-19,m,764737034
Sy,Khady,2004-03-09,f,774400679
Diallo,Moussa,1958-12-26,m,767614779
Ndiaye,Ousmane,1991-12-29,m,704544768
Ndiaye,Aminata,1985-12-06,f,768514313
Gueye,Mamadou,1998-04-02,m,767288315
Ndiaye,Moussa,1987-05-17,m,709065207
Ba,Abdoulaye,1967-05-08,m,785729576
Diallo,Awa,1954-04-21,f,776284105
Fall,Fatou,1962-06-06,f,781525655
Diallo,Oumar,2013-05-22,m,701666437
Fall,Mariama,1996-08-15,f,771964536
Kane,Abdoulaye,1941-01-17,m,765513672
Diop,Mariama,2009-02-19,f,701231235
Ba,Oumar,1961-10-19,m,707581194
Kane,Aminata,1994-09-29,f,701882776
Gueye,Aminata,1967-08-17,f,767494090
Ba,Aminata,1998-08-24,f,700970367
Gueye,Ibrahima,1946-06-25,m,761392859
Ndiaye,Aminata,1979-06-13,f,774558689
Ba,Oumar,1957-09-21,m,782969748
Sy,Oumar,1973-12-27,m,772655080
Gueye,Mariama,1970-02-27,f,783694018
Sy,Mamadou,2015-06-26,m,771617268
Faye,Awa,1941-04-11,f,703018073
Faye,Khady,1944-06-09,f,705445986
Sow,Fatou,2011-01-02,f,705669510
Kane,Mamadou,2009-10-04,m,788610234
Sow,Oumar,1966-11-23,m,703179171
Kane,Aminata,1968-05-16,f,701877640
Sarr,Ousmane,1954-08-07,m,704790831
Sarr,Ousmane,2008-04-13,m,780300717
Faye,Mariama,2005-09-20,f,780591128
Sarr,Mariama,1945-10-26,f,767383869
Ba,Fatou,2016-06-13,f,768489388
Sarr,Ibrahima,2010-10-10,m,769301221
Diop,Mariama,2011-05-25,f,788356690
Diallo,Moussa,1981-02-18,m,705364988
Faye,Khady,1942-07-24,f,774609300
Ndiaye,Abdoulaye,1940-01-01,m,708102621
Sarr,Aminata,1999-05-10,f,787393001
Ndiaye,Oumar,2011-02-12,m,781488749
Sy,Cheikh,1956-08-25,m,778405034
Kane,Aminata,1981-07-19,f,706643797
Fall,Cheikh,1995-10-10,m,767428323
Fall,Fatou,1969-01-06,f,781767405
Diallo,Mariama,1965-08-19,f,700272886
Diallo,Abdoulaye,1970-07-09,m,789080983
Ba,Mariama,2004-01-15,f,789466465
Gueye,Khady,1947-11-29,f,776732241
Diop,Aminata,2002-07-07,f,701465897
Gueye,Oumar,1989-07-20,m,770805925
Sarr,Khady,1968-11-22,f,768323710
Sarr,Khady,1941-10-01,f,700560611
Diallo,Awa,2009-09-12,f,774719858
Gueye,Mariama,1997-09-29,f,706850259
Sy,Ousmane,1974-05-23,m,762057685
Sy,Khady,1951-04-10,f,785079868
Gueye,Fatou,1949-02-09,f,773953441
Diop,Aminata,2022-11-07,f,783862935
Sarr,Moussa,1954-12-28,m,785211304
Sy,Aminata,1947-07-02,f,772162590
Sow,Ibrahima,1978-01-28,m,703761982
Sow,Mamadou,2007-09-16,m,772643361
Ba,Khady,1988-02-11,f,787134136
Gueye,Ousmane,1996-08-22,m,701403448
Kane,Mariama,1944-08-24,f,789855677
Faye,Moussa,1947-07-02,m,769142764
Faye,Ibrahima,1981-01-29,m,761926318
Sy,Ousmane,2019-04-24,m,783808397
Faye,Oumar,1971-11-22,m,785841613
Diallo,Ousmane,2003-01-22,m,764534991
Ndiaye,Khady,2011-09-22,f,770922351
Gueye,Awa,1971-04-16,f,765852666
Faye,Ibrahima,2011-07-02,m,780025678
Faye,Mariama,1948-08-22,f,774961918
Fall,Cheikh,1949-01-14,m,766693232
Fall,Moussa,1947-11-04,m,780500084
Sy,Aminata,2007-08-29,f,778120114
Gueye,Fatou,1950-08-28,f,778000537
Diallo,Oumar,1972-03-08,m,783100553
Fall,Mamadou,2003-06-04,m,771715894
Gueye,Moussa,2009-05-19,m,769204873
Kane,Ibrahima,1989-04-17,m,777902652
Gueye,Ousmane,2004-04-21,m,762074396
Sarr,Abdoulaye,1961-06-09,m,761042618
Diallo,Mamadou,2023-12-02,m,785550264
Kane,Moussa,1981-06-16,m,705519602
Ndiaye,Cheikh,1960-04-24,m,704902758
Ndiaye,Cheikh,1995-12-23,m,789010391
Diallo,Awa,1994-06-13,f,780427988
Gueye,Awa,1956-10-27,f,709768919
Sow,Ousmane,2020-07-11,m,783843080
Diallo,Abdoulaye,1991-05-08,m,707160952
Fall,Aminata,1998-10-15,f,703318149
Fall,Oumar,2012-04-06,m,784287528
Gueye,Moussa,1965-10-25,m,777894474
Diop,Abdoulaye,1941-01-11,m,767869852
Fall,Oumar,1947-12-04,m,775341831
Kane,Ibrahima,2013-09-01,m,707765837
Sow,Khady,2001-12-19,f,701385128
Fall,Abdoulaye,1952-12-23,m,776088664
Diallo,Ousmane,1975-05-21,m,783833752
Sow,Oumar,2006-06-09,m,701959382
Sarr,Mariama,2012-08-24,f,706888549
Ndiaye,Khady,1979-06-13,f,708292248
Kane,Fatou,1961-01-30,f,768455418
Ba,Ousmane,1965-11-04,m,702064882
Sow,Ibrahima,2019-01-16,m,702943809
Fall,Fatou,1980-12-04,f,781317954
Kane,Fatou,1958-09-05,f,781856078
Gueye,Mamadou,2013-05-20,m,772293657
Faye,Awa,1997-01-28,f,764769240
Sow,Mamadou,2019-04-08,m,783143114
Ndiaye,Cheikh,1955-05-17,m,709442794
Ba,Mamadou,1946-08-28,m,771496953
Diop,Oumar,1997-02-24,m,770070146
Diallo,Mamadou,2019-12-31,m,772495374
Ndiaye,Mariama,2009-05-08,f,709015622
Sy,Ibrahima,1955-04-12,m,787860954
Sy,Ousmane,1976-01-26,m,779967533
Sow,Fatou,1971-08-26,f,788474188
Faye,Aminata,1965-10-01,f,707567166
Gueye,Oumar,2020-12-05,m,700460318
Fall,Abdoulaye,1954-11-07,m,701838415
Kane,Khady,1957-08-07,f,786745846
Ndiaye,Aminata,1955-05-20,f,767452044
Diallo,Aminata,1994-04-29,f,763053108
Fall,Fatou,2017-10-23,f,789793833
Sy,Aminata,2012-07-23,f,780677590
Diop,Moussa,1990-03-03,m,777086071
Gueye,Moussa,1944-03-15,m,706922517
Sarr,Ousmane,1941-10-29,m,761931249
Gueye,Awa,1986-10-19,f,779192551
Sow,Mariama,2004-07-13,f,706091641
Fall,Mamadou,1990-02-10,m,766238837
Kane,Oumar,1945-11-23,m,708874158
Faye,Aminata,1995-08-11,f,760067520
Fall,Mariama,2021-10-30,f,761983826
Ndiaye,Abdoulaye,1976-06-11,m,700226772
Kane,Ibrahima,1961-03-22,m,774304416
Diallo,Moussa,1981-05-06,m,770595570
Sow,Khady,1960-01-25,f,705915484
Sy,Ibrahima,1954-11-25,m,704038683
Kane,Aminata,1978-02-24,f,703359022
Sy,Aminata,1971-07-21,f,785473597
Sow,Aminata,2016-08-25,f,708874236
Sow,Mamadou,1997-08-13,m,706018665
Faye,Aminata,1951-02-20,f,766789945
Diallo,Khady,2007-02-11,f,763761719
Gueye,Ousmane,1984-02-29,m,765376676
Fall,Mariama,1959-08-04,f,708994509
Diallo,Aminata,2013-11-02,f,708923082
Diallo,Cheikh,1965-08-16,m,760450492
Sarr,Cheikh,1970-11-23,m,786790603
Sarr,Fatou,1983-03-23,f,707430805
Gueye,Aminata,1984-09-22,f,700266375
Fall,Fatou,2010-02-26,f,707304169
Ndiaye,Awa,1980-09-29,f,767892201
Diallo,Fatou,2017-08-16,f,709609884
Sy,Aminata,1946-05-17,f,777350353
Ba,Awa,2022-07-22,f,780837431
Diop,Abdoulaye,1960-01-15,m,770494687
Fall,Ousmane,1998-02-22,m,782341916
Fall,Aminata,2007-06-12,f,789602177
Sy,Khady,1972-12-17,f,780640860
Gueye,Moussa,1993-01-14,m,701801253
Faye,Oumar,1956-09-06,m,785958677
Sy,Ousmane,1970-12-11,m,766721261
Ba,Aminata,2005-11-26,f,709556087
Ndiaye,Ibrahima,1984-09-03,m,787213227
Ndiaye,Aminata,1942-09-24,f,774753904
Sarr,Mamadou,1974-05-24,m,783333635
Ba,Khady,2018-01-07,f,782825493
Ndiaye,Awa,1988-11-11,f,701202651
Fall,Mamadou,2016-11-29,m,768738835
Kane,Abdoulaye,2006-08-04,m,769291175
Ba,Mariama,1941-10-02,f,760248023
Diallo,Mamadou,1977-05-14,m,700592624
Kane,Oumar,1989-05-07,m,769444312
Ndiaye,Awa,1957-12-01,f,705008859
Diop,Oumar,1957-03-23,m,761163002
Kane,Cheikh,1965-09-18,m,705534762
Sarr,Mariama,2006-01-01,f,770617045
Ndiaye,Fatou,1987-02-15,f,785161949
Sarr,Fatou,1954-08-27,f,786518697
Ba,Fatou,1975-12-24,f,781339736
Faye,Fatou,1969-01-03,f,762160110
Diop,Mamadou,1958-08-04,m,780001095
Gueye,Aminata,1978-02-21,f,701327465
Sarr,Fatou,1958-03-26,f,773689275
Diop,Mamadou,1941-10-26,m,783269693
Sow,Aminata,2010-06-23,f,769897206
Diallo,Oumar,1958-10-05,m,762892044
Sy,Ousmane,1998-01-19,m,771009212
Ba,Aminata,1971-08-10,f,706120159
Sarr,Khady,2002-04-18,f,703197645
Diallo,Moussa,1959-08-09,m,780147368
Fall,Khady,2013-06-08,f,769268245
Sarr,Mamadou,2007-07-11,m,764706846
Sy,Khady,2017-06-18,f,700964623
Ba,Khady,1985-10-22,f,766902107
Gueye,Fatou,1965-12-17,f,705013145
Sy,Mamadou,1986-12-23,m,706538858
Faye,Mamadou,2012-12-14,m,787904018
Diallo,Oumar,1964-03-25,m,788553036
Ndiaye,Abdoulaye,1974-07-29,m,709941890
Diop,Mamadou,2009-08-13,m,777803625
Ndiaye,Mamadou,2023-12-07,m,787199328
Diallo,Ibrahima,2023-02-21,m,781477518
Faye,Khady,1949-09-13,f,701827973
Gueye,Mariama,2021-03-30,f,706780516
Fall,Ousmane,2011-03-15,m,779599914
Gueye,Fatou,2011-10-20,f,762944129
Diop,Abdoulaye,1964-07-31,m,708310562
Diop,Abdoulaye,1995-01-20,m,762738759
Ndiaye,Mamadou,1999-10-08,m,703813445
Sy,Aminata,1945-10-23,f,786775094
Sow,Moussa,1979-12-29,m,702934404
Sarr,Aminata,1946-03-02,f,779844518
Diop,Awa,2003-04-16,f,761311251
Sy,Ousmane,2010-11-12,m,764712310
Ba,Abdoulaye,2022-05-11,m,789724027
Faye,Khady,1960-05-27,f,765598429
Kane,Mamadou,1983-08-13,m,707902481
Faye,Abdoulaye,1986-09-26,m,706218622
Gueye,Aminata,2004-10-06,f,761496994
Diallo,Aminata,1975-09-02,f,784887610
Fall,Oumar,1940-07-18,m,776283120
Fall,Mamadou,1976-07-04,m,708794939
Sy,Oumar,1952-01-22,m,763217043
Fall,Khady,1999-01-12,f,773934501
Ndiaye,Mamadou,1982-05-21,m,776721843
Ba,Fatou,1979-09-08,f,705832070
Sarr,Cheikh,1996-04-10,m,760488459
Diop,Oumar,2022-03-10,m,767035112
Ba,Oumar,1945-12-16,m,783416314
Ba,Abdoulaye,2011-06-23,m,704522818
Sow,Moussa,1948-09-20,m,706607960
Sy,Mariama,1981-06-18,f,700288843
Ba,Ibrahima,1947-01-18,m,777391365
Sy,Awa,2009-05-14,f,767584669
Sow,Abdoulaye,2017-11-09,m,702112573
Diallo,Ousmane,2021-12-14,m,766817680
Sarr,Khady,2013-12-07,f,761808013
Diallo,Abdoulaye,1942-06-22,m,784016258
Ba,Khady,1969-05-18,f,702977663
Sarr,Mariama,1947-10-13,f,774704981
Faye,Cheikh,1990-08-02,m,760779918
Gueye,Cheikh,1975-03-28,m,788076843
Kane,Oumar,1978-11-28,m,762017287
Diop,Abdoulaye,1979-04-30,m,775281909
Sarr,Moussa,1994-10-01,m,771998128
Ba,Mariama,1981-05-05,f,774938474
Faye,Aminata,1958-06-22,f,781065309
Fall,Fatou,2005-03-21,f,774555762
Ndiaye,Aminata,1941-12-17,f,781022899
Kane,Abdoulaye,2019-10-08,m,777418461
Sarr,Awa,1954-02-02,f,760279426
Faye,Mariama,1967-08-20,f,776273571
Fall,Moussa,2013-11-03,m,778073466
Ba,Cheikh,1948-07-31,m,706634361
Ba,Aminata,1977-09-13,f,772619962
Gueye,Khady,1942-05-22,f,773724209
Fall,Ibrahima,1987-03-17,m,778096321
Ndiaye,Cheikh,2000-11-21,m,766761329
Ndiaye,Khady,2000-02-11,f,779448723
Sow,Mamadou,1998-12-29,m,771048325
Sy,Abdoulaye,2017-07-16,m,785721604
Fall,Khady,1961-02-14,f,769053448
Sy,Aminata,1967-02-26,f,701167451
Sarr,Khady,1943-04-09,f,789209439
Kane,Cheikh,1984-09-27,m,771048431
Gueye,Fatou,1999-11-13,f,701512800
Sow,Oumar,1989-03-14,m,769553743
Faye,Khady,2017-05-18,f,784600795
Fall,Moussa,1944-09-12,m,707882177
Sarr,Ibrahima,1987-12-12,m,703916267
Fall,Ousmane,1999-03-04,m,771922431
Diallo,Ousmane,2023-07-17,m,776396346
Sarr,Aminata,1950-11-10,f,770314749
Fall,Mariama,2022-07-01,f,764454987
Fall,Abdoulaye,2016-10-08,m,761502682
Diallo,Aminata,1945-01-02,f,701677277
Diallo,Moussa,1945-01-14,m,782503141
Diallo,Cheikh,2009-01-23,m,776626704
Sarr,Khady,1949-06-28,f,708697708
Faye,Ibrahima,2001-03-03,m,705145045
Diallo,Mamadou,2012-03-07,m,777802743
Faye,Mariama,1964-07-20,f,779309203
Sy,Oumar,1945-01-31,m,785121709
Ba,Khady,1989-09-24,f,703544002
Gueye,Oumar,1960-01-22,m,706771757
Ndiaye,Awa,2010-02-28,f,707012822
Ba,Oumar,1956-01-25,m,774479406
Faye,Cheikh,1981-02-09,m,767524467
Gueye,Mamadou,2010-04-27,m,769598258
Fall,Cheikh,1971-04-02,m,700433964
Diallo,Awa,1971-09-08,f,777990481
Sy,Fatou,1950-03-16,f,701510098
Kane,Fatou,1966-08-22,f,707591188
Ndiaye,Aminata,1955-04-25,f,700277694
Fall,Mamadou,1969-04-11,m,765113014
Gueye,Mariama,1969-06-19,f,787271166
Sarr,Cheikh,1975-10-26,m,708402948
Sy,Khady,1975-03-10,f,760873851
Diallo,Aminata,1961-12-01,f,764850939
Gueye,Ibrahima,1956-07-15,m,786792208
Diallo,Mamadou,2008-12-02,m,781878952
Ba,Oumar,1996-12-20,m,762258312
Diop,Ousmane,1978-11-22,m,709965185
Sy,Khady,2018-03-21,f,779224214
Diallo,Mamadou,1953-08-29,m,702884444
Sy,Cheikh,1991-05-13,m,700105554
Faye,Aminata,2021-05-21,f,768623675
Fall,Cheikh,2020-11-17,m,704610617
Sy,Ibrahima,1940-06-06,m,780877351
Diallo,Cheikh,1942-01-21,m,765250060
Sarr,Mamadou,1958-07-31,m,775329488
Diallo,Cheikh,1954-03-19,m,765063251
Sarr,Khady,2019-04-14,f,700471450
Gueye,Fatou,1962-04-09,f,775385536
Ba,Khady,1968-05-09,f,778156740
Sarr,Ibrahima,2020-11-03,m,777311143
Kane,Ibrahima,2017-10-29,m,772163995
Diop,Fatou,2007-02-17,f,708380645
Sarr,Khady,1955-07-24,f,788216316
Gueye,Oumar,1969-01-28,m,705112716
Sow,Khady,2004-09-12,f,781484137
Diop,Khady,1975-03-08,f,786083119
Ndiaye,Cheikh,1948-12-28,m,700970540
Ba,Ibrahima,2015-04-11,m,761210252
Gueye,Awa,1951-10-18,f,705647650
Kane,Ousmane,1959-04-26,m,775953908
Sy,Mamadou,2004-08-31,m,788428376
Ba,Oumar,1954-09-16,m,764991569
Sow,Mamadou,2006-10-22,m,779850534
Sy,Aminata,1974-07-19,f,765765563
Diallo,Ousmane,1968-02-23,m,700131445
Fall,Aminata,2009-03-03,f,772158753
Sarr,Fatou,2006-01-08,f,774627177
Sy,Mariama,1945-03-13,f,707874071
Sow,Moussa,1961-12-30,m,773322727
Diallo,Fatou,2019-04-27,f,786263769
Ba,Aminata,2016-06-23,f,789464393
Fall,Mamadou,1973-06-25,m,766759061
Ba,Khady,1949-06-18,f,780288160
Diallo,Aminata,2018-07-12,f,766161219
Kane,Mariama,1951-04-26,f,776776341
Sy,Mamadou,1950-08-27,m,778297681
Kane,Khady,1998-11-26,f,766511177
Ndiaye,Mamadou,1951-01-02,m,703019723
Sow,Aminata,2023-08-15,f,765184074
Ndiaye,Awa,1949-08-26,f,704423734
Kane,Ibrahima,1995-01-31,m,760525893
Sarr,Khady,1987-07-20,f,702624984
Ba,Oumar,1948-02-23,m,760189702
Ndiaye,Awa,1957-02-21,f,780285891
Fall,Awa,1997-10-01,f,776367117
Sy,Khady,2016-01-06,f,766261845
Sow,Abdoulaye,2018-03-18,m,781049450
Ba,Oumar,2018-03-01,m,775519747
Gueye,Oumar,1992-09-16,m,702670646
Sarr,Awa,1971-03-03,f,700691087
Ndiaye,Mamadou,2019-04-18,m,762035516
Kane,Abdoulaye,1949-02-09,m,760004589
Ndiaye,Mariama,2008-12-07,f,781305771
Diop,Aminata,1965-09-14,f,763282474
Faye,Moussa,1976-07-14,m,776694459
Sy,Mamadou,1953-05-08,m,772081822
Faye,Khady,1970-09-19,f,704678575
Sy,Mariama,1997-08-04,f,771730690
Sow,Khady,1960-10-09,f,783228855
Diop,Khady,2004-10-20,f,787341865
Kane,Fatou,1981-04-12,f,785524068
Gueye,Moussa,1998-06-11,m,773165085
Sow,Moussa,1978-10-02,m,765390374
Sarr,Fatou,1971-04-23,f,701240395
Diallo,Mariama,2023-12-14,f,702343072
Sarr,Aminata,1966-06-19,f,786737085
Ba,Mariama,2017-02-10,f,707135845
Fall,Aminata,1964-06-06,f,785691269
Ba,Awa,2012-12-24,f,706640885
Sy,Ibrahima,1960-03-22,m,706804793
Sow,Mamadou,2015-05-11,m,707559062
Sarr,Awa,1959-06-01,f,785922941
Ndiaye,Ousmane,1970-09-10,m,770131530
Sy,Mariama,1958-05-02,f,760500597
Gueye,Cheikh,2019-11-13,m,769592659
Faye,Awa,2006-02-15,f,704093864
Gueye,Cheikh,1958-05-25,m,773512234
Sarr,Abdoulaye,1992-10-26,m,703518375
Diallo,Abdoulaye,2014-03-01,m,773342003
Fall,Moussa,1999-04-03,m,789817102
Diallo,Mamadou,1961-06-30,m,760259832
Sarr,Mamadou,1988-08-01,m,783134134
Kane,Khady,1985-02-18,f,783023216
Faye,Moussa,1959-02-02,m,785625966
Faye,Aminata,1962-04-12,f,765969651
Ndiaye,Khady,1965-08-29,f,780930545
Sy,Mamadou,1975-04-22,m,770451120
Sow,Mamadou,1976-11-28,m,709775379
Diop,Aminata,1980-02-28,f,774723977
Kane,Aminata,1946-11-09,f,709781860
Gueye,Ibrahima,1989-12-15,m,766358424
Gueye,Cheikh,1945-06-16,m,704307079
Gueye,Aminata,2013-03-17,f,777647047
Sarr,Aminata,2013-04-12,f,770473947
Ndiaye,Mariama,1942-12-11,f,786331373
Sy,Oumar,1952-05-05,m,788636304
Faye,Cheikh,1970-04-11,m,776144906
Faye,Cheikh,1993-04-29,m,700565336
Diallo,Ibrahima,1990-08-03,m,706315274
Ndiaye,Fatou,2008-11-24,f,700808631
Ndiaye,Mariama,1980-10-13,f,770119750
Faye,Moussa,1972-09-16,m,701066594
Diop,Fatou,1992-06-13,f,783326973
Sy,Aminata,1958-02-06,f,761309789
Gueye,Awa,1959-04-28,f,773426095
Diallo,Ibrahima,1995-05-15,m,702777239
Faye,Awa,2017-04-10,f,776828717
Sow,Moussa,2012-04-16,m,777678349
Sarr,Mariama,1983-11-05,f,768619912
Sow,Cheikh,2005-07-01,m,787499683
Diop,Ousmane,2002-10-06,m,701712012
Ba,Khady,1994-11-16,f,776194595
Diop,Oumar,1964-10-14,m,774923169
Sarr,Ibrahima,1949-12-01,m,700330425
Kane,Awa,2002-11-20,f,783821389
Kane,Mamadou,2021-10-09,m,780766905
Kane,Mariama,1958-07-22,f,769074383
Gueye,Ibrahima,1981-12-23,m,787496433
Sy,Awa,1969-12-04,f,780917125
Kane,Fatou,2023-05-30,f,700695332
Fall,Khady,2005-10-31,f,701482199
Sarr,Aminata,1984-10-29,f,787184869
Ndiaye,Mamadou,1945-11-08,m,708244468
Fall,Ibrahima,1972-11-24,m,761824770
Ndiaye,Cheikh,2001-02-12,m,762113664
Ba,Moussa,1976-08-10,m,789442841
Faye,Mariama,1994-03-07,f,774401406
Fall,Abdoulaye,2002-11-21,m,785650599
Ba,Moussa,2017-10-19,m,703279594
Kane,Ibrahima,1985-02-08,m,784001113
Diop,Abdoulaye,1965-05-30,m,768896827
Diop,Ibrahima,2008-05-24,m,705874730
Fall,Abdoulaye,2012-03-31,m,774547256
Diop,Mariama,1977-06-19,f,772914481
Ndiaye,Fatou,2001-06-28,f,761640323
Fall,Ibrahima,2004-12-11,m,769685123
Fall,Ibrahima,1974-10-10,m,701442600
Sarr,Mariama,1963-08-15,f,782588948
Gueye,Khady,1940-03-07,f,764983193
Faye,Awa,1973-07-23,f,706516030
Ndiaye,Moussa,1979-04-07,m,766563289
Sarr,Mamadou,1988-09-28,m,768513415
Sow,Khady,2009-12-17,f,789632072
Diallo,Mamadou,2014-06-28,m,702014345
Gueye,Aminata,2007-06-08,f,765601568
Ba,Cheikh,1940-05-21,m,703233007
Fall,Mamadou,1983-06-27,m,769013990
Sy,Awa,1956-08-09,f,769275699
Kane,Fatou,2021-11-13,f,761447828
Fall,Aminata,1943-11-15,f,703140546
Sow,Abdoulaye,1941-02-21,m,783671050
Kane,Ousmane,1955-09-18,m,777206952
Kane,Aminata,2010-08-11,f,774653785
Gueye,Mariama,1982-10-02,f,786929314
Sy,Moussa,2017-06-29,m,709558936
Sy,Awa,1951-09-28,f,706844147
Faye,Abdoulaye,1943-07-31,m,763529367
Fall,Mamadou,1968-09-28,m,782755099
Sy,Mariama,2019-09-05,f,781003129
Ndiaye,Cheikh,1957-07-23,m,785709224
Fall,Ibrahima,1972-01-28,m,778667809
Diallo,Aminata,2013-01-07,f,706199608
Sy,Moussa,1964-03-05,m,701867670
Kane,Oumar,1946-09-20,m,760167064
Fall,Khady,1954-08-29,f,762661236
Sow,Ibrahima,2001-08-19,m,765731153
Ndiaye,Awa,1993-01-11,f,774215507
Kane,Fatou,2018-09-03,f,700412160
Kane,Mamadou,2016-07-03,m,766532973
Diop,Abdoulaye,1942-06-09,m,705548973
Fall,Oumar,2010-01-10,m,707073320
Fall,Aminata,2002-03-02,f,783968040
Gueye,Moussa,1979-04-03,m,772140342
Fall,Mariama,2001-06-24,f,787814252
Sarr,Awa,2005-10-19,f,787760526
Ba,Khady,1974-11-08,f,777452777
Gueye,Mariama,1999-01-19,f,786562189
Gueye,Fatou,2010-02-27,f,768582225
Gueye,Fatou,2000-08-17,f,778304017
Diop,Moussa,2000-07-09,m,707716120
Fall,Abdoulaye,1978-10-02,m,765749108
Sarr,Cheikh,2004-01-05,m,777949666
Sarr,Awa,1963-09-15,f,764090414
Ndiaye,Oumar,1967-07-09,m,700134686
Sow,Oumar,1987-06-21,m,779944466
Diallo,Khady,1975-12-20,f,701863472
Diallo,Awa,2003-07-25,f,768520425
Sow,Awa,1956-05-03,f,778018169
Sy,Khady,1960-12-13,f,761580655
Sow,Cheikh,1982-11-08,m,774775937
Gueye,Abdoulaye,1992-09-17,m,762092126
Diallo,Cheikh,1979-01-11,m,775024923
Gueye,Fatou,1944-01-01,f,782857227
Sow,Aminata,1948-04-12,f,762145238
Kane,Abdoulaye,2005-02-22,m,787479047
Gueye,Aminata,2015-04-15,f,786102932
Faye,Fatou,1975-07-25,f,788044711
Sow,Fatou,2017-01-22,f,771264881
Sy,Ibrahima,1983-01-26,m,771670047
Sow,Aminata,1947-05-01,f,768837508
Ndiaye,Ibrahima,1980-02-26,m,781268471
Ba,Mariama,1953-07-18,f,700931616
Sarr,Awa,2022-01-30,f,766557996
Kane,Mariama,2022-06-27,f,762642720
Ndiaye,Fatou,1989-11-18,f,775349195
Ba,Khady,1995-03-18,f,789404324
Sow,Abdoulaye,2017-06-30,m,789705854
Diop,Awa,1942-10-17,f,700293252
Ba,Fatou,1981-11-01,f,708398413
Sy,Mamadou,1979-03-05,m,782582537
Sarr,Cheikh,2013-06-07,m,768103314
Sarr,Awa,2010-11-27,f,781023760
Ndiaye,Ibrahima,1942-09-06,m,785965665
Diop,Mamadou,2008-08-14,m,780551679
Diallo,Mamadou,1953-01-28,m,789276649
Sow,Aminata,1968-03-10,f,761773108
Sy,Ibrahima,2018-02-19,m,764064399
Diallo,Moussa,2020-08-25,m,702818795
Kane,Awa,2003-12-07,f,707844783
Ba,Awa,1973-08-29,f,770848562
Ba,Khady,1998-05-19,f,762833421
Diallo,Ibrahima,1989-04-09,m,700495169
Kane,Ibrahima,2001-04-12,m,764976185
Diallo,Ousmane,2007-10-26,m,780040439
Kane,Cheikh,1975-10-12,m,786069383
Sarr,Awa,1979-05-23,f,781895325
Diallo,Awa,1996-01-20,f,700704839
Diop,Ousmane,1974-06-15,m,778445901
Sy,Moussa,1971-02-21,m,777986396
Sow,Mariama,1940-07-24,f,788239436
Gueye,Cheikh,1996-08-24,m,784614427
Ndiaye,Mamadou,1993-04-11,m,780647022
Sy,Mariama,2019-08-14,f,773452114
Kane,Oumar,2012-06-17,m,707231153
Fall,Mariama,2015-04-06,f,784167205
Sow,Fatou,2016-02-06,f,772848246
Sarr,Aminata,1962-09-05,f,707135126
Ndiaye,Abdoulaye,1990-05-30,m,781243474
Sarr,Khady,1949-09-08,f,705781063
Diop,Ibrahima,2016-05-15,m,707197092
Sy,Cheikh,1947-07-26,m,786646890
Ndiaye,Oumar,1941-05-09,m,701417371
Kane,Moussa,1978-11-17,m,776971366
Ba,Aminata,1976-08-16,f,709572355
Ndiaye,Khady,1979-10-31,f,784286940
Kane,Aminata,2018-07-13,f,785049136
Sy,Fatou,1940-06-29,f,787320247
Sy,Moussa,2013-02-23,m,767327871
Sy,Cheikh,1940-02-16,m,771666750
Ba,Khady,2012-11-25,f,789960489
Diallo,Khady,1976-05-16,f,785686491
Gueye,Mamadou,1994-06-15,m,770661040
Gueye,Aminata,1964-02-10,f,778172116
Kane,Fatou,1958-09-22,f,763660638
Diop,Cheikh,1981-07-22,m,789600598
Diop,Abdoulaye,1941-11-08,m,782225222
Diallo,Fatou,1956-07-01,f,761667413
Diallo,Awa,2005-03-29,f,764136604
Sow,Oumar,1965-08-05,m,773047464
Gueye,Ibrahima,1953-04-22,m,781959882
Diallo,Aminata,1969-12-01,f,786127124
Gueye,Oumar,1965-04-05,m,762040645
Sow,Fatou,1946-02-18,f,789870062
Fall,Ibrahima,2000-12-22,m,788114016
Diop,Awa,1971-02-02,f,785536996
Diop,Ousmane,2001-12-06,m,704080759
Sy,Abdoulaye,1963-08-27,m,763589066
Ndiaye,Aminata,1950-02-11,f,763263241
Gueye,Awa,1991-01-23,f,706269959
Diop,Oumar,1957-09-18,m,766144242
Diop,Awa,1960-06-02,f,772937489
Sy,Fatou,1962-01-23,f,775158473
Diallo,Khady,1965-10-14,f,771771205
Diop,Mamadou,1988-12-16,m,788560595
Diallo,Mariama,1982-09-09,f,772406469
Gueye,Mariama,1979-09-20,f,762505471
Diallo,Abdoulaye,1990-10-24,m,779330783
Sy,Mariama,1994-05-30,f,780943778
Ndiaye,Ibrahima,1995-09-23,m,772882677
Ndiaye,Khady,2003-08-12,f,772677362
Kane,Mariama,1994-09-27,f,772922320
Ndiaye,Awa,1962-07-24,f,773337426
Fall,Khady,1952-10-16,f,770202634
Faye,Abdoulaye,1983-09-22,m,788685769
Kane,Ibrahima,1956-06-25,m,776227863
Sarr,Awa,1983-11-26,f,708317304
Sow,Mamadou,1980-01-03,m,704201509
Sarr,Awa,2008-04-18,f,772788433
Diallo,Fatou,1963-12-09,f,765121887
Sarr,Mariama,1980-11-07,f,761172342
Ndiaye,Ousmane,2012-12-18,m,773781363
Diop,Awa,1949-12-10,f,788553618
Sarr,Oumar,1991-01-18,m,787181874
Faye,Fatou,1952-09-12,f,783900613
Sow,Fatou,1990-02-20,f,761232121
Faye,Ousmane,1976-07-24,m,775675707
Ba,Mamadou,2003-03-14,m,780276196
Diallo,Ibrahima,1976-11-16,m,789571702
Sow,Mariama,1987-07-08,f,770845960
Faye,Aminata,1941-09-19,f,706882869
Ba,Awa,1996-11-22,f,765727636
Fall,Aminata,2021-09-30,f,703881849
Sow,Ousmane,2020-03-27,m,769223159
Ndiaye,Fatou,1970-06-24,f,761143371
Diallo,Aminata,1959-03-14,f,761732997
Sy,Cheikh,1952-04-26,m,769239151
Faye,Fatou,1996-01-17,f,767954307
Gueye,Mariama,1993-09-29,f,762403311
Sarr,Mamadou,1954-05-15,m,788485939
Ba,Oumar,1965-06-09,m,776365918
Ba,Fatou,1985-12-09,f,770692232
Sy,Fatou,1982-01-04,f,705886109
Ndiaye,Cheikh,1974-07-25,m,775699107
Ndiaye,Awa,1965-04-07,f,766410088
Ba,Cheikh,1944-02-28,m,700853656
Sow,Aminata,2022-06-14,f,785898160
Sarr,Abdoulaye,1949-08-06,m,770594452
Faye,Moussa,1967-09-27,m,707152264
Ba,Aminata,1959-10-14,f,785816064
Sow,Aminata,1966-12-21,f,785916450
Sy,Moussa,1945-11-01,m,787057182
Diop,Aminata,1977-07-26,f,765055088
Sow,Ousmane,1961-09-16,m,788712624
Sow,Ibrahima,1955-01-18,m,772952600
Diallo,Abdoulaye,1981-11-10,m,775796586
Diop,Awa,1991-01-08,f,784621797
Diallo,Cheikh,1970-08-11,m,701319006
Fall,Fatou,1947-08-05,f,709032312
Kane,Awa,1993-02-22,f,767737179
Faye,Oumar,2015-07-06,m,779561762
Faye,Aminata,1983-02-27,f,701469161
Gueye,Cheikh,1965-07-28,m,703633502
Faye,Awa,1993-08-14,f,767354613
Sarr,Mamadou,1997-09-18,m,779574279
Diallo,Aminata,2017-05-20,f,789195562
Fall,Moussa,1968-10-03,m,782680857
Sy,Fatou,1952-07-29,f,709114200
Gueye,Khady,1972-06-05,f,784376284
Sy,Aminata,1956-11-10,f,781583708
Ndiaye,Oumar,2000-05-01,m,778603434
Diallo,Oumar,2009-11-08,m,768498105
Sy,Cheikh,1948-12-01,m,787719266
Sow,Mariama,1989-07-29,f,709864245
Sow,Aminata,2004-02-18,f,782351324
Diop,Ibrahima,1959-06-21,m,776942226
Faye,Awa,1962-06-20,f,769083537
Diallo,Ousmane,1951-09-06,m,703218156
Sarr,Mamadou,2020-08-27,m,778939012
Faye,Fatou,1954-07-12,f,764202320
Kane,Mariama,1956-08-20,f,700067812
Gueye,Fatou,1957-02-11,f,764831473
Kane,Aminata,1960-02-23,f,771687345
Diallo,Awa,2012-03-14,f,708277995
Kane,Fatou,1955-06-16,f,770059870
Ba,Awa,1940-10-15,f,761383031
Ba,Aminata,1990-04-07,f,700549614
Kane,Aminata,1954-06-03,f,766088278
Gueye,Awa,1980-10-05,f,701503924
Sarr,Ibrahima,2009-07-08,m,784541071
Diop,Aminata,1943-01-21,f,760572909
Faye,Khady,2001-05-31,f,789854633
Fall,Mariama,1969-06-06,f,789841002
Kane,Moussa,1949-04-11,m,768020293
Diop,Moussa,1986-12-12,m,709929531
Faye,Khady,1985-04-25,f,781803712
Gueye,Khady,1957-06-16,f,783411533
Diop,Aminata,1948-05-09,f,788799545
Sy,Ibrahima,1987-01-27,m,770791966
Diallo,Fatou,1996-12-27,f,708718050
Diallo,Ousmane,2007-06-02,m,777079563
Diop,Moussa,1978-05-26,m,763940461
Faye,Ousmane,1964-10-23,m,781415846
Sy,Khady,1979-08-27,f,764502754
Gueye,Awa,1942-08-20,f,777629362
Ndiaye,Fatou,1971-04-15,f,775710486
Diop,Cheikh,2005-03-07,m,762240082
Faye,Abdoulaye,1959-08-28,m,789122804
Gueye,Moussa,2016-03-03,m,702790283
Diop,Khady,2008-07-20,f,763318166
Ba,Khady,1971-09-14,f,766202686
Faye,Aminata,1989-11-20,f,702148852
Sy,Khady,1942-11-03,f,788063569
Fall,Ibrahima,1954-02-12,m,773527606
Ndiaye,Oumar,1968-06-06,m,781013253
Ba,Ousmane,1990-04-27,m,766304417
Sow,Aminata,2001-03-25,f,703111057
Kane,Oumar,1973-10-14,m,783720952
Faye,Ibrahima,1972-04-05,m,780262615
Ndiaye,Moussa,1963-12-10,m,772643107
Faye,Ousmane,1953-07-22,m,703232631
Fall,Awa,1952-10-11,f,780401037
Sarr,Khady,1970-11-14,f,702474529
Sarr,Awa,1998-12-25,f,708843136
Sow,Mariama,1956-12-09,f,762593120
Ba,Ousmane,1950-06-01,m,784258230
Gueye,Ibrahima,1970-06-16,m,705257402
Faye,Fatou,1942-10-02,f,709079368
Ba,Mariama,1956-05-21,f,779614927
Diop,Khady,1971-04-17,f,779129695
Ndiaye,Awa,2004-04-08,f,704017566
Kane,Awa,1943-04-03,f,773117779
Ndiaye,Mariama,2019-08-18,f,761442330
Diallo,Mamadou,1955-11-20,m,781066051
Sy,Cheikh,2019-01-05,m,763355117
Kane,Mariama,1986-04-22,f,786267341
Sow,Aminata,1955-12-09,f,761479445
Sy,Aminata,2018-11-15,f,786704486
Sow,Ibrahima,1984-05-31,m,785423293
Sy,Awa,2011-09-20,f,774861348
Sarr,Fatou,1940-09-02,f,789500226
Ba,Abdoulaye,2012-09-19,m,705992463
Gueye,Abdoulaye,1957-10-09,m,765498752
Sarr,Aminata,1973-10-16,f,762437090
Diop,Aminata,1944-04-23,f,772108424
Sy,Fatou,2014-09-16,f,769955174
Diallo,Oumar,1999-03-08,m,784991292
Ba,Aminata,1985-06-09,f,700497312
Kane,Khady,1968-04-05,f,774174306
Kane,Fatou,1980-09-10,f,789825906
Ndiaye,Abdoulaye,1983-09-29,m,775510627
Fall,Oumar,2008-11-19,m,705113493
Diallo,Aminata,1992-03-06,f,776441240
Diop,Mamadou,1965-08-23,m,762700056
Ndiaye,Aminata,1999-03-31,f,788374057
Faye,Aminata,1979-06-02,f,768444390
Ndiaye,Aminata,2014-01-25,f,700122658
Ba,Ousmane,1981-01-22,m,772860611
Fall,Abdoulaye,2014-12-13,m,787256778
Diop,Abdoulaye,1948-06-18,m,705224405
Fall,Mamadou,2022-10-08,m,700031420
Ndiaye,Oumar,2011-11-10,m,787926118
Diop,Mariama,2020-01-07,f,782751115
Sarr,Ibrahima,1982-03-06,m,774105690
Sy,Cheikh,2002-07-07,m,787913499
Kane,Fatou,1976-07-18,f,767904883
Kane,Awa,1995-12-09,f,774460198
Ndiaye,Khady,2022-08-05,f,774368904
Fall,Khady,1966-12-03,f,709754788
Sow,Oumar,1988-02-29,m,700338200
Diallo,Khady,2016-08-07,f,766612448
Faye,Oumar,1980-09-05,m,777504384
Sarr,Mariama,1958-01-18,f,773488179
Gueye,Awa,2001-11-22,f,789206893
Sarr,Fatou,1980-10-30,f,764089527
Ba,Aminata,2015-01-17,f,767598019
Diop,Cheikh,1952-03-24,m,708532543
Kane,Aminata,1991-02-13,f,768210940
Ndiaye,Cheikh,1990-08-23,m,763728851
Sow,Moussa,1992-05-18,m,701017515
Sarr,Mariama,1944-05-30,f,782657554
Ndiaye,Mamadou,1943-11-16,m,776615113
Sow,Aminata,1943-10-26,f,784065294
Diallo,Abdoulaye,1983-02-12,m,762484505
Ba,Aminata,2003-02-28,f,775291746
Diallo,Khady,2009-03-03,f,700075550
Gueye,Aminata,1981-12-22,f,789579669
Ba,Moussa,1942-09-20,m,770639876
Faye,Aminata,1958-06-04,f,789279136
Sy,Fatou,1962-10-02,f,761985485
Kane,Awa,1998-09-27,f,784855568
Sow,Ibrahima,1949-05-02,m,777113473
Gueye,Mariama,1955-01-28,f,762638575
Ndiaye,Awa,1950-08-03,f,789395025
Sow,Oumar,2003-08-20,m,775112583
Sow,Mariama,1978-12-01,f,763551051
Sow,Mariama,2020-10-18,f,701613068
Diop,Oumar,1995-12-17,m,783510005
Diallo,Khady,1997-09-01,f,766141493
Diop,Moussa,2023-08-22,m,773827340
Ba,Fatou,1950-05-23,f,782888242
Kane,Moussa,1950-09-07,m,703650738
Sy,Fatou,1987-08-21,f,773391756
Faye,Abdoulaye,2005-12-10,m,787478012
Sow,Awa,1945-03-18,f,702572566
Kane,Aminata,1962-08-20,f,785980918
Diop,Fatou,1975-04-22,f,787841570
Diop,Awa,2020-01-02,f,782330751
Sy,Khady,2006-03-03,f,773403533
Diop,Abdoulaye,2004-06-21,m,772559354
Ba,Ousmane,1946-02-14,m,760636560
Ba,Moussa,2009-03-17,m,783356599
Faye,Mariama,1986-07-09,f,702895021
Sow,Mamadou,1987-04-11,m,709052355
Diallo,Mamadou,1991-06-05,m,765501853
Sow,Awa,1963-08-16,f,767105662
Ba,Mamadou,1940-09-23,m,774399016
Kane,Khady,1966-07-13,f,775494463
Sarr,Khady,2007-01-21,f,704508926
Ba,Awa,1941-07-08,f,777934431
Ba,Awa,2009-05-30,f,709916183
Sy,Cheikh,1986-03-20,m,760844411
Sow,Fatou,2010-02-27,f,777879235
Sarr,Khady,1961-11-14,f,787609497
Kane,Ibrahima,1988-07-17,m,705079536
Fall,Ibrahima,1979-05-28,m,763166391
Diallo,Moussa,1961-12-01,m,707248269
Kane,Awa,1955-03-24,f,775043544
Ba,Cheikh,1964-09-26,m,768780761
Ba,Oumar,2019-04-27,m,781120582
Ba,Fatou,1993-02-21,f,782702816
Sarr,Abdoulaye,1955-12-13,m,779370480
Gueye,Moussa,1943-05-04,m,781861583
Sow,Oumar,2004-10-23,m,789711256
Gueye,Moussa,2014-07-30,m,767469464
Fall,Moussa,1955-03-17,m,785732072
Sy,Aminata,1972-04-23,f,766142793
Diop,Oumar,1940-12-20,m,709457910
Sy,Mariama,1986-11-02,f,767524195
Sow,Abdoulaye,1957-01-14,m,775335845
Sow,Abdoulaye,1995-01-05,m,705516663
Fall,Fatou,1957-04-12,f,701713596
Diop,Khady,1988-08-25,f,706616851
Sarr,Mamadou,1985-07-31,m,775276148
Sow,Ousmane,1947-02-16,m,762770994
Fall,Ousmane,2005-07-30,m,771449560
Fall,Ibrahima,2012-07-18,m,705093731
Ba,Ibrahima,1958-11-20,m,783015367
Sy,Ibrahima,1957-01-18,m,705181341
Faye,Moussa,1959-03-02,m,765819218
Diop,Ousmane,2003-09-08,m,785079851
Faye,Khady,1975-02-21,f,787929484
Ndiaye,Fatou,2018-12-05,f,708568698
Diallo,Aminata,1993-06-04,f,785253966
Faye,Mariama,1968-02-15,f,700665491
Diallo,Khady,1966-11-08,f,788826241
Gueye,Aminata,2014-12-23,f,772561295
Fall,Moussa,1957-08-11,m,766425965
Fall,Abdoulaye,2008-11-21,m,788785777
Fall,Khady,1967-09-22,f,703668869
Diallo,Mamadou,2020-06-13,m,777742657
Sarr,Aminata,1957-01-22,f,783939979
Fall,Abdoulaye,1979-12-03,m,769115613
Faye,Mariama,1957-02-24,f,707518981
Diop,Abdoulaye,1954-02-15,m,760142358
Sow,Moussa,1972-03-20,m,765521987
Kane,Mamadou,2013-05-28,m,789350786
Sy,Khady,1950-03-07,f,763309156
Ndiaye,Abdoulaye,1971-04-06,m,784598177
Diop,Ibrahima,1941-05-22,m,709995069
Sow,Fatou,1997-12-20,f,782903064
Ba,Awa,2002-08-18,f,770468942
Diop,Awa,2006-10-08,f,767103538
Ndiaye,Fatou,2020-12-26,f,774602876
Sarr,Cheikh,1979-10-25,m,789488657
Diallo,Cheikh,2022-04-01,m,764380454
Kane,Aminata,1981-11-23,f,785223101
Gueye,Mariama,2007-09-09,f,769776437
Faye,Ibrahima,2005-02-09,m,760200328
Diop,Khady,2023-02-19,f,783861956
Fall,Mamadou,1971-08-15,m,784530937
Ba,Mamadou,1950-08-30,m,703029047
Ndiaye,Awa,2016-03-25,f,783087043
Diallo,Ousmane,2011-09-26,m,770383565
Gueye,Khady,2005-09-25,f,778159815
Sow,Awa,2004-12-25,f,703618032
Kane,Oumar,1979-05-01,m,765969434
Gueye,Cheikh,1978-04-30,m,769488707
Ba,Ibrahima,2001-03-15,m,769263043
Diop,Awa,1998-06-26,f,785034117
Kane,Abdoulaye,2011-04-08,m,763939500
Ndiaye,Awa,1978-09-24,f,709324062
Sow,Awa,1952-06-01,f,762166985
Faye,Awa,1997-05-13,f,769970504
Fall,Cheikh,2003-08-22,m,788989025
Sy,Mariama,1980-07-20,f,763209162
Sarr,Cheikh,1962-04-14,m,787145147
Ba,Aminata,1952-02-08,f,771309937
Fall,Aminata,1946-09-15,f,775594844
Sy,Mariama,2004-05-23,f,760348600
Fall,Mamadou,1982-12-04,m,701871480
Kane,Oumar,2017-04-27,m,775731877
Ndiaye,Moussa,2000-06-12,m,709643668
Kane,Khady,2023-03-22,f,702432844
Ba,Oumar,1962-12-14,m,769023914
Sarr,Aminata,1990-07-17,f,704787858
Diallo,Mamadou,1989-02-16,m,767097933
Ndiaye,Aminata,1998-09-06,f,770885316
Sow,Ousmane,2017-02-17,m,770165520
Ndiaye,Awa,1970-09-17,f,784505228
Ba,Aminata,1944-07-20,f,777724923
Gueye,Cheikh,1965-03-10,m,766154357
Sy,Cheikh,2003-03-01,m,704018202
Kane,Ibrahima,2011-10-29,m,702852690
Sy,Ibrahima,1966-02-12,m,779970728
Kane,Oumar,1943-09-13,m,763974784
Sy,Fatou,1966-10-26,f,784610893
Sy,Mariama,2010-06-25,f,770394186
Sarr,Ibrahima,2003-05-03,m,772558159
Ndiaye,Cheikh,2013-07-04,m,705001189
Ndiaye,Khady,1990-05-06,f,784773412
Sarr,Abdoulaye,1951-04-24,m,773281636
Diallo,Awa,1963-08-02,f,771395938
Ba,Mariama,1993-12-03,f,705622046
Gueye,Mariama,2004-12-21,f,769121746
Kane,Aminata,1979-01-25,f,760998047
Ndiaye,Abdoulaye,1972-06-22,m,767815183
Diop,Mamadou,1946-04-07,m,779801816
Diop,Fatou,1975-11-11,f,762899070
Sy,Mamadou,1969-10-04,m,775843515
Fall,Oumar,1971-05-19,m,704674373
Diop,Oumar,2010-08-13,m,705746297
Kane,Ousmane,1965-09-29,m,784281648
Faye,Aminata,1955-06-27,f,774511250
Fall,Moussa,2017-11-17,m,768196375
Sow,Aminata,2020-12-09,f,771381641
Sy,Aminata,2001-07-18,f,707787436
Gueye,Awa,1942-12-22,f,777647345
Gueye,Awa,1961-09-14,f,706812650
Diop,Ousmane,1952-01-24,m,761940172
Sow,Fatou,2003-10-26,f,703389293
Faye,Mariama,1958-01-26,f,763184023
Kane,Mamadou,2013-08-11,m,762758106
Ndiaye,Mariama,1966-05-02,f,778970079
Sarr,Aminata,2006-02-04,f,763760428
Sy,Mariama,2004-06-29,f,705651994
Faye,Moussa,1948-07-06,m,762402571
Gueye,Moussa,1960-06-30,m,765846330
Diallo,Cheikh,1977-06-12,m,704221921
Sow,Moussa,2008-01-16,m,703356946
Ba,Mariama,1940-11-28,f,704615672
Ba,Awa,1999-10-02,f,763515456
Sow,Abdoulaye,2017-11-03,m,779694396
Gueye,Mariama,1946-11-07,f,705562288
Ba,Fatou,1956-02-20,f,779831410
Fall,Oumar,1980-05-04,m,707870498
Fall,Mariama,1968-09-01,f,705807495
Sarr,Ousmane,2012-09-30,m,763425498
Diallo,Ousmane,1947-01-17,m,764962410
Sy,Ibrahima,1955-04-28,m,760949283
Sy,Fatou,1996-09-09,f,763806303
Sy,Ibrahima,1997-05-10,m,789578488
Diop,Ousmane,2018-08-12,m,768480972
Kane,Moussa,1953-03-14,m,783041150
Ba,Aminata,1955-06-11,f,771809263
Diallo,Oumar,1996-10-18,m,787034669
Ba,Abdoulaye,1975-03-30,m,761834710
Ba,Moussa,1958-04-08,m,771803192
Ba,Mariama,1965-05-28,f,778894288
Ba,Fatou,1980-06-24,f,765754123
Ba,Fatou,2013-05-24,f,786220727
Ba,Moussa,1973-09-14,m,774803638
Diallo,Ousmane,1972-09-21,m,788462259
Gueye,Aminata,1973-02-19,f,773518194
Ndiaye,Aminata,1970-09-19,f,706399607
Gueye,Ibrahima,2015-01-13,m,782254379
Ba,Moussa,1959-07-31,m,707261562
Fall,Awa,1997-03-26,f,703207399
Kane,Oumar,1987-07-13,m,700121230
Ba,Khady,1947-11-01,f,774654096
Gueye,Fatou,1982-06-25,f,705024602
Faye,Ibrahima,1968-03-26,m,700158828
Diop,Ousmane,1994-06-10,m,774669580
Diallo,Awa,1993-10-21,f,771850736
Ndiaye,Ibrahima,1952-12-12,m,779343167
Diop,Moussa,1966-03-27,m,701513418
Diallo,Fatou,2018-01-17,f,782116011
Faye,Mamadou,1972-08-05,m,772735327
Diallo,Mamadou,1977-02-08,m,761205841
Ndiaye,Fatou,2005-12-20,f,776036891
Diallo,Fatou,2000-02-08,f,766080765
Ndiaye,Abdoulaye,1979-07-04,m,777527179
Kane,Mamadou,1970-08-24,m,707473545
Fall,Fatou,1983-07-20,f,773851475
Gueye,Cheikh,1965-01-17,m,700692717
Sarr,Awa,1986-06-08,f,768143384
Kane,Abdoulaye,1957-11-07,m,783207426
Faye,Abdoulaye,1944-06-05,m,701291802
Faye,Awa,2010-02-21,f,787928006
Ba,Fatou,2005-11-05,f,705973608
Gueye,Awa,1988-07-11,f,777935645
Gueye,Cheikh,1978-09-04,m,767764667
Sow,Aminata,2000-12-02,f,779423927
Diallo,Awa,1984-04-02,f,786473332
Sow,Oumar,1974-02-07,m,702854183
Sarr,Ousmane,1959-11-21,m,706409447
Faye,Abdoulaye,2001-07-31,m,776126918
Fall,Mariama,2016-10-11,f,762493697
Fall,Cheikh,1954-04-09,m,702193551
Sarr,Awa,1941-10-28,f,781978989
Sy,Aminata,1986-02-07,f,766126686
Ndiaye,Moussa,1959-10-22,m,779401861
Faye,Khady,1956-02-12,f,776493885
Ba,Ousmane,1974-09-23,m,772686382
Diop,Moussa,1940-05-14,m,770341758
Diallo,Fatou,1991-02-03,f,709565064
Sarr,Oumar,2010-08-13,m,783688039
Sow,Abdoulaye,1968-11-23,m,783582957
Ba,Aminata,1945-10-15,f,788711202
Kane,Awa,1982-12-01,f,709263990
Diallo,Mariama,1943-09-11,f,704316745
Fall,Mamadou,1962-03-26,m,774054457
Fall,Mariama,1963-04-20,f,701396262
Sow,Khady,1962-07-16,f,775409330
Sarr,Aminata,1947-09-03,f,707584660
Diop,Mariama,1995-06-25,f,708028804
Diallo,Abdoulaye,2021-05-14,m,785731055
Sy,Ousmane,1949-03-26,m,769920490
Gueye,Fatou,1990-06-16,f,773297924
Ndiaye,Fatou,1996-09-07,f,765828374
Diallo,Ousmane,2014-01-10,m,700140806
Faye,Oumar,1988-07-21,m,785303183
Ba,Aminata,1958-08-05,f,771141258
Kane,Abdoulaye,2018-01-06,m,704490208
Ndiaye,Fatou,1971-12-15,f,760819643
Sarr,Awa,2007-05-23,f,770077481
Sy,Ibrahima,1976-08-21,m,760352194
Sow,Fatou,1983-04-20,f,703044808
Fall,Moussa,1952-02-20,m,706717123
Ndiaye,Abdoulaye,2009-05-29,m,775454444
Ndiaye,Aminata,1979-09-30,f,771318985
Kane,Mariama,2017-07-14,f,787501738
Sarr,Cheikh,2000-05-19,m,770377127
Ba,Oumar,1943-10-07,m,767765460
Kane,Awa,1986-09-10,f,786389228
Sarr,Fatou,2009-03-28,f,785808915
Sow,Awa,1991-02-13,f,705971394
Sow,Awa,1950-03-17,f,785774870
Gueye,Oumar,1953-02-03,m,763025910
Sow,Cheikh,1975-06-10,m,768544931
Fall,Oumar,1949-05-02,m,701329923
Ba,Oumar,2022-02-27,m,779248172
Faye,Awa,1961-10-03,f,761397686
Diop,Mariama,1963-01-03,f,701717417
Sow,Khady,2012-05-15,f,773229528
Gueye,Mamadou,1954-11-09,m,780167566
Diallo,Mariama,1999-08-17,f,703314758
Sy,Fatou,1943-06-19,f,785925602
Sarr,Aminata,2008-04-05,f,702677651
Ndiaye,Fatou,1987-03-02,f,772456572
Faye,Moussa,2016-03-03,m,776244301
Sow,Aminata,1984-08-06,f,771473686
Diop,Abdoulaye,2006-06-30,m,763706423
Sy,Abdoulaye,1975-03-07,m,708008726
Sarr,Khady,2000-06-04,f,774961156
Sow,Mariama,2009-03-07,f,765150947
Diallo,Mariama,1991-01-21,f,702143692
Fall,Khady,1962-08-06,f,765932810
Sow,Awa,1983-05-09,f,770613018
Kane,Moussa,2005-03-17,m,787084681
Sow,Khady,2003-07-05,f,772480399
Sarr,Ibrahima,1967-03-07,m,767408580
Sy,Fatou,1987-04-22,f,768755253
Ndiaye,Moussa,2001-05-12,m,707595142
Sy,Khady,1943-04-14,f,774890385
Ndiaye,Mamadou,2016-03-27,m,764156992
Diallo,Awa,2021-06-05,f,702012049
Sy,Ibrahima,1970-08-25,m,701376288
Diop,Oumar,1956-06-11,m,778872667
Gueye,Khady,1941-08-11,f,766775930
Ndiaye,Moussa,1969-08-18,m,762600420
Diallo,Abdoulaye,1993-08-22,m,700550408
Diallo,Khady,1953-03-11,f,709041161
Fall,Moussa,1958-07-20,m,776195627
Ndiaye,Moussa,2000-04-16,m,784604304
Sarr,Cheikh,2002-04-14,m,782794871
Sarr,Awa,2002-06-14,f,708951934
Diallo,Cheikh,2002-01-01,m,789472378
Sarr,Mariama,1982-07-06,f,764122310
Ndiaye,Fatou,2019-07-29,f,781402445
Sarr,Khady,2016-11-11,f,709712009
Sow,Mariama,1989-06-01,f,786190449
Sarr,Awa,2010-05-10,f,701828384
Fall,Ibrahima,2006-08-06,m,765188775
Kane,Ousmane,1969-11-11,m,706130672
Ba,Oumar,1962-12-19,m,789649504
Fall,Awa,1964-08-11,f,769120388
Diallo,Awa,1966-04-21,f,771879999
Gueye,Ousmane,1941-10-30,m,705109138
Sy,Ibrahima,2004-05-04,m,786917197
Sarr,Awa,1993-04-06,f,708887713
Kane,Ousmane,1945-03-01,m,779162258
Faye,Mariama,1953-04-12,f,776367924
Gueye,Khady,1955-10-11,f,769181229
Ba,Mariama,2021-10-30,f,773474727
Faye,Khady,2023-07-20,f,761387682
Sarr,Awa,1989-12-25,f,784391703
Gueye,Khady,1963-08-19,f,765708446
Kane,Awa,2014-08-10,f,782687529
Sow,Khady,1950-01-11,f,776902198
Diallo,Awa,2008-12-31,f,769752545
Sow,Khady,1995-08-08,f,762798594
Gueye,Fatou,1962-11-16,f,778180357
Sow,Awa,2023-02-23,f,772044187
Sow,Cheikh,2009-02-08,m,760437302
Gueye,Cheikh,1976-12-25,m,705402921
Diop,Ousmane,1999-02-19,m,780977629
Fall,Ousmane,1979-01-31,m,786797441
Ba,Khady,1959-03-06,f,773127908
Diallo,Moussa,1959-03-03,m,700266636
Fall,Cheikh,1969-11-28,m,785866564
Diop,Oumar,2015-07-16,m,773633923
Gueye,Fatou,1967-06-07,f,705708704
Gueye,Mamadou,1946-08-30,m,788660844
Diallo,Mariama,2003-01-27,f,777155435
Ndiaye,Aminata,1990-01-23,f,709565567
Sow,Fatou,1954-12-12,f,779639458
Faye,Ousmane,1998-12-29,m,761010125
Sow,Fatou,1985-10-14,f,784237406
Diop,Mariama,1968-04-29,f,761872139
Sarr,Abdoulaye,1951-01-29,m,709017533
Ba,Cheikh,1950-10-27,m,707437351
Gueye,Ousmane,1954-07-24,m,708000213
Gueye,Fatou,1954-02-23,f,789009384
Diallo,Aminata,1966-10-03,f,761317099
Gueye,Mamadou,1981-05-16,m,768887764
Fall,Ibrahima,1968-12-27,m,701439350
Diop,Khady,2020-08-30,f,703249722
Sarr,Fatou,1973-03-08,f,706021732
Sy,Moussa,1995-01-27,m,704889080
Gueye,Awa,2021-09-15,f,764998164
Fall,Moussa,1956-04-15,m,763118191
Sy,Mariama,1983-03-31,f,701681793
Sow,Khady,2010-09-24,f,774008950
Ba,Awa,1957-05-21,f,768248714
Sarr,Oumar,2002-01-19,m,778437302
Sow,Moussa,2010-07-31,m,701251635
Diop,Aminata,2017-04-16,f,762914765
Sow,Awa,1941-01-02,f,775200706
Diop,Aminata,2004-08-03,f,701398506
Diop,Moussa,1942-08-23,m,787813388
Gueye,Oumar,1978-12-08,m,760651647
Sy,Awa,1953-04-11,f,774984400
Sow,Khady,2000-03-25,f,785737956
Faye,Awa,1959-11-18,f,777220174
Diop,Mariama,1972-06-03,f,789361086
Ndiaye,Awa,1995-09-29,f,788422271
Sarr,Oumar,1948-08-20,m,776203329
Gueye,Ousmane,1983-02-27,m,763060213
Diallo,Mamadou,1949-02-05,m,777816935
Diallo,Ibrahima,1991-10-14,m,772492366
Diallo,Moussa,2002-08-07,m,760774057
Fall,Awa,2008-12-13,f,779109641
Ba,Abdoulaye,2021-03-14,m,770914352
Diop,Oumar,1946-01-22,m,704683989
Fall,Mamadou,1958-06-13,m,767563631
Diop,Mamadou,1962-10-12,m,700189299
Ba,Abdoulaye,1956-04-14,m,784139196
Ndiaye,Mariama,1958-03-04,f,772613615
Fall,Oumar,1965-12-04,m,782168748
Diallo,Khady,1978-04-01,f,779554374
Faye,Aminata,1969-04-05,f,779216664
Sy,Aminata,1962-08-27,f,702271746
Ba,Moussa,1975-03-13,m,782483319
Diop,Aminata,1972-02-22,f,763107953
Ba,Awa,2000-06-30,f,705045300
Diop,Abdoulaye,1967-10-17,m,777960142
Diallo,Khady,1972-09-12,f,775907711
Ndiaye,Moussa,1942-08-12,m,771322279
Fall,Awa,2011-12-15,f,760473613
Ba,Aminata,2020-06-08,f,771664816
Gueye,Mamadou,2021-05-10,m,789069491
Sy,Moussa,1941-07-08,m,707349477
Ba,Aminata,1999-04-22,f,787967845
Sarr,Moussa,1994-12-25,m,763467912
Ba,Oumar,1959-06-04,m,783231022
Sy,Khady,1986-01-27,f,709320969
Sy,Ousmane,1956-10-26,m,779121180
Diallo,Oumar,2014-03-04,m,774167823
Gueye,Oumar,1957-10-06,m,780284059
Sarr,Fatou,1950-07-07,f,787939239
Diallo,Mamadou,2001-03-02,m,700332766
Diallo,Khady,1963-10-05,f,772019489
Fall,Ousmane,2006-05-20,m,706568871
Diop,Khady,2004-02-14,f,700698343
Ba,Fatou,1963-08-28,f,707182746
Sow,Moussa,1961-04-15,m,706515539
Diallo,Aminata,1945-12-18,f,772405041
Ba,Mamadou,2019-01-24,m,708534816
Faye,Ibrahima,1947-11-19,m,700416261
Diop,Mariama,1995-04-25,f,767307166
Sow,Mamadou,1974-04-20,m,778374856
Diallo,Khady,1961-02-08,f,702987814
Sow,Fatou,2011-08-13,f,703623893
Diop,Khady,2012-02-13,f,702890321
Diop,Ousmane,2021-11-13,m,709578859
Sow,Aminata,1966-04-26,f,765808947
Sow,Awa,2000-02-27,f,760239189
Fall,Mamadou,2010-08-30,m,708460277
Fall,Khady,2018-09-07,f,770948037
Sy,Moussa,1999-02-27,m,784785899
Diop,Mariama,1994-10-11,f,767785449
Sy,Abdoulaye,1963-03-10,m,770847158
Diallo,Fatou,1962-01-10,f,760011413
Faye,Awa,2007-06-21,f,705291538
Sarr,Fatou,1982-03-30,f,705650688
Kane,Mariama,2021-03-01,f,788254412
Sarr,Aminata,2011-12-18,f,789791240
Ba,Awa,2017-05-30,f,789861041
Sow,Awa,1974-04-24,f,762419544
Kane,Mariama,1997-05-18,f,775770035
Sy,Awa,2000-06-25,f,704632586
Gueye,Awa,1999-01-31,f,763332395
Fall,Awa,2011-10-22,f,771526570
Sy,Abdoulaye,1966-09-17,m,772512788
Ndiaye,Mariama,1980-07-02,f,781116050
Sarr,Ousmane,1951-10-05,m,784222740
Fall,Oumar,1991-08-06,m,706745798
Sarr,Awa,1977-11-30,f,777609016
Faye,Fatou,1978-12-12,f,770208082
Diallo,Abdoulaye,2001-08-06,m,776471455
Faye,Awa,2008-09-08,f,765194637
Sy,Aminata,2000-10-17,f,708556773
Sy,Abdoulaye,1988-12-04,m,787831508
Ba,Aminata,1983-08-24,f,781586152
Faye,Aminata,2012-10-24,f,708678339
Faye,Mariama,1957-05-27,f,773159661
Diallo,Aminata,1982-05-15,f,762695037
Sarr,Aminata,1974-08-04,f,782445962
Ba,Ibrahima,2019-10-07,m,760864719
Kane,Cheikh,1978-01-05,m,785814638
Ba,Ibrahima,2016-04-02,m,765032719
Sow,Ousmane,2019-09-24,m,709454536
Sy,Oumar,1940-02-29,m,787934802
Ba,Oumar,1961-12-17,m,770917701
Ba,Ousmane,1944-01-15,m,780985562
Sarr,Fatou,1942-06-02,f,769580859
Sow,Oumar,1976-12-25,m,772120134
Fall,Fatou,1982-10-30,f,761968043
Sy,Mariama,1952-04-25,f,766936933
Sarr,Ibrahima,1980-06-18,m,706889367
Fall,Mamadou,1969-01-01,m,704230582
Faye,Cheikh,1954-12-19,m,762138949
Faye,Fatou,1950-03-27,f,706238150
Sarr,Fatou,2023-11-08,f,777019858
Fall,Aminata,1990-01-03,f,700881334
Kane,Fatou,1953-12-09,f,769080491
Sy,Mariama,2011-03-24,f,700380041
Ndiaye,Awa,1979-10-14,f,770606555
Sow,Mariama,1992-11-15,f,770132450
Sy,Aminata,1956-09-27,f,703182715
Ndiaye,Fatou,2019-10-25,f,703154341
Fall,Ibrahima,1971-04-14,m,709368043
Ndiaye,Aminata,1950-04-05,f,763809626
Faye,Ousmane,1980-01-15,m,780111705
Gueye,Aminata,1985-07-10,f,703926598
Faye,Abdoulaye,1947-11-09,m,763493708
Gueye,Ibrahima,2011-11-06,m,780507088
Kane,Ousmane,1978-11-24,m,774673706
Faye,Khady,1957-06-23,f,768383390
Ndiaye,Mamadou,2019-05-05,m,703903991
Sy,Moussa,1956-04-15,m,702825808
Fall,Ibrahima,1990-04-23,m,704074347
Sy,Oumar,1964-01-18,m,778685267
Fall,Aminata,1973-05-06,f,787477501
Kane,Abdoulaye,1973-06-05,m,788516090
Fall,Awa,2009-05-10,f,784789353
Faye,Cheikh,2015-10-22,m,784136228
Faye,Oumar,1945-11-15,m,760354618
Gueye,Fatou,2015-06-07,f,777049346
Ba,Cheikh,1952-07-14,m,776467732
Sy,Mariama,1974-03-09,f,785945686
Kane,Aminata,2013-12-15,f,760102632
Ndiaye,Mamadou,1952-06-19,m,764355416
Faye,Abdoulaye,1959-12-31,m,703283811
Fall,Awa,1941-01-30,f,767215894
Sow,Ousmane,1993-08-20,m,771777954
Kane,Khady,2011-04-05,f,788561981
Sarr,Ousmane,2005-01-13,m,788312745
Kane,Ibrahima,2016-07-13,m,770278531
Sow,Khady,2012-08-22,f,768259074
Ba,Mamadou,1985-04-10,m,764973844
Diallo,Mariama,1978-10-10,f,701642432
Gueye,Mariama,2012-08-01,f,772266200
Diallo,Fatou,1980-01-29,f,771966205
Sarr,Ibrahima,1972-02-04,m,783168598
Kane,Oumar,1996-02-21,m,763139155
Sarr,Awa,1965-12-19,f,769026768
Sow,Awa,1990-12-27,f,762152645
Gueye,Abdoulaye,1998-07-30,m,706904269
Ndiaye,Mamadou,2022-08-04,m,700675968
Faye,Moussa,1985-07-25,m,777165033
Ndiaye,Fatou,1979-01-10,f,709244752
Ba,Abdoulaye,1999-05-22,m,788435000
Diop,Cheikh,2012-07-14,m,705518358
Ba,Mariama,2018-02-26,f,707453616
Diallo,Mariama,1969-01-07,f,782564390
Sow,Moussa,1954-10-05,m,781258150
Fall,Aminata,1982-01-31,f,769654639
Kane,Mamadou,2005-07-04,m,781874798
Sy,Cheikh,1945-10-03,m,770489905
Ndiaye,Aminata,1960-05-27,f,705444148
Gueye,Khady,1981-08-12,f,767297346
Sow,Ousmane,1956-10-10,m,780350665
Gueye,Mamadou,1944-01-20,m,708229690
Diallo,Ibrahima,1945-05-28,m,763529700
Gueye,Ousmane,2003-04-06,m,707787304
Diop,Cheikh,2006-04-04,m,777559193
Faye,Cheikh,2010-08-03,m,781589096
Kane,Oumar,1986-05-22,m,786481702
Diallo,Mariama,1985-06-24,f,789913747
Diop,Mamadou,1945-05-19,m,785373713
Sy,Oumar,2020-11-27,m,702528843
Kane,Moussa,2002-02-05,m,788892578
Fall,Mamadou,2017-11-16,m,760527988
Kane,Khady,2005-02-03,f,783007920
Sy,Ousmane,1992-02-28,m,763784075
Ba,Ousmane,1995-06-23,m,778108489
Fall,Mariama,1995-07-06,f,762865710
Diallo,Abdoulaye,1976-07-14,m,765234522
Ndiaye,Oumar,1969-01-06,m,764216702
Ba,Khady,1963-03-09,f,771814943
Diop,Oumar,2007-06-18,m,767902300
Faye,Aminata,1978-09-11,f,780661241
Diop,Mamadou,2002-09-29,m,704185400
Diop,Ousmane,1987-08-24,m,789813249
Ndiaye,Aminata,1954-10-30,f,776117907
Kane,Aminata,2008-03-03,f,762261071
Ba,Awa,1951-11-04,f,775169584
Ba,Moussa,1945-07-07,m,702353888
Kane,Oumar,2018-07-24,m,778690089
Sarr,Ibrahima,1996-10-08,m,786403531
Gueye,Fatou,2011-05-25,f,763433108
Kane,Fatou,1941-02-05,f,782817545
Ndiaye,Awa,2021-07-17,f,766986431
Sy,Moussa,1980-02-24,m,781454657
Kane,Moussa,2005-07-20,m,765079523
Diop,Mamadou,1960-07-07,m,702898710
Sy,Mariama,1962-03-20,f,774711430
Ba,Fatou,1973-03-10,f,709441057
Sy,Aminata,2011-12-19,f,705447000
Faye,Mariama,1975-07-22,f,708506374
Gueye,Cheikh,1991-09-05,m,762694906
Faye,Abdoulaye,1971-03-13,m,707151395
Faye,Abdoulaye,1945-05-11,m,708771973
Kane,Awa,1979-10-08,f,769062404
Sarr,Ousmane,1969-09-11,m,785955717
Sy,Aminata,2020-10-20,f,774364393
Diop,Khady,1942-09-07,f,769595093
Gueye,Ibrahima,1968-12-06,m,764996937
Ba,Fatou,1985-02-26,f,765810689
Sarr,Oumar,2016-03-10,m,701042652
Fall,Ibrahima,1977-09-15,m,781028003
Fall,Oumar,2007-06-14,m,776377765
Sarr,Khady,1977-02-01,f,764867037
Diop,Moussa,1955-08-31,m,776159333
Sow,Mamadou,2023-09-11,m,762996595
Sy,Aminata,1955-06-13,f,701078756
Sow,Mariama,1993-01-13,f,765360834
Diop,Moussa,1946-06-29,m,778799989
Sow,Fatou,1989-06-10,f,786161793
Fall,Ibrahima,1953-02-01,m,765634588
Fall,Fatou,2016-03-12,f,789212873
Gueye,Khady,2008-12-05,f,773207207
Diop,Mariama,1975-10-10,f,772844924
Ndiaye,Cheikh,2018-06-22,m,784934764
Ba,Awa,2008-09-24,f,706217000
Gueye,Awa,1979-02-04,f,704374217
Sow,Mariama,1973-05-03,f,767556969
Kane,Awa,1982-08-03,f,705736937
Kane,Moussa,1984-06-28,m,773518638
Fall,Khady,1964-06-03,f,782541350
Faye,Mariama,1957-02-26,f,788126655
Faye,Mamadou,1964-04-26,m,785072085
Kane,Aminata,1948-02-19,f,783424486
Sarr,Abdoulaye,2003-12-19,m,769890880
Fall,Mamadou,1982-11-20,m,784378116
Faye,Fatou,1946-07-03,f,764427612
Faye,Aminata,2023-08-27,f,779786783
Fall,Ousmane,1968-02-18,m,781274547
Fall,Fatou,2005-05-17,f,782884633
Ba,Aminata,1956-12-10,f,774551178
Faye,Cheikh,1952-01-09,m,764880484
Faye,Ibrahima,1961-03-20,m,708304196
Fall,Cheikh,1951-02-06,m,777591786
