2026-05-31,3316,2596
2025-04-18,4344,1100
2024-11-08,9899,845
2024-02-20,8417,181
2026-08-14,950,2695
2026-02-23,5508,11
2026-08-16,7142,918
2024-04-15,7891,2797
2024-02-16,3011,557
2025-08-18,469,1738
2024-05-24,2102,2333
2024-07-07,5637,1579
2025-06-07,856,1934
2026-06-12,6513,560
2025-11-12,119,948
2025-08-11,6410,1011
2026-11-09,9212,2101
2025-09-09,3314,328
2024-08-29,1429,460
2025-04-16,849,996
2025-12-29,555,2029
2026-11-09,8036,1675
2025-11-16,7993,1887
2024-08-31,518,2933
2026-07-20,9391,2899
2025-01-03,4361,601
2025-01-08,7345,1834
2024-02-15,7564,1053
2026-08-12,181,542
2024-03-23,3107,2438
2024-10-23,7883,2336
2025-09-20,765,2126
2024-11-19,8050,452
2026-05-17,2629,1569
2024-01-26,4824,2772
2024-10-17,6486,1576
2025-02-24,8541,1636
2024-09-19,9826,2826
2025-05-18,4546,123
2024-08-31,855,1205
2024-02-12,4304,1790
2025-02-25,1412,1861
2024-08-10,6255,2868
2024-11-09,7903,61
2025-12-20,8874,1480
2025-02-11,4957,2673
2025-04-26,2899,1015
2024-03-01,5514,2767
2026-08-28,3446,1163
2024-01-17,1046,1622
2024-01-11,1948,391
2026-05-12,4762,504
2026-02-25,3830,1088
2024-09-23,5422,2161
2024-07-14,9967,1015
2025-02-11,8472,1502
2026-08-12,9322,2777
2025-07-05,5458,610
2024-05-21,7988,2071
2026-04-14,2364,614
2025-04-19,7187,607
2025-02-09,8395,1165
2026-10-27,850,2342
2025-05-22,7147,1534
2025-05-11,5757,2857
2024-02-17,1196,1233
2026-03-11,9623,907
2025-09-04,6348,282
2024-12-25,9192,895
2024-06-05,9095,690
2025-10-15,8106,2953
2026-09-13,734,2406
2026-10-12,7286,411
2026-01-10,9070,600
2025-11-11,773,1004
2024-01-11,4224,1924
2025-02-25,9393,1734
2024-12-25,1318,1603
2026-03-30,5176,1885
2026-07-28,8631,146
2026-09-11,3724,1733
2026-03-23,4267,2798
2026-04-13,7531,152
2026-05-24,1320,385
2026-09-06,9926,2084
2024-02-22,919,1751
2024-09-02,713,2549
2024-08-26,1330,870
2026-08-11,5080,1531
2026-08-05,2085,2491
2024-04-26,3730,2533
2026-03-21,4621,180
2026-01-01,1458,1245
2026-09-17,2263,1275
2026-06-20,8692,142
2025-10-03,7027,1548
2024-01-23,5927,2360
2024-06-10,4536,610
2026-09-26,8013,1743
2025-07-31,7030,2848
2026-07-29,6882,2676
2025-08-12,4586,2203
2026-12-30,7027,2930
2026-01-04,2998,1568
2024-10-20,4608,1337
2024-06-06,8721,1674
2026-07-02,4921,979
2025-11-27,3609,2581
2025-03-21,5507,1180
2024-06-03,6646,2968
2026-09-03,8777,2778
2025-12-20,8671,974
2025-03-08,5137,1248
2026-07-22,5022,1457
2024-04-05,6118,2304
2024-09-12,9097,2369
2024-03-31,5639,874
2025-04-13,3818,1425
2026-01-03,3796,562
2025-04-12,6101,860
2026-02-16,6935,2800
2026-06-04,6449,1753
2025-08-02,3546,1668
2024-02-25,7171,2744
2024-01-30,7838,2105
2024-11-16,7740,2886
2025-03-28,8310,206
2025-08-21,350,49
2025-10-28,7013,1149
2026-01-01,1804,785
2024-11-16,9086,215
2024-04-03,6589,1621
2024-11-07,6868,2004
2026-11-22,6912,1343
2025-11-15,57,1543
2025-03-05,3852,295
2025-01-04,4554,2713
2026-11-08,6524,1976
2026-09-30,4576,1838
2024-03-04,8728,2665
2026-05-05,5557,390
2025-11-25,4008,378
2025-07-14,7588,1297
2026-08-03,9106,2268
2024-07-13,3914,640
2026-10-13,9711,2459
2024-06-18,2007,2138
2024-01-16,3507,2955
2024-10-24,7495,2304
2026-12-20,955,1241
2025-07-17,6513,44
2026-04-10,8084,2278
2026-05-02,8565,925
2025-10-05,5132,2590
2024-01-02,1396,1182
2024-09-23,7849,1542
2025-04-22,2664,1479
2026-01-16,3479,2840
2025-07-04,1011,2020
2024-12-06,629,192
2026-02-14,3465,1527
2024-11-28,7689,2114
2026-11-10,9879,306
2024-12-25,6580,2379
2025-01-24,4,2938
2024-06-05,7967,2705
2025-10-16,7551,1794
2025-07-18,6144,724
2024-01-15,4551,2528
2024-04-01,5062,1941
2024-04-16,2478,2736
2025-06-17,4792,1186
2025-09-01,3132,1942
2024-05-16,6289,24
2024-12-03,633,2934
2024-07-16,7327,1365
2024-12-19,3127,768
2026-03-11,6200,1118
2026-10-14,4876,359
2024-02-07,918,2930
2025-12-07,1480,971
2024-09-30,2437,25
2024-08-19,8784,2109
2026-04-15,3381,969
2026-10-30,8858,1822
2025-05-09,8164,626
2025-01-22,3770,1574
2026-01-01,7496,1935
2026-01-21,7122,1559
2024-03-22,6274,723
2026-12-11,7222,1332
2026-06-23,7096,2831
2025-10-19,7010,1478
2026-08-07,3457,2526
2024-10-12,3472,2778
2025-10-18,1352,1070
2026-07-25,7359,2280
2026-02-12,6970,1512
2026-05-25,3722,585
2025-04-12,6956,1506
2024-01-29,7940,1617
2025-06-05,5373,1485
2026-12-06,3753,1024
2026-09-29,5699,2014
2024-02-28,5239,1706
2026-03-08,2043,2582
2025-05-02,3232,2621
2025-08-31,1889,1348
2026-10-07,4299,1470
2025-05-23,2617,2388
2024-01-23,8443,967
2026-07-04,116,884
2025-05-31,69,211
2025-02-03,5622,1943
2026-02-19,5551,1381
2024-07-15,6578,2327
2025-12-18,9880,2161
2026-04-11,9156,2022
2025-10-29,3766,2968
2026-03-23,112,2009
2024-10-21,8001,53
2026-01-16,2856,347
2025-04-22,8275,2632
2025-05-27,9568,1098
2026-06-09,1471,708
2024-07-26,8163,2105
2025-02-24,8550,1091
2025-08-13,1377,2187
2024-07-31,3743,1620
2024-07-10,2284,882
2024-03-29,4078,2867
2025-02-14,9750,2999
2025-08-24,8697,1450
2025-06-29,8569,1457
2025-03-08,4049,588
2024-07-19,1783,960
2025-03-03,4727,959
2024-01-06,1581,1974
2026-07-19,8022,1070
2025-06-19,6493,988
2025-06-23,1363,2540
2025-02-14,3096,173
2025-10-30,4379,2056
2024-05-31,4389,665
2026-10-20,997,2575
2024-04-12,4169,2154
2026-04-18,2146,2125
2026-02-22,3952,2128
2024-03-05,5068,2344
2026-09-28,7114,565
2025-11-03,2785,1632
2025-03-08,5255,534
2024-12-29,1848,2872
2025-04-28,4576,2473
2024-06-26,8074,418
2024-08-14,4516,92
2025-06-01,9828,2357
2024-11-24,3643,391
2025-04-24,2351,102
2024-12-01,9703,256
2026-01-16,3342,1307
2024-03-11,4750,2588
2024-07-26,5253,1936
2024-02-21,2858,2079
2024-08-10,7136,180
2026-07-14,1657,1951
2026-04-11,268,2219
2025-01-25,9422,1357
2026-10-03,7113,1873
2025-10-16,3466,1228
2024-01-21,1696,2580
2024-01-16,8592,1584
2026-02-05,6993,1257
2026-01-18,9154,446
2026-08-13,2833,2930
2025-10-07,532,2323
2026-06-23,6935,1696
2026-04-17,4286,176
2024-09-06,7449,1318
2025-09-12,1136,2422
2024-09-16,1591,186
2025-01-08,4950,2901
2025-10-01,6345,2474
2026-02-24,1331,509
2026-01-28,4576,2814
2025-02-18,1448,2292
2026-12-19,1359,21
2025-02-06,9172,2987
2025-01-12,6806,857
2025-12-15,1805,2454
2024-02-04,1942,2425
2026-04-27,7591,780
2024-01-11,650,1576
2026-07-11,6310,2763
2024-01-22,4511,737
2026-07-06,3263,1859
2025-12-30,1615,1577
2024-11-13,644,2563
2025-08-26,2504,1628
2025-01-11,2906,1645
2024-04-27,7515,890
2025-04-18,7092,1450
2024-01-05,859,846
2024-03-27,1486,2146
2026-04-04,9951,1932
2025-02-11,600,948
2025-05-30,3028,401
2025-02-04,6176,2053
2026-07-12,5648,285
2024-04-30,3826,1031
2026-05-04,1491,2326
2025-12-18,6978,1124
2025-12-18,3683,2939
2024-08-19,2050,1079
2024-08-13,9805,1116
2025-05-07,9914,47
2025-11-04,4382,2015
2025-08-03,6074,842
2024-03-04,1129,835
2026-12-10,4898,2173
2024-01-26,5025,2131
2025-02-09,5623,1235
2024-09-20,4959,2947
2026-05-08,3991,2489
2025-03-06,7287,2329
2025-09-05,160,2168
2025-07-30,7581,2444
2024-05-24,8747,532
2024-09-19,356,1976
2024-05-04,4883,2762
2025-01-29,7647,2547
2024-10-05,5007,2108
2026-10-20,6867,225
2026-07-13,539,2837
2024-08-09,6230,216
2026-07-22,9665,1590
2024-11-04,7360,62
2026-10-22,8368,2646
2025-06-29,2536,1847
2024-01-28,914,2953
2024-09-14,8503,2410
2026-07-23,3120,2353
2025-03-20,5735,1246
2025-03-05,7674,2385
2025-08-07,7166,726
2026-08-22,9646,2755
2026-11-08,501,1810
2024-07-20,1912,1732
2024-02-16,7169,1907
2024-05-02,251,1390
2024-11-26,4458,622
2024-02-16,9890,2542
2025-11-14,2075,2100
2025-05-20,4855,1654
2026-04-11,5524,1337
2026-07-04,6877,462
2024-02-06,9869,687
2026-04-11,525,1788
2026-09-15,5960,2781
2025-12-25,7123,2280
2024-04-12,6327,162
2024-11-25,1944,1874
2024-01-22,2170,840
2024-06-24,3726,1729
2024-09-10,9964,1386
2024-07-27,7709,2877
2024-03-20,5227,805
2025-08-21,3239,1163
2025-06-28,7410,1543
2026-12-03,6173,111
2024-03-30,5673,2732
2025-04-18,1174,1095
2026-08-06,6924,1033
2025-03-31,6222,498
2024-11-30,8987,1944
2025-02-06,9486,1122
2026-02-14,7828,2585
2024-05-22,7485,2386
2025-03-20,1382,429
2024-08-21,6138,192
2026-02-13,8227,1026
2026-11-12,3715,845
2026-10-26,8804,998
2026-07-15,2754,2942
2024-10-31,1710,2555
2026-12-17,3256,1577
2025-07-31,5616,732
2025-05-12,3929,533
2025-08-15,2085,2924
2025-04-11,4432,2307
2026-11-05,7864,752
2026-04-30,7740,2041
2025-06-17,4676,1070
2025-05-13,3860,1370
2024-01-23,7515,2111
2025-08-15,6453,817
2024-02-09,6626,2764
2025-05-28,879,639
2026-01-11,876,2233
2025-05-11,9288,777
2025-07-08,7487,333
2025-09-13,9636,1017
2026-11-29,5326,121
2026-10-16,8667,1550
2024-08-28,9174,2373
2026-05-18,9339,866
2026-11-29,5992,521
2024-01-07,4456,2209
2026-06-19,9197,2162
2024-01-07,8730,939
2024-03-24,763,1504
2025-10-21,7012,1408
2026-09-01,7741,268
2026-02-23,5435,2335
2024-12-07,3137,1551
2025-05-21,1964,167
2025-09-11,2757,1651
2025-03-13,7606,1429
2026-10-04,3567,2393
2025-01-07,9413,863
2024-08-19,515,2733
2024-07-18,9901,746
2024-10-19,6853,1608
2025-11-11,101,450
2025-02-25,6603,865
2026-11-14,8138,1732
2026-08-29,2754,388
2024-01-24,6360,976
2026-08-02,7344,281
2024-09-13,3885,988
2025-11-28,5059,1087
2026-03-17,3830,596
2026-08-18,7291,218
2024-02-13,3379,2033
2025-08-16,4080,861
2026-09-17,3912,1448
2025-10-21,3601,2713
2026-03-12,9915,432
2024-08-20,4166,2506
2025-12-20,4792,1855
2026-01-01,6029,1840
2025-02-08,3746,2552
2025-04-20,9503,17
2024-06-07,2173,909
2025-12-06,5988,1195
2024-01-29,5227,2654
2024-05-14,5581,2216
2025-05-02,5693,1588
2025-12-08,2717,2161
2024-12-10,5562,750
2026-07-18,6894,1197
2024-05-27,4890,2924
2025-11-13,5394,652
2024-04-15,738,709
2024-04-28,8387,2888
2024-02-14,3535,768
2024-01-05,6549,324
2026-01-29,9705,340
2026-03-24,5310,2602
2024-04-14,9027,2469
2026-07-12,8663,164
2024-09-16,3058,2182
2024-05-20,6061,2771
2025-11-06,3787,557
2026-06-17,1296,253
2025-06-28,1051,2026
2024-04-17,7741,964
2025-05-30,9347,2159
2025-10-05,9458,1750
2025-11-06,3950,1254
2026-07-01,1956,2927
2024-05-16,2720,1020
2024-02-02,7276,1675
2025-08-06,5541,1795
2026-04-06,8586,1562
2026-02-09,5691,1802
2024-12-05,4251,2654
2026-12-19,900,2744
2025-09-19,1839,341
2024-07-15,1365,1530
2026-09-02,9194,2602
2025-03-25,715,2219
2025-05-03,2119,1444
2025-05-17,3626,1892
2026-12-18,8522,855
2024-05-13,736,2808
2025-12-16,8432,724
2024-02-13,2066,698
2025-11-13,7889,1017
2026-02-09,1758,1930
2026-10-22,9639,2351
2026-08-25,516,1993
2024-03-21,9249,1874
2024-08-09,6169,79
2026-09-18,8839,1301
2026-12-13,6400,2322
2024-07-02,4583,2557
2024-01-24,7477,2502
2024-07-14,4344,2233
2026-03-03,7850,2267
2024-01-19,2760,1497
2026-01-02,2286,812
2024-03-18,4948,383
2026-05-16,1575,139
2024-09-14,7491,820
2024-02-19,6437,2573
2024-04-28,6898,1157
2024-10-04,5207,280
2026-05-22,4500,1149
2024-12-01,4543,643
2025-09-14,3031,826
2024-07-30,6076,652
2026-04-01,6163,2251
2025-06-16,2361,1453
2025-05-06,1785,630
2025-07-30,964,358
2025-07-14,8930,1223
2026-12-20,6234,1459
2024-03-21,1088,1959
2025-12-21,6589,665
2025-09-15,5546,2813
2024-02-10,1514,526
2026-08-24,1750,1839
2026-12-20,3895,1422
2024-05-11,8559,2295
2024-07-29,4754,728
2026-10-25,559,1252
2026-01-23,8829,1941
2026-11-16,323,1489
2024-07-03,4316,860
2025-10-28,2326,1553
2025-10-21,3475,169
2025-12-31,1557,1142
2024-07-08,6474,367
2026-10-17,3925,84
2025-12-23,2558,2437
2026-03-12,8669,2966
2025-06-05,7310,2664
2024-04-09,274,1197
2026-01-12,6787,2231
2026-11-24,356,1118
2025-09-12,3143,1150
2025-02-10,7620,2897
2025-11-05,2451,1951
2024-07-23,21,382
2026-04-04,1876,1917
2024-11-27,7257,1375
2025-08-15,6493,1740
2026-10-24,338,1029
2024-12-10,6562,276
2025-02-23,9274,2085
2026-01-29,3244,2480
2025-07-31,2682,2603
2024-03-28,6157,2400
2024-07-11,3910,1076
2026-01-28,7292,1749
2024-02-14,8648,1201
2025-02-23,5076,909
2026-08-19,9288,2002
2026-12-16,1076,705
2026-02-08,2967,421
2025-06-07,1420,1759
2025-10-22,1831,293
2026-09-12,1190,1808
2025-08-06,8770,2541
2024-07-08,9035,327
2025-04-08,6989,1617
2024-01-12,553,1577
2025-12-23,2047,2310
2026-05-16,6431,188
2024-03-25,2431,1323
2025-02-23,309,1794
2025-01-24,4165,2405
2024-08-04,6065,2786
2024-02-09,911,1008
2025-08-17,6129,2039
2026-07-18,7895,723
2025-01-31,8442,1819
2025-07-09,7938,2107
2026-04-13,8033,119
2025-04-05,8120,993
2024-02-23,1425,2270
2024-09-12,5117,933
2025-12-17,3861,1713
2025-04-01,7572,1417
2025-12-27,553,457
2025-04-28,1112,1469
2024-07-18,1168,810
2026-09-22,549,2520
2024-12-12,2832,820
2024-11-10,6117,1398
2026-09-10,3449,1226
2024-09-26,8959,2961
2025-11-12,7135,2017
2024-02-11,3365,2782
2025-03-23,8870,2491
2025-06-10,7641,1293
2026-04-28,862,2198
2025-11-12,8347,2076
2026-12-24,4818,1944
2026-03-28,6045,557
2024-10-27,6259,181
2025-08-18,2198,1433
2025-08-11,3257,2991
2026-01-31,9521,2517
2024-04-23,9203,1453
2026-01-22,4053,1538
2026-08-13,1850,186
2024-03-10,5457,2156
2025-10-27,9602,2777
2025-06-25,7140,999
2024-03-05,6849,1779
2026-12-02,8157,387
2025-01-14,9944,1256
2024-07-01,1756,2455
2025-01-11,1312,2116
2025-09-02,4743,894
2025-07-19,9712,21
2025-01-20,4721,51
2026-05-10,8908,517
2025-04-30,6463,1365
2024-01-13,1487,468
2026-05-07,4645,1932
2026-06-17,2003,1154
2026-05-02,8194,892
2026-08-31,5596,2966
2026-08-30,9287,640
2025-07-09,3973,2861
2025-10-07,2540,2010
2024-02-13,8230,721
2024-11-05,1766,1096
2026-03-05,5308,533
2026-02-21,9600,29
2026-06-26,1904,1457
2026-07-30,5000,2359
2026-02-04,4790,566
2024-10-17,8656,683
2025-04-12,8680,1901
2025-12-15,8319,453
2026-01-15,8318,220
2025-11-12,7393,156
2026-02-07,9553,770
2024-04-07,2649,2481
2024-02-23,209,2663
2025-08-21,4606,892
2024-08-23,7700,2516
2025-10-11,8157,1888
2025-04-30,1190,1296
2025-05-09,5940,807
2024-06-25,7948,656
2025-04-01,4498,2942
2026-09-27,1035,2036
2026-01-04,9708,2031
2025-09-03,3134,426
2025-04-28,9597,865
2024-07-22,2470,2070
2026-06-10,9739,602
2024-05-04,7599,1558
2025-05-11,6397,365
2025-07-11,915,1619
2025-02-11,4346,2246
2024-01-23,1548,2353
2024-01-09,5984,642
2026-11-12,4301,1975
2025-07-01,7710,2962
2024-06-09,6392,2297
2026-04-10,8136,852
2026-01-09,8742,1807
2026-07-05,1044,1920
2025-05-14,5100,1392
2024-04-22,5762,2690
2026-08-04,3362,1913
2024-04-01,5828,640
2024-12-17,850,887
2025-01-10,8764,2262
2026-11-11,6252,2032
2024-06-08,6635,676
2024-08-08,1171,642
2024-06-04,4156,2956
2026-10-19,5874,980
2025-11-02,842,4
2025-04-17,3398,384
2026-09-17,4884,1335
2024-09-08,995,960
2026-06-18,3153,946
2026-12-27,9897,2007
2026-11-03,6460,2135
2026-09-18,9444,2808
2026-06-16,9926,2602
2026-08-08,5556,1016
2024-10-11,3666,379
2026-09-03,1227,1887
2025-10-19,3924,1019
2026-08-16,8798,2994
2024-12-21,2141,702
2026-01-14,1335,1931
2024-07-31,3577,1469
2025-02-23,2641,2381
2025-02-22,7480,1434
2024-12-22,6223,1351
2025-05-09,9513,459
2025-02-03,8029,903
2026-01-16,8287,2277
2024-02-02,6214,377
2026-01-21,3264,496
2026-08-14,4701,2365
2025-11-20,7307,1446
2025-11-15,2828,2746
2024-08-17,1077,2726
2024-02-21,2367,1903
2025-09-01,5086,1003
2024-08-07,4716,1834
2026-12-22,8092,895
2024-11-26,3943,2398
2024-10-11,3549,2843
2026-08-05,4381,2640
2025-04-07,4264,1487
2024-05-22,185,705
2026-11-13,9653,2465
2024-05-22,6293,1060
2024-06-28,5397,2269
2025-11-16,7689,2683
2024-05-20,436,2697
2026-10-07,8083,653
2024-05-11,7917,2250
2024-03-17,5610,1564
2024-08-16,2036,1157
2025-04-07,4170,2121
2025-12-21,1383,808
2025-01-04,6311,2266
2025-06-14,2947,468
2025-11-26,425,1173
2025-09-30,3184,2762
2025-04-21,2449,1624
2025-03-08,269,1294
2026-07-26,8063,2881
2026-06-26,8068,183
2026-11-13,2237,2121
2024-04-22,6328,821
2024-12-20,9946,2316
2026-05-06,7069,2754
2025-09-11,3948,554
2024-07-26,5842,1570
2025-12-18,9747,1531
2024-08-30,233,2217
2026-03-05,2110,18
2025-04-05,7577,2460
2025-10-30,6235,2470
2025-03-10,1504,1786
2025-02-23,7390,2429
2025-02-08,496,977
2026-02-02,1299,484
2024-12-06,606,729
2024-09-19,3967,2770
2024-05-11,1548,1021
2025-10-16,3069,1270
2025-12-22,6844,1098
2026-06-22,8383,801
2026-05-22,3447,2050
2025-11-11,1505,2637
2024-11-14,5972,734
2026-08-23,6727,475
2026-05-24,6697,2405
2024-12-29,1665,2521
2024-08-26,3282,2450
2024-06-17,9460,364
2024-09-22,6627,253
2026-10-09,6147,2811
2024-07-08,5468,1248
2025-11-29,730,1889
2024-09-12,5720,594
2024-01-27,4746,65
2026-11-27,7239,2976
2024-09-15,8180,1244
2024-10-06,9694,1788
2025-02-28,6594,1607
2026-12-10,7677,631
2026-05-09,4659,1792
2026-12-20,2866,1047
2025-08-19,5447,2419
2025-04-14,6237,1341
2024-07-27,5873,1675
2026-03-06,1283,1801
2024-05-26,1744,24
2024-04-17,506,1491
2025-12-04,8930,1301
2024-12-29,5127,265
2026-11-29,8508,1803
2026-01-17,1069,755
2026-11-11,2315,2906
2025-05-19,4706,1690
2025-04-15,6748,677
2026-08-01,608,2973
2026-04-19,1331,2518
2024-01-05,5359,1838
2026-08-05,8141,570
2026-07-25,741,2398
2026-08-30,938,454
2026-08-14,188,1121
2024-09-18,6353,2734
2024-01-21,5564,1162
2026-02-24,3659,992
2025-09-30,2077,1782
2025-11-14,7550,2939
2025-10-31,8344,1916
2026-03-27,4225,844
2024-04-07,9968,1378
2026-02-26,4264,1
2025-05-24,2989,1145
2025-09-21,4102,2346
2025-03-28,9360,1090
2025-09-22,5749,1250
2025-03-02,8958,1203
2025-04-22,7966,2384
2025-05-26,2469,133
2024-11-09,4687,1378
2026-03-14,4034,1558
2026-11-06,9910,2778
2024-07-15,9191,1393
2025-12-14,9757,2251
2026-06-01,63,1722
2024-05-22,6987,2753
2024-03-05,8113,1362
2026-08-07,4870,1995
2026-03-14,8344,1737
2025-01-26,6603,566
2026-08-22,5011,2876
2025-06-23,4905,424
2026-02-03,1816,1272
2026-05-24,6104,818
2025-01-09,9656,2678
2024-11-06,5056,1369
2026-12-24,4466,616
2024-01-06,7056,1545
2026-10-04,7477,2896
2025-08-05,7349,217
2025-05-30,9655,193
2025-08-26,3344,2732
2024-06-01,5868,1862
2026-10-03,3209,800
2025-11-05,6845,1208
2024-03-18,9895,2413
2025-03-23,5695,1797
2024-06-15,8055,1754
2026-10-24,2754,1312
2024-09-29,7719,1534
2025-04-28,3489,850
2024-10-03,8786,1731
2026-04-10,6094,1114
2024-03-20,5841,408
2025-01-27,525,414
2024-11-11,9298,1818
2025-07-05,1899,377
2024-01-17,1546,1515
2026-02-01,2564,1471
2024-07-14,1234,1119
2026-04-29,5844,2969
2025-01-27,2314,148
2024-09-03,7337,18
2026-03-25,2206,1166
2024-10-14,3797,2710
2024-11-09,9597,491
2024-02-05,3798,1659
2025-08-20,7170,2868
2024-01-30,8165,2561
2024-02-14,432,2201
2026-03-05,3578,2471
2026-07-10,3202,1467
2025-08-31,2478,2286
2026-07-16,2412,272
2024-12-07,7086,2225
2026-10-09,9838,2410
2024-01-20,5504,270
2026-04-24,7773,39
2024-10-11,7053,1991
2025-05-13,3535,1160
2024-06-29,8253,1648
2026-02-17,8491,1733
2024-04-15,9269,2246
2024-02-06,897,1248
2024-04-02,5355,764
2024-10-22,4489,886
2024-08-01,1238,2013
2025-06-15,3877,1899
2024-03-22,9573,1911
2026-06-09,7629,1180
2026-04-08,5528,519
2024-06-27,4324,2490
2025-06-27,1943,2615
2026-07-24,3612,1616
2025-11-22,5041,2609
2026-01-21,3729,317
2025-06-14,5946,449
2024-01-28,183,827
2026-05-14,6773,2136
2025-08-18,3635,2161
2025-04-26,3558,602
2026-04-30,3619,2247
2024-06-08,9740,90
2024-03-04,7155,1936
2026-11-04,1639,666
2024-04-30,2576,1294
2026-11-01,4382,339
2026-04-13,4325,1347
2025-06-18,9800,336
2026-03-18,7719,2830
2025-11-07,8289,610
2024-02-10,6969,210
2025-01-13,2979,2113
2026-05-26,5806,542
2025-11-14,3163,1117
2026-05-07,6027,2074
2026-04-17,2675,2343
2024-09-30,416,2231
2024-05-07,2601,962
2025-11-21,6779,1007
2025-04-17,701,2302
2026-08-01,7983,1115
2025-08-06,8236,937
2026-07-05,7003,1070
2026-04-29,4525,2811
2024-01-13,4418,2760
2025-07-07,2882,602
2024-10-03,9095,2594
2025-06-03,275,2743
2024-12-13,2735,792
2025-10-09,8159,2445
2025-09-08,939,1055
2024-12-25,9582,2284
2026-02-08,7861,1049
2026-02-18,7005,16
2026-12-17,2608,2673
2025-08-07,5970,1480
2026-08-13,866,867
2024-02-13,7175,2423
2026-06-10,4570,584
2026-05-22,1679,984
2026-08-06,5446,499
2024-01-18,8214,2921
2026-08-31,7517,1419
2024-09-22,7942,1947
2026-01-20,4126,1164
2024-08-15,5249,2013
2025-03-26,2748,1434
2025-05-21,8962,1842
2024-11-21,6211,1331
2024-08-13,7323,2051
2024-06-06,1161,2338
2026-05-29,5140,1044
2025-10-06,9556,1064
2024-10-25,7328,1391
2024-06-11,9708,68
2026-09-13,8550,409
2024-06-12,4090,51
2026-12-27,3025,2489
2024-06-23,9212,2370
2026-10-24,2416,924
2026-10-10,596,2834
2026-11-23,151,2337
2026-01-11,2663,253
2026-08-03,6327,2097
2025-02-17,6694,1897
2024-08-31,6483,282
2024-08-03,3944,608
2026-06-25,5274,1344
2024-10-12,5414,1119
2026-09-05,5300,1593
2026-11-24,4666,1434
2024-03-06,4829,1262
2025-04-11,3918,1732
2026-09-04,8896,1104
2024-02-21,911,2766
2026-07-28,3864,63
2025-03-28,193,1124
2024-04-08,1185,586
2024-11-24,9324,2348
2026-10-02,5423,2172
2025-02-27,579,1242
2025-08-20,2996,2781
2025-05-06,4052,630
2026-05-27,6004,813
2024-01-07,1744,1419
2024-04-03,9988,2341
2026-04-24,8739,2228
2026-08-18,9521,2132
2026-07-02,1534,1891
2026-03-25,5235,154
2025-01-21,898,1237
2026-06-09,3970,1643
2026-10-30,2754,693
2026-04-26,6862,601
2024-12-08,7185,1627
2024-11-23,2050,2456
2025-10-12,2694,1214
2026-01-13,1734,2424
2026-01-20,2215,2278
2026-05-21,712,2807
2026-05-28,170,155
2025-03-21,5227,1719
2026-01-29,8229,1576
2025-09-02,1367,1936
2026-10-13,9662,1193
2025-12-22,5128,1856
2026-01-16,5739,620
2025-07-11,1927,2149
2024-05-04,176,2883
2026-03-11,5301,477
2025-10-17,6162,1199
2026-12-21,9705,2095
2026-01-20,2860,1785
2025-12-10,5864,826
2026-10-25,8164,142
2025-10-25,1697,98
2026-08-07,1305,2475
2024-11-05,8013,570
2024-11-28,4199,452
2025-11-26,1049,2539
2026-03-09,6481,1436
2025-04-28,6045,2727
2025-03-27,2786,346
2025-04-23,9611,851
2024-11-11,5092,2127
2025-08-21,3235,2873
2026-08-04,5767,1530
2024-03-08,6684,500
2026-12-05,6518,794
2026-04-11,9090,1408
2024-04-20,3687,1604
2025-01-24,4053,1114
2025-05-02,1316,220
2025-07-22,798,1121
2024-06-17,4801,801
2026-10-20,3684,1282
2026-10-02,8251,1946
2025-01-07,6643,1025
2026-03-24,1442,1429
2024-08-12,744,2791
2025-10-08,9248,622
2025-10-01,4494,364
2025-05-14,3428,1858
2025-03-13,789,1469
2024-07-27,1223,28
2025-07-31,5627,212
2025-10-26,4196,32
2026-01-28,8182,898
2024-09-29,3688,1946
2024-03-03,6441,2384
2026-11-07,2183,852
2024-08-15,3098,1959
2025-02-10,4337,1648
2024-09-30,1644,611
2024-05-28,706,726
2025-09-29,639,1885
2026-05-02,8151,897
2025-07-08,1882,2368
2025-10-19,5161,1588
2024-11-27,7502,683
2026-07-15,9043,826
2026-09-27,5901,1087
2026-03-19,4086,734
2025-06-30,7546,2013
2025-11-08,6724,2977
2026-01-21,9534,1694
2024-08-27,5703,329
2024-03-10,9149,2032
2024-06-17,2416,2344
2026-03-21,604,2613
2026-07-05,6332,1264
2026-09-22,3255,2776
2024-04-05,9785,2876
2024-05-03,5050,355
2026-09-17,1150,2541
2026-12-25,9872,1087
2025-12-23,7289,850
2026-08-19,5252,161
2024-01-24,4740,1616
2026-06-12,9374,805
2025-10-11,6393,1867
2024-10-31,9939,509
2026-12-03,360,590
2024-12-25,9900,2137
2024-04-16,408,2853
2024-06-26,4175,1902
2024-06-10,1547,1041
2026-05-03,6756,1163
2025-04-16,9266,2485
2025-12-13,5001,1325
2026-05-31,4858,1366
2026-07-26,2233,2699
2024-07-02,8583,2830
2025-08-31,1404,2213
2025-12-28,1786,2220
2025-08-03,9491,36
2026-08-07,724,677
2025-10-17,1709,487
2026-09-09,6715,956
2024-07-26,242,1888
2026-05-08,7782,1629
2026-04-15,2523,2341
2024-12-24,3909,1791
2025-04-15,7358,749
2026-07-10,1743,2355
2024-08-02,8372,788
2024-10-21,6717,1463
2026-04-27,4008,2717
2024-06-19,2078,632
2024-07-31,4998,1496
2025-06-11,7570,2682
2025-08-12,2068,642
2024-08-18,9078,437
2024-02-05,7107,2234
2025-11-07,3006,2177
2025-10-07,160,2096
2025-06-30,9092,2447
2024-08-12,860,739
2024-12-05,769,1832
2026-02-12,8563,2913
2025-12-24,9022,297
2024-04-04,4188,2038
2026-11-10,9920,1358
2025-07-25,9809,1611
2024-12-23,579,932
2025-01-06,7361,567
2026-12-07,2314,2109
2024-11-12,1833,911
2026-05-19,8657,2809
2025-08-20,2850,2922
2024-10-26,3908,1557
2025-08-14,6624,988
2024-03-10,7886,2820
2026-12-03,1211,2451
2025-01-13,1673,1794
2024-12-26,2615,1113
2026-03-26,6163,549
2025-03-09,9477,2980
2025-11-21,9159,708
2024-07-02,1279,2565
2026-05-09,8197,936
2025-07-21,906,1209
2024-03-20,5792,366
2025-09-14,2760,2615
2024-03-12,1712,2449
2026-10-02,8452,2390
2025-01-03,2358,936
2024-04-01,2679,912
2026-08-26,1744,2453
2025-06-02,7631,968
2024-11-10,7283,630
2025-11-26,6440,111
2024-03-09,7597,2499
2026-09-24,2539,331
2025-06-27,8628,1087
2025-06-18,9134,22
2024-11-27,78,728
2024-10-30,8725,1264
2026-11-19,8950,1401
2024-04-22,4099,2399
2026-07-10,1519,1934
2026-09-15,2662,248
2024-12-10,8299,3
2025-05-08,1350,1290
2025-10-12,3870,1051
2024-01-26,952,1491
2025-10-31,9751,1910
2024-04-05,2099,1884
2026-01-31,3125,2450
2024-11-08,8613,2506
2025-07-15,120,2475
2024-10-13,5989,68
2025-07-12,2282,1481
2025-02-25,1663,310
2024-06-20,452,2846
2024-08-24,7478,1128
2025-11-01,5498,2074
2026-07-23,6549,1342
2026-05-15,8491,1919
2026-07-03,6087,1210
2026-08-16,3739,2549
2024-04-19,1262,65
2025-03-27,9991,1598
2025-05-28,2387,2128
2025-05-14,116,753
2025-09-09,2886,2888
2026-04-24,574,1585
2024-03-05,2666,2462
2026-09-09,5138,2177
2026-09-25,6338,837
2026-02-05,7999,1498
2026-03-12,9422,1728
2026-04-19,7379,2728
2024-09-22,2583,927
2026-07-31,4092,2103
2025-02-23,1629,2723
2024-01-05,2402,190
2024-01-24,8817,2513
2026-12-01,1446,348
2025-06-12,3373,1839
2026-08-25,1908,719
2025-07-27,8052,334
2026-07-30,6719,333
2026-05-12,2952,1487
2025-08-15,6978,2932
2024-06-21,1766,1999
2025-09-30,4371,1662
2024-02-25,8214,605
2024-12-15,1145,2517
2026-07-15,468,393
2026-03-06,7198,117
2024-05-27,4657,2900
2025-10-29,2502,2310
2026-09-19,1552,1464
2025-06-06,8126,2289
2025-03-13,8180,192
2024-05-15,8188,2054
2025-04-17,9386,1602
2026-04-12,9741,330
2025-09-13,2716,2051
2024-09-01,2875,1710
2025-10-23,9929,761
2026-11-21,8009,2693
2024-11-16,8325,2568
2024-07-17,9860,967
2024-09-28,109,159
2024-12-10,2968,1485
2026-05-17,9146,2335
2026-04-08,4882,2488
2024-05-24,4515,2483
2024-09-24,8995,2081
2024-01-31,4106,1586
2024-01-24,7547,1118
2026-04-20,3182,2314
2025-07-05,7313,588
2026-01-15,3662,2485
2024-09-09,7126,2807
2026-04-28,1000,22
2026-05-19,6212,1074
2024-01-01,9371,603
2025-02-20,6377,1515
2026-09-02,4938,1792
2026-01-31,26,1023
2024-05-24,9636,988
2024-01-04,1495,2574
2024-02-14,3223,2967
2026-05-08,8467,2170
2024-01-23,1891,926
2026-04-17,674,1896
2024-12-06,9389,2600
2026-01-17,6507,2535
2024-04-27,1195,2812
2026-08-08,8756,808
2024-02-28,797,2388
2025-12-02,7290,418
2025-04-16,7566,155
2025-12-06,4163,1951
2025-09-23,7511,1750
2025-10-08,5628,1610
2026-03-03,5284,694
2026-10-05,5187,2150
2025-07-29,7190,2969
2024-04-26,2853,1275
2024-11-29,850,233
2026-12-09,3867,1726
2024-01-21,4053,436
2026-02-07,2775,725
2025-09-30,2923,2323
2025-03-25,5710,1450
2025-01-08,5034,2732
2025-05-05,7659,1299
2025-07-06,2666,210
2025-03-08,8412,760
2025-06-30,9649,316
2026-03-29,7956,1618
2025-10-25,9086,1327
2024-09-26,7449,197
2026-09-10,5724,2570
2024-11-27,5877,440
2026-07-06,9906,1685
2025-05-07,6156,1393
2025-06-27,7022,2061
2024-03-16,6658,1207
2025-08-26,1070,2940
2024-10-02,9902,2756
2025-09-19,7227,1397
2026-01-26,6583,339
2024-05-08,1803,2886
2026-08-17,4837,2911
2026-07-22,3215,2332
2026-01-16,1370,2472
2026-08-21,8864,1609
2024-08-04,5724,1221
2026-01-19,8820,998
2024-01-04,6581,2279
2024-06-08,6696,628
2024-07-31,8289,2993
2024-06-10,6198,2183
2024-04-10,1403,187
2026-04-20,9992,2446
2024-10-03,6158,1318
2024-12-25,752,2279
2025-02-26,1730,2807
2024-06-08,8390,1423
2024-01-07,8876,645
2025-08-16,1385,147
2025-06-28,303,938
2024-08-11,1087,850
2026-01-11,3676,275
2026-08-04,4942,2485
2025-03-15,8796,603
2024-01-06,3955,1893
2026-06-19,543,2043
2024-12-09,7683,2758
2024-10-31,4772,969
2026-04-19,1307,2813
2024-06-11,503,953
2025-03-17,6889,2024
2026-02-07,8431,1478
2026-06-20,7318,654
2025-04-09,2539,2704
2025-02-07,8582,209
2024-08-20,5465,1938
2026-07-27,6540,203
2024-07-15,5596,2113
2025-10-04,5616,2223
2024-03-31,52,910
2026-09-22,6831,2998
2026-06-29,2621,1050
2024-01-23,2517,824
2025-08-11,696,178
2026-10-04,2817,1969
2026-11-22,1245,535
2024-01-28,8591,1886
2025-01-08,7757,1196
2024-07-12,9443,936
2026-01-03,9760,882
2026-07-09,4042,1689
2025-01-05,7858,2162
2025-05-17,7794,1587
2026-04-23,7318,1779
2026-08-22,7037,1261
2026-04-23,2521,2154
2024-08-16,8151,1165
2025-11-14,5616,349
2024-09-13,7983,370
2026-11-19,9159,242
2025-07-29,5972,2294
2026-07-27,7345,1950
2025-02-03,2544,463
2025-10-10,1726,465
2024-11-21,1109,1759
2025-02-23,3229,2387
2025-06-21,3930,2047
2024-02-20,9995,2803
2024-09-11,6142,746
2026-04-08,5176,600
2024-02-09,97,2951
2025-02-03,2157,700
2024-08-02,1525,2956
2025-11-22,1037,601
2024-03-23,8155,77
2026-05-20,1150,1880
2024-07-07,6050,2952
2026-02-19,8401,2174
2025-10-10,1638,2496
2025-12-18,1910,2911
2024-06-13,9406,1090
2024-01-20,9565,633
2025-02-23,8228,116
2024-10-23,4023,2354
2024-11-18,4484,1295
2026-06-02,6375,2992
2026-05-18,8746,89
2024-04-09,2723,118
2025-05-12,9021,1598
2024-11-09,1931,1144
2024-07-03,3412,332
2024-11-28,2564,1394
2026-01-11,5121,739
2024-09-19,8139,656
2026-04-17,6195,844
2025-08-22,2664,2582
2026-02-01,8696,705
2025-08-08,4226,2975
2025-06-02,9279,592
2024-08-23,3796,1931
2026-03-30,9825,300
2025-11-28,227,2836
2026-02-23,8142,2825
2024-08-05,3453,2844
2026-06-23,8906,2331
2026-12-17,6961,1794
2026-11-30,4870,2648
2024-04-28,2956,286
2026-10-22,2185,621
2026-10-29,7470,42
2024-07-19,3005,1467
2024-06-20,8204,447
2024-04-16,2667,1573
2026-06-03,3859,1819
2026-07-06,8166,2738
2025-03-25,8587,925
2025-12-14,7804,2494
2025-07-25,6781,401
2024-07-02,2211,400
2025-06-18,5423,2893
2024-09-19,1994,1403
2024-03-10,3155,916
2025-09-03,2360,1760
2026-11-08,2963,571
2025-08-12,9769,1959
2024-07-17,5296,1197
2024-07-09,6315,1579
2025-05-28,1559,1720
2026-08-05,5958,2402
2025-03-09,2198,318
2026-11-27,1560,2331
2025-11-05,1016,323
2026-06-28,4089,1426
2025-08-16,6150,1397
2026-10-09,7626,524
2024-07-14,5111,2240
2024-09-23,3569,1217
2026-04-27,7474,2927
2024-01-06,3108,1031
2026-05-24,3602,2901
2024-06-21,1524,92
2026-04-25,3342,2918
2026-08-17,6693,2365
2025-04-11,6058,1590
2025-05-30,4285,1398
2024-12-26,9413,1981
2025-12-28,1461,580
2026-07-06,7519,1050
2026-04-26,5899,1822
2026-11-26,2144,1115
2026-04-11,3667,1832
2026-08-10,9351,8
2025-12-06,9465,2141
2026-06-19,3970,303
2026-08-20,7287,697
2024-01-30,7653,497
2024-10-20,3177,2492
2025-03-24,8121,1254
2025-04-20,9275,2693
2025-09-05,468,1202
2024-04-05,2373,2379
2026-03-01,1503,1947
2026-01-27,3095,393
2025-05-17,3749,2299
2026-11-07,3590,2991
2025-02-28,969,201
2026-03-31,3317,1940
2026-06-28,1877,1965
2024-07-25,1910,2966
2026-08-08,4304,2335
2025-09-14,4984,2252
2026-10-31,6966,2118
2026-09-28,1226,2439
2026-07-08,9213,2671
2025-06-08,3986,1978
2024-04-30,1260,1162
2025-03-28,9494,2579
2024-09-05,581,2641
2024-02-06,7046,2129
2024-03-13,7550,2950
2025-03-26,2984,378
2026-11-14,8101,2822
2025-04-26,1996,773
2026-11-01,3573,1471
2026-06-24,1876,996
2025-05-14,8922,68
2024-01-31,9903,1060
2024-05-28,6992,1332
2025-05-30,4495,2106
2024-07-11,8037,415
2024-06-04,8643,27
2026-12-17,6314,2950
2025-02-14,8269,1128
2025-09-14,314,1751
2026-01-08,6444,586
2026-01-25,2698,2444
2025-11-18,5252,2730
2026-05-06,3173,218
2024-07-02,7937,2671
2024-08-21,6447,2490
2024-11-15,4132,2499
2026-11-08,7805,2792
2026-06-07,8814,883
2026-12-04,366,137
2025-12-11,9150,734
2026-04-25,8998,1197
2025-11-06,1803,713
2026-02-14,4307,2150
2024-02-06,6219,1544
2024-03-22,452,1855
2026-06-16,6520,1935
2024-03-27,6668,2930
2024-08-14,9066,1943
2025-10-14,1756,1397
2024-06-04,4363,736
2024-05-27,5193,76
2026-10-18,2185,1097
2024-05-28,796,2179
2026-08-31,79,1207
2025-03-27,7110,2215
2025-10-23,2507,2074
2025-10-09,5706,2014
2025-01-22,9913,2776
2024-03-27,2558,1150
2026-06-24,6674,693
2024-09-16,5270,747
2025-06-06,4015,1301
2025-09-17,2759,596
2025-04-11,9275,1246
2025-12-08,144,735
2025-02-18,6770,259
2024-11-27,3954,2774
2025-07-14,7692,197
2025-10-21,9171,2718
2025-03-12,167,1645
2026-07-18,6713,1315
2024-02-13,9808,751
2024-06-30,6224,1777
2024-01-26,2746,1025
2026-05-02,4587,1552
2024-02-12,494,1379
2025-08-17,509,719
2026-08-12,9250,1545
2024-11-05,2612,2008
2025-08-03,6027,1991
2024-11-04,1166,1981
2024-02-29,7512,314
2026-07-24,983,1797
2026-12-25,1080,848
2026-06-03,8868,1442
2026-07-04,390,290
2025-05-11,5184,1234
2025-04-28,8224,1052
2025-11-08,3489,442
2024-10-03,2476,2575
2024-07-19,468,1950
2025-05-06,9105,1934
2026-05-18,9358,714
2025-02-13,7387,2754
2025-03-19,695,361
2026-04-07,1958,1627
2024-07-12,8711,2516
2025-07-09,4745,2664
2026-08-13,260,587
2026-08-16,1046,2650
2025-07-31,3182,2094
2025-03-10,1395,713
2026-02-08,467,2932
2024-08-17,1150,34
2024-01-27,9957,1716
2025-01-17,7432,2667
2024-10-26,1599,1099
2026-08-14,3937,304
2025-03-28,2638,259
2025-09-13,9667,2662
2025-03-24,187,2275
2026-08-06,2628,2927
2026-09-15,9039,1833
2026-02-15,8617,801
2026-10-24,6807,1119
2024-07-18,4458,1126
2025-08-12,9389,97
2024-05-08,6772,2834
2025-05-31,9941,811
2025-09-26,6889,1908
2025-03-04,5723,1198
2025-01-20,1434,795
2024-03-19,7751,661
2026-06-02,1783,2787
2026-07-26,9256,2806
2026-03-24,8540,580
2025-12-13,3236,1190
2025-01-24,5546,2228
2026-05-03,9980,2782
2025-10-26,4895,1564
2025-04-07,7946,1696
2024-11-14,1933,2345
2024-02-02,4409,2946
2026-12-09,3098,1027
2026-03-30,3016,882
2026-03-19,1630,2610
2024-01-01,1388,1579
2025-06-24,1568,494
2024-04-21,960,1419
2026-03-20,5778,589
2025-02-02,9189,474
2025-09-17,8555,684
2024-09-17,9181,2911
2025-06-05,4966,2804
2025-09-29,7952,506
2024-01-07,3062,1490
2024-08-28,4774,1613
2026-04-20,3439,1109
2025-05-10,6640,1726
2025-04-20,6167,2214
2026-11-30,5596,2365
2024-11-23,2111,2501
2024-01-30,8329,2150
2026-08-29,2140,686
2025-08-13,3474,2749
2026-05-02,8845,124
2025-08-06,6365,1105
2025-02-12,3366,14
2025-08-11,2378,1209
2026-01-05,4486,2200
2025-03-13,3002,1503
2026-06-03,2017,535
2026-05-20,1574,2158
2025-05-14,2204,1251
2024-01-06,4797,493
2024-05-26,1018,704
2026-11-30,168,513
2025-10-29,9568,1933
2024-07-27,9288,2714
2024-07-10,8998,2939
2024-11-24,1380,1581
2025-07-25,9282,479
2026-03-26,4201,2997
2025-06-07,3904,971
2026-07-22,8893,109
2026-01-08,8626,1005
2024-06-13,2439,2027
2025-08-11,5942,314
2026-01-08,5329,1423
2024-08-31,2860,510
2025-12-26,9466,1369
2025-03-21,4892,224
2026-10-08,2064,940
2025-03-29,2709,674
2026-03-20,2120,1189
2025-05-21,7917,2570
2026-06-13,1317,1749
2025-11-19,5325,790
2025-06-27,1324,2098
2024-02-17,967,2785
2024-07-09,396,1459
2025-11-06,1015,1754
2024-05-06,4368,2400
2024-12-06,8808,2167
2024-08-30,4641,1308
2024-03-28,7444,356
2024-02-17,307,471
2024-03-21,3107,1987
2025-08-22,6950,692
2024-12-02,1198,1099
2026-04-08,30,2900
2025-09-20,5000,1884
2025-10-24,2812,1952
2025-05-30,5817,1580
2024-08-13,5194,822
2025-08-11,8653,540
2026-02-15,2452,568
2024-12-06,5628,2979
2026-02-11,8346,1853
2026-11-08,9725,1046
2024-06-18,9082,1243
2026-08-06,9286,2111
2025-02-07,5663,1386
2024-09-04,429,2446
2025-01-12,6603,1885
2025-07-08,4308,2864
2024-11-11,7552,515
2024-12-17,2050,89
2026-03-08,8776,2492
2026-01-29,6615,1091
2024-07-11,6452,674
2026-11-23,7459,1137
2026-02-02,3677,1623
2025-06-12,155,683
2026-01-03,3914,1029
2026-01-31,9285,2071
2026-03-22,7551,2241
2026-04-30,5169,489
2026-03-27,6438,2006
2024-03-03,3573,2418
2026-01-06,2729,1271
2026-10-25,8251,2772
2024-02-06,1525,1496
2026-06-02,3393,2254
2025-01-07,6636,2018
2026-08-25,6536,2720
2026-02-07,2888,1351
2026-04-10,8584,762
2024-02-14,171,1266
2024-12-28,6470,2168
2025-03-23,2594,1584
2024-11-02,3559,2195
2025-09-24,1967,2695
2025-07-20,5792,1880
2024-03-17,1567,1740
2024-03-22,7368,1142
2026-05-29,6832,1628
2024-08-12,8605,2900
2024-05-20,2417,21
2024-02-01,8844,2712
2024-11-11,9474,772
2025-01-25,4940,2692
2026-06-20,6874,2825
2024-04-07,8795,2458
2025-10-06,9561,726
2026-02-28,487,1101
2024-11-30,3431,630
2024-12-23,5419,1066
2024-12-09,9060,1751
2025-03-25,311,799
2025-04-18,9715,787
2024-12-13,2508,1103
2026-01-05,5262,2931
2026-03-28,3554,481
2025-03-03,3644,242
2024-11-25,5969,2697
2025-05-04,6564,1109
2026-03-31,4283,2017
2024-04-10,2738,560
2025-08-03,7246,176
2025-03-07,4151,2805
2024-01-30,1386,2577
2026-07-04,308,2254
2024-08-06,8786,1983
2025-10-09,3503,2769
2024-01-21,3969,1161
2026-01-31,7720,275
2025-01-26,6509,1507
2026-05-08,4879,904
2025-09-04,8780,1628
2026-11-23,8631,1582
2024-02-20,1481,366
2024-01-12,6578,996
2025-07-12,3222,1618
2026-03-28,8462,1479
2026-11-12,3365,920
2024-03-08,1429,2684
2026-02-03,2357,303
2026-07-31,8128,825
2026-09-15,3004,1286
2026-05-23,5016,2486
2024-06-10,2452,1433
2024-06-19,2219,803
2024-07-17,3813,414
2024-01-09,2022,1804
2026-01-16,9575,1189
2025-07-13,5394,1784
2026-09-21,9777,2350
2025-06-28,914,2146
2026-11-11,7201,1680
2025-03-01,3447,2694
2026-10-03,9925,1684
2026-09-13,7014,881
2024-10-12,9966,434
2026-02-14,8337,2544
2025-02-15,6864,2023
2026-12-22,7508,1160
2026-01-12,3245,2678
2024-04-24,1766,1256
2024-10-30,9291,2979
2025-11-02,7595,1295
2026-02-27,7630,2746
2026-09-07,4149,2465
2025-01-09,6175,323
2026-03-14,6279,1270
2025-04-02,9647,1608
2025-07-21,6604,1629
2024-09-28,6675,995
2026-09-11,8570,2957
2025-06-10,4598,1772
2026-06-24,6756,654
2025-03-30,2333,1294
2026-02-11,9959,1095
2024-04-28,1759,2386
2026-05-21,3911,2789
2024-10-05,399,2174
2024-02-04,2011,326
2024-08-15,5567,1296
2024-01-09,6837,2100
2025-05-01,5061,239
2024-02-12,4772,635
2025-06-14,6010,2734
2024-05-06,4781,814
2024-04-09,2467,1261
2026-02-07,8513,834
2024-01-30,7285,451
2025-08-16,3789,2545
2025-06-10,2019,385
2024-05-26,8626,1980
2026-01-27,5638,903
2024-08-11,1022,682
2025-06-23,3572,2057
2026-09-25,8069,1231
2025-08-24,8810,1605
2024-01-10,2735,2904
2026-10-04,7931,2931
2025-10-09,9667,1374
2025-06-15,8407,1834
2024-12-02,4202,1112
2025-11-09,7548,2618
2025-07-02,8433,432
2026-02-10,8089,361
2025-11-17,3702,1118
2026-11-17,401,2987
2026-03-09,4934,215
2024-03-23,3042,1349
2024-10-26,5042,1164
2026-10-30,2390,458
2025-12-12,4307,2423
2026-10-05,9438,2831
2025-11-28,395,2490
2024-07-24,7365,538
2026-05-23,5776,1310
2025-08-13,1856,2077
2025-06-08,1262,1335
2025-12-15,8013,2089
2026-12-07,2515,2465
2025-09-04,7455,2285
2025-07-24,3167,875
2024-08-15,7129,2685
2025-01-01,8382,1825
2026-04-27,9077,246
2026-07-29,9476,2132
2025-03-26,8807,196
2025-08-04,2769,2853
2026-11-29,967,440
2025-09-12,7034,2015
2024-12-12,6206,2803
2024-05-11,6940,1061
2025-08-29,244,2221
2025-04-08,7493,2380
2025-11-23,1837,633
2024-02-23,9342,1056
2024-11-29,3034,1972
2024-06-12,1917,2172
2024-06-30,3180,1273
2025-04-15,6583,646
2025-08-25,850,961
2024-01-25,5579,2348
2025-02-18,2297,1466
2025-08-17,8781,896
2026-10-11,2370,1878
2026-09-10,2623,501
2025-04-05,863,1924
2024-07-06,2271,2627
2026-08-21,6950,1881
2024-08-07,6954,2935
2025-11-10,5615,164
2024-09-22,1357,2298
2024-03-20,5961,406
2026-08-18,7449,1549
2026-05-28,535,1818
2025-11-05,685,1540
2025-12-18,4775,841
2026-12-29,1150,901
2025-10-22,8347,1489
2025-03-30,8266,470
2025-04-15,1440,2968
2026-02-28,8615,2853
2024-08-14,1022,2673
2026-02-07,844,1964
2024-05-03,8891,2398
2026-12-23,6379,1861
2024-08-21,6191,1525
2026-03-22,6181,2050
2024-07-08,6666,1060
2026-07-20,8028,2381
2026-10-16,1560,836
2026-06-10,1056,1984
2025-12-28,1491,1581
2026-08-04,3942,1690
2025-11-01,1954,2427
2026-08-27,1148,1468
2025-02-28,7087,189
2025-09-12,3953,1067
2024-06-03,795,2795
2024-10-21,4924,2305
2025-08-19,5239,136
2024-06-12,5996,1056
2025-04-08,5690,140
2026-10-12,2766,2293
2025-09-17,2333,704
2024-10-01,4109,2298
2024-12-21,2281,1653
2026-07-21,5135,1505
2024-05-05,5439,1687
2024-08-04,521,530
2025-08-09,5112,933
2025-08-12,4310,2461
2024-02-28,2315,2721
2026-04-02,8034,974
2025-07-17,6541,1996
2024-01-11,9043,1161
2024-02-19,5682,809
2025-08-28,8271,1190
2025-12-03,3862,1608
2026-04-16,5175,1557
2025-11-01,5185,757
2024-02-23,1421,2942
2025-01-10,3400,659
2026-06-12,2486,568
2025-07-27,9121,2113
2024-10-15,2838,1120
2024-05-23,4659,551
2024-12-18,2733,183
2024-01-08,7902,575
2025-04-30,6006,1436
2026-02-18,9606,1440
2024-01-07,4984,1322
2025-08-21,4255,909
2024-07-14,8545,2372
2024-09-18,4970,2590
2026-08-04,4436,2207
2024-09-16,6962,1367
2026-05-15,2752,127
2025-05-17,6655,1336
2024-04-30,8965,1808
2025-07-01,4975,2699
2026-02-02,5596,461
2024-01-15,3044,830
2025-10-12,4073,261
2026-05-30,1151,473
2024-02-27,4491,1860
2024-06-17,5009,1429
2024-12-09,3673,1874
2025-03-30,6868,1226
2025-08-20,3352,950
2025-01-06,9233,438
2025-01-11,1009,1913
2026-06-14,4473,1968
2024-12-24,1178,2782
2026-10-11,7019,1887
2024-10-17,6701,2456
2024-03-07,8477,643
2024-06-16,9813,812
2025-11-01,8172,2974
2025-07-24,8857,1624
2026-05-03,638,875
2025-12-26,9391,1606
2026-02-27,7999,796
2026-11-14,8354,1613
2026-08-08,3145,875
2024-11-08,1117,429
2024-07-09,1148,747
2025-02-03,8201,1677
2026-12-23,6576,1625
2026-11-21,3951,1760
2025-10-20,383,2996
2025-12-25,6301,22
2026-04-18,6919,1772
2026-08-10,6908,2563
2026-01-03,5306,1366
2026-10-05,494,2309
2024-04-10,16,454
2024-08-25,1494,205
2024-03-08,3708,474
2025-09-06,8722,2559
2025-10-15,3873,2667
2026-11-15,2508,840
2025-03-05,3681,1989
2025-10-16,2772,2844
2024-07-23,9592,1747
2026-12-30,1724,821
2025-09-06,3160,1329
2024-06-19,7934,808
2026-05-31,2557,1585
2026-04-27,8047,1423
2026-09-23,677,2438
2024-09-22,6685,383
2025-07-24,4162,1215
2024-11-10,2553,1238
2026-11-22,2360,1138
2024-03-01,1756,1125
2024-07-16,8741,923
2024-03-02,35,60
2024-10-27,3632,2483
2025-04-30,3362,2872
2025-07-23,1098,1680
2026-12-08,6016,1405
2026-07-04,6208,1894
2025-09-11,2791,2028
2024-04-04,7519,264
2024-09-28,3596,1621
2025-11-30,7884,687
2025-11-26,8773,1280
2024-05-30,6516,496
2026-05-22,8031,2438
2024-12-07,5191,2612
2024-02-29,1305,1644
2025-01-02,4454,1483
2025-10-02,2307,803
2024-04-29,9140,1649
2026-02-26,7500,961
2024-10-24,1199,2012
2026-07-09,2318,663
2024-02-27,7250,1666
2024-10-03,2095,2598
2024-06-22,6518,1464
2025-01-24,4639,1034
2024-08-08,9964,684
2026-05-06,3762,2898
2026-04-26,9075,2743
2026-03-26,7619,2832
2025-04-01,2322,1208
2026-12-21,2816,1106
2026-10-26,8412,1011
2024-04-25,1072,550
2025-11-20,7557,1231
2024-10-31,4640,1512
2024-12-22,833,334
2025-04-04,7429,647
2024-02-03,8382,1861
2026-03-05,2578,468
2024-05-20,6727,2612
2024-05-24,2984,1781
2026-10-16,960,2876
2026-03-07,2965,2552
2025-12-29,1799,691
2026-08-09,4144,2730
2024-01-07,5623,106
2024-05-22,7463,305
2024-03-03,4729,1234
2024-10-25,653,1215
2025-06-24,4722,1341
2024-11-11,1362,2388
2025-10-10,1377,1612
2024-12-14,8291,48
2026-07-19,7351,336
2024-07-04,1952,2897
2026-10-27,9313,640
2025-09-11,24,1699
2026-02-24,6412,795
2025-08-27,2693,1979
2025-07-14,8326,872
2026-05-22,470,1229
2026-05-09,4924,303
2026-10-08,653,2088
2026-01-21,9077,2780
2025-01-26,4845,2862
2025-11-17,3637,1814
2024-09-20,4507,624
2026-02-03,3150,1487
2025-07-12,3672,646
2025-12-09,6580,425
2026-01-01,8686,2489
2025-02-20,1010,2857
2024-05-09,2975,226
2024-12-10,796,1129
2024-08-06,5597,1177
2025-06-27,1325,1057
2024-05-11,1639,906
2025-11-30,4675,2928
2026-08-15,9493,1086
2025-12-09,4989,2032
2026-02-06,4733,1821
2024-08-10,8434,2304
2024-11-09,563,642
2025-12-07,6843,352
2026-12-20,3102,171
2024-12-12,8762,229
2024-01-15,6814,2867
2025-09-30,4210,37
2026-09-26,8764,1580
2026-12-15,6101,2014
2026-10-02,6179,2438
2025-03-05,9011,279
2026-10-15,4903,2434
2026-06-02,7889,332
2026-04-14,9343,2367
2025-12-13,9333,1877
2024-10-10,9266,2375
2024-05-25,3497,1095
2024-10-02,1431,460
2026-03-09,8986,695
2025-11-16,5332,1357
2026-09-24,2946,1004
2025-11-09,4837,2933
2025-12-17,6938,1941
2026-03-12,8486,1458
2025-06-04,1575,2460
2025-09-20,4345,660
2026-11-30,7029,758
2025-10-14,3914,2384
2026-01-25,5645,1985
2025-11-27,6405,1901
2025-04-05,1186,1774
2024-12-31,5358,1409
2026-07-21,2945,596
2025-01-14,1259,2257
2026-11-10,1360,1320
2024-02-16,6572,575
2024-09-06,2719,2112
2024-10-14,2648,1643
2024-03-03,3645,2017
2024-12-17,5257,2260
2026-03-26,5169,1993
2024-12-20,8345,737
2024-05-22,1924,444
2026-04-28,4323,2474
2024-08-10,7796,2920
2025-03-20,3801,2852
2025-04-09,9189,1035
2026-02-17,3749,1392
2026-08-29,2361,861
2024-07-31,5017,2058
2024-07-17,9687,1901
2024-12-25,2309,1554
2025-12-06,5947,995
2026-09-06,5348,1391
2024-04-09,6680,297
2025-03-22,4873,1995
2024-06-13,5946,2021
2025-01-09,4083,701
2025-06-21,2356,1475
2024-02-21,3949,445
2026-08-24,9718,2131
2024-07-26,7859,16
2025-01-08,626,2314
2024-11-29,5581,2192
2026-10-31,1688,1080
2026-05-13,3113,2551
2024-11-02,5272,1296
2025-11-14,3596,2290
2024-08-15,9617,2613
2026-03-16,9155,1346
2026-07-26,3005,89
2025-02-09,6854,533
2025-04-06,6073,1745
2024-05-13,9902,2169
2024-07-18,3548,1327
2024-05-13,5845,366
2026-11-12,4785,2048
2025-07-29,8032,2191
2026-07-09,510,78
2026-07-28,2946,2429
2025-04-10,451,1996
2026-12-05,5258,730
2024-08-11,5034,434
2024-02-19,6449,2781
2024-11-12,9029,798
2026-10-20,2034,167
2025-06-07,9070,790
2024-02-10,2747,1254
2024-08-19,636,1722
2025-12-27,5100,1236
2026-08-23,5544,2424
2026-01-20,9384,66
2024-04-15,6300,2881
2025-06-14,3510,1560
2024-10-20,9986,8
2025-05-20,7652,2058
2025-07-23,1633,1504
2026-10-20,2092,1365
2024-01-18,1011,2076
2025-04-15,3189,1045
2024-03-13,2924,2300
2024-09-11,6275,763
2026-04-07,5093,1014
2024-12-24,216,1779
2024-09-25,6065,1148
2026-05-09,3953,1052
2026-11-23,7438,1042
2024-11-22,4509,1987
2026-02-14,5373,499
2026-02-05,1168,1868
2025-02-21,3969,735
2026-07-21,4310,938
2025-02-20,5617,823
2026-01-21,7057,2445
2025-06-25,4284,2274
2024-12-13,6574,2590
2025-10-12,2247,2418
2026-04-10,8374,1258
2024-05-02,6268,1417
2024-04-27,8970,496
2026-05-11,8991,1406
2025-11-14,625,1969
2024-05-24,4712,30
2025-11-23,817,1627
2025-02-03,6560,2947
2026-04-17,1731,2347
2024-09-25,4655,162
2025-08-19,294,792
2026-03-08,1980,2386
2025-06-07,1963,2275
2025-03-11,674,593
2025-06-24,9864,589
2026-07-22,7479,2094
2026-10-31,9875,950
2024-10-12,3428,2853
2024-01-05,6261,2506
2025-04-15,1441,2204
2024-05-19,4635,1311
2024-03-04,4206,124
2025-01-23,8290,2339
2026-11-29,4299,2941
2026-02-24,8783,1138
2026-07-16,6872,679
2026-10-20,6745,1124
2025-06-30,1205,70
2024-01-25,8404,1209
2026-01-17,5957,257
2026-03-20,8029,1883
2025-08-08,3568,1851
2025-05-17,9428,922
2024-04-11,6458,2743
2026-08-02,7254,2440
2024-05-13,7124,1785
2024-03-13,8644,2045
2026-07-06,1112,2944
2025-11-03,7342,2565
2026-07-25,8564,1809
2025-10-07,6138,793
2025-06-20,9791,1708
2024-09-12,347,1387
2025-12-02,5662,2594
2024-04-11,6099,691
2025-01-24,3701,1808
2026-04-12,5951,969
2024-11-25,3703,174
2024-01-26,1060,2671
2025-01-27,2581,1376
2026-12-20,7335,263
2024-08-16,4417,125
2024-02-04,5685,2747
2025-10-06,1965,894
2026-04-05,7349,2645
2025-11-16,4361,792
2026-12-29,1546,207
2025-02-21,8193,1137
2025-12-17,7595,1506
2026-12-05,6391,725
2024-12-01,7616,2587
2025-06-14,5074,2657
2024-11-28,3147,150
2025-12-07,2326,2210
2024-04-04,5240,1968
2025-06-09,4550,1649
2026-08-30,3299,1958
2026-11-16,6031,149
2024-09-11,6764,1358
2024-07-08,3345,2015
2025-03-06,5003,822
2026-11-30,8343,1740
2025-12-18,8854,2870
2026-12-27,5787,1489
2024-09-30,7533,211
2026-04-20,7510,2925
2025-04-12,5441,1408
2024-09-30,4788,2082
2025-05-05,6789,2595
2024-12-14,2090,975
2024-08-04,4077,1051
2024-04-30,1631,264
2025-08-29,4987,2833
2024-01-09,4183,1808
2025-04-25,3598,1079
2025-06-17,2653,846
2026-01-19,9941,2572
2026-06-28,6913,543
2026-01-07,3240,2463
2024-02-26,2968,1712
2025-12-04,9207,937
2025-07-12,1594,27
2026-10-29,251,983
2024-03-02,101,2859
2026-05-13,439,1333
2026-02-21,8101,997
2025-09-13,5161,1916
2026-10-26,6119,1046
2025-05-19,2464,2868
2025-08-04,7164,108
2024-04-05,7117,1888
2026-07-14,1641,2797
2024-03-13,6182,1550
2026-12-08,2567,204
2024-09-05,3695,2196
2025-08-01,2474,2695
2025-10-06,4252,382
2024-09-21,6515,1447
2024-07-12,4930,486
2026-11-12,8094,2781
2026-09-02,6438,2541
2025-09-22,3483,2560
2024-05-25,3812,1947
2024-07-03,4323,186
2025-02-26,9042,1383
2024-08-07,7274,2548
2026-02-28,4776,1527
2024-04-12,5634,2116
2024-11-22,7861,943
2025-01-05,4831,1498
2025-04-07,6052,1902
2025-05-30,213,2316
2024-07-10,7325,958
2025-01-04,5858,2558
2026-11-01,4647,644
2026-06-20,4302,292
2025-09-19,3673,1577
2024-11-29,5245,1295
2025-02-20,4960,2237
2025-12-27,1539,545
2024-08-12,3210,1527
2026-04-28,4350,2375
2024-12-25,4177,2726
2026-07-07,390,557
2024-04-02,1133,2722
2025-10-21,8192,1130
2025-05-13,6957,296
2025-10-30,8840,271
2026-09-15,4246,2775
2024-07-26,3888,2384
2024-11-19,2730,2081
2026-01-23,5666,730
2025-05-02,9724,969
2025-12-04,864,2693
2026-09-12,600,1412
2024-03-01,3749,2075
2025-07-26,265,519
2025-08-26,9705,785
2025-01-02,6618,2523
2025-07-12,4888,1567
2025-12-22,6696,2810
2024-05-24,8218,1125
2026-12-13,3095,1774
2026-08-12,774,235
2026-11-22,477,2345
2026-01-24,211,1541
2026-01-22,6325,1147
2024-09-17,126,1685
2024-07-14,5081,1617
2025-04-18,7680,654
2025-09-21,3812,1601
2025-01-21,820,275
2026-10-13,6579,956
2025-06-09,6372,113
2025-05-08,7145,894
2026-05-27,1353,1113
2026-08-10,5822,1765
2024-07-14,3226,1097
2024-01-04,9919,634
2026-05-04,8207,583
2025-03-10,9632,1263
2026-07-03,6943,2132
2026-08-07,6810,1256
2025-06-16,4222,1002
2024-01-09,6387,1403
2024-04-03,9744,1456
2025-11-13,7637,2752
2025-07-24,5997,2224
2025-04-04,5145,360
2026-02-17,1125,1324
2024-03-01,4103,2359
2026-11-02,2855,810
2025-05-01,8959,2530
2025-04-14,5949,1346
2026-01-16,5186,2549
2025-06-19,6544,2819
2024-02-10,2303,1144
2025-08-30,7503,416
2026-04-10,8784,2368
2024-07-24,7756,17
2026-06-30,6053,1852
2024-06-14,9114,1502
2024-11-13,7467,2404
2026-06-14,6815,1049
2024-04-11,1157,1564
2026-04-26,1144,2293
2026-09-01,2301,2942
2026-07-28,1498,2643
2025-01-10,3422,1128
2024-08-02,9785,1153
2026-11-26,671,2407
2025-06-05,3079,506
2026-09-07,7804,2366
2026-03-15,3351,2365
2025-11-01,8921,210
2026-03-03,1626,476
2026-09-19,1645,2268
2026-02-26,601,1419
2025-02-17,6063,477
2026-04-21,3473,2840
2025-06-09,1445,619
2026-03-07,8571,2749
2025-05-04,5832,145
2024-06-20,627,2042
2024-10-30,6445,1784
2024-02-23,2971,2690
2025-08-26,8188,987
2024-01-10,2331,2845
2024-07-01,4343,1079
2026-04-06,5359,777
2026-10-23,2507,617
2024-01-23,2106,1841
2024-11-30,3267,2902
2025-10-23,3875,2351
2026-04-26,228,461
2025-08-28,5093,2747
2025-07-07,7981,763
2025-10-03,8582,79
2026-12-31,3739,1395
2024-08-19,2179,1666
2025-07-09,8438,2283
2024-03-23,5211,382
2025-03-13,1663,476
2024-03-27,2055,2320
2025-03-08,762,2879
2026-12-29,2869,1133
2024-05-05,9293,638
2025-12-17,1728,428
2026-03-18,4826,374
2025-12-09,8449,2856
2024-01-23,8127,1647
2024-07-07,5373,1426
2026-08-29,6464,1922
2026-04-10,8261,1952
2024-11-23,9314,1220
2026-08-15,1655,1448
2024-11-19,2521,2497
2024-10-09,87,1816
2025-06-17,1224,1908
2026-01-20,1997,1317
2026-08-09,7125,1659
2025-03-17,7019,1288
2026-06-17,5568,1929
2026-05-29,6846,1024
2025-12-25,5567,869
2026-05-15,7582,2771
2024-07-30,5729,827
2024-10-22,1864,1796
2024-01-16,562,2995
2024-04-11,5054,893
2026-06-18,8679,1820
2025-07-20,181,2968
2025-04-20,9033,2358
2026-06-08,9445,2017
2025-12-25,9887,2092
2026-12-06,4032,1165
2025-03-01,1043,548
2024-11-21,5760,2968
2026-12-16,1250,358
2025-01-12,3826,2237
2025-09-12,2638,1284
2025-04-29,7578,2367
2024-09-10,4274,283
2026-01-20,3701,706
2025-06-19,5130,562
2026-11-23,2980,492
2024-09-14,2229,17
2024-02-02,2064,190
2025-04-25,6432,1476
2024-04-24,2434,1405
2025-11-03,6814,1978
2025-08-02,7851,2645
2024-01-07,6664,1377
2024-05-04,853,28
2025-08-15,6336,1528
2026-09-14,4776,2378
2024-07-12,842,485
2025-06-24,2864,2589
2026-03-28,2312,1593
2026-08-30,2528,1180
2025-08-11,8446,2210
2025-08-04,8515,2956
2026-09-21,4887,373
2024-03-01,4427,540
2025-09-14,4045,2597
2026-09-21,6199,1447
2025-11-14,2965,2971
2026-03-16,2210,1555
2026-06-12,1269,2805
2025-08-27,1457,1592
2025-01-12,5157,240
2025-12-15,3100,949
2026-04-20,664,1906
2025-12-17,7125,2397
2024-12-23,4170,629
2024-01-27,8036,1700
2026-10-01,9766,380
2026-08-17,6173,2564
2024-03-15,5506,685
2026-04-01,8780,219
2025-12-18,1596,308
2026-11-05,1672,2939
2026-09-24,2836,2645
2026-01-05,4808,305
2024-08-12,3558,2705
2024-03-25,5264,2326
2026-03-30,1127,2791
2026-09-12,1289,884
2026-02-23,1916,764
2025-06-18,2880,1080
2025-12-24,2010,1304
2024-10-20,9752,2507
2024-09-05,6375,2912
2026-05-23,1611,1288
2025-07-20,9713,2519
2024-08-14,8876,202
2024-12-12,4611,2041
2024-12-26,1166,1383
2025-10-08,4265,248
2025-10-28,3932,2161
2025-08-20,5948,1264
2024-11-14,7676,2391
2024-12-15,9626,738
2024-09-26,8227,2291
2026-02-01,5499,746
2026-07-07,6268,12
2025-11-16,9184,2589
2026-06-07,860,2995
2024-10-19,6586,2080
2025-03-07,1388,2007
2026-03-07,9366,213
2024-08-17,6344,438
2025-05-20,9427,1240
2025-04-29,1026,310
2025-10-31,2599,1588
2025-08-07,9472,332
2024-12-27,4670,1952
2024-10-06,6357,2359
2025-03-19,6137,1907
2025-10-19,1661,1447
2025-05-03,977,1745
2025-10-20,3339,1720
2025-04-06,7938,1417
2026-08-25,8924,2696
2026-10-31,1124,1211
2026-09-23,6946,2699
2026-01-23,3506,131
2025-11-09,992,2029
2025-11-14,5914,2434
2025-04-26,5069,2081
2024-06-21,3339,535
2025-12-26,3981,2993
2024-03-13,8588,1244
2026-08-29,9350,2922
2024-11-27,4751,2133
2024-06-20,5029,2803
2025-03-02,1564,2723
2026-01-12,6321,2835
2024-05-20,3174,1768
2024-04-23,8183,2173
2026-03-07,347,1425
2024-10-30,2359,1099
2025-12-15,8108,415
2024-06-01,6809,2143
2024-09-20,766,894
2026-03-15,5041,665
2026-05-06,3301,1098
2025-04-29,7218,67
2025-04-08,6716,888
2024-04-26,1372,2214
2026-12-30,242,1952
2026-10-03,2748,154
2024-02-03,723,167
2024-10-29,2250,2061
2025-02-05,2107,3
2025-03-21,604,1023
2024-09-23,5984,1451
2024-09-12,2338,2034
2026-08-02,5186,791
2025-02-03,9976,1498
2025-02-05,9870,2831
2024-11-18,2714,1428
2024-05-21,3968,2055
2026-08-29,5120,1820
2025-12-01,7843,2469
2024-11-25,6596,2761
2024-11-15,9830,879
2026-04-21,4294,2013
2026-11-26,728,2376
2025-06-17,8054,2974
2026-03-16,7533,1403
2024-10-18,2656,863
2026-01-01,1654,1600
2025-05-31,8833,1270
2025-12-11,2006,2428
2026-07-05,8988,2222
2025-12-06,4341,2073
2026-07-09,8649,2942
2025-04-10,5638,921
2026-09-12,3042,2711
2026-05-30,92,534
2026-06-01,1138,2350
2025-06-07,672,908
2026-07-29,5849,1726
2025-09-09,1142,2894
2025-04-19,1197,1574
2026-10-09,5212,1598
2024-05-06,2329,2718
2025-07-13,4185,2855
2024-04-01,8441,1016
2026-07-02,2123,2786
2026-09-07,7061,850
2024-04-04,6589,2777
2024-09-26,6505,1976
2024-06-11,6329,2744
2026-04-22,1355,914
2026-04-27,6678,977
2025-01-27,1167,2610
2026-02-08,7861,2185
2026-05-17,7267,2226
2025-04-11,1322,434
2026-03-03,3011,2532
2026-07-13,9059,1560
2026-06-29,8783,1363
2024-06-18,4012,53
2024-03-16,6422,2537
2024-05-21,8459,2265
2026-04-17,4717,596
2025-08-31,5244,423
2024-01-28,4217,298
2025-10-01,6338,343
2026-02-11,7429,2763
2025-08-14,6058,2508
2025-09-03,5951,2831
2025-06-18,6582,2912
2026-12-18,5105,177
2026-12-20,1016,584
2025-03-19,8858,1403
2025-10-26,5646,264
2024-03-01,8849,2165
2026-03-30,1620,626
2026-12-18,2901,1770
2026-09-30,6429,1946
2026-01-03,7233,2101
2024-01-11,594,995
2024-04-07,5175,611
2025-04-02,8132,193
2024-02-24,71,1581
2024-06-21,7198,346
2024-02-08,2694,2789
2026-08-08,2669,1461
2026-12-05,4268,2891
2025-03-27,2696,781
2026-11-08,2549,88
2026-08-11,9919,879
2026-06-06,1293,102
2024-04-19,2935,2954
2026-04-19,3232,1289
2024-06-30,1956,2647
2026-09-16,6318,2997
2024-01-28,1527,2357
2025-07-28,9643,2497
2026-08-19,5190,1725
2025-03-20,1513,947
2024-05-27,7333,2761
2024-08-28,1369,368
2025-06-24,9531,1313
2024-05-05,2648,2176
2025-11-11,6663,2398
2026-09-02,5769,48
2026-03-20,7814,387
2026-03-08,1541,556
2024-06-20,956,1729
2024-12-27,1923,79
2025-07-17,9711,1700
2026-12-09,8184,2959
2024-03-30,3468,1335
2026-10-31,616,2272
2024-02-03,3060,2469
2026-12-26,5526,2017
2026-01-29,8159,788
2025-07-28,644,1346
2026-11-05,3346,1102
2026-01-04,8861,2120
2024-08-18,7577,2547
2026-01-04,4268,1048
2024-06-14,2696,2618
2024-01-26,637,460
2026-04-17,4879,160
2025-06-20,3502,557
2024-07-16,5713,1554
2025-03-21,8833,2102
2026-05-29,9916,1623
2026-10-23,3114,2456
2024-03-18,878,1
2026-04-19,558,1354
2026-03-19,6978,2122
2024-01-25,5829,1033
2024-07-04,5837,1523
2025-05-29,3530,2826
2026-01-08,3049,747
2026-04-25,7967,1717
2024-09-09,8273,2352
2024-08-19,5655,106
2026-05-30,3876,717
2026-01-22,9901,1012
2025-12-17,3620,1381
2025-11-18,126,2246
2024-01-04,6671,2370
2024-07-20,2794,1573
2024-01-24,4520,655
2024-12-16,5465,2320
2024-12-25,8716,488
2024-02-12,3985,574
2024-05-28,5733,1345
2026-07-18,3238,2128
2025-03-24,3361,2053
2026-03-12,1357,1202
2024-12-24,3424,33
2025-12-03,1195,2616
2026-03-30,853,172
2025-02-04,7384,2919
2025-06-23,9620,1711
2025-11-19,1945,1959
2025-10-05,2174,2943
2026-09-15,738,1639
2024-08-02,9571,841
2024-05-08,1305,719
2024-08-07,7463,1945
2026-01-17,1447,1399
2026-04-10,5812,2632
2026-06-07,1058,277
2024-02-12,9721,420
2025-01-05,4977,95
2024-07-09,7320,2020
2025-12-09,257,1022
2024-11-10,1566,2464
2026-09-29,485,1108
2026-06-16,3346,2608
2026-09-12,3021,1776
2026-12-10,6948,715
2024-06-06,5945,837
2025-06-28,5960,16
2024-08-18,339,1133
2024-04-29,7537,578
2024-08-13,6572,2731
2024-06-18,5754,17
2026-04-08,1766,1651
2024-09-01,3195,859
2024-01-31,5378,2534
2026-11-18,8163,988
2025-09-14,99,2204
2024-07-10,7920,2525
2024-10-09,223,2465
2026-05-21,4582,517
2025-03-21,7610,2762
2025-02-27,387,644
2025-11-14,2556,2957
2026-10-31,9203,2831
2025-01-23,6968,2618
2025-04-08,6228,1267
2024-06-13,6486,1044
2026-03-31,4317,2035
2026-05-07,8425,2772
2026-06-27,9434,1
2026-09-27,269,423
2024-10-02,9098,362
2026-10-10,98,525
2025-01-26,2568,2694
2024-10-23,9908,1108
2025-07-20,5286,1722
2025-02-12,4217,2638
2025-10-31,4728,2836
2026-02-28,3692,976
2025-01-11,295,1953
2025-06-22,2953,1237
2025-12-27,1059,165
2025-08-25,4763,74
2024-10-05,439,2662
2025-06-08,4119,1208
2025-12-30,1210,1142
2025-10-16,3427,228
2026-09-27,9026,439
2024-11-09,7266,2808
2024-08-27,367,2357
2024-09-06,2518,125
2024-05-20,4624,562
2024-07-08,1148,1742
2025-03-10,475,936
2024-09-07,860,773
2025-03-17,8336,2197
2025-06-02,8047,1929
2026-01-16,1275,2100
2024-05-12,438,285
2024-04-08,2195,190
2026-04-02,760,352
2024-03-22,7578,1915
2025-01-16,4281,404
2026-04-21,6218,1073
2026-05-10,6089,2347
2024-01-23,8104,2984
2026-01-20,5622,75
2025-06-15,1198,2748
2026-07-29,7156,1014
2024-02-01,6186,587
2026-03-05,9032,2950
2026-08-16,8808,2856
2025-12-28,147,1257
2024-01-09,3956,2044
2025-09-27,8739,144
2024-11-01,9364,1486
2026-02-27,2349,2232
2025-11-07,321,1220
2024-02-13,1116,589
2026-02-03,8043,248
2025-07-12,8612,507
2024-06-23,2081,1393
2024-06-03,5534,1330
2025-11-14,153,448
2025-08-19,847,2604
2025-10-31,5971,734
2024-02-25,7599,188
2026-04-14,3652,232
2025-04-21,8177,1893
2024-01-13,9548,2912
2024-11-10,6668,1281
2024-04-13,3652,688
2025-06-30,6265,2960
2024-08-18,2144,2260
2026-02-12,7281,1987
2024-07-18,6698,76
2026-11-14,8666,1491
2024-03-22,9129,863
2026-01-31,4587,2809
2024-09-14,7959,1981
2024-06-02,6075,650
2024-12-28,5520,406
2026-08-31,9212,1533
2025-10-10,3721,794
2024-06-09,7003,1267
2024-07-09,803,396
2025-10-27,2062,212
2024-05-14,3312,106
2026-06-01,9640,1959
2024-03-08,7289,2330
2024-01-23,6602,497
2024-02-12,5255,2992
2025-06-28,6577,2378
2024-11-02,8835,2025
2025-08-03,8724,1051
2026-09-14,9099,2868
2025-02-11,1490,2770
2025-03-17,9572,859
2026-12-27,8090,1801
2024-11-22,7224,2476
2026-10-04,2864,2141
2026-11-15,8163,1019
2025-05-24,7875,1168
2025-02-03,6118,2315
2025-01-06,550,157
2025-07-28,6245,1592
2026-05-31,4177,2531
2024-09-29,7872,1499
2025-08-20,7918,1365
2026-05-23,6370,2724
2025-07-26,8408,1122
2024-11-04,9798,422
2026-07-11,30,2180
2024-12-01,108,2232
2025-01-19,9339,984
2026-06-26,1466,2812
2025-01-20,577,830
2024-08-03,1521,2420
2026-09-05,7373,2625
2026-01-04,834,590
2025-11-28,2479,1674
2026-04-18,6778,585
2026-09-29,4685,2457
2024-11-18,5164,660
2025-09-05,7527,2307
2025-04-08,3624,272
2025-04-18,5424,780
2025-10-17,6669,40
2026-02-23,4758,1687
2024-05-03,6347,2271
2024-02-27,8390,1877
2026-12-21,326,1916
2024-03-03,9533,1839
2025-03-28,7053,1831
2024-05-10,5186,537
2026-07-30,3195,2846
2024-10-09,9741,532
2026-12-11,7451,1533
2025-05-28,7521,1580
2026-10-11,1706,2187
2026-12-08,4437,363
2026-12-30,2504,241
2026-04-23,7101,1745
2024-07-30,9468,1835
2025-06-06,8702,1176
2025-06-09,6176,2115
2024-08-11,3732,17
2024-03-01,8147,795
2024-10-13,3555,20
2024-03-03,8988,1931
2026-10-26,6278,2131
2025-06-22,4179,2853
2026-09-01,8986,302
2024-11-19,710,1887
2024-04-16,204,1602
2025-05-10,8714,2142
2026-01-25,788,2401
2026-01-22,6257,2496
2026-10-09,2980,2427
2026-04-19,5754,1038
2025-09-22,5004,1664
2025-01-28,4408,1798
2026-06-24,1814,1669
2024-01-09,5173,288
2025-01-29,8169,946
2024-12-02,5699,2032
2026-07-02,8299,1148
2026-05-21,4707,1792
2026-12-23,5252,2231
2026-08-13,6856,1231
2026-04-22,2808,1625
2024-10-05,9593,836
2025-10-23,1578,514
2024-02-05,4149,1766
2024-02-24,1742,41
2025-04-07,7987,2642
2026-01-04,9064,2471
2025-07-20,2142,1992
2025-01-26,8816,1558
2025-04-04,6600,2296
2024-11-30,5733,491
2025-06-26,197,689
2026-06-29,4906,2280
2025-06-02,4729,1095
2024-05-04,6228,1659
2026-10-29,4366,169
2025-09-23,2696,428
2024-09-04,8752,1124
2025-11-13,5265,2969
2024-10-19,3487,320
2024-12-14,6438,2314
2025-11-07,6707,2029
2025-06-21,7207,332
2026-05-06,9701,829
2026-08-05,7307,2788
2024-11-18,787,2070
2024-07-23,7050,2803
2025-03-12,2676,2799
2025-03-30,9643,2059
2024-09-14,220,431
2024-10-02,8793,1178
2025-07-07,7043,2397
2024-04-11,5160,495
2026-03-28,516,1163
2026-03-19,1262,1618
2025-11-20,8741,118
2026-09-21,2674,1753
2024-08-15,2027,1959
2024-07-29,6223,2836
2025-05-25,9496,379
2024-05-19,7990,1593
2024-05-29,2615,1492
2026-11-05,468,182
2024-04-30,8760,764
2026-05-17,6675,2906
2025-04-11,8775,166
2025-02-17,7183,1995
2026-05-17,2116,1579
2026-08-09,3475,1932
2026-09-10,7700,2498
2026-05-15,9289,220
2025-05-18,5564,2583
2025-12-08,8053,491
2024-10-09,2314,239
2025-03-16,1130,2216
2024-09-27,3010,705
2024-02-25,1683,335
2026-03-17,5573,1522
2026-11-05,9425,1967
2026-12-03,3257,641
2026-09-30,4251,1931
2025-07-10,1559,2656
2026-09-07,1430,429
2025-12-12,4553,897
2024-05-26,6744,2267
2025-08-14,4377,2083
2025-12-20,6490,776
2025-08-04,7247,1616
2025-05-17,8839,587
2024-10-06,1761,120
2024-11-30,7806,260
2026-01-03,3034,1195
2025-01-03,6566,481
2026-08-09,1433,162
2024-08-19,8750,532
2026-03-12,8731,1471
2024-09-28,5831,681
2025-07-05,9391,2026
2026-05-22,4549,1371
2025-07-02,1212,1458
2026-12-28,7095,1858
2025-12-21,1554,2540
2026-10-03,8451,836
2025-07-29,8067,2311
2024-06-21,5376,549
2025-03-16,1437,214
2025-08-30,3528,1135
2026-09-05,5957,2094
2026-03-05,1802,2587
2025-04-13,7595,1159
2026-05-31,9520,37
2025-03-20,7709,1887
2026-01-28,871,1361
2025-07-21,6505,1527
2025-10-31,9662,254
2026-10-26,8384,594
2025-08-05,402,2917
2026-03-01,8156,1159
2026-11-15,4695,1753
2026-08-19,3372,1205
2024-04-22,5170,42
2025-11-23,4271,14
2026-12-16,8989,1174
2025-03-02,7918,2377
2025-05-27,2841,2826
2025-07-18,2538,1753
2024-11-08,9266,1188
2024-05-03,7424,1915
2025-09-07,7243,2680
2025-07-09,7797,2514
2025-04-01,8331,440
2025-03-08,7241,871
2025-04-12,111,2434
2025-11-17,1925,1602
2024-11-18,9391,2374
2025-09-18,4589,2039
2025-02-07,9024,771
2024-12-06,4958,2653
2024-05-29,686,1792
2025-02-10,23,2658
2025-03-30,1811,1227
2026-07-03,1873,2650
2024-06-30,4137,306
2025-01-23,7672,868
2024-05-31,9377,2435
2026-09-10,3901,29
2025-01-18,9455,2163
2026-01-09,107,2918
2024-01-26,9456,195
2026-06-24,5905,2722
2025-01-28,4378,1460
2026-01-31,3316,240
2024-04-13,5790,2009
2024-01-21,6692,186
2025-11-25,2493,802
2024-07-08,8073,2912
2026-07-20,6914,1261
2025-10-05,2752,1099
2026-02-16,8142,1819
2025-02-27,7313,2343
2024-01-08,7834,2252
2026-12-10,7726,745
2024-04-12,8735,2614
2026-08-07,6397,2148
2024-08-10,612,292
2024-09-24,9195,664
2026-02-28,4767,1971
2025-12-14,2268,1004
2026-09-29,2727,1335
2025-11-25,3640,2361
2024-12-12,4412,723
2024-01-10,4668,2311
2026-04-30,84,1926
2025-05-20,9870,930
2026-01-24,9563,2589
2025-04-17,3945,1427
2026-02-07,1472,336
2026-10-26,3849,2040
2024-03-01,8847,609
2025-08-07,9665,480
2026-04-08,8790,644
2025-06-30,1160,2265
2024-08-09,634,2458
2026-02-04,1679,242
2024-09-09,2537,882
2024-07-27,1648,2100
2026-12-16,2249,1972
2026-12-14,9940,1326
2026-04-10,2084,2531
2025-06-27,7864,1937
2026-01-30,2732,757
2024-08-23,9729,1358
2026-05-17,1770,939
2024-10-12,9492,971
2024-05-07,5629,2398
2026-03-01,5697,2866
2025-12-11,8477,633
2024-09-10,249,1170
2024-01-11,6276,882
2025-02-01,5009,2311
2025-07-30,4874,2669
2024-04-25,9655,2749
2026-09-01,5284,2758
2026-06-19,5209,2183
2026-04-24,6455,274
2024-12-22,5958,2991
2024-09-08,2922,696
2024-10-23,1279,1474
2026-11-29,2012,1515
2026-10-12,4026,2239
2026-01-23,4412,1567
2026-07-05,2957,2686
2024-01-30,9670,2128
2024-02-11,955,2241
2024-11-21,7112,1479
2024-04-01,5021,789
2026-01-23,3579,592
2024-03-22,5825,981
2025-04-22,3616,929
2026-06-26,3807,1129
2025-05-17,7350,1869
2026-12-15,1691,1822
2024-01-25,8425,1387
2026-04-11,3917,199
2026-03-29,5746,758
2025-11-20,1972,592
2024-01-05,8374,2145
2025-06-14,1433,801
2026-12-19,174,1534
2024-09-24,2040,1324
2025-03-18,5564,193
2024-02-10,6958,2249
2026-05-30,4304,1291
2024-01-29,7898,1516
2024-06-11,501,1394
2025-03-06,9595,275
2025-11-26,782,1469
2025-10-13,3141,1816
2024-06-18,1430,1004
2024-05-14,7186,2671
2025-07-22,8956,2766
2024-10-19,260,362
2025-12-22,7753,1942
2024-06-25,3990,2179
2026-09-07,9051,1159
2025-08-21,2902,1314
2024-08-06,9320,619
2026-08-13,1774,2898
2024-04-11,4125,614
2025-01-15,4493,2906
2024-03-16,701,544
2024-03-02,2675,443
2024-10-15,1953,2383
2024-02-11,6828,1283
2024-04-24,2292,2503
2026-05-30,10,1555
2026-12-23,9567,546
2024-11-02,218,904
2026-05-16,9494,2092
2025-11-04,5483,1391
2026-12-16,8853,1621
2025-06-23,4007,128
2024-02-28,9968,253
2026-10-01,1832,1271
2026-09-26,3074,2918
2025-01-30,8485,2865
2025-05-26,3573,2760
2025-04-02,5942,1962
2025-12-14,645,2856
2025-01-09,907,2556
2024-05-15,9766,2711
2024-01-09,9662,888
2024-12-27,6295,3
2024-02-27,7011,1188
2025-12-23,4822,215
2024-07-14,6393,823
2025-08-25,3039,1298
2024-06-24,9919,2998
2024-12-31,7041,2364
2026-06-05,9916,1849
2025-04-28,2691,2025
2026-06-08,2564,524
2025-10-22,6592,1433
2024-12-27,5247,1414
2024-06-04,4952,291
2024-07-01,1437,2220
2025-01-21,5456,1149
2026-10-17,19,650
2024-05-03,8633,722
2025-12-21,6870,101
2026-07-28,2143,1394
2025-11-09,4277,328
2025-09-22,7676,1512
2024-03-19,577,554
2025-12-29,1573,2972
2026-12-16,339,2957
2026-04-05,9015,2371
2024-12-30,7542,1449
2024-04-18,6876,2628
2024-08-20,3102,1523
2026-09-14,3201,829
2024-02-12,2930,115
2024-07-12,8099,2464
2024-11-14,3238,1923
2026-07-10,8387,2881
2026-03-03,3043,2712
2026-03-05,9634,321
2024-02-12,4879,1105
2025-05-15,6973,1181
2026-11-13,1405,1770
2025-03-12,5623,2851
2025-10-25,1286,1109
2025-12-02,6411,1259
2026-07-09,233,1197
2026-06-15,1472,2638
2026-10-23,4101,2999
2024-04-10,654,2914
2024-12-23,7750,2633
2025-04-13,8809,1712
2025-08-14,849,710
2026-03-20,2739,548
2025-06-28,7905,1039
2024-03-30,9910,2948
2024-02-20,5628,2459
2026-08-23,6328,2433
2026-08-08,4747,248
2024-05-17,3890,2700
2025-03-14,6396,1434
2026-03-14,7310,230
2025-10-23,6681,2113
2025-07-11,1413,443
2026-06-18,8139,229
2025-10-12,6461,973
2026-09-02,4077,1672
2026-12-23,5748,7
2024-05-21,2167,1321
2026-03-26,8298,2091
2025-12-01,3877,274
2024-03-21,1065,1712
2025-01-29,6375,2115
2024-04-16,4475,1326
2026-07-09,8412,506
2024-08-13,9636,2678
2024-08-06,9922,2967
2025-10-19,1301,395
2025-11-19,5237,737
2026-02-10,7093,2256
2024-02-06,4680,2396
2024-02-14,826,2860
2026-05-14,7443,2614
2026-10-20,3232,732
2025-08-27,9050,2835
2025-09-22,5164,2161
2024-04-09,3292,1469
2025-01-31,2790,2221
2025-08-16,7623,397
2025-03-21,5468,1120
2025-08-01,6695,896
2025-08-24,7821,265
2024-11-09,7018,939
2026-10-09,2077,1544
2024-07-29,9655,1838
2025-05-11,5390,1492
2025-02-27,8399,212
2025-08-07,8943,2961
2024-05-09,5818,398
2025-12-14,4446,2201
2025-10-26,9062,2025
2025-01-08,6240,891
2024-06-22,803,2759
2025-07-22,9604,719
2025-05-07,5789,2896
2026-03-18,7453,1012
2025-02-23,322,1607
2024-08-03,9027,378
2025-12-01,5585,537
2024-04-22,1991,1445
2025-01-16,4093,2611
2025-11-21,4306,2413
2024-09-06,8826,2750
2024-07-26,5894,2159
2025-08-11,1095,2765
2024-03-03,2358,2499
2026-02-14,2085,2733
2024-04-13,2904,2934
2024-06-14,5359,2534
2025-02-22,8321,2559
2025-07-15,6021,1554
2024-10-13,7389,512
2026-05-11,6459,1019
2025-07-31,5486,1962
2025-02-04,6521,606
2026-07-29,1613,1131
2026-03-19,5055,201
2024-10-10,8820,1628
2025-10-23,8060,419
2024-10-16,6998,1884
2026-03-11,4782,2341
2025-06-25,563,1427
2026-05-19,1392,1293
2025-08-23,8699,1966
2024-01-16,5950,2272
2026-10-07,3495,2817
2024-03-18,7079,1208
2026-07-16,1164,2975
2025-11-14,7932,1954
2024-01-29,6839,2349
2024-02-21,9473,1637
2025-07-28,2589,301
2026-08-11,355,787
2026-11-16,5602,1165
2025-03-05,3612,2845
2025-05-21,545,938
2025-10-11,2555,1632
2024-03-18,3130,14
2025-01-18,1852,2991
2025-03-24,867,184
2024-09-07,9717,2179
2026-09-18,3101,1952
2026-08-14,7328,1373
2025-12-11,1496,1333
2024-02-02,2644,1104
2025-09-11,5632,379
2024-08-20,2381,2818
2024-03-19,600,151
2025-11-20,8497,2070
2025-07-06,2574,2491
2026-08-10,9031,285
2026-12-02,9715,677
2025-03-31,1588,2610
2026-09-11,8520,859
2026-08-05,2944,1153
2024-09-10,1846,1504
2026-03-04,8343,2920
2025-03-24,6780,1217
2025-05-04,1759,1437
2026-11-30,7654,1071
2024-06-02,6662,1792
2024-01-23,5512,204
2024-09-21,9225,2540
2024-10-22,2236,1948
2024-08-18,827,980
2026-10-02,3272,1095
2025-07-26,6714,1918
2024-12-19,4057,639
2026-03-21,1596,147
2024-02-03,755,321
2026-07-29,699,2238
2024-08-16,8520,844
2026-02-04,7902,2354
2024-07-17,3288,1801
2024-03-26,7785,2994
2025-04-30,1270,1254
2025-04-13,9881,958
2024-09-28,5657,880
2025-07-13,6686,1929
2025-03-31,6445,2158
2025-09-24,9231,1392
2024-06-27,5044,1346
2026-10-16,4962,2946
2024-07-31,555,1912
2024-04-18,9946,666
2024-10-12,6026,1473
2025-09-15,2606,784
2025-06-09,6163,750
2025-07-02,6761,1631
2026-03-24,2346,2332
2026-01-05,9859,2399
2024-05-03,546,2291
2025-07-29,7197,264
2026-05-14,7161,2252
2024-02-17,1288,2449
2024-04-30,9744,696
2026-08-24,4724,341
2024-10-13,4716,2667
2025-11-25,8200,2036
2026-05-03,2142,250
2024-04-24,7597,1905
2025-07-02,5100,791
2025-05-24,8550,1499
2024-04-05,3025,2952
2026-09-10,4941,291
2024-06-23,4118,1939
2026-11-14,5213,1174
2025-02-07,4699,647
2025-07-22,7302,2585
2026-01-09,588,1327
2025-08-01,5623,2906
2024-02-22,3854,2887
2024-01-13,568,839
2026-04-24,5867,2499
2024-09-07,8778,1092
2025-10-10,2891,2536
2024-10-28,7632,2799
2024-01-29,2317,338
2026-05-18,2224,2287
2025-09-19,8278,1390
2025-02-13,7834,1891
2024-09-01,1979,2093
2024-02-16,2717,23
2026-04-28,5423,670
2024-10-08,9567,1326
2025-07-06,1891,281
2024-10-08,7897,2662
2026-11-19,3924,159
2025-01-07,7947,1586
2026-11-03,2443,1326
2026-04-13,4348,300
2026-05-26,6927,256
2025-01-07,7043,1806
2024-09-01,4207,1527
2024-10-19,6586,2947
2025-10-17,6944,2038
2025-09-02,3327,1364
2025-03-13,4788,639
2026-09-21,7372,773
2026-05-10,8574,208
2026-08-31,9287,1441
2025-02-27,9946,1010
2026-10-29,3064,2830
2026-07-25,639,2802
2025-05-28,2170,1957
2024-06-11,6294,1585
2024-11-26,2458,1667
2025-05-08,9637,1443
2025-09-06,7411,228
2026-12-31,8803,1192
2026-01-02,4384,2773
2025-02-02,2877,228
2026-03-19,8506,1154
2026-01-03,9166,2951
2025-10-10,7959,801
2024-05-27,2793,307
2025-07-12,6975,131
2024-08-16,7745,2482
2025-08-08,465,2421
2024-10-31,7921,949
2024-09-09,3057,2970
2026-07-28,9041,2042
2025-07-05,5300,2590
2025-05-02,369,2240
2026-12-05,6340,2212
2025-08-20,4512,191
2026-09-15,6518,2235
2026-03-10,2983,1786
2025-11-25,9605,2651
2025-03-07,3781,25
2025-10-07,466,1667
2025-02-27,8162,2057
2025-12-06,7940,830
2026-01-02,3860,2750
2025-04-06,6443,190
2025-08-10,5522,1535
2025-06-26,5025,1651
2026-05-24,1522,1572
2025-03-29,1503,1622
2026-03-31,1460,2019
2026-12-14,1753,1732
2025-08-15,333,2602
2025-11-09,5052,702
2024-06-27,8797,1210
2025-07-18,4569,213
2026-11-07,2958,1591
2024-02-24,7644,506
2026-04-10,8452,2938
2026-01-05,8747,2464
2026-09-16,216,2667
2025-12-17,1447,501
2026-01-30,7424,2213
2025-07-25,5865,579
2026-04-30,8643,2622
2025-09-27,8406,2702
2024-08-28,3535,1621
2026-05-26,5291,2367
2024-05-08,6649,167
2024-02-05,819,1914
2026-03-14,8025,337
2024-08-20,7990,207
2024-11-07,5648,2293
2024-05-19,7686,2510
2024-11-11,6620,1686
2026-10-24,5048,627
2026-08-27,6566,1902
2026-04-17,208,1245
2025-10-19,3579,2633
2025-07-18,3659,2512
2025-06-16,6590,2834
2026-01-05,6958,2285
2024-07-19,3281,1817
2026-03-21,6294,1699
2025-12-06,2498,969
2026-09-06,6672,548
2024-12-21,5102,2756
2026-09-18,5503,1454
2024-09-07,5822,1531
2026-11-24,5695,1280
2025-04-18,8861,1944
2024-08-02,6469,1479
2024-08-02,7323,2787
2025-08-01,5877,1211
2024-08-31,7915,2469
2025-10-15,1092,619
2025-08-29,2180,538
2024-04-29,3944,1784
2025-04-11,9261,2320
2025-02-23,674,1856
2024-04-13,3775,2551
2026-03-21,5271,2924
2026-06-17,3745,992
2025-06-07,2972,1567
2026-05-10,9731,1211
2024-01-08,1565,1939
2025-12-19,7142,2275
2026-10-07,4372,1669
2024-08-14,2400,1554
2024-08-16,5801,2463
2025-11-21,6790,1305
2026-10-10,3033,2793
2025-02-04,2942,820
2025-09-26,8246,1232
2025-02-05,5943,1578
2025-02-16,1476,1542
2024-08-15,7890,410
2026-05-07,3143,1564
2026-08-14,1122,1415
2024-08-05,3900,1318
2025-09-21,8237,2896
2025-03-05,8798,2239
2026-08-02,2666,1112
2026-06-12,5517,1062
2025-03-08,4759,2194
2024-10-27,6230,1994
2026-03-09,4045,1539
2024-02-11,8810,391
2026-10-25,4850,1513
2026-09-25,3223,13
2024-08-18,4304,2575
2024-06-07,2356,1360
2024-08-02,5369,1330
2026-10-05,6861,2330
2026-05-14,548,2555
2024-01-27,3125,2699
2026-07-17,8618,2369
2024-10-20,7764,2260
2024-02-09,3990,2725
2026-05-14,4686,278
2024-01-06,9370,958
2026-06-26,1134,1762
2025-10-19,4341,1077
2025-10-05,7576,910
2025-10-02,5080,41
2026-12-25,4499,459
2025-01-22,1309,1643
2024-05-10,5245,2458
2025-02-01,4919,481
2025-02-16,1643,1841
2025-01-23,8493,1887
2026-03-28,1468,372
2026-08-20,4310,630
2026-02-12,2391,467
2024-08-20,5131,268
2025-12-19,70,1566
2026-12-03,6017,588
2024-01-05,5475,2726
2024-06-03,9947,90
2025-11-25,2753,124
2024-01-21,8759,285
2024-06-05,1081,2466
2024-12-20,8715,2366
2024-07-17,8210,621
2025-06-22,1192,1392
2025-09-24,988,1113
2026-07-12,4236,919
2026-04-01,9072,1938
2026-02-19,9043,2347
2024-02-29,4149,2264
2026-11-30,8437,1944
2024-10-27,6031,219
2024-06-01,8163,2192
2025-01-11,9316,2741
2025-02-06,3700,1173
2026-08-04,4295,1733
2025-02-01,381,2283
2026-09-03,8039,1976
2026-05-11,4414,2331
2024-04-13,1570,2241
2024-06-28,1606,2999
2024-11-23,861,1433
2026-05-04,6996,2871
2026-06-29,550,2786
2024-03-05,3908,1002
2025-11-04,6114,395
2025-04-02,2706,271
2025-01-10,8554,2966
2026-10-16,759,310
2026-11-26,6508,76
2025-07-10,5119,2324
2025-01-02,2176,753
2025-04-27,9132,1334
2026-10-07,5537,368
2025-06-18,5951,2588
2026-05-01,7824,1597
2025-04-15,5012,485
2024-11-03,5013,1866
2025-12-29,9943,2363
2026-03-19,438,318
2025-01-19,9451,134
2024-10-02,77,2887
2024-03-16,6716,857
2025-05-28,2549,2234
2026-06-09,8188,2718
2024-05-03,2414,259
2024-07-24,3122,2917
2025-11-22,5362,2584
2025-11-01,9880,1243
2025-10-18,3534,2302
2024-10-04,1142,2288
2024-05-02,9801,2265
2024-07-28,148,645
2025-12-01,6330,793
2024-12-05,968,243
2025-10-24,6834,1292
2026-09-25,7836,1057
2025-06-28,7772,2144
2025-08-28,6917,2318
2024-09-24,8670,2352
2026-01-29,5774,2730
2025-12-19,2146,2761
2026-02-13,8674,2584
2026-07-06,2595,1236
2026-07-01,5738,1106
2026-06-10,4275,594
2025-12-28,4401,1919
2024-12-05,404,1266
2026-03-25,2632,1626
2026-02-27,5589,96
2024-11-19,6083,121
2026-02-17,803,2780
2026-02-19,4911,1894
2024-01-13,7969,106
2026-07-24,437,2962
2024-11-03,8661,1397
2024-06-23,3545,1082
2026-11-19,3359,971
2025-03-27,4600,189
2024-06-26,2968,1365
2024-08-31,1158,2733
2026-08-28,1971,2810
2025-11-05,1825,1804
2024-05-13,7222,586
2024-05-03,6521,974
2025-05-21,7703,2447
2026-05-15,3038,1281
2025-05-27,7198,1273
2026-07-03,5619,1767
2025-01-29,5993,528
2025-05-23,4539,1231
2026-06-12,4334,1919
2025-08-31,8034,1495
2025-05-28,1003,1634
2024-05-06,6563,2929
2025-08-01,5000,2809
2026-11-29,4001,2055
2026-01-13,5172,2767
2026-10-19,7701,2670
2026-08-11,6486,543
2025-08-19,1052,1228
2025-04-27,2742,2266
2026-07-10,8532,2197
2025-12-04,1882,2576
2025-11-18,4282,1408
2026-05-24,9935,1589
2025-06-01,7464,472
2026-04-21,8229,2368
2025-11-17,1988,2405
2025-03-30,6784,1073
2025-06-11,5488,2044
2025-06-03,7226,1587
2026-03-05,9900,2336
2026-04-11,2773,2938
2026-08-02,9918,2352
2025-04-02,5110,1900
2024-04-28,9460,18
2024-05-16,8573,1917
2026-10-15,719,2931
2026-01-21,5269,2763
2026-04-29,3380,472
2024-04-27,5051,15
2025-06-02,9198,2151
2025-06-16,2065,1897
2026-02-18,9211,103
2025-05-06,6757,1571
2024-07-06,8801,2197
2024-05-17,2204,701
2025-11-17,1192,387
2025-01-01,9246,1468
2026-10-06,5967,733
2026-11-26,4443,1027
2026-08-30,3286,2996
2025-06-10,3255,395
2025-08-12,5434,1312
2026-05-08,2797,1981
2025-07-03,4387,2747
2026-06-16,9740,844
2025-11-22,8329,83
2025-04-14,9684,1799
2024-12-24,249,2674
2025-12-23,3741,304
2024-05-26,7825,555
2024-09-18,3256,547
2025-09-20,2272,2234
2025-01-12,6598,2242
2025-12-17,7694,1527
2024-03-06,1294,2576
2025-05-12,8250,320
2024-07-02,3725,2393
2025-08-03,1136,213
2025-10-19,734,445
2025-03-08,2947,2064
2025-06-02,7011,1470
2026-02-27,5302,1653
2026-03-03,4682,1116
2026-10-04,6403,1122
2025-05-11,6580,808
2026-02-19,8593,33
2024-04-20,2802,2258
2025-01-28,4752,1559
2025-06-07,6734,295
2026-10-03,2786,566
2024-12-18,9976,2505
2024-05-30,4270,895
2025-04-07,9035,117
2026-11-06,9712,2416
2024-04-04,795,2801
2026-10-05,5284,2428
2026-05-02,6318,580
2026-06-06,9762,302
2024-11-25,5714,2649
2025-08-07,6652,1861
2025-09-13,3457,887
2026-12-09,8313,594
2025-07-08,3473,1377
2026-07-19,7016,554
2024-11-29,6448,1529
2024-03-12,4798,181
2024-07-01,3308,654
2026-08-10,5945,1220
2026-07-27,4979,697
2024-03-09,5512,349
2026-05-15,2599,2246
2024-09-30,1278,1066
2025-12-14,1434,259
2024-09-29,9928,2298
2026-07-16,8524,2706
2024-12-12,5595,1886
2025-11-02,32,2215
2026-03-10,7061,653
2026-01-14,7478,2634
2026-04-25,6787,1688
2025-09-16,3964,1670
2024-03-25,176,2137
2025-05-26,1944,1301
2026-10-02,1822,2497
2025-09-09,7987,101
2026-01-07,2638,2218
2024-02-17,7586,1405
2025-01-23,1429,2297
2025-10-21,3458,1170
2024-04-02,7392,2731
2026-10-21,2390,2660
2026-05-31,3352,1388
2026-10-08,3868,389
2024-08-07,4207,1098
2024-05-27,9796,2249
2026-10-14,8948,476
2025-02-07,14,2083
2024-04-24,2839,280
2024-11-04,3692,2717
2025-12-28,950,1089
2024-02-20,7048,407
2024-08-03,7362,1379
2025-06-07,3442,2541
2024-04-10,2530,213
2025-10-21,3260,1912
2026-12-17,6527,2357
2026-09-06,5222,1251
2025-03-25,4029,2482
2025-08-31,8473,2215
2024-11-21,7704,48
2025-06-30,3005,625
2026-05-06,8809,819
2026-10-01,3591,1420
2026-03-01,8157,461
2026-08-09,1945,1839
2025-09-06,4157,197
2026-01-03,9005,1494
2025-02-13,2903,2537
2025-10-23,2611,813
2024-05-14,9042,1573
2024-09-28,5888,797
2026-06-20,4818,1398
2026-09-16,5518,803
2026-03-08,3461,2198
2025-10-12,8227,2570
2024-09-05,225,1538
2026-11-05,1314,1790
2025-04-18,2384,1323
2025-07-01,5935,1137
2026-10-14,2599,1081
2026-09-07,7734,2705
2026-03-22,1069,2303
2025-03-02,3088,1149
2026-05-11,770,2476
2024-11-06,773,2545
2026-05-17,5314,2523
2025-06-27,4764,1994
2025-05-16,7006,1422
2026-03-23,8370,1319
2026-01-15,331,319
2025-08-19,3952,423
2024-06-01,1015,1251
2024-02-07,3876,1959
2026-10-26,6228,1070
2026-10-27,7156,1961
2025-01-20,7348,2117
2026-09-07,4762,861
2026-10-11,7370,389
2026-01-01,8620,2426
2025-08-24,2014,742
2026-10-19,3113,509
2026-12-13,3955,498
2025-01-15,2033,2723
2025-11-03,5942,290
2026-04-22,2258,203
2026-09-26,1619,677
2026-05-17,517,516
2024-01-13,5293,1584
2024-08-18,7015,2496
2026-02-16,7491,1159
2024-04-12,412,36
2024-01-16,10,209
2025-04-25,7890,192
2026-06-02,3149,894
2024-08-10,5829,2617
2024-08-08,8832,1001
2025-09-19,2959,2858
2025-08-15,9814,2110
2025-08-16,4432,253
2024-08-24,3202,1756
2026-02-06,828,2490
2026-04-09,8999,2602
2026-08-17,6827,2458
2026-02-24,4951,283
2024-06-12,6486,246
2026-05-17,7149,2212
2026-10-25,4812,493
2024-11-06,887,13
2026-02-20,9044,1562
2026-08-11,7330,1899
2025-11-09,261,869
2025-07-29,4247,951
2025-10-23,4219,1932
2025-01-13,7473,2226
2025-09-26,2163,1258
2024-05-19,5245,2277
2025-09-27,3697,1150
2024-03-27,6351,2272
2024-09-09,8759,655
2026-04-02,3239,2921
2025-01-11,3710,1063
2024-02-20,7945,1219
2026-11-28,210,1642
2026-10-22,2261,2294
2025-04-24,7240,2433
2026-10-05,4895,2612
2025-04-16,6948,478
2025-08-08,7214,1035
2024-06-14,5363,1933
2026-01-22,3082,1150
2026-10-19,3105,2805
2024-08-29,3,1595
2024-12-17,4551,2788
2026-05-25,2553,2897
2026-03-28,3760,963
2026-02-17,5230,2102
2026-10-21,2837,1294
2025-11-01,2495,2945
2024-06-04,6018,2856
2025-11-03,442,2713
2025-10-30,7813,1641
2026-09-10,8145,2151
2024-01-31,5572,1233
2026-04-17,5697,825
2025-10-07,8972,2860
2026-09-02,1310,422
2024-07-09,4047,2342
2024-09-27,1480,778
2026-01-05,8126,2831
2024-07-13,206,2821
2024-01-01,1626,766
2024-12-04,9307,659
2025-12-31,9554,1471
2024-08-31,2463,2134
2026-09-14,1848,565
2024-03-08,8713,255
2026-08-20,4236,2980
2026-03-15,5567,71
2026-02-09,4286,87
2025-05-18,2431,295
2024-08-15,530,2723
2026-09-27,1527,2286
2025-01-06,6296,208
2024-06-24,4378,1978
2025-09-17,1851,2458
2026-05-07,2347,1417
2024-02-06,1955,502
2024-02-19,4016,653
2026-02-26,321,1365
2026-06-15,1500,1820
2026-08-30,5791,1452
2026-11-25,3523,1068
2026-04-05,6460,993
2024-09-29,7922,1263
2026-06-09,5635,2246
2026-02-03,9207,1463
2025-06-16,4811,967
2025-02-16,9442,300
2024-04-19,3140,214
2026-08-11,9360,1802
2024-12-15,330,2831
2024-02-27,2160,2423
2026-06-14,4069,1016
2026-06-07,4437,2442
2025-11-27,9264,2963
2025-11-22,6603,2897
2024-01-12,2691,1395
2024-09-09,7940,2221
2026-03-12,7874,570
2026-06-12,1235,2018
2025-07-09,5640,1551
2024-11-09,1898,2649
2024-09-08,8427,831
2026-03-31,9475,2047
2024-01-26,6429,2585
2024-05-27,2362,2674
2026-03-13,3696,2683
2024-03-03,1245,1995
2024-01-23,8818,1990
2026-08-27,7649,386
2024-10-06,6396,1873
2024-05-21,1361,2144
2025-11-03,7082,1855
2024-10-05,554,39
2024-12-21,492,2703
2025-06-14,3680,929
2026-11-23,6886,1439
2025-11-12,1204,1369
2024-01-31,4764,240
2024-09-19,6117,1550
2026-01-05,8292,2391
2026-01-05,1627,1445
2024-01-07,6937,2069
2025-07-29,6895,2149
2026-07-16,6546,20
2024-06-03,8656,2261
2026-11-04,553,406
2024-05-05,7004,69
2024-10-13,6300,496
2025-08-24,591,2591
2025-05-17,456,2710
2025-10-03,1305,811
2026-02-22,1877,2593
2024-11-22,3132,365
2026-02-06,759,1196
2026-10-02,8394,2525
2026-12-15,3890,49
2026-09-09,435,2031
2026-01-17,6524,348
2025-08-19,5026,2492
2026-06-09,8233,220
2026-08-29,4120,2699
2025-02-10,6990,2323
2026-12-01,1491,1720
2026-07-26,4012,2196
2025-02-23,7473,1052
2026-04-26,7439,754
2026-01-23,6045,1939
2024-03-31,6428,737
2025-11-19,524,1434
2025-12-17,7980,1238
2025-05-25,4711,2027
2025-08-10,4912,2163
2025-08-18,8628,2613
2026-01-03,8209,302
2024-10-07,4764,448
2024-11-17,9398,2392
2026-06-13,6249,2437
2025-10-28,1033,1372
2024-01-11,8185,595
2025-03-23,75,2951
2024-05-18,7148,25
2024-11-19,4158,190
2026-09-01,4426,762
2026-02-16,7606,405
2026-01-12,2227,1884
2026-04-20,8484,633
2024-06-14,9910,821
2026-12-13,5564,1270
2024-01-26,2015,2285
2025-06-28,1876,1005
2025-11-24,8841,1309
2024-11-28,8607,1332
2024-05-12,7652,2967
2025-06-12,9691,1267
2026-09-17,7403,1771
2024-06-05,6083,676
2025-06-28,1467,1129
2024-07-31,5750,1328
2025-03-20,84,950
2025-10-18,6014,2589
2026-06-19,124,1138
2025-10-27,3610,2173
2025-05-26,8656,2481
2025-03-24,6540,1244
2026-10-05,9709,134
2026-01-14,9275,1902
2026-04-17,443,1821
2026-03-02,3222,1777
2024-07-19,831,2224
2026-01-30,7958,1054
2026-06-06,5039,2078
2025-01-09,9374,1530
2024-08-18,7868,1933
2026-10-24,1245,1373
2024-05-07,8584,1125
2026-10-05,1745,1496
2024-05-07,7826,1408
2026-04-10,6651,699
2024-04-28,651,1346
2025-06-15,1974,1552
2025-01-02,3342,1637
2024-01-07,1658,1175
2024-09-13,4514,2815
2025-12-10,9727,2479
2026-04-17,1523,2029
2025-01-27,9303,594
2026-04-21,9755,1227
2024-05-14,7623,1953
2025-09-29,4558,161
2024-06-12,8466,1566
2024-10-18,3248,2160
2024-11-22,7738,584
2025-08-28,1921,286
2026-11-08,907,1891
2025-11-11,8406,2001
2025-01-20,7189,243
2025-07-08,3730,2273
2025-10-28,641,2804
2024-03-08,3708,1201
2024-07-12,8762,763
2026-10-07,4220,591
2024-11-25,4122,2508
2024-12-06,6421,177
2024-07-02,1503,994
2026-09-02,2241,1636
2025-04-02,5315,1246
2024-06-09,1739,2416
2024-12-10,6257,2324
2025-05-18,3866,492
2026-04-15,6456,2982
2026-08-11,9703,2250
2025-02-08,621,231
2025-04-17,8678,617
2024-04-01,526,927
2024-11-02,5522,1903
2026-11-04,1152,955
2024-11-02,2068,1318
2026-11-12,4904,1911
2024-10-10,2767,71
2026-10-09,5997,760
2025-09-04,5126,1006
2026-02-07,9143,1195
2024-02-08,2794,2574
2025-09-15,2913,166
2025-02-19,774,653
2025-01-25,20,1655
2025-10-29,2303,2983
2025-05-26,654,2555
2025-04-29,5715,2547
2024-05-05,5890,2578
2025-05-28,2303,548
2024-11-08,2392,1192
2024-07-28,3688,2889
2026-03-02,9677,1221
2025-11-04,2200,2013
2025-09-10,2251,34
2025-03-04,8371,1025
2025-12-05,3196,2935
2025-07-26,2646,2072
2024-10-09,321,2846
2025-04-22,8140,774
2026-01-07,4677,2421
2024-02-10,3892,2804
2025-10-15,9223,221
2025-02-11,7432,866
2026-02-02,3937,977
2025-11-24,4143,2999
2025-03-13,6227,1676
2025-04-29,829,2429
2026-09-14,452,2075
2024-08-21,9019,1596
2026-10-08,3285,201
2026-08-23,8830,843
2026-10-09,6098,722
2025-11-16,4732,2054
2025-05-08,8975,1570
2025-05-07,6597,1538
2024-02-19,9885,1562
2024-12-01,4968,749
2024-05-24,5871,427
2025-01-12,2372,2732
2024-05-12,1550,2252
2025-02-02,3029,1842
2025-10-21,5609,2174
2025-10-28,3624,1947
2025-08-17,2388,1525
2024-06-11,6948,2920
2025-07-21,3996,560
2025-09-11,5266,2452
2024-04-08,6013,2387
2026-11-01,1064,863
2024-08-04,6743,1815
2024-04-04,81,2477
2025-05-25,6728,58
2024-07-03,2409,1825
2025-01-26,8235,2791
2025-11-11,4240,517
2025-07-07,6882,2908
2026-03-26,9589,880
2026-02-17,9424,2157
2025-12-25,6178,2038
2026-10-01,5506,2328
2025-10-11,3685,2669
2025-08-16,1698,868
2024-05-27,966,2368
2024-10-21,3898,1138
2026-06-21,8570,615
2024-03-29,4679,2906
2026-08-27,846,2505
2025-10-08,1039,1081
2024-01-07,1997,1163
2024-02-03,3911,87
2025-10-12,2901,1258
2024-10-04,7245,1820
2026-07-21,7161,430
2026-11-09,8489,2172
2025-01-09,7159,1848
2024-03-19,226,2909
2026-03-05,4239,1977
2025-12-21,459,2061
2024-09-04,454,1840
2026-02-25,5659,2222
2026-02-10,6564,918
2025-01-24,2708,36
2026-12-22,1343,1740
2024-06-05,8405,260
2026-01-14,7861,2792
2025-01-27,4966,561
2025-10-12,4534,186
2025-08-21,9510,2944
2025-05-03,5326,669
2026-03-27,8670,2023
2025-09-08,1785,2828
2025-01-06,7570,1822
2026-05-14,5676,1216
2024-12-20,3132,176
2025-05-02,3030,1721
2024-04-06,4395,1226
2026-11-20,9114,808
2026-01-05,4464,371
2025-05-10,8026,1915
2024-12-10,3431,1934
2024-09-01,1476,218
2024-02-18,6704,2185
2026-05-11,1618,105
2026-01-31,9121,382
2024-11-04,6172,798
2024-01-12,6493,870
2024-04-07,7218,1943
2025-10-03,5838,2645
2024-08-19,8013,2558
2025-05-29,4877,1196
2026-12-17,674,1488
2024-05-28,7069,1466
2025-01-03,3602,2105
2024-08-08,5013,784
2026-12-04,838,298
2025-08-14,10000,2243
2024-01-22,8510,600
2024-03-25,7690,2197
2025-04-18,6897,954
2024-02-25,3685,1137
2024-11-14,1305,2628
2025-09-15,5920,1481
2025-06-16,7175,305
2026-12-31,7591,1389
2024-03-21,73,2005
2024-01-10,5643,2753
2026-04-22,8121,538
2025-07-13,1602,1512
2024-07-26,3965,2602
2026-01-22,4491,957
2026-10-01,5904,2497
2026-09-07,6757,855
2025-11-17,6921,2825
2025-06-19,1474,2578
2024-05-14,3222,738
2024-06-21,3307,2852
2025-04-11,9951,843
2026-02-20,5385,2214
2024-07-26,2143,2685
2024-10-29,6254,2465
2026-09-15,5165,1210
2024-04-17,8971,1692
2024-04-01,6146,2636
2026-01-29,1310,2132
2025-08-04,757,2390
2025-04-18,9658,2158
2024-03-22,7551,834
2024-11-26,5662,68
2025-10-24,6496,2452
2026-04-17,9634,1200
2025-04-13,9570,2004
2025-11-19,1637,2962
2024-06-25,7277,157
2024-04-30,5594,2111
2025-06-07,9063,2141
2024-07-10,9648,181
2025-09-13,6663,1948
2026-09-07,2632,2309
2024-10-29,2296,327
2024-12-14,9962,1307
2025-06-13,4182,297
2026-10-11,6710,2698
2026-08-05,4779,357
2026-03-20,6277,1616
2024-06-15,2265,1416
2024-04-13,1979,2853
2024-10-10,3563,2026
2026-06-27,7619,1477
2024-01-07,8893,148
2026-09-12,369,1771
2026-07-11,3802,947
2024-06-17,5719,1452
2026-05-07,6820,1694
2025-09-21,8192,828
2024-01-30,7588,655
2024-10-05,4942,1457
2026-04-21,2017,2529
2026-10-13,6496,2343
2026-06-02,5019,2266
2026-01-05,6375,2290
2024-12-20,2700,745
2026-02-24,5378,2243
2024-09-10,1744,2412
2026-05-04,1823,2516
2025-09-09,9035,28
2025-07-22,2733,1240
2024-03-10,9646,1349
2026-12-16,7491,718
2026-07-11,3192,1800
2026-08-24,2563,2467
2024-12-25,7694,927
2025-05-25,7216,2652
2026-08-14,6340,2523
2026-05-31,3821,662
2024-02-01,9142,2680
2024-05-05,9737,2810
2024-02-12,7497,1748
2026-11-05,4606,2225
2025-12-19,2332,2393
2026-11-28,1974,2673
2026-10-17,6772,2945
2024-06-16,5491,2161
2026-04-15,6930,1598
2024-02-13,1255,1286
2025-05-30,7529,1797
2026-08-06,1498,2836
2025-11-17,9486,688
2026-11-26,9626,2647
2024-09-12,897,221
2024-06-13,9496,239
2024-06-30,2589,2091
2025-08-31,5791,954
2026-09-01,5608,1813
2026-12-16,4721,1671
2026-12-22,433,2072
2026-03-30,8467,660
2026-08-02,3108,363
2025-07-13,692,2972
2025-08-23,5815,2381
2024-01-13,9099,638
2025-06-14,5180,6
2024-04-08,5510,1202
2024-06-15,6061,1353
2024-12-01,3650,726
2026-06-19,8,2326
2025-04-06,9522,769
2024-03-16,4420,1216
2024-11-24,5587,317
2024-02-16,9224,2538
2024-01-17,8646,50
2026-11-05,3308,2574
2026-05-09,1569,929
2025-01-03,8539,929
2026-04-03,9881,458
2026-03-07,5114,286
2026-04-23,436,2696
2024-10-09,5163,35
2024-05-30,9539,1287
2026-06-30,9113,1871
2024-09-10,2773,1260
2025-03-14,4582,964
2024-06-15,8707,2384
2025-08-13,7653,1216
2024-02-26,8847,2756
2024-04-13,5876,2910
2025-11-13,3784,1713
2025-06-26,4348,2582
2024-05-18,3932,19
2026-08-19,2066,2859
2024-03-15,2680,1368
2024-12-18,4131,1715
2024-12-05,2422,584
2025-05-20,7868,132
2025-05-15,539,25
2026-06-30,7410,1382
2026-01-24,6820,5
2025-07-24,858,653
2025-11-16,1849,822
2026-07-15,3719,2890
2025-04-20,2482,2959
2024-12-20,9164,763
2024-07-31,449,1031
2026-12-26,3589,521
2024-06-05,6116,1803
2024-10-01,5989,2967
2024-04-17,7236,454
2025-09-10,9335,2000
2026-12-21,8163,601
2025-08-24,6912,2334
2025-04-24,4485,2049
2026-02-20,3874,1195
2026-11-30,7430,989
2026-12-26,7562,2809
2025-04-27,6051,2069
2026-07-19,5355,198
2026-10-21,7367,2730
2024-12-29,8421,1468
2024-05-02,8621,1948
2026-11-13,5751,2236
2026-10-10,8117,1984
2026-03-18,2169,1119
2024-12-27,1434,564
2026-12-12,4866,2979
2026-12-23,3987,1684
2025-04-08,7190,2813
2026-03-31,3614,19
2025-07-03,1275,2421
2026-09-29,4622,1620
2026-11-18,588,1192
2026-12-29,1946,1836
2024-06-10,7779,211
2025-02-19,7104,582
2026-03-17,2941,1007
2025-10-25,1288,931
2025-01-24,3742,1556
2025-09-10,6236,1501
2024-04-29,81,1888
2024-06-09,6171,2580
2026-01-11,996,683
2025-03-22,4006,2978
2024-03-15,3748,2065
2025-04-11,7404,1204
2024-11-14,8513,678
2026-04-06,4840,2679
2024-08-09,6945,293
2025-05-16,4864,88
2025-07-13,8390,233
2024-03-18,8418,1136
2025-11-11,8063,1488
2025-12-26,9409,1187
2025-03-22,8419,2662
2025-06-26,8994,1975
2026-05-21,4559,1808
2026-05-19,750,2341
2024-12-26,2366,1093
2026-04-14,668,194
2024-06-25,7549,1525
2024-06-11,1277,1659
2026-01-24,206,451
2024-04-21,2976,371
2025-11-08,6015,1002
2025-03-17,7680,2470
2026-02-28,6898,108
2024-04-13,7807,2537
2026-03-27,5308,973
2024-06-08,4213,1098
2024-04-02,3034,1722
2026-04-18,3120,2168
2026-08-25,5890,1286
2026-02-04,3026,641
2025-07-13,5188,2136
2026-05-23,1383,988
2025-08-30,6011,651
2025-02-21,8980,2865
2026-12-14,5136,1368
2024-04-12,6018,2653
2026-11-19,6704,2563
2025-09-17,2663,1891
2026-12-17,9411,173
2024-02-10,4008,952
2024-06-22,2804,848
2024-11-08,5705,2041
2025-01-04,7882,145
2024-04-02,733,180
2025-09-19,6994,2383
2026-04-22,536,593
2026-04-14,9472,2867
2024-03-17,9189,113
2025-10-12,4602,2149
2024-09-05,4577,1736
2025-12-06,3197,1635
2024-06-05,8843,1872
2024-04-19,3073,1348
2025-07-30,287,2769
2024-12-11,611,1759
2024-12-08,6754,2984
2024-09-09,4392,1248
2026-09-01,8458,2777
2026-10-20,6051,1864
2026-05-08,8933,971
2025-07-22,408,1459
2026-03-06,9778,354
2026-12-27,6344,2143
2025-02-07,9810,2035
2024-07-27,3097,668
2025-08-02,3004,2601
2024-12-06,8876,2417
2025-07-10,8420,156
2025-11-15,1956,2303
2025-07-17,7877,2244
2026-02-13,5792,1680
2026-09-18,5757,1072
2026-01-08,3171,2346
2025-07-13,1210,2430
2024-07-11,9109,197
2026-08-19,8231,1250
2024-11-20,8180,509
2026-07-23,6978,1494
2025-12-09,2016,1688
2024-05-30,4111,2263
2026-05-03,7958,906
2024-04-14,9602,964
2025-08-10,5809,2783
2024-07-11,2107,2463
2026-08-21,5534,2071
2024-03-16,3334,1278
2026-04-29,912,588
2025-04-25,582,432
2026-12-03,4988,2857
2025-03-16,9011,1563
2026-01-12,8953,1074
2026-08-17,1413,1644
2026-05-16,5931,2337
2024-12-03,1776,143
2025-11-29,5689,2073
2024-07-16,2021,1920
2025-12-15,1282,168
2024-02-28,9624,2574
2026-10-12,494,1612
2025-03-10,1858,594
2025-08-27,3650,2499
2025-01-17,5295,126
2026-02-09,6848,475
2025-07-06,8254,548
2025-07-16,3249,2841
2024-11-28,3858,2313
2024-02-09,9643,2759
2024-09-30,5111,1485
2025-03-15,5649,2909
2025-06-11,2764,339
2026-12-30,658,2770
2025-05-16,394,1698
2024-06-05,1584,2056
2024-05-04,2198,2726
2025-09-08,9377,154
2024-05-11,5651,2328
2025-09-25,2393,940
2024-03-08,7812,1629
2026-02-04,5634,825
2024-08-14,6177,1045
2026-04-08,5795,2429
2024-12-28,6717,1301
2026-10-15,2854,143
2026-09-04,204,812
2025-02-19,3114,2151
2024-05-09,1104,2443
2026-09-15,6648,1162
2024-05-07,3543,1242
2026-02-22,7570,1352
2026-06-26,6996,2353
2025-02-17,1777,2570
2026-09-09,2464,275
2025-11-17,985,2180
2024-03-07,9678,1540
2024-11-24,383,1545
2024-10-18,7753,1358
2024-10-03,8,2681
2024-08-11,5773,429
2026-07-21,1767,414
2025-05-26,9364,151
2026-10-22,4245,1445
2024-06-05,5044,543
2025-02-09,6102,1435
2024-11-27,7033,822
2026-02-05,5311,1000
2026-09-16,2756,1606
2024-02-26,590,1061
2024-03-19,8715,1852
2025-06-07,269,2871
2024-11-25,151,708
2024-12-04,6219,667
2026-06-30,9224,932
2026-01-05,2792,1470
2025-06-09,8036,835
2026-03-06,5407,2227
2024-01-01,9465,441
2025-02-19,9248,50
2025-09-08,3823,1503
2025-12-17,553,839
2024-12-24,1300,1551
2025-08-20,5362,1829
2025-01-15,2984,1734
2025-02-13,5929,2832
2024-12-31,1583,2946
2024-03-30,6811,1646
2024-02-24,1310,2958
2025-08-06,3146,77
2024-05-13,210,251
2026-08-02,6923,2367
2026-04-12,9453,360
2024-06-10,2488,1049
2026-05-02,8871,2319
2025-02-04,6665,1801
2026-09-04,3932,1005
2024-02-03,3200,1384
2025-04-24,1911,2403
2024-09-15,47,648
2026-04-07,1093,2105
2024-08-28,4610,2047
2025-12-30,7337,2039
2025-06-23,8121,2818
2026-02-07,8039,447
2026-04-19,7258,2177
2025-05-08,2042,132
2025-10-07,789,1960
2026-08-24,7186,1520
2026-10-15,5922,2805
2026-06-14,2257,301
2025-06-20,8836,397
2026-07-27,2417,1245
2026-05-28,8919,460
2026-03-07,2772,2283
2026-02-07,7272,1639
2025-04-06,2289,309
2025-02-10,603,263
2024-05-17,7857,2708
2024-11-06,2965,2392
2025-01-09,7312,571
2024-04-14,9935,1224
2025-09-20,3525,1894
2024-09-06,5409,169
2025-02-07,4872,2712
2025-08-21,2105,2304
2025-12-16,6267,1595
2026-02-02,992,808
2024-09-10,4138,1780
2026-06-05,9731,26
2025-04-12,4780,2044
2024-07-14,4288,1149
2024-12-05,838,43
2026-07-13,451,78
2025-04-12,7133,1271
2025-10-05,532,796
2025-12-25,5822,2473
2025-12-15,7549,1718
2026-04-27,4305,263
2024-09-23,9018,64
2024-04-16,7730,403
2024-11-17,743,2236
2026-04-04,618,2219
2026-04-04,2292,2744
2025-03-01,6111,1349
2024-09-22,8758,640
2026-11-23,6253,1553
2026-05-15,3780,2203
2025-01-07,9288,2578
2026-02-23,482,1094
2024-05-07,8250,331
2024-10-27,713,2587
2026-05-11,8334,1476
2025-06-15,925,2928
2026-07-31,58,2991
2025-06-01,7324,709
2024-08-10,202,2129
2026-11-02,6924,886
2026-10-16,884,48
2026-08-30,6636,1717
2024-02-26,3684,999
2024-12-29,5807,1797
2024-04-19,2099,1166
2024-05-14,2613,1981
2024-04-15,542,1647
2024-07-16,9922,109
2024-03-30,7466,2398
2025-03-16,3191,900
2026-10-21,4606,2337
2025-01-30,7887,1292
2025-04-03,9984,2532
2024-07-29,2963,1587
2026-01-30,5917,281
2026-08-11,8060,1693
2026-10-25,1478,1264
2026-06-20,6855,847
2025-01-22,3737,2304
2025-01-04,2809,1666
2025-10-15,2617,745
2025-08-21,1571,864
2024-05-02,5438,2191
2026-07-15,2540,590
2024-08-31,6396,46
2026-09-12,3036,1641
2026-01-10,2319,559
2026-05-04,6575,787
2026-04-06,3374,1928
2026-12-27,4325,1943
2025-06-03,1332,1816
2024-12-31,1390,551
2024-12-22,8673,2012
2026-02-22,8643,1121
2025-05-28,4071,2677
2024-10-31,1159,1815
2025-07-04,2297,201
2025-08-10,500,2305
2024-01-20,5196,2400
2026-10-29,4544,2733
2025-02-23,9861,723
2026-08-31,4346,1273
2025-10-16,6937,2074
2026-02-11,1060,2681
2024-05-09,8037,677
2026-05-18,4744,1664
2026-04-25,2144,570
2025-08-30,4674,2592
2025-09-21,6880,596
2026-11-07,2438,2542
2026-10-31,9580,1859
2026-03-16,1535,2374
2025-05-27,8164,1718
2024-08-20,729,644
2026-10-22,1676,2332
2026-10-11,5300,1528
2024-02-07,3242,485
2026-02-21,6488,1504
2024-09-26,219,2051
2025-01-20,3050,46
2024-11-05,4366,1315
2024-04-25,3794,1153
2026-02-25,5837,727
2026-11-27,8207,965
2026-03-01,1397,2223
2026-03-18,2532,467
2025-10-14,1582,1795
2025-06-12,6772,1520
2026-01-26,9749,1102
2025-12-10,6409,270
2024-12-12,8411,1764
2024-02-12,4559,2255
2026-07-29,5878,613
2025-08-27,7211,2884
2026-08-02,6925,551
2026-07-22,7137,122
2026-10-21,7943,2984
2025-04-24,5438,2818
2024-07-26,3504,454
2026-10-02,9181,623
2025-01-03,1751,43
2025-12-22,1821,2719
2026-07-21,5195,2573
2025-05-01,4132,2693
2024-12-27,1530,975
2026-01-08,2377,94
2025-12-21,416,1174
2025-09-21,199,1668
2026-03-25,7918,2455
2026-01-24,6280,1185
2024-10-11,4715,48
2025-06-02,5989,842
2025-03-12,4899,2925
2026-03-29,6637,609
2024-08-23,140,2252
2024-03-28,7255,73
2026-02-14,8619,1751
2024-12-04,7957,1206
2026-04-30,6653,2156
2026-01-31,4588,309
2024-12-25,9645,1135
2025-07-01,4714,2614
2026-08-15,3535,233
2025-11-13,2010,1910
2026-09-23,8729,222
2026-05-26,1083,1907
2026-03-04,3170,2256
2025-08-24,3585,2315
2025-01-05,9479,1732
2026-02-23,1720,569
2025-07-22,2444,473
2025-03-29,7705,523
2025-01-14,2574,651
2026-12-22,7276,1356
2026-09-10,7324,2176
2024-07-29,6138,1363
2025-01-01,7166,2621
2026-02-24,3824,2185
2024-03-13,5634,2495
2025-06-20,5294,2216
2026-03-11,9841,1139
2024-03-29,174,1489
2026-08-09,3741,303
2024-12-30,7618,1224
2025-08-06,6562,2281
2025-12-11,8003,2607
2025-08-13,1484,337
2025-09-11,3408,1597
2026-02-25,295,231
2026-05-12,2767,2607
2025-07-03,5217,74
2025-11-06,5429,1926
2026-01-16,1011,2988
2026-05-22,7474,2608
2025-05-28,8211,2982
2024-10-14,4110,2480
2024-07-17,4092,1002
2024-12-29,767,2371
2026-04-22,3690,2255
2025-11-19,4564,2434
2026-09-25,4453,2379
2026-09-18,8614,2198
2024-11-20,2327,1799
2024-09-20,8291,2779
2025-01-13,6817,1795
2026-08-09,4943,2628
2024-10-18,9471,1174
2025-12-28,2116,583
2025-11-22,4839,2013
2026-05-15,104,1579
2026-11-19,9941,1944
2024-01-30,126,289
2024-11-05,7169,2172
2025-09-20,1603,1
2024-02-02,340,2812
2026-09-21,3518,270
2024-03-29,4090,2491
2024-06-14,673,2291
2024-10-24,8177,10
2024-12-28,4997,22
2025-09-27,2142,314
2024-11-30,7482,2412
2025-05-07,6667,580
2024-04-01,8356,2875
2025-08-24,2703,880
2026-03-02,7687,2362
2025-01-29,2904,645
2026-07-13,2368,2332
2026-08-21,6301,2251
2024-02-04,8033,2794
2026-05-23,5839,2561
2025-06-13,1734,2888
2026-08-17,3475,1840
2026-08-10,1733,1010
2024-12-20,4616,230
2026-01-06,2070,1798
2024-10-30,5168,1873
2025-01-25,4203,2625
2024-07-30,8863,2207
2025-10-13,2766,1340
2026-08-04,8627,479
2024-05-13,7051,894
2026-08-19,6375,1761
2026-08-10,2695,222
2026-02-08,7970,2864
2026-06-09,8647,2704
2025-07-05,6581,1748
2026-01-21,5276,1805
2024-03-12,8489,1810
2026-07-11,3390,2191
2024-02-06,5715,741
2025-06-28,8213,1706
2025-06-24,1087,1722
2026-09-09,8311,2400
2025-12-22,394,2772
2026-10-09,3257,157
2026-05-24,4937,1276
2025-08-13,1691,2751
2026-11-19,418,2331
2025-04-21,9346,1400
2024-02-07,3363,759
2024-06-10,5626,842
2026-10-16,6217,261
2026-05-31,5509,2446
2024-09-07,2397,1518
2025-06-25,9996,436
2025-11-29,3404,1441
2026-06-16,3620,2565
2026-09-24,1987,2419
2025-12-19,8220,389
2025-08-04,4920,2691
2025-07-03,9827,2801
2025-10-08,2332,2135
2024-09-22,2374,2414
2026-02-13,5726,2595
2024-01-20,6015,2228
2025-01-11,2925,848
2024-04-30,2965,1776
2025-06-13,5740,733
2024-04-02,4469,2126
2024-12-20,3434,669
2024-03-14,1624,790
2026-02-26,8963,2604
2026-10-20,8878,1705
2025-01-28,4066,1308
2026-02-17,9198,2994
2024-09-20,6954,2282
2024-01-11,9763,1874
2026-10-30,8959,440
2026-10-18,5064,1368
2026-11-18,3938,2470
2026-10-11,1867,1872
2024-09-29,437,2485
2024-03-31,5827,678
2026-03-24,8315,1246
2026-05-31,3031,2951
2026-07-04,6205,1930
2025-09-23,9391,2821
2024-02-01,3845,1616
2025-12-26,763,2004
2026-02-26,1957,1031
2025-05-22,9118,775
2026-10-21,1550,1480
2026-01-23,7287,745
2025-06-16,8295,332
2026-11-27,4389,1989
2026-11-09,7452,646
2025-01-04,8398,1863
2024-02-05,5034,915
2026-10-31,9988,795
2026-08-16,4744,1661
2024-01-01,2825,2459
2026-08-13,9113,1342
2026-07-14,8882,2469
2026-11-16,8946,2818
2026-02-14,3860,50
2026-11-03,8127,788
2026-09-29,96,602
2024-05-20,3711,2354
2026-11-17,8937,2884
2026-01-18,8734,2573
2024-01-23,2490,2899
2026-03-09,1676,2954
2024-05-27,5161,1045
2024-02-11,9832,1790
2025-03-18,1934,2428
2025-01-20,3026,2492
2024-07-22,2427,1554
2026-05-10,7512,740
2026-02-03,7309,1601
2024-03-28,4014,2206
2026-09-26,8049,475
2024-09-27,6764,248
2025-09-20,2712,2552
2026-08-21,3520,2475
2025-03-20,9360,1329
2024-08-12,1146,465
2024-08-28,5191,1441
2024-03-06,2359,2237
2025-10-01,3069,2819
2025-11-07,5865,381
2025-01-08,3702,2827
2024-07-22,9846,1761
2026-11-28,7757,1971
2026-01-20,5026,978
2024-12-27,4416,1087
2026-08-28,8928,1125
2026-03-26,5657,836
2026-11-06,4837,2747
2025-07-10,7868,1496
2026-09-12,2267,293
2024-06-26,8995,394
2025-08-30,6025,2382
2024-10-01,4392,391
2026-03-31,7607,1783
2025-11-11,3856,1694
2024-04-15,1159,269
2026-09-02,7270,2669
2026-02-10,1378,1805
2025-02-26,4915,880
2026-01-21,540,38
2025-06-13,2567,850
2026-03-15,7510,2758
2026-07-17,3767,2723
2025-07-25,1226,2146
2025-10-14,3142,987
2025-04-12,8879,2846
2025-10-23,7379,2858
2025-02-28,7444,1343
2025-11-22,6370,2054
2025-06-30,8853,2728
2025-10-07,8705,2528
2025-01-10,526,1035
2026-07-31,6886,105
2025-06-18,6392,2640
2024-08-25,8435,1040
2026-03-26,7762,2223
2024-02-20,6042,1994
2025-02-09,6409,1288
2024-08-31,4501,363
2024-05-31,5606,6
2025-05-04,7820,2637
2024-05-04,3374,1597
2026-09-07,627,763
2025-11-02,5111,1000
2026-07-16,8206,579
2025-03-30,6532,2815
2024-10-26,5945,2971
2024-03-12,7567,1902
2024-06-27,9936,1699
2024-11-11,6843,2420
2025-06-27,6716,675
2026-01-13,4898,849
2024-01-05,1632,1989
2024-02-21,7887,285
2025-07-13,7442,1406
2024-05-25,2882,1402
2026-01-23,8132,2040
2025-10-22,739,121
2026-07-02,3892,2977
2024-09-03,5111,532
2026-11-23,5025,2820
2025-05-04,6979,734
2025-06-11,5956,1404
2026-11-03,7747,2905
2026-03-02,380,2196
2024-05-14,3761,1041
2026-03-07,8635,2569
2026-03-09,16,2384
2026-04-11,7589,2823
2024-05-13,6011,1934
2026-05-17,2304,61
2024-04-11,9684,2739
2026-07-08,6105,1896
2025-03-26,465,2757
2026-09-01,3934,1403
2025-06-15,5039,408
2025-01-12,1346,1141
2024-10-09,4000,2706
2026-07-02,2117,1666
2026-04-10,3939,1045
2024-07-19,5530,2329
2025-06-19,1494,2619
2024-08-13,7180,2575
2025-12-14,3241,1192
2026-11-16,2050,1259
2025-09-17,6437,2862
2025-08-27,8032,240
2026-01-15,8467,2347
2024-09-03,8801,581
2024-05-12,6655,153
2024-07-30,4651,2849
2024-12-23,5355,2963
2024-09-05,179,1734
2026-11-28,3883,1232
2025-01-03,6453,1032
2025-04-25,5656,2834
2025-08-14,9839,1034
2025-12-07,3483,1023
2026-07-18,3464,2496
2024-10-20,6609,2579
2026-05-04,9391,498
2025-07-26,1809,2919
2025-01-18,2393,1744
2025-06-01,6771,2802
2026-02-23,564,1743
2026-06-27,1973,286
2024-09-17,5766,517
2026-07-04,8890,1081
2025-08-10,4264,463
2025-11-13,7595,107
2024-03-16,7026,1333
2025-02-14,4548,1857
2026-08-07,8879,888
2025-05-07,5303,718
2024-04-29,4734,2026
2025-07-11,8327,1615
2024-11-10,5927,309
2024-05-22,9647,1609
2026-08-21,6934,950
2026-12-19,5654,1585
2025-08-02,717,864
2026-01-04,2094,1890
2024-04-16,8748,974
2025-05-31,2936,9
2026-08-26,9991,576
2025-05-19,950,554
2025-06-28,6135,27
2024-11-19,9186,679
2026-10-09,9724,1086
2026-08-31,8522,1720
2025-10-19,5017,913
2025-06-23,2269,1341
2025-01-03,6220,1197
2024-04-01,8902,2021
2025-02-06,657,749
2024-01-05,9138,2335
2025-05-17,2956,1550
2026-11-07,9472,1177
2025-07-03,9984,2205
2024-01-03,5655,256
2026-10-08,8988,2913
2024-07-26,2076,764
2026-01-13,9606,1827
2024-12-13,6556,110
2025-04-03,5298,2433
2025-10-07,1255,1046
2024-10-30,8557,307
2025-07-08,4642,2821
2026-05-13,1342,10
2026-07-18,8916,1942
2026-10-15,9495,1939
2025-08-21,2105,849
2026-06-09,8283,1643
2025-07-21,5536,887
2026-07-29,8495,775
2026-04-18,5912,1401
2024-08-05,9589,1127
2024-09-13,4224,2656
2024-02-29,7604,60
2025-06-08,973,1529
2026-02-08,4968,2890
2025-01-14,7252,1528
2025-01-18,6233,49
2025-01-19,6131,1086
2024-10-13,1690,1940
2026-07-02,172,2053
2026-01-29,6746,687
2026-10-08,2787,596
2025-08-16,4902,2463
2024-04-19,5904,865
2026-06-20,9625,2596
2025-11-15,5608,1842
2025-06-18,1909,1336
2025-03-05,3394,2996
2026-04-09,1697,1949
2024-07-03,1735,2242
2026-06-14,3263,1299
2026-11-14,2328,2099
2026-05-27,8756,2977
2024-12-19,5015,2702
2026-09-30,4499,201
2024-09-08,5639,48
2025-01-15,9524,62
2024-04-11,9437,1298
2024-05-01,4970,2562
2026-04-01,2979,2268
2024-09-21,6146,2385
2024-02-19,1288,2280
2024-04-05,8041,1755
2026-01-29,8934,2172
2025-09-12,3864,1917
2025-12-16,9955,2282
2024-04-08,7140,465
2025-04-21,6903,300
2024-03-18,9887,1271
2026-11-25,5566,1629
2026-10-02,1371,2835
2026-06-26,7735,1751
2025-01-14,9366,300
2024-04-18,8242,1004
2024-02-15,9018,951
2024-01-27,8721,2409
2026-02-04,2943,1270
2026-10-05,5084,2711
2025-09-16,9503,1108
2024-02-17,9179,27
2024-04-01,503,147
2025-11-03,2015,930
2025-04-15,117,1645
2025-03-01,149,274
2024-09-28,7529,1558
2024-08-03,6810,534
2024-09-30,8231,1227
2024-04-23,2790,2101
2026-01-09,9504,1968
2025-05-18,7392,2349
2026-03-02,9451,1700
2024-11-29,6949,1900
2026-11-08,260,404
2024-05-26,7454,2562
2025-01-23,4375,1608
2024-05-13,7806,484
2024-05-02,4805,1278
2026-09-24,4089,1265
2025-08-25,3232,1824
2024-11-05,4644,1418
2025-05-15,8964,504
2025-08-24,9006,2689
2025-03-31,6144,974
2024-01-08,9675,915
2024-10-29,3052,755
2024-06-10,2213,1136
2026-02-05,4667,2669
2025-02-25,3724,1862
2025-01-09,2732,2552
2026-04-18,4256,2452
2024-10-07,7360,2356
2026-08-13,4556,1655
2025-12-08,2117,1099
2025-07-01,3838,2839
2026-01-12,3591,2003
2026-08-24,5669,866
2025-08-29,3560,2998
2025-01-06,6940,583
2025-01-28,9608,2025
2026-07-05,2621,2797
2025-01-24,6716,2054
2024-12-17,5113,1349
2025-06-23,1413,376
2026-07-26,4808,1476
2024-11-01,9498,1411
2025-05-03,6998,480
2024-08-15,1214,405
2024-01-12,7436,753
2024-03-26,590,2511
2025-01-13,5536,2491
2024-05-20,6596,1930
2026-11-19,7530,504
2024-10-07,1332,2759
2026-08-22,2523,1706
2026-10-13,9508,1201
2024-01-23,2288,135
2024-03-31,8689,352
2025-10-16,1329,2123
2024-06-12,9132,2446
2025-08-08,786,2326
2024-05-30,4894,2758
2024-10-06,5380,2696
2024-04-12,7528,83
2024-01-29,1897,745
2026-04-08,6083,2549
2025-10-19,6010,978
2026-11-09,523,386
2024-09-01,7979,749
2025-05-04,7740,2478
2025-04-07,3575,2164
2026-10-21,4263,572
2025-06-13,5208,2728
2026-01-22,8877,101
2026-04-16,9159,1570
2025-05-25,7358,2249
2025-05-01,9618,891
2024-11-21,8794,2079
2026-08-06,7959,2632
2025-06-08,4714,1943
2024-03-20,5602,1039
2026-02-17,5079,1294
2025-05-25,256,1480
2026-02-17,2035,2314
2024-07-20,4128,1631
2024-09-09,369,511
2026-09-04,2616,372
2026-03-17,5626,2635
2025-10-30,4459,198
2024-10-07,7627,1114
2024-04-30,6313,1403
2026-01-24,444,528
2025-11-14,965,1874
2024-07-29,6259,38
2026-03-23,6472,952
2025-03-14,7911,823
2025-03-09,2861,405
2024-03-13,8278,2679
2026-10-30,2683,67
2024-07-01,1657,1924
2024-07-27,7638,2420
2026-06-19,814,2630
2026-06-01,733,2980
2025-09-16,5604,787
2026-09-20,3410,261
2026-03-27,3754,549
2025-12-12,15,2846
2026-10-22,8501,1215
2024-05-02,2162,1455
2026-04-30,4927,2853
2024-09-27,5110,1701
2025-09-14,150,1097
2025-05-22,7370,2694
2026-01-20,1702,508
2026-02-10,8267,2589
2024-08-05,7847,975
2025-06-14,5639,2649
2026-08-03,9530,571
2025-10-14,7422,1027
2026-06-15,5148,791
2024-08-18,1153,533
2026-03-24,2823,1956
2025-06-20,9681,2361
2024-02-15,4384,950
2025-10-28,299,2713
2024-07-11,8334,1900
2026-11-18,1287,358
2024-12-21,7906,2833
2026-04-06,6893,2017
2024-04-01,2466,1092
2024-12-05,502,629
2025-05-19,5873,2122
2026-11-14,6368,150
2026-09-26,2593,2811
2026-04-22,5673,2187
2026-06-22,5757,1628
2025-02-04,1998,2560
2026-08-26,4491,1900
2025-01-12,4910,214
2025-04-29,6440,2061
2024-08-17,9672,2374
2026-05-02,4059,455
2024-09-22,6660,2687
2025-06-07,1045,912
2025-10-13,1432,661
2025-12-14,1312,2560
2026-12-05,3307,900
2026-01-02,1327,1278
2024-03-21,4409,26
2024-10-13,6494,462
2026-10-17,9923,388
2026-09-05,383,1283
2025-09-13,8804,1350
2026-04-07,9042,1429
2025-02-07,6042,330
2024-11-27,2398,2952
2026-03-04,1826,1406
2024-08-19,7387,1566
2025-09-16,722,192
2025-06-13,4064,411
2026-03-10,6932,390
2025-02-25,434,2196
2024-01-22,6322,998
2025-08-19,2189,156
2024-05-14,4916,1509
2025-01-31,9644,776
2024-05-07,6997,472
2024-08-25,1681,1943
2025-09-25,4511,2423
2024-11-04,3846,756
2026-12-18,7034,1980
2026-02-11,7697,1764
2026-03-19,7305,159
2025-12-23,3660,656
2024-05-25,3259,2073
2024-11-01,7864,2389
2024-07-14,9026,2176
2024-08-07,9952,1075
2026-12-20,4432,21
2025-01-13,3292,1125
2026-05-29,2850,823
2025-11-02,4321,1847
2025-02-12,9580,1198
2026-10-21,264,1411
2025-10-29,1657,2190
2025-09-27,7757,150
2024-10-07,5129,127
2026-09-21,8375,747
2024-03-19,4747,2983
2024-10-25,8630,1213
2024-05-02,1040,2248
2026-09-27,5831,210
2025-06-24,9611,1124
2025-01-16,9718,1176
2024-02-07,2229,2716
2025-07-23,9927,1176
2024-07-23,8881,2415
2024-07-02,8003,2503
2024-03-13,5516,2927
2026-02-23,5403,829
2026-02-22,1830,527
2025-11-04,4916,477
2026-01-08,3419,1983
2026-09-05,343,1018
2024-05-29,1405,1752
2025-01-20,5712,2442
2024-03-09,3702,589
2026-06-11,3229,524
2024-11-15,3873,237
2024-04-19,3298,2596
2024-10-15,5269,2330
2025-11-15,331,1948
2026-10-23,2462,994
2025-01-03,9000,1588
2025-12-26,9866,1294
2026-07-08,6554,2523
2025-03-16,3961,723
2025-08-15,4475,830
2025-12-25,3338,309
2025-10-07,5232,775
2025-07-12,5589,2603
2026-05-30,2549,1388
2025-01-19,1501,629
2024-12-08,5218,2892
2026-05-03,9475,814
2025-07-15,9836,197
2026-04-01,5838,2379
2024-04-17,545,2483
2025-10-05,4464,2428
2025-06-09,6597,2959
2025-09-10,2661,1906
2024-12-09,7926,2436
2024-02-02,6466,153
2025-10-25,4542,200
2024-08-11,5974,2412
2026-08-18,3523,2555
2024-02-29,4274,2354
2025-05-07,6555,708
2026-05-02,5436,916
2025-06-30,8204,2986
2026-12-24,8291,129
2025-03-29,9065,1688
2026-05-17,4839,1457
2024-04-17,2997,2861
2024-07-06,6056,1766
2026-12-13,9734,391
2025-10-23,7825,2549
2026-05-15,4,1307
2024-10-15,1203,1111
2025-01-06,6722,87
2026-01-12,5836,2930
2026-06-14,3444,518
2024-07-27,6695,2517
2024-03-10,2212,1011
2026-03-31,7312,2341
2025-08-15,8097,1969
2026-04-03,105,1435
2024-03-09,9133,2680
2025-07-14,7088,57
2025-12-21,9680,262
2024-10-28,4459,924
2026-03-28,8582,2170
2025-01-15,6836,2456
2024-07-09,3682,583
2025-09-21,3878,2878
2025-12-20,9144,444
2025-08-02,7921,1349
2025-01-19,3303,633
2025-06-04,9532,2209
2026-10-30,6414,19
2026-04-04,7388,1526
2026-02-11,5608,738
2024-12-03,8516,704
2024-04-04,910,1498
2024-07-05,4413,1130
2024-01-02,9550,611
2024-03-01,901,1090
2026-02-08,888,2095
2025-07-22,8922,1441
2024-06-19,4499,1225
2025-12-11,9857,1873
2024-06-14,1726,2134
2025-05-13,556,1895
2024-02-01,223,172
2025-04-27,3944,2001
2025-11-22,8587,2507
2024-02-22,7505,121
2024-09-11,8327,2772
2025-03-14,7695,453
2024-08-21,7527,633
2026-08-06,5380,1279
2025-04-23,4306,2424
2024-09-18,1833,1877
2025-04-14,193,2476
2025-04-03,8711,712
2024-12-22,2263,360
2024-06-09,2261,1724
2024-03-16,5371,854
2025-01-29,8782,891
2025-11-01,2599,2795
2024-03-24,6180,2639
2025-06-11,92,95
2024-08-20,9932,2067
2025-07-10,541,1432
2024-06-12,1219,1685
2026-03-30,7544,1123
2026-10-13,2653,1835
2024-09-09,6875,2828
2026-06-22,460,1170
2024-01-28,5211,1666
2025-03-08,7399,1101
2026-08-03,6747,971
2026-11-17,6756,1432
2024-06-30,1111,847
2025-08-18,8220,2541
2026-12-26,1705,2917
2026-08-08,7974,497
2026-12-28,4077,1409
2025-12-03,7091,1251
2025-08-25,2650,412
2026-04-25,973,792
2024-04-05,460,582
2024-11-25,4090,80
2026-04-24,1148,2385
2025-09-04,5116,585
2024-10-08,7849,1383
2026-03-08,8509,2731
2026-05-18,2769,2129
2025-01-26,6378,985
2026-04-20,1815,1843
2026-03-28,5224,2127
2026-10-29,1751,1519
2024-09-11,3143,1611
2026-02-05,8393,2247
2025-04-14,1731,2602
2024-07-09,4374,1957
2026-02-04,5337,2901
2026-09-02,8134,2604
2026-10-26,1246,527
2024-03-26,2499,1647
2024-05-31,5320,2353
2024-04-10,8238,2399
2024-03-28,224,80
2026-11-18,687,1226
2025-09-27,8922,1651
2025-12-05,9298,980
2025-03-17,9198,2389
2025-04-29,4978,1705
2024-07-24,186,274
2026-10-21,7751,2091
2026-04-26,7133,2966
2024-10-12,9511,2488
2024-09-19,4813,2805
2026-01-31,5810,102
2025-12-15,2970,2148
2025-06-04,4080,2765
2025-06-22,2716,202
2025-05-02,3652,2093
2026-08-11,7500,1141
2025-05-17,4501,1041
2025-10-22,1230,1671
2025-01-25,2417,170
2024-04-03,8161,1652
2024-07-18,2417,544
2026-09-20,7367,884
2025-12-14,7346,101
2026-06-04,5490,147
2024-08-23,7494,649
2025-09-07,9898,130
2026-12-23,4434,2082
2024-12-26,716,1759
2026-11-21,6034,2692
2024-07-21,3819,2808
2025-06-11,128,2788
2025-05-06,5818,1061
2026-05-10,8091,2454
2026-03-10,4015,2458
2024-04-18,8238,1578
2026-04-11,3986,2934
2025-04-04,620,2736
2026-02-11,2173,2795
2025-04-03,4669,1287
2025-02-15,2852,453
2026-06-26,6940,1058
2026-07-08,1275,2505
2025-12-26,9171,2183
2026-10-17,7396,2912
2025-09-04,5305,217
2025-07-04,9722,497
2025-11-16,6745,1824
2024-11-24,5761,1615
2025-07-28,4876,1006
2025-12-15,4396,1116
2025-06-13,7652,594
2026-03-15,4547,744
2025-01-29,9039,2226
2024-10-16,4622,2409
2026-05-29,8113,1139
2024-09-09,916,1741
2024-02-24,7396,349
2026-04-07,1056,693
2024-06-03,2422,1151
2026-09-15,9119,2862
2026-01-31,4799,382
2026-04-24,8401,186
2025-03-11,9567,421
2026-03-05,6372,1313
2026-10-17,7962,1448
2025-07-31,2465,1450
2024-04-26,5549,1140
2026-03-20,7617,1092
2025-10-23,5598,554
2026-10-09,7366,1661
2026-12-15,4361,908
2025-07-12,7971,2029
2024-07-26,8429,2490
2026-08-10,3250,1268
2026-06-11,2081,2825
2025-10-07,6702,2385
2025-10-12,2734,2636
2026-08-19,1789,181
2026-07-02,6044,2250
2026-06-21,6563,541
2024-12-17,2158,826
2025-08-12,4298,2268
2026-05-10,3124,2092
2026-01-18,9015,941
2025-11-14,9468,801
2026-02-04,8362,1804
2024-07-30,4228,1257
2025-02-06,9771,2699
2026-04-24,2809,972
2024-02-03,4421,846
2026-12-31,9766,1069
2026-10-15,6523,1236
2026-07-09,720,1659
2026-05-16,5138,2364
2026-08-09,6890,759
2026-05-09,2175,1907
2025-02-12,640,632
2024-02-09,8951,2796
2025-07-29,4980,2732
2024-11-09,7966,1902
2026-09-27,8433,1538
2024-06-27,8531,447
2024-01-29,6539,1193
2024-01-18,1256,1603
2026-08-04,9676,1277
2024-12-22,5760,1892
2026-11-30,9085,2873
2024-10-20,939,381
2026-11-10,5666,1753
2024-12-10,183,820
2026-12-21,3913,2454
2024-01-26,4398,330
2024-12-16,8133,1091
2025-11-24,7171,355
2026-08-05,8620,2815
2026-10-12,3558,1636
2024-02-15,3479,2709
2026-07-11,1432,2767
2026-06-27,3839,1261
2024-06-08,9559,195
2024-08-14,2615,2602
2025-12-04,984,1769
2024-08-22,6911,1254
2024-02-06,8064,142
2025-08-14,3926,942
2025-04-24,437,1385
2026-11-27,417,961
2026-08-30,1914,441
2024-09-20,3228,1258
2026-01-27,6543,2282
2024-03-27,5138,1629
2024-08-22,7777,1734
2025-03-14,1758,1649
2024-02-06,4118,2091
2026-10-31,7672,1937
2026-03-14,5756,743
2024-05-05,6197,1429
2026-03-20,432,2392
2026-04-16,2393,836
2024-12-04,54,1760
2024-11-21,1687,810
2025-11-20,8221,2417
2024-07-20,3911,2762
2026-05-16,3853,2723
2025-04-12,7568,218
2025-02-04,3111,762
2026-07-29,6599,1419
2026-01-25,4898,1910
2024-05-10,2547,629
2026-03-16,6877,2688
2026-07-01,5983,423
2025-11-13,4742,1086
2025-03-01,4925,1200
2026-09-04,5914,2871
2025-02-24,4561,68
2026-12-29,6012,1726
2025-09-16,1075,2672
2025-06-11,7642,349
2024-04-01,1252,1913
2025-04-02,1046,1453
2024-11-29,7957,400
2024-06-08,7412,1201
2026-09-19,5521,1921
2026-07-02,8927,715
2024-07-02,5582,1228
2025-06-07,8522,1668
2026-09-13,614,538
2025-10-02,2949,491
2025-01-18,5022,2176
2024-08-09,154,2363
2026-02-06,872,1057
2024-04-30,5407,2304
2024-03-15,7500,241
2024-04-01,5739,828
2026-06-14,7256,2484
2025-04-16,5112,562
2026-03-18,4381,1375
2026-07-04,380,1739
2025-06-18,4158,1665
2024-08-22,9639,1991
2025-05-09,5468,105
2025-07-20,8070,1821
2026-02-02,1378,2157
2025-08-08,8615,1853
2025-10-16,1409,2820
2024-04-29,3390,519
2024-02-05,6418,2092
2024-04-23,3916,1805
2026-04-05,6184,667
2026-11-27,4102,2353
2025-07-30,4978,967
2025-05-10,1561,2674
2026-01-04,6509,467
2024-06-07,381,1020
2025-03-04,2206,730
2024-11-10,9348,68
2024-06-12,8895,739
2026-07-13,6690,246
2025-03-21,3837,188
2026-11-03,2238,2764
2024-08-21,5444,1471
2024-10-12,7885,1972
2024-02-11,3632,1530
2024-05-15,5773,1519
2024-06-27,1460,2729
2026-05-01,9897,630
2024-11-11,5930,1014
2024-02-22,472,1005
2025-02-24,5238,2318
2024-05-06,9684,1962
2026-12-10,7274,2068
2024-12-21,4210,1543
2026-02-05,2274,1673
2024-08-27,7428,2955
2026-03-24,8626,1620
2024-09-11,5323,1191
2026-07-29,532,1778
2026-02-22,4633,1920
2024-12-18,4540,303
2026-10-09,4438,696
2026-12-20,3954,1544
2026-11-15,173,2266
2025-05-04,893,355
2024-09-24,9997,2079
2026-03-22,2426,2716
2025-02-28,8155,947
2026-08-07,5169,2618
2026-05-14,7139,2845
2024-12-30,2533,898
2025-08-30,5066,246
2026-07-10,3952,2767
2025-06-29,6770,2045
2025-12-03,9338,1094
2026-01-21,3478,569
2026-06-02,1123,2043
2024-03-09,9736,1645
2024-12-02,6978,481
2025-09-18,5765,739
2026-08-23,9676,158
2025-04-02,5397,915
2024-01-01,8864,2358
2025-01-20,9896,524
2024-11-22,1192,150
2026-12-08,7520,1799
2024-09-29,9576,542
2026-02-24,6967,1589
2026-03-11,1681,836
2024-06-04,9422,2508
2025-09-29,1030,2606
2026-10-26,7341,390
2025-10-27,53,203
2025-12-08,1042,1366
2025-03-11,4784,1348
2025-02-23,1207,1363
2025-05-18,7339,676
2026-10-12,7584,1658
2024-09-03,5699,1669
2026-03-09,3452,1374
2026-02-18,1342,2787
2025-04-17,6449,1349
2024-04-29,1751,601
2024-12-17,7261,46
2026-03-20,67,909
2026-01-04,7852,1066
2024-04-30,1119,131
2026-04-01,4968,1296
2026-12-06,1235,1927
2024-03-31,2293,1806
2024-12-29,5389,2238
2025-02-03,3096,1302
2024-11-08,5340,290
2024-01-12,1931,1865
2025-08-30,1969,2554
2024-04-20,5670,54
2026-01-29,8507,1003
2024-08-13,5034,1257
2025-08-21,8833,2555
2026-06-25,8722,1558
2026-10-02,7677,190
2024-09-30,2272,1689
2025-10-20,6365,1235
2024-08-07,7298,768
2026-09-28,9719,2278
2024-12-14,9019,835
2026-04-23,4503,266
2024-11-09,4544,796
2024-04-23,3666,875
2026-05-24,5197,1169
2024-09-17,1647,2962
2026-07-25,3330,1503
2024-08-30,898,1562
2026-04-01,5626,1037
2026-09-26,1762,1990
2024-07-13,3098,1409
2024-02-08,577,914
2026-04-27,9563,1244
2024-05-04,2598,2606
2026-04-06,2223,894
2025-07-12,2804,1009
2026-11-06,3037,2966
2024-04-23,168,2382
2026-12-14,8098,1152
2025-05-25,7790,2250
2025-02-15,3052,1372
2025-04-20,7723,1032
2026-06-20,9717,1802
2025-08-09,1510,2999
2024-06-19,4748,2502
2024-07-09,2269,1401
2024-06-27,9062,1288
2026-06-16,8959,1619
2026-07-30,6876,185
2026-09-30,6917,2709
2025-12-23,4812,1301
2024-09-25,8069,2456
2025-05-25,6864,722
2026-12-31,2774,2520
2026-08-26,4417,1271
2024-03-27,7229,2344
2024-10-14,9435,1100
2026-09-12,7631,2000
2024-04-07,7857,83
2026-05-09,248,880
2026-06-02,9459,661
2024-06-03,1525,784
2024-04-19,905,1459
2024-01-25,1458,2640
2025-09-14,6376,449
2026-12-01,840,419
2026-02-14,6999,1047
2026-04-03,674,1465
2026-03-06,2206,538
2025-06-10,1020,8
2024-02-21,4869,985
2024-11-26,9096,837
2026-04-01,5034,2549
2026-06-05,9939,1276
2024-01-30,5699,1260
2026-07-06,7687,2207
2024-03-25,6186,334
2026-11-20,2392,1872
2026-06-09,5625,93
2026-05-30,6381,1989
2026-05-27,4866,2299
2024-01-16,4206,556
2026-04-30,5706,1325
2024-01-15,278,2435
2026-02-15,3654,1395
2024-04-09,4348,2045
2026-07-17,1188,1427
2026-11-11,4506,2707
2025-08-18,6631,2178
2024-06-12,1710,2991
2025-09-16,247,1254
2026-03-19,9583,22
2024-10-08,9887,2828
2026-08-08,7724,1489
2024-08-13,1091,2162
2024-06-25,8852,2737
2026-02-02,8914,2608
2025-03-03,4743,258
2024-08-16,87,2022
2024-05-25,3559,27
2024-09-25,5046,1083
2024-02-19,9488,74
2025-08-21,6322,2392
2026-05-14,4085,676
2024-04-18,4276,1317
2024-07-22,1381,1057
2024-12-11,6699,1915
2025-01-13,1489,69
2026-06-30,858,1583
2025-07-27,2754,2357
2025-04-30,7746,815
2024-06-11,2623,2207
2024-12-16,4270,2413
2024-12-19,9603,2630
2026-02-28,3079,2541
2024-09-10,8760,1916
2026-09-09,6510,1066
2026-12-11,8007,2535
2024-03-19,386,2006
2026-04-06,9047,1108
2024-04-10,6650,281
2025-04-17,5362,2363
2024-12-17,9091,2819
2024-06-05,2393,159
2024-04-05,9136,1265
2024-07-21,5560,2717
2026-08-21,9853,2371
2024-10-12,7307,454
2025-07-03,9764,707
2024-10-27,7968,2658
2026-05-07,4157,1149
2024-07-12,9007,1910
2024-03-20,7536,397
2024-10-15,287,271
2026-01-21,6265,2825
2024-11-22,7377,1647
2026-01-09,8455,1299
2024-03-29,1411,293
2024-07-13,3839,726
2025-06-14,990,2155
2024-12-10,9515,1320
2024-08-27,3899,2222
2025-03-16,7685,1230
2024-07-22,8916,48
2025-06-26,2269,58
2026-05-07,4956,1575
2026-02-19,8008,736
2024-12-07,7079,1649
2025-10-17,600,1362
2025-06-26,304,1362
2024-10-23,4219,1083
2025-08-22,4030,2403
2026-02-21,4546,2987
2026-12-03,3823,772
2025-04-08,8344,2982
2026-03-21,7790,2910
2025-08-23,7596,1113
2024-02-19,2654,2017
2024-01-07,7568,2078
2026-11-11,6289,2539
2026-11-02,1460,1942
2026-05-05,6134,1693
2026-03-09,66,2834
2024-04-17,1919,1554
2025-01-20,7633,1641
2024-07-30,2895,2248
2024-08-13,5036,1000
2025-05-26,141,2621
2026-05-10,2041,121
2026-02-04,2997,1941
2024-05-23,3117,2693
2024-04-02,318,172
2026-12-15,3802,951
2024-05-12,1602,2499
2025-07-15,3280,977
2024-11-03,5809,686
2025-01-31,4502,1443
2026-08-06,3409,1793
2025-11-13,5230,1132
2024-01-22,4202,503
2026-02-18,7450,2938
2024-08-05,7594,926
2026-12-08,7612,1522
2024-06-12,4860,645
2025-10-27,5078,2873
2025-07-24,3892,28
2024-09-30,9347,2061
2024-05-29,2005,976
2025-06-15,1127,2573
2025-12-27,3979,102
2025-05-03,7383,2248
2026-08-01,4068,2617
2024-08-06,2672,336
2024-12-18,1296,1113
2026-05-21,7402,1454
2024-08-22,2619,917
2026-04-22,1485,678
2025-09-11,4097,1473
2024-11-01,9768,2764
2026-07-10,3120,2173
2024-04-27,7298,1772
2026-11-12,5798,1131
2024-10-29,8363,2923
2024-07-13,9658,1368
2024-03-05,11,368
2024-07-23,1087,1462
2024-12-13,8991,1777
2024-11-21,815,2477
2026-09-09,6854,2757
2026-01-14,4116,2524
2025-12-08,9769,2396
2025-03-04,2743,464
2025-01-11,2253,2991
2026-05-27,4652,2988
2026-09-21,461,2635
2026-05-11,7221,2178
2024-09-01,6018,1488
2026-06-20,9846,2349
2026-09-15,6877,1414
2026-02-02,4379,2202
2024-06-28,357,1903
2025-07-08,9096,1598
2025-09-29,3676,2420
2026-07-19,6944,1039
2024-09-11,7873,1291
2025-08-18,212,1653
2025-08-11,6087,2959
2024-12-22,8851,1199
2024-07-15,1540,2184
2024-11-18,5061,496
2025-06-27,4677,1145
2026-07-11,8742,2806
2026-02-26,7898,1060
2024-08-26,2796,2429
2026-06-27,3229,128
2024-02-10,4795,506
2026-08-12,3746,1786
2024-08-09,9855,2660
2026-06-04,8421,2952
2025-05-04,4253,2897
2024-09-17,1284,2397
2026-01-12,4622,285
2026-05-05,795,1769
2025-02-18,8042,777
2024-12-21,2862,1653
2025-02-03,4600,2518
2025-06-03,5658,1896
2026-05-09,2307,1988
2025-04-06,1627,1679
2024-05-07,8309,1662
2024-05-10,6643,1716
2025-01-29,9769,1878
2024-06-28,5333,1518
2024-01-24,1533,307
2025-05-24,8120,2425
2025-09-06,2114,1810
2026-08-10,8517,2466
2026-02-20,3220,1701
2025-09-13,5021,1429
2024-05-03,9120,2144
2024-03-09,1615,227
2025-08-21,8388,1906
2026-06-02,410,2833
2025-10-26,5222,2539
2025-11-08,1675,1220
2026-04-24,9312,2925
2026-07-26,570,1337
2026-04-02,3103,2219
2025-11-22,7907,2189
2025-06-03,5026,2815
2026-07-30,4346,2230
2025-10-11,1208,2823
2024-07-04,9291,2164
2024-11-15,6973,1133
2025-10-30,4457,1406
2026-10-16,4763,1292
2024-05-29,3397,1462
2024-04-13,5261,291
2024-04-02,8650,2476
2025-12-05,8868,1430
2026-04-09,2231,2529
2025-08-03,5478,764
2024-08-12,9117,1429
2026-01-17,5259,2698
2024-01-23,9054,1171
2024-03-23,5256,2407
2026-03-25,7799,2680
2024-07-24,2878,1148
2025-01-05,6916,446
2025-09-04,5145,1292
2024-04-07,5970,592
2025-03-10,8172,1718
2025-03-07,388,2287
2024-05-19,7059,1047
2025-10-24,1282,1695
2024-11-24,8635,2281
2026-10-25,4449,1259
2024-09-03,6881,2049
2026-11-02,7024,2204
2026-01-05,5321,2728
2026-07-02,5294,211
2026-05-19,6583,1979
2024-05-03,5121,2797
2025-08-13,855,760
2024-08-24,7124,1486
2026-03-22,5970,657
2026-07-20,7074,1118
2026-01-09,9103,1522
2024-04-08,1075,2211
2024-08-07,5956,1314
2024-04-20,1881,1795
2024-09-12,2963,2609
2026-02-28,5633,2938
2024-12-29,6304,2827
2025-03-04,675,2967
2024-12-27,4985,354
2024-03-12,6611,2944
2025-12-26,9393,2891
2024-06-10,1540,442
2025-01-23,5426,1000
2026-08-12,9628,1984
2026-10-06,4980,1770
2025-02-22,6064,2403
2026-05-20,1406,2582
2026-11-01,4986,314
2025-07-28,1691,1586
2025-03-12,8209,9
2026-12-04,1748,1136
2026-07-13,9743,1558
2024-12-28,1204,2879
2024-04-03,2407,2149
2025-11-18,3130,1727
2026-07-31,4627,1230
2025-04-03,7189,229
2025-02-21,6200,2998
2025-07-02,1508,2066
2025-01-29,3272,2346
2025-07-04,6098,1514
2026-02-27,4320,1244
2025-04-06,2827,1106
2025-03-11,8738,1307
2024-08-15,1528,1519
2024-08-13,7558,2134
2024-02-22,4949,296
2025-02-03,5303,1937
2026-12-29,5208,769
2025-01-06,7632,1248
2026-09-22,7871,2321
2026-07-31,4060,2052
2025-08-04,407,482
2026-12-23,5902,499
2025-03-17,8059,1311
2025-03-01,896,2091
2025-08-08,4875,2303
2024-05-31,1549,2582
2025-11-08,8305,240
2024-05-29,2131,325
2026-02-08,5643,2402
2024-02-29,2164,2981
2026-12-11,1020,456
2026-01-02,6100,1452
2026-01-16,913,1674
2024-11-25,9027,2754
2025-03-02,1585,1151
2025-10-26,4681,2622
2025-10-11,921,61
2025-07-28,5147,2462
2025-08-28,6769,2669
2024-07-22,4814,1188
2025-08-29,3066,873
2025-06-09,2733,1843
2024-08-29,423,1855
2025-12-02,1438,474
2024-07-18,6450,1903
2026-12-11,1987,1736
2025-09-16,5640,1714
2024-03-11,4719,2206
2025-05-21,1989,431
2025-12-12,562,1757
2024-02-12,5791,666
2024-07-10,8136,2566
2024-12-05,7699,2072
2024-05-14,8787,1561
2025-12-10,7926,2491
2025-07-06,8090,1023
2025-09-26,9111,1752
2024-04-05,5972,1318
2024-06-20,7750,2201
2024-04-05,6789,1533
2026-03-24,9084,2811
2025-08-04,2022,268
2025-01-03,6941,2954
2026-10-15,524,2068
2025-04-29,8143,1834
2025-04-21,4849,1900
2026-11-17,9652,1454
2024-08-12,6943,2001
2025-11-28,6070,1553
2024-12-23,360,2133
2024-07-20,6759,939
2024-04-05,6638,2335
2024-09-14,6518,2694
2025-03-23,4944,491
2025-04-08,3160,822
2024-12-01,6180,1233
2024-02-29,8248,2427
2025-03-15,6902,2079
2024-11-29,4431,1547
2024-03-30,8446,1068
2024-08-13,2869,1636
2026-01-09,1779,2668
2025-07-26,856,937
2024-11-28,4,579
2024-09-20,4680,468
2026-04-12,5028,2856
2026-06-20,2613,2353
2024-05-20,3065,2118
2026-04-15,9240,2411
2025-11-06,2202,680
2025-10-17,9195,2965
2026-06-29,3806,2787
2026-10-14,6598,2156
2024-08-29,1682,1780
2025-11-26,5781,2794
2026-08-29,1259,1921
2025-08-27,9383,1568
2026-12-22,1431,2581
2025-12-20,9902,104
2025-06-28,917,2950
2026-07-23,3905,2312
2024-05-03,8691,1043
2025-11-24,4594,337
2026-10-19,7378,2404
2026-05-17,2088,2971
2025-09-22,2529,2438
2025-07-27,714,346
2025-10-05,6521,1157
2026-07-17,5909,1654
2024-01-20,6056,2134
2026-12-26,8657,2382
2025-12-12,860,1075
2025-01-07,5769,2999
2025-05-10,5534,2672
2024-02-17,6204,2246
2025-08-29,545,1090
2024-01-26,7116,1947
2025-06-03,3911,1928
2024-08-21,7989,1417
2025-11-05,404,2914
2025-03-22,5660,2111
2025-04-01,1578,1839
2024-01-24,7626,2012
2026-03-29,1046,826
2024-03-30,3900,1769
2025-11-07,8918,1127
2024-12-11,3552,625
2025-11-18,8506,977
2025-03-22,650,2571
2025-08-22,9926,2998
2024-01-23,3317,1231
2026-02-16,7748,1433
2025-04-14,128,196
2026-02-22,6352,1302
2024-01-19,9009,810
2024-12-27,9683,677
2026-11-06,3907,917
2024-08-28,9445,2869
2024-09-20,6518,1964
2024-12-07,3193,2580
2024-09-28,3577,75
2025-11-04,5889,2500
2026-12-20,9983,435
2026-03-05,2801,687
2026-03-25,9504,2316
2025-10-28,7709,339
2025-06-27,7078,2671
2025-11-20,4046,805
2026-08-16,2424,1808
2025-09-07,5304,1084
2025-10-10,7743,1089
2024-06-15,9284,2866
2025-07-13,7465,1033
2026-12-07,6389,1097
2024-09-19,985,1701
2026-08-02,4234,2525
2026-07-31,6658,2986
2026-03-05,6928,136
2024-09-28,9319,724
2024-10-25,8322,2591
2025-01-01,5210,1857
2025-02-16,121,118
2026-06-26,9330,2943
2026-01-17,8341,1216
2025-03-01,8791,2821
2025-02-10,8505,1252
2026-03-07,8748,2930
2024-04-06,8616,2994
2026-10-14,8170,1454
2024-10-30,3375,2100
2026-04-26,244,2318
2025-02-11,8281,1501
2024-01-04,9333,117
2026-10-20,8267,1728
2026-10-15,8712,2254
2025-01-19,3220,190
2026-12-04,3319,2049
2025-02-25,9048,2232
2025-08-08,4449,1775
2024-06-21,7349,1243
2026-02-20,7055,1908
2025-07-18,8191,2057
2025-05-10,2904,781
2024-03-21,8894,926
2026-04-17,5272,1432
2026-09-27,4941,1381
2025-01-19,8987,1409
2026-08-20,6665,1570
2026-08-09,1161,2579
2026-12-28,8752,1116
2025-09-05,5760,1324
2025-07-05,2053,1411
2026-01-26,2447,2892
2024-12-20,7402,113
2024-08-03,3109,2426
2025-03-13,1630,1716
2026-03-11,1501,526
2025-10-24,9107,1635
2025-03-11,7522,1321
2025-08-23,4521,1205
2026-04-30,7844,2663
2026-03-02,2022,1864
2026-10-18,8588,1526
2026-01-15,1634,1673
2025-06-07,5167,1574
2025-07-09,528,2599
2026-07-23,980,1092
2025-03-05,8974,1973
2026-07-23,3674,2911
2026-01-31,4776,283
2025-01-31,3353,1848
2025-08-24,6211,173
2024-08-19,3126,862
2024-03-28,3361,784
2025-10-12,9439,2964
2024-10-11,9572,2931
2024-01-23,2757,2075
2025-04-19,6043,1014
2024-10-20,6510,98
2025-11-22,1271,1183
2024-07-29,9036,2019
2026-06-14,4921,927
2024-06-30,9362,2040
2024-08-30,9603,830
2024-05-15,7333,1302
2025-08-23,2761,1193
2026-03-19,4192,1941
2025-05-11,5579,1365
2024-08-06,5483,2907
2024-01-08,9532,2529
2026-09-30,5702,2226
2026-07-27,5689,928
2026-04-18,9126,1562
2024-09-12,6860,761
2024-06-15,5730,1048
2026-11-13,2172,185
2026-08-18,3602,523
2026-10-04,5112,2702
2024-11-01,8772,2741
2024-03-05,591,509
2025-08-15,7944,2301
2026-12-16,2818,2873
2024-05-19,50,371
2024-02-08,549,846
2025-06-11,3392,897
2026-05-30,8323,98
2024-12-20,8167,737
2024-09-23,1893,446
2026-06-28,1312,2316
2025-09-15,6253,2754
2025-12-26,7540,2235
2025-06-01,7146,92
2026-03-30,3625,560
2025-04-14,950,1605
2024-12-08,3673,2658
2026-06-29,9480,2396
2026-09-01,6586,1794
2026-12-20,5002,1574
2024-07-13,1178,436
2024-05-04,5882,344
2024-07-11,8753,1962
2026-06-19,148,309
2025-09-20,2410,2561
2026-02-11,2342,1691
2026-02-13,5224,1873
2024-10-03,1828,551
2025-07-25,540,110
2025-04-06,577,240
2025-10-26,3568,110
2024-07-22,1397,2240
2024-11-14,5097,802
2026-11-16,6467,1887
2024-06-30,3300,1069
2025-09-18,2137,2555
2025-05-22,9975,1401
2026-12-28,7020,2071
2024-10-29,7914,1891
2024-05-14,8996,312
2026-02-01,9895,2488
2026-11-24,4629,592
2024-09-08,1387,1597
2025-01-20,964,1333
2024-11-10,6435,780
2024-01-28,7230,2371
2025-08-02,8134,169
2024-02-24,8707,405
2024-12-27,9327,1212
2025-07-15,6535,1380
2026-06-09,812,2840
2025-03-18,6223,175
2025-01-06,8383,2520
2025-04-23,9837,1778
2026-02-09,5422,1740
2026-11-21,3436,1539
2024-01-14,9310,1854
2026-09-22,3834,2906
2025-07-28,129,1974
2024-10-23,6663,1450
2026-01-28,9855,1108
2025-07-23,3179,2813
2025-10-01,9578,1596
2024-09-07,5377,1653
2026-08-18,3728,246
2026-04-23,6779,412
2026-06-07,4500,2427
2026-03-27,3126,465
2026-04-16,7925,2823
2024-12-24,4816,1055
2026-12-29,9743,78
2026-03-04,9816,2824
2024-07-31,3251,373
2024-07-25,2528,916
2026-09-06,381,1424
2025-01-25,4204,2169
2024-06-16,2508,263
2025-09-18,9028,2045
2024-12-31,9754,2567
2025-10-18,6838,993
2025-04-15,9658,992
2025-06-17,5845,1593
2024-10-02,4308,592
2024-05-12,1819,2131
2025-05-02,1213,2575
2026-04-14,5663,1254
2024-01-17,875,1781
2026-03-01,9291,99
2024-04-25,9892,670
2025-05-29,6505,815
2026-10-16,3072,624
2026-12-01,8986,2943
2024-11-17,1088,2546
2024-11-23,5333,123
2024-01-19,4552,1364
2026-11-19,3382,1858
2025-04-18,5460,1698
2024-11-17,4720,934
2024-06-16,2336,556
2024-09-12,326,1712
2024-03-12,6459,552
2025-07-16,512,881
2025-04-21,4630,2942
2025-01-29,1864,97
2025-10-25,4201,1734
2026-12-22,6990,515
2024-06-16,5317,2006
2026-07-11,424,2111
2024-12-11,6977,2567
2025-11-05,9979,296
2026-02-09,7827,961
2026-11-22,4413,1161
2025-08-14,8601,1194
2024-09-10,1477,2004
2026-05-24,9166,288
2024-05-28,4201,599
2024-07-13,8332,262
2026-06-03,1512,845
2025-10-17,3879,1583
2026-08-13,1316,2275
2024-06-20,9756,871
2025-12-08,8970,1020
2024-02-27,5206,2948
2024-06-28,8364,2283
2024-03-30,2060,2662
2025-12-30,2933,2314
2025-09-21,6406,1105
2025-07-06,282,1650
2026-06-19,3304,723
2025-02-25,1553,2220
2024-12-05,9591,1767
2026-02-04,4424,1913
2025-01-30,313,459
2024-01-24,6971,1428
2026-10-10,3875,1247
2026-11-13,3600,1425
2025-06-01,5188,2790
2026-01-13,4439,2424
2025-08-18,2283,2685
2024-04-14,8023,1621
2025-03-08,4786,559
2026-07-03,804,842
2024-11-30,7298,91
2025-06-08,3409,732
2026-07-17,1034,1705
2024-03-06,7469,2102
2025-02-25,7784,1550
2025-07-17,5122,432
2024-08-02,2688,2460
2024-02-07,7005,482
2026-02-28,6514,2648
2024-01-07,6143,937
2026-02-14,9408,245
2024-12-09,7589,1721
2026-05-06,8076,441
2025-12-21,3042,913
2026-05-15,156,907
2024-06-13,8968,536
2026-03-26,416,1042
2026-04-24,2836,117
2025-04-15,7586,451
2024-11-21,5076,2942
2025-07-26,5461,2308
2025-10-29,9020,1924
2026-02-24,7303,939
2026-02-22,7213,387
2024-12-15,2907,816
2024-04-09,2797,1403
2024-12-27,3764,1333
2025-02-19,7359,586
2026-10-12,4342,2687
2024-04-06,8202,2131
2025-07-11,8214,627
2024-07-23,1892,501
2024-03-26,9988,2328
2025-11-10,998,2433
2024-09-14,3554,1366
2026-04-12,322,1559
2026-04-14,1735,2496
2024-04-17,7718,1002
2024-01-17,1457,455
2024-06-12,1870,1171
2024-01-18,1133,1210
2026-05-22,6838,2945
2025-01-23,5838,1656
2025-04-22,1506,642
2025-05-11,7264,158
2024-05-07,5278,1424
2025-05-12,1267,489
2024-02-16,3694,1518
2024-11-20,7720,1905
2024-04-27,8787,2428
2024-06-17,28,2955
2026-02-15,3473,577
2026-11-23,8438,1900
2024-07-14,5009,1732
2025-05-22,1687,1256
2025-12-08,3074,587
2026-01-21,1627,1025
2024-06-18,5705,1298
2026-02-12,4182,2708
2024-09-30,9801,1687
2025-08-14,7162,1893
2025-04-04,9799,1262
2026-02-01,8203,1672
2025-09-26,8812,2356
2025-08-14,5883,2586
2025-03-26,3505,2284
2025-11-09,9691,1249
2025-11-02,8074,1712
2026-02-21,9222,2627
2025-01-22,2163,917
2025-03-21,3775,2858
2024-02-11,3750,1905
2026-06-02,3502,2370
2025-04-04,9436,4
2026-08-22,3723,2008
2026-12-25,4326,2738
2025-08-27,7658,622
2026-03-05,2383,768
2024-07-11,4435,956
2024-02-07,32,2021
2026-10-13,7059,1933
2026-06-27,952,711
2026-02-24,2949,1832
2025-06-19,2144,500
2026-08-06,7221,2468
2026-01-22,2492,2969
2024-11-18,7257,59
2025-01-27,3190,1087
2026-11-09,62,120
2024-06-30,2156,1113
2025-04-20,3165,1320
2025-05-11,7042,1850
2026-12-27,3410,451
2025-01-02,6700,2438
2025-10-14,7276,12
2024-09-29,74,1375
2024-10-29,8803,834
2025-08-15,6585,2937
2026-07-18,5783,111
2025-11-24,1806,2338
2026-11-05,3040,1302
2026-03-29,6404,2164
2025-09-09,4064,735
2026-07-08,7027,1296
2025-07-20,6166,2615
2024-08-10,8777,2619
2026-04-23,4589,563
2024-01-30,7766,2754
2026-01-06,8443,719
2024-02-24,4426,91
2026-07-23,5269,1907
2024-06-23,2681,638
2025-04-07,4951,369
2024-04-07,4040,1775
2025-01-22,8221,2035
2026-08-06,3245,2537
2026-08-06,5053,1219
2025-10-26,8858,2667
2024-12-07,3599,1100
2024-02-12,7883,694
2025-07-19,7606,2229
2024-11-23,3481,158
2024-01-04,3664,1631
2025-05-23,1501,832
2026-09-08,6849,1186
2026-07-28,6912,1647
2024-04-30,927,2907
2025-03-08,506,179
2024-07-27,8085,638
2024-05-16,6115,1974
2026-11-23,4733,125
2024-08-20,8782,1210
2024-09-27,8097,2264
2025-06-08,9300,1348
2025-07-29,2058,1802
2026-12-10,3933,2918
2025-12-29,7670,854
2026-05-16,6034,2203
2024-11-16,2580,259
2026-02-25,8530,1462
2024-11-15,4068,2281
2026-01-07,9695,2408
2026-10-08,6402,2653
2025-11-30,562,1693
2025-12-30,6906,1736
2024-10-03,8618,704
2024-01-01,3216,1072
2026-08-17,9711,1103
2025-07-28,5561,566
2026-01-04,7251,1082
2024-05-08,782,2582
2024-05-03,9806,1041
2024-10-02,3993,1846
2025-01-22,3760,2914
2025-10-16,845,2612
2024-08-12,6843,597
2025-06-13,9313,16
2024-03-13,5340,805
2025-10-06,6566,1714
2025-02-10,7392,1998
2025-05-21,4318,1482
2025-01-31,2595,2046
2024-02-13,7867,1870
2026-01-18,9381,2218
2026-09-02,5926,2128
2026-06-10,4655,2435
2026-09-14,1567,682
2025-10-14,1493,906
2024-10-07,5048,377
2026-06-05,1902,2505
2026-12-12,3678,701
2025-02-07,3167,63
2025-01-29,8279,1248
2026-10-07,8223,891
2025-02-17,3943,2846
2026-10-06,7331,745
2024-06-27,8282,1697
2024-09-18,7915,654
2024-08-27,8573,1147
2026-11-01,8084,1269
2025-08-18,8355,2115
2024-10-31,3691,2975
2024-10-24,1313,639
2025-10-04,8163,866
2026-03-03,316,1216
2024-09-04,1569,585
2026-04-24,867,2695
2025-05-27,4676,497
2026-02-27,4536,2975
2026-12-01,7085,2953
2024-10-25,1953,1235
2025-07-12,6470,2389
2024-03-22,4935,915
2024-07-02,7870,2685
2024-02-04,6527,930
2025-12-20,3978,2603
2026-05-03,7944,516
2025-07-10,8243,2804
2025-08-08,3837,1364
2025-02-25,5634,1796
2026-05-21,9139,583
2024-12-24,8352,2944
2026-07-18,3979,2493
2024-10-07,2419,1167
2025-03-14,6589,2555
2026-08-15,2686,204
2024-01-01,3972,649
2024-09-21,6213,2892
2024-06-13,6705,2690
2026-09-26,807,1490
2024-08-20,6458,2448
2025-08-06,4962,2871
2025-11-16,8428,1049
2024-10-26,4971,1417
2026-02-22,7405,2874
2026-03-21,2339,1171
2025-01-08,3209,1593
2026-07-29,3819,639
2024-11-03,8257,222
2024-09-10,1530,758
2025-05-31,4061,2907
2026-11-18,4595,2352
2025-04-22,693,229
2025-06-05,90,2202
2024-12-21,425,381
2024-06-16,8454,2250
2026-10-16,9561,919
2024-05-25,2228,2233
2026-09-16,3961,2553
2024-06-26,5907,2609
2025-02-01,2992,876
2024-04-03,9126,1330
2025-12-29,2620,878
2025-03-07,8724,435
2026-04-14,2028,1771
2026-07-14,1560,2880
2025-03-12,4132,2099
2026-03-27,3334,2423
2025-03-29,9363,849
2026-02-21,77,1535
2026-04-17,7364,2011
2025-12-23,421,1940
2024-03-06,9528,2632
2025-06-07,3896,2451
2024-04-02,5269,2496
2025-07-13,89,357
2025-04-14,1416,176
2025-09-30,3144,2153
2025-05-11,1200,1588
2024-12-09,7372,654
2024-08-02,834,1409
2025-02-28,2927,1949
2026-02-21,8944,2671
2026-10-09,4792,324
2025-12-12,3746,735
2026-10-30,7690,814
2026-11-14,5287,1503
2024-11-11,9199,599
2025-07-04,4938,1188
2024-04-26,8094,1515
2026-08-26,487,1015
2025-02-17,2435,726
2026-11-30,6105,461
2026-11-11,6805,2704
2026-08-04,5756,2503
2025-03-29,5100,2173
2025-01-02,1779,2150
2024-05-16,6752,2470
2026-07-26,9168,1627
2024-11-28,6687,1668
2024-01-25,1383,119
2024-05-22,1677,488
2024-08-03,8795,1677
2024-05-30,7763,240
2024-06-07,7731,475
2026-03-17,4853,212
2024-02-25,7282,2215
2024-07-10,7888,1751
2024-03-21,7217,2053
2024-02-12,8313,829
2024-05-12,4222,2154
2024-01-03,6399,861
2024-02-13,2054,441
2025-05-01,8887,1251
2026-06-24,1157,2811
2024-12-13,2015,2059
2025-02-03,4578,1715
2025-07-12,6088,40
2024-02-22,7824,2088
2026-10-28,2547,1959
2024-09-04,5163,2474
2025-04-06,782,1906
2024-05-18,5708,2364
2025-10-04,8611,1459
2024-01-21,4136,409
2024-08-02,7373,2413
2026-10-05,340,2457
2024-01-24,8760,1428
2025-12-28,6615,989
2024-04-03,9416,2911
2026-08-24,8535,2446
2024-10-23,4195,2037
2024-12-07,844,1352
2024-02-15,9364,139
2026-02-12,8482,31
2026-09-15,1914,2340
2025-08-15,5712,867
2024-08-19,3040,1039
2026-05-12,144,1781
2025-07-01,1453,1069
2026-04-09,1719,646
2025-05-16,5360,8
2024-01-21,7826,203
2026-07-19,9866,252
2025-09-18,2296,1085
2025-11-26,6299,513
2025-02-05,1631,2245
2026-05-25,5449,1257
2026-09-22,6641,2341
2024-04-01,5164,2072
2026-03-14,3292,463
2024-03-19,18,2140
2026-09-01,5625,1473
2024-08-29,9114,1656
2024-05-12,5026,2278
2025-02-21,3159,2422
2026-06-22,7942,947
2024-11-15,2809,2987
2024-04-14,2446,1217
2024-10-09,2746,1853
2024-10-26,2603,2298
2025-11-02,8977,681
2025-11-15,2791,2684
2025-06-16,2528,1171
2024-04-07,4358,2992
2026-04-24,5356,2196
2024-05-21,1060,321
2024-05-07,9655,971
2026-11-11,7340,871
2026-12-23,3182,1534
2025-04-04,8367,2322
2026-04-23,2290,1758
2024-03-09,2711,684
2025-09-06,3602,950
2024-03-22,6318,2782
2024-12-25,1356,2654
2025-03-04,5239,1418
2024-07-08,1840,1711
2026-07-19,8551,937
2026-10-15,3662,917
2026-11-05,4313,1166
2024-03-19,6239,1986
2026-12-08,9934,1931
2025-06-19,9190,2539
2025-10-14,4926,1399
2025-01-10,3161,38
2026-03-20,6283,2851
2026-06-12,3430,431
2025-08-10,5026,1185
2026-06-04,8872,1391
2025-01-23,3701,2392
2024-04-01,2010,1318
2026-04-20,8633,72
2024-04-09,3158,1179
2025-08-12,9138,2047
2025-05-31,3649,792
2026-04-20,6732,737
2025-07-08,4730,187
2024-07-22,645,2200
2025-07-19,3135,2625
2025-12-19,5257,2281
2025-11-29,3691,598
2026-07-03,8473,2836
2024-12-24,9389,782
2025-08-28,5179,2580
2024-11-07,7337,316
2026-11-27,1139,285
2024-04-16,6659,2626
2026-06-23,9710,2677
2026-11-15,982,1284
2026-12-02,6223,1965
2025-05-22,4199,1301
2024-07-07,508,302
2024-05-12,1678,1798
2026-12-21,5806,511
2024-02-15,9343,1177
2024-08-01,9535,1114
2024-08-28,6330,2179
2024-05-05,7960,1217
2026-05-09,7435,859
2025-05-12,8057,2532
2025-08-14,3781,2721
2024-03-15,4578,305
2024-11-24,4073,1789
2025-06-12,352,2210
2025-06-16,1252,1500
2026-03-14,4025,2752
2024-06-07,9687,2046
2026-11-13,6789,941
2026-10-23,2604,108
2025-01-21,7375,259
2026-04-08,5686,1183
2026-11-10,7240,442
2025-02-03,4208,467
2025-12-20,6804,2839
2026-09-18,1731,2727
2025-07-23,2484,633
2024-01-25,3665,2115
2026-06-18,488,2228
2024-06-23,3239,1715
2025-07-24,9953,2114
2026-04-24,4540,2555
2024-05-07,2542,1579
2025-02-23,9974,1923
2024-02-09,3675,2894
2024-02-20,8464,2203
2024-05-08,6655,2623
2025-04-19,2860,2638
2024-02-20,6959,1464
2024-08-14,5836,2751
2026-12-28,1524,800
2026-03-03,3325,2826
2024-09-04,1335,35
2025-12-23,8623,2961
2026-03-04,76,1386
2025-11-01,4647,133
2025-06-28,3915,516
2024-08-02,2172,756
2025-05-31,578,15
2024-01-21,2197,2855
2025-06-16,5578,1673
2026-06-15,4096,2370
2025-09-28,2698,1067
2025-11-08,1786,858
2025-07-02,1747,894
2024-06-26,9427,1419
2024-08-18,6215,1038
2025-07-22,8953,2230
2024-05-17,2033,838
2025-09-22,1099,2851
2024-04-23,9691,332
2024-03-08,8403,2085
2026-09-26,8566,749
2025-03-21,4628,1454
2024-04-19,7031,1734
2024-01-10,7673,465
2026-07-31,925,1059
2025-11-16,5675,2065
2024-06-04,2407,2045
2026-11-08,4067,690
2026-04-10,4111,2881
2026-02-11,8428,1997
2026-07-20,6194,1206
2024-05-21,4670,1602
2024-04-20,6943,2255
2024-07-01,6683,1860
2026-08-22,2754,2868
2025-03-16,9413,1168
2026-05-29,1675,362
2026-04-17,5904,770
2026-05-04,2696,2514
2025-05-11,6292,1817
2025-02-16,513,2197
2025-06-04,2167,1458
2025-05-28,1582,2086
2026-07-30,2506,1742
2024-10-02,3915,2297
2025-06-09,4967,1101
2025-03-09,900,1409
2025-02-24,2160,2401
2025-02-14,9647,1051
2026-04-10,601,830
2025-03-18,2031,2627
2026-09-06,1690,2794
2024-08-01,8132,1230
2026-08-06,669,68
2026-01-31,2439,736
2025-03-26,694,2469
2025-11-03,902,2436
2026-01-11,2600,930
2024-04-02,3417,1827
2025-07-16,640,1877
2024-11-15,8114,2849
2025-03-30,2246,1404
2026-12-20,7631,1615
2026-01-01,9486,761
2026-03-08,3903,1848
2024-05-23,2158,2598
2026-08-05,6746,838
2024-04-08,9013,113
2025-09-30,9734,1155
2026-08-13,3625,1574
2025-10-19,3087,2844
2026-05-27,816,2967
2025-12-14,4450,1375
2024-01-11,8881,855
2024-04-29,1726,2615
2025-03-08,3287,626
2026-09-20,216,231
2026-06-09,6404,940
2025-02-12,2292,2109
2026-04-07,1969,2415
2025-08-17,3921,934
2026-10-17,2785,2543
2025-10-13,2578,2622
2025-07-23,6473,2254
2026-11-12,5334,1483
2024-09-30,6271,2572
2024-09-20,5918,2619
2024-06-15,8400,2089
2025-04-24,7221,2175
2024-06-08,8635,866
2026-01-05,9587,2352
2025-02-16,8532,2196
2026-12-01,4399,2448
2024-10-31,2277,2062
2024-11-29,9123,2674
2026-04-05,6173,288
2024-02-06,5101,2056
2025-03-11,2256,1390
2024-09-27,4455,1367
2026-05-22,458,1101
2025-05-15,153,147
2024-04-24,2591,2329
2025-08-12,2832,250
2024-08-19,8099,1011
2025-10-08,1005,1343
2025-02-27,9480,1396
2024-09-29,1722,1618
2025-05-18,9978,1536
2025-11-19,3482,870
2026-05-07,8454,1624
2025-07-03,4381,1436
2024-11-15,7410,1576
2025-10-03,81,1376
2024-08-31,1595,1595
2025-03-15,6620,2747
2024-11-26,3865,2992
2024-05-03,928,1669
2026-01-17,9645,775
2024-11-28,3285,754
2024-01-28,6481,2204
2024-08-29,6758,506
2026-10-20,3063,2086
2025-09-08,4539,1616
2026-03-28,5146,2430
2026-03-18,2178,1742
2024-12-25,7328,2822
2025-11-14,1660,853
2025-11-15,627,2675
2024-01-01,1227,1128
2026-12-29,8377,2047
2024-05-17,6212,1097
2026-07-17,500,1951
2025-06-20,8012,2023
2025-08-28,6495,503
2024-02-20,7739,2173
2024-05-26,8369,1631
2026-11-14,4573,232
2026-02-18,2116,32
2026-10-01,3958,389
2024-05-02,8337,1141
2024-06-01,679,1690
2024-03-02,3122,2305
2026-03-02,1883,2702
2025-10-17,7838,1967
2026-05-21,9481,1249
2024-04-23,5671,2914
2026-11-11,595,2650
2024-12-19,1783,1696
2026-08-05,4966,1073
2025-08-26,848,1749
2026-06-17,8330,2016
2025-04-19,3295,183
2024-10-03,1292,1994
2025-12-22,3491,1653
2025-03-09,5185,370
2025-03-12,618,1397
2026-10-22,9838,1830
2026-03-24,191,1232
2024-10-07,7625,1254
2026-11-24,6949,345
2024-09-23,852,382
2025-11-10,6341,852
2026-04-25,6802,1997
2026-02-21,855,2639
2025-07-06,9190,591
2025-09-06,5006,151
2026-01-04,6072,602
2024-05-24,920,782
2026-10-12,667,1740
2025-09-24,6257,2296
2024-08-08,9268,1674
2025-01-29,3660,1332
2026-06-12,7594,1481
2025-08-27,8415,1439
2026-08-04,1521,836
2024-11-09,8726,660
2024-11-30,3605,1612
2025-09-05,8756,2657
2024-11-18,9097,397
2024-12-14,489,1362
2024-03-29,8628,1625
2024-12-13,9104,927
2025-03-27,4516,1891
2025-08-27,1760,210
2026-07-05,3052,437
2024-03-28,530,2267
2026-11-27,876,1737
2026-07-15,1392,1789
2025-11-19,8482,1766
2025-08-30,217,1361
2026-04-11,3997,1883
2025-08-29,400,94
2025-09-17,9880,2928
2026-11-26,3428,2847
2025-02-20,7975,1942
2024-05-10,6934,1135
2024-11-13,9927,1902
2024-02-04,4242,234
2025-01-12,1855,382
2026-08-17,5496,1181
2026-03-08,4741,2164
2026-08-30,8825,2595
2024-11-16,6580,198
2024-03-06,3324,1647
2025-10-06,8855,1915
2024-03-27,5199,239
2024-07-22,6723,2113
2025-11-05,5121,1205
2026-05-01,1955,944
2026-12-16,9513,28
2025-07-31,2012,2426
2024-01-16,4671,1125
2025-07-28,153,2366
2025-01-29,950,1641
2024-08-03,863,2875
2025-04-24,9503,2174
2024-10-21,1492,414
2026-05-19,1688,2067
2026-12-22,8137,1265
2025-10-04,2458,2197
2024-10-10,2107,1080
2024-02-09,7770,1139
2024-05-23,1979,177
2026-02-04,1519,2292
2026-03-05,9631,2569
2025-01-31,269,1687
2025-08-31,732,1154
2026-07-10,2868,2044
2025-09-23,6722,635
2026-05-31,8138,502
2026-04-30,8425,2239
2025-10-09,3099,966
2026-01-07,2248,2243
2025-02-21,7594,2385
2024-12-20,5419,1507
2026-01-18,8191,877
2026-06-07,6925,1826
2024-01-16,9548,20
2026-04-18,915,2630
2024-09-12,3680,2829
2026-08-31,7207,1356
2024-03-01,5379,870
2024-02-15,8136,1689
2025-08-29,2147,2963
2024-11-10,1055,443
2024-05-28,9976,1125
2025-12-06,878,1797
2026-09-13,1712,1242
2025-09-05,9972,895
2025-02-03,4319,262
2025-06-05,3581,858
2026-04-18,55,2409
2026-02-10,7390,1615
2025-04-03,8085,860
2025-01-03,1874,1353
2024-12-29,1310,1816
2024-01-07,3235,1521
2025-05-31,3248,1047
2025-06-05,377,233
2025-07-06,6431,168
2026-01-06,208,2683
2024-07-06,8965,449
2024-05-12,2948,2782
2026-04-01,4384,2579
2026-12-02,8684,191
2026-03-16,6578,255
2026-06-11,4519,554
2025-02-23,477,689
2025-08-06,3139,536
2025-12-28,4251,29
2024-07-05,7719,1481
2024-06-17,1392,940
2026-09-06,830,2704
2024-10-11,3170,2643
2024-07-18,4293,898
2025-03-06,9890,1996
2026-01-21,539,2130
2025-01-09,1243,1530
2025-09-02,5244,905
2024-08-04,6510,285
2025-02-02,1723,2702
2026-07-04,2971,681
2025-04-19,5146,2402
2026-10-20,9089,472
2024-10-27,4757,731
2024-07-11,4492,2381
2025-05-12,5857,1640
2024-10-09,9513,2734
2024-07-24,4077,2996
2025-06-02,2726,395
2024-01-16,1064,773
2026-09-18,906,202
2026-05-15,9509,2055
2026-11-07,5391,2918
2026-11-25,9541,2313
2026-12-20,5203,1478
2024-08-25,7451,1235
2024-11-13,4956,2964
2025-09-25,5252,439
2024-09-17,1793,620
2025-03-13,7799,1252
2026-11-08,793,923
2024-07-16,8542,2275
2024-08-27,5662,1743
2025-11-22,4484,481
2026-11-15,9378,1619
2025-04-30,806,2039
2026-09-29,760,2916
2025-11-05,5749,2740
2025-05-15,2933,2680
2024-02-24,4331,155
2026-10-06,2317,544
2026-02-09,3487,621
2024-11-10,9151,2685
2025-11-30,7293,1350
2025-12-23,4476,2591
2025-02-24,3418,1746
2024-07-09,9931,798
2024-05-03,4072,630
2025-02-16,3149,2151
2026-09-24,8617,224
2026-10-14,7942,128
2026-04-02,202,285
2025-04-12,1769,2662
2025-12-14,3635,921
2026-03-07,5600,2036
2025-05-30,7403,165
2024-11-23,9392,580
2024-05-23,6751,366
2025-03-14,4802,710
2024-12-29,598,341
2025-11-13,9293,2883
2026-09-20,685,849
2024-02-28,8663,1990
2025-11-25,7487,595
2024-05-13,6523,1535
2024-11-02,7061,403
2025-01-04,3644,1173
2025-01-01,8932,2822
2025-12-15,1927,1153
2025-07-05,8995,613
2026-06-20,84,1762
2025-10-21,8751,756
2024-07-21,8266,1348
2024-05-12,5470,1829
2024-11-11,5780,1188
2024-05-19,6264,1108
2025-12-14,1559,1783
2024-12-15,2213,2480
2025-02-21,1849,2575
2025-06-28,9061,99
2024-06-19,860,100
2024-02-08,3062,2890
2025-06-05,6204,1798
2025-11-10,687,2006
2026-10-08,3338,241
2026-01-25,9706,2721
2024-02-13,6497,1931
2025-04-23,2302,826
2025-03-21,9150,2761
2026-03-17,1393,1963
2026-08-19,1646,1717
2026-04-23,9793,1766
2024-04-25,9087,246
2025-06-08,456,1579
2024-11-30,546,1543
2024-03-26,9159,1446
2025-01-10,8645,1770
2025-06-11,6782,1319
2025-10-02,4287,2254
2026-04-15,8867,1532
2025-06-29,1429,786
2024-07-14,137,1002
2025-05-06,3000,1057
2024-07-03,6474,444
2025-11-08,888,372
2026-12-04,9449,99
2024-03-15,7967,2170
2024-09-05,317,2718
2025-03-27,2449,1876
2026-10-04,2565,1338
2026-10-09,9623,191
2024-04-27,6339,2263
2026-12-15,1942,365
2026-01-23,601,1263
2024-06-21,500,2596
2025-03-01,2859,1378
2026-07-12,686,1033
2024-10-25,3029,2611
2026-09-01,9408,2211
2024-09-17,8481,2568
2024-07-28,9707,1913
2026-09-20,7000,723
2024-02-04,3708,1384
2024-06-19,7323,388
2025-12-24,4465,1194
2026-12-22,5594,1094
2026-10-19,2302,407
2024-12-07,518,1836
2025-01-17,1490,1401
2024-07-28,1140,1744
2024-08-31,7967,1303
2024-05-21,5554,2838
2026-09-29,1324,2549
2026-10-29,4108,1021
2025-03-18,6806,989
2024-01-12,763,2713
2024-09-05,3752,2421
2024-01-22,9464,1693
2024-03-01,4297,969
2026-11-21,2785,67
2024-11-24,4415,1136
2024-01-05,5851,2129
2025-09-20,7393,785
2025-12-10,9477,2003
2026-09-22,1243,879
2025-10-23,514,756
2024-05-25,8014,2789
2025-09-23,4614,2909
2026-04-17,405,2915
2025-01-02,865,2745
2025-12-26,873,2706
2025-08-14,4785,681
2026-10-09,3610,1179
2024-04-12,6844,2777
2025-05-13,8378,2741
2024-10-12,5348,930
2026-12-31,5171,2794
2025-03-31,9103,2466
2024-12-25,9013,2878
2026-03-18,6501,1574
2026-03-02,7732,1181
2025-02-15,5894,1244
2026-09-10,5342,1790
2024-06-14,9545,2639
2025-11-20,1363,1404
2025-12-03,4857,1786
2026-08-09,5699,2955
2024-08-02,1143,85
2024-05-11,4339,477
2026-07-14,9837,2428
2024-03-21,4388,1439
2025-03-27,784,2737
2025-09-07,3581,996
2024-07-02,6123,1443
2024-04-25,6662,2419
2025-10-24,3681,2206
2024-01-07,4317,1490
2024-12-21,3430,306
2026-04-28,9925,1393
2026-02-27,51,435
2026-10-16,1586,1169
2024-04-09,7307,1989
2025-03-18,5618,884
2025-10-05,4364,765
2024-09-03,5113,2927
2026-01-16,4103,820
2024-03-24,8462,907
2026-11-24,810,547
2024-07-19,5564,466
2025-02-25,9185,23
2026-02-13,7862,2860
2024-01-06,1060,971
2025-04-30,7675,587
2026-08-25,3514,1092
2025-10-10,1904,43
2024-09-11,9252,2699
2024-01-15,9452,879
2026-04-01,3494,974
2025-02-05,1234,2689
2024-12-19,2671,829
2025-04-02,7575,508
2026-06-08,5195,264
2024-11-10,8807,550
2025-07-03,6616,551
2024-05-15,3420,2413
2026-02-04,7101,2539
2024-01-12,4036,1787
2026-02-02,6510,1101
2024-04-29,4357,876
2024-03-29,8684,1266
2025-03-26,1524,831
2024-11-18,3360,1475
2024-10-22,3133,1083
2024-11-04,9490,415
2026-10-20,8440,124
2026-09-15,7104,2161
2024-12-06,1003,2280
2026-11-06,5202,215
2025-01-31,9068,468
2024-12-23,6423,304
2025-05-20,9394,1999
2024-03-23,1183,2504
2024-04-03,3858,176
2025-04-07,2373,446
2025-08-20,7985,2186
2025-01-25,9113,1466
2026-06-16,4028,384
2024-03-29,7192,595
2025-03-01,9063,1377
2025-02-09,9205,2435
2026-01-15,5797,2778
2025-09-25,7492,2305
2026-09-20,4358,220
2026-09-02,9251,375
2026-05-16,9488,2215
2025-10-09,8436,2671
2025-06-09,3212,294
2024-10-04,678,2962
2026-10-03,5702,663
2026-08-12,9426,2538
2024-05-22,7297,2274
2025-10-05,9125,133
2025-02-21,6591,1735
2025-03-08,6330,1320
2026-03-02,2799,2369
2025-06-23,3024,303
2026-12-17,3980,1987
2024-06-21,6361,604
2024-02-18,3730,1124
2024-09-24,9094,2431
2025-05-02,2376,1878
2024-06-09,9616,309
2026-12-22,2708,903
2025-09-21,2507,2535
2026-11-19,315,2593
2025-06-14,3873,2902
2025-07-07,5162,1162
2026-02-25,2723,2637
2026-12-29,6651,1802
2025-08-20,9586,2306
2026-04-17,3404,1878
2024-10-13,585,2856
2024-04-24,5834,993
2025-09-13,1501,1834
2025-01-15,207,999
2024-08-14,6590,327
2024-10-31,4185,390
2026-04-01,7937,2378
2024-04-27,5834,448
2026-08-15,6883,1603
2025-12-23,53,343
2026-03-27,8176,1791
2024-08-11,8265,1698
2025-10-14,9029,2855
2025-10-24,4324,2946
2024-11-12,8607,161
2024-11-06,8760,1481
2026-03-14,2253,204
2024-06-28,6104,1332
2024-08-09,822,279
2026-05-26,7939,236
2024-04-11,9288,1860
2026-07-09,2842,2137
2024-05-12,1122,1180
2024-09-26,7261,568
2024-04-29,4941,1973
2026-03-20,2773,2991
2026-05-29,8276,1495
2026-03-05,9219,207
2026-08-12,4877,2852
2026-05-08,8073,447
2026-06-28,1053,60
2026-04-30,2122,1676
2025-10-12,6761,186
2025-03-01,9486,890
2024-01-09,5747,2649
2026-12-09,8313,2413
2025-11-15,5140,738
2025-08-06,9161,1441
2024-05-14,9933,1975
2025-06-28,9896,1129
2025-09-10,9712,2111
2024-01-29,5721,1138
2024-09-02,3761,2480
2025-01-20,3554,2255
2025-07-04,5230,1888
2026-11-13,5684,2123
2026-01-27,606,931
2024-06-11,344,2030
2024-11-11,6442,1581
2025-05-30,8499,2043
2026-02-07,4974,1588
2026-09-25,2612,2661
2024-01-27,1933,930
2025-11-29,1694,779
2025-12-28,5686,448
2025-04-30,5417,1029
2025-11-17,8708,533
2026-07-08,8642,283
2025-11-18,7464,1447
2025-09-05,5861,2867
2024-08-02,6890,2913
2024-01-07,8481,364
2024-11-24,9078,2039
2025-08-28,7425,2258
2026-01-23,4705,2070
2026-12-10,9814,2285
2025-07-16,7327,1978
2026-07-25,6010,964
2024-07-20,7630,1081
2024-03-06,583,1266
2025-05-28,7783,1140
2025-05-22,6960,786
2025-12-24,3161,1956
2024-09-20,1183,2366
2025-06-11,1709,1949
2026-04-12,1570,628
2025-07-01,2110,798
2024-02-15,2321,2202
2025-10-16,5004,1198
2025-04-18,2981,2800
2024-10-02,8367,2239
2024-07-14,9961,231
2026-01-03,2725,410
2026-11-11,9492,1556
2024-03-29,1972,2083
2024-01-07,2251,2400
2026-02-25,89,2486
2024-10-22,420,1024
2025-06-30,2930,1229
2024-10-11,3059,430
2024-10-25,6075,512
2024-06-30,9861,1317
2026-05-28,5756,695
2024-04-30,6615,1010
2025-01-14,953,310
2026-10-31,8913,2081
2025-01-02,6503,2344
2026-12-27,8684,1555
2025-08-06,4076,1879
2025-06-09,9510,1137
2024-12-13,6335,842
2024-10-03,7918,2650
2025-05-26,8526,1371
2026-06-01,4142,493
2025-03-20,4101,561
2025-03-02,5237,985
2026-04-28,6912,2341
2025-08-10,6168,1455
2024-11-10,5264,25
2025-03-07,8860,2036
2026-06-03,9259,2888
2026-11-06,3241,1554
2025-10-12,8654,949
2024-10-24,5029,2378
2024-12-01,9906,197
2025-04-28,6104,1356
2026-04-17,2748,354
2024-06-17,8706,144
2025-12-31,4155,1995
2025-10-30,5064,53
2024-01-21,8768,2111
2025-10-12,9723,1356
2025-10-17,2671,917
2024-07-28,558,938
2025-04-05,5310,2517
2026-02-22,9960,111
2025-03-14,3863,891
2025-07-20,4593,1405
2026-12-10,5836,1214
2026-01-25,9849,1973
2025-05-31,9226,2930
2025-07-19,5720,911
2025-06-10,2690,2049
2025-06-22,1753,919
2024-11-22,8826,517
2025-02-19,2327,2550
2024-05-11,1399,346
2024-04-11,1501,933
2025-10-21,9075,1153
2025-07-01,3929,1960
2026-05-16,3947,2092
2025-06-11,7847,1567
2024-02-24,3043,2801
2025-12-03,8229,124
2025-06-16,6997,1145
2025-05-20,3617,1394
2024-03-05,5996,626
2026-04-27,1382,2805
2025-12-12,5304,827
2025-04-11,2632,403
2024-12-28,131,1626
2025-11-12,6055,2836
2024-01-31,2179,1437
2025-06-25,4568,2279
2026-08-21,2299,2124
2024-03-20,4738,1005
2026-02-18,9406,2747
2024-05-22,4455,2251
2026-01-08,4296,2
2025-06-19,2397,2333
2024-03-20,3148,1218
2026-05-04,2961,2484
2024-11-23,1410,81
2025-08-02,475,51
2025-06-01,8512,1504
2026-02-27,188,946
2024-11-25,6885,1486
2025-08-04,5475,1201
2025-02-16,2022,2821
2026-04-07,9472,2632
2025-01-21,8746,2518
2024-06-09,844,2627
2025-10-20,2399,1310
2026-06-17,7712,1156
2026-03-27,6837,2524
2024-08-31,5405,1070
2024-09-26,9486,868
2026-06-07,3043,169
2024-05-11,3049,1898
2025-04-23,4484,2860
2026-08-21,6046,1848
2025-11-02,5467,2036
2024-08-10,692,1210
2024-07-16,7702,1027
2025-05-11,9920,1093
2026-09-15,9181,1580
2025-03-04,3250,670
2025-04-30,3329,2768
2025-08-23,473,467
2026-02-09,1459,973
2026-07-02,8033,134
2025-02-12,5120,595
2025-06-05,3556,1150
2024-11-16,7604,588
2025-04-19,8170,940
2026-04-23,9600,2232
2025-08-21,9250,446
2024-11-01,5783,2718
2026-01-21,8243,1988
2025-03-17,844,1739
2024-03-24,9425,394
2026-05-09,8581,2095
2025-08-17,9063,1803
2024-07-23,2313,672
2024-04-05,6130,1942
2025-09-30,7391,961
2026-01-09,8022,1673
2024-06-23,2091,1277
2026-05-24,8759,144
2024-07-12,7857,816
2024-03-10,1288,783
2024-03-21,703,1364
2024-10-04,8319,439
2025-05-15,7366,2319
2026-04-11,1441,334
2025-08-10,2390,513
2026-06-29,6390,1912
2026-04-25,9797,2529
2025-11-16,4191,2815
2026-01-11,2985,2329
2026-06-02,3947,1880
2026-03-17,7086,2558
2024-05-28,2663,2682
2024-06-08,3291,168
2025-03-29,6205,2208
2025-04-24,1387,1412
2024-03-26,1117,344
2025-03-22,4825,1318
2025-01-19,5848,169
2024-12-11,2594,1160
2024-05-19,1015,2181
2025-07-11,1669,1699
2026-09-25,9617,2922
2024-03-26,8731,1673
2025-07-15,3473,2248
2025-04-26,4934,398
2025-10-26,4701,1911
2026-03-18,467,626
2024-09-25,8020,127
2024-03-04,4221,1525
2026-10-30,8432,755
2026-09-21,3020,2202
2024-11-13,2295,380
2026-05-17,4587,2986
2024-06-30,6295,1883
2024-12-14,1569,416
2026-07-28,8669,925
2024-10-26,3826,2101
2026-12-17,8299,2910
2026-07-17,1316,1528
2026-06-11,7426,550
2026-06-01,7704,1245
2024-01-03,4105,1264
2025-05-25,7689,2691
2026-04-05,5099,2874
2024-05-19,2668,1752
2024-11-09,4132,1702
2025-12-02,5509,1646
2024-08-20,7883,785
2024-03-19,1774,414
2026-08-27,238,572
2026-09-27,9850,1307
2026-01-15,6406,805
2026-06-27,9371,1918
2025-09-08,296,2371
2024-11-05,54,1086
2025-01-06,466,2793
2026-03-08,9481,2179
2026-07-24,7032,630
2024-09-17,1191,1292
2025-08-07,4718,953
2025-05-10,8836,1367
2024-11-07,4350,625
2024-09-21,3474,872
2026-12-13,4638,171
2024-10-23,1601,1740
2026-12-05,5228,3000
2026-03-29,9796,1243
2026-01-24,7466,1268
2024-11-04,1130,457
2025-03-13,991,800
2026-07-29,9612,934
2026-05-17,1661,1242
2025-07-09,2007,1313
2026-11-12,4937,1198
2024-08-28,2099,2822
2026-05-09,6972,557
2025-10-01,9942,1713
2025-12-07,2965,730
2025-11-14,591,46
2026-03-26,7692,325
2026-10-19,6888,2639
2026-06-29,8407,2612
2024-09-03,10000,2394
2026-12-06,4885,1505
2025-08-19,5477,333
2024-09-16,9053,160
2024-04-13,173,1200
2025-01-01,849,2372
2026-10-07,5942,886
2025-11-30,5745,748
2024-09-25,398,1080
2025-05-08,5043,692
2026-03-23,3257,625
2025-01-25,8948,1430
2025-09-13,1575,241
2026-08-26,9750,2230
2026-02-19,1994,680
2024-11-09,3142,36
2025-06-25,1132,140
2024-05-21,3078,2102
2025-11-20,8075,587
2024-03-12,1970,2800
2024-07-09,7577,2179
2024-05-19,6200,1189
2025-07-18,8308,148
2024-12-30,9397,884
2026-08-15,4328,2220
2024-10-31,5622,2456
2024-04-21,5847,655
2026-09-30,3836,959
2024-08-31,6576,2356
2026-08-15,6032,2994
2025-11-25,81,2725
2025-07-27,2986,2506
2024-05-20,4973,314
2025-10-05,5584,273
2026-05-17,3942,2899
2026-11-21,1511,469
2025-10-11,2815,1041
2025-10-09,4691,2751
2026-08-28,9172,2385
2024-10-20,5663,2493
2025-02-03,7899,1471
2026-06-20,1285,2389
2024-09-09,5384,1819
2024-04-07,3635,2843
2024-09-19,7142,2287
2026-07-28,3467,2995
2026-12-04,957,221
2026-05-27,4263,773
2024-12-26,9885,2778
2024-09-20,1304,1836
2024-07-28,1799,2307
2025-06-18,1794,430
2026-10-18,3183,2906
2024-02-22,6741,1734
2025-06-22,5083,2763
2025-06-08,8136,385
2025-03-02,8499,633
2026-04-03,1271,1294
2024-09-15,90,1196
2024-06-01,6544,2984
2024-12-13,7835,1512
2026-04-13,1906,831
2025-01-28,2940,1658
2026-04-28,6871,810
2026-11-17,911,2471
2024-06-30,5285,531
2025-11-27,5136,983
2024-11-23,4452,1988
2026-10-15,4532,973
2024-02-02,5384,2306
2026-11-13,1340,2917
2024-04-17,3060,1924
2024-02-28,7510,247
2024-05-08,266,2619
2026-05-08,7912,1887
2026-09-01,8814,2552
2025-09-23,6551,1056
2024-07-29,3496,1455
2024-11-10,8329,2733
2026-07-18,9713,2331
2024-08-06,4942,2661
2025-08-22,5596,857
2026-07-25,3170,2386
2024-08-06,944,1111
2025-06-05,8311,1439
2024-12-06,5314,1447
2024-07-23,7498,1890
2026-05-28,8696,2725
2024-05-09,4287,224
2026-08-21,8945,2410
2025-10-07,9059,2399
2025-12-12,206,2635
2026-02-12,1336,1843
2025-09-06,3087,4
2026-03-23,9242,1279
2024-07-11,4859,677
2024-11-21,4740,2765
2024-04-23,1318,1473
2026-06-15,4691,2121
2025-06-07,9567,2562
2025-09-23,6736,2389
2024-11-20,3637,1414
2024-04-24,4869,1100
2024-06-01,2643,2770
2025-10-18,178,1795
2024-07-19,527,2735
2025-10-30,7721,2836
2025-09-08,925,1838
2025-04-19,459,2045
2024-12-07,9876,602
2025-12-07,6553,2210
2024-06-20,5106,2039
2026-02-08,2381,149
2025-04-05,3729,2956
2025-06-23,8662,43
2026-07-17,390,468
2025-02-09,5864,246
2026-05-07,2937,278
2025-12-18,6147,2238
2024-03-27,7397,1661
2026-11-21,6908,592
2024-01-11,5169,781
2025-05-18,2144,2353
2025-08-25,2537,432
2026-04-01,7879,618
2025-03-10,830,1915
2024-09-11,1454,2358
2026-02-04,8897,22
2025-10-22,2511,1984
2026-09-13,956,1442
2025-02-14,7455,2817
2026-07-02,876,2879
2025-12-02,9086,2684
2024-05-08,8797,965
2024-02-11,5924,861
2024-12-30,4944,302
2025-06-07,6700,533
2025-02-20,8024,1540
2026-06-25,4995,989
2025-09-10,3765,1139
2025-04-28,2375,647
2025-01-12,9360,2039
2025-08-05,504,2128
2024-02-11,7481,1473
2025-07-05,1558,1756
2026-08-30,4713,112
2026-11-11,2633,821
2026-12-08,7228,2885
2025-04-23,5927,1617
2025-10-06,3577,1937
2026-03-30,247,412
2024-04-23,2203,2968
2026-04-09,7640,2584
2024-11-16,722,616
2025-05-18,4297,1081
2025-02-23,5960,1439
2024-03-06,6683,954
2026-05-25,3448,2336
2025-01-13,8776,2283
2026-08-05,5850,1404
2024-03-21,598,702
2025-01-19,6364,1621
2024-11-25,8331,1620
2024-07-10,1511,1365
2026-09-19,6453,2627
2024-09-30,3406,1336
2026-06-06,2415,2187
2025-07-09,7311,1344
2025-08-19,4325,849
2025-02-09,7689,2350
2025-02-17,3278,1008
2026-12-16,945,2820
2026-09-07,9134,468
2024-03-19,5166,2277
2025-09-18,3663,2210
2025-04-25,4847,2262
2024-02-14,9489,862
2026-05-23,2561,1483
2025-09-03,5513,2028
2026-01-14,2812,1570
2024-08-05,6281,2848
2025-03-25,5794,300
2024-11-12,5042,1593
2026-05-07,190,132
2025-02-21,6474,2606
2026-01-10,2912,166
2025-08-07,7363,2643
2024-02-22,5178,2842
2026-04-14,78,2884
2025-09-22,3775,844
2024-04-16,9651,1504
2025-03-16,135,1417
2026-05-30,5984,2258
2026-05-10,8285,870
2026-10-13,7114,1778
2025-03-25,9238,2063
2025-08-08,3971,1009
2026-10-18,3240,1739
2026-04-08,7580,1470
2026-02-08,7062,1824
2026-01-03,5170,766
2025-09-05,3529,2104
2025-01-21,4135,797
2024-08-16,3655,1441
2025-02-07,2837,1907
2024-06-22,4676,2219
2025-03-25,1866,315
2024-05-16,1944,654
2024-05-05,3242,1324
2025-01-28,4606,1781
2026-07-24,4914,2880
2024-11-05,5025,2008
2024-05-16,7545,2281
2024-12-02,4462,623
2026-12-23,351,2693
2024-12-15,3151,1497
2026-07-04,1863,85
2025-03-18,8141,1345
2025-12-31,1751,2089
2024-10-18,9911,2434
2024-01-04,2460,2366
2026-10-03,4757,129
2025-01-15,8370,58
2024-03-02,6425,486
2025-04-03,3892,2193
2026-11-20,2451,1813
2026-10-10,3257,2226
2025-12-30,7880,350
2024-05-26,89,1068
2024-11-10,1644,968
2026-12-19,1979,1814
2025-02-21,527,824
2026-12-31,3881,625
2024-03-08,4202,525
2025-08-20,7153,803
2026-04-30,1837,1445
2025-03-26,3081,85
2024-12-11,7272,2863
2024-11-13,545,1246
2026-02-08,9801,1653
2025-09-28,887,320
2025-12-27,8710,551
2024-10-12,947,2434
2024-12-30,818,604
2026-04-13,5793,888
2024-09-28,8545,219
2026-04-27,4895,1504
2025-08-20,9508,745
2024-01-16,2579,259
2025-09-21,9111,2842
2026-06-30,870,1465
2024-09-10,6829,2090
2026-12-30,2315,564
2024-06-22,9635,2257
2025-06-27,1474,1200
2025-07-15,8386,2880
2025-01-15,9016,2318
2024-10-21,3040,1975
2026-03-22,5432,1014
2026-11-13,5817,552
2025-10-14,5853,285
2024-03-09,4837,1499
2025-06-20,3804,29
2026-10-31,4698,2450
2026-09-18,3541,2701
2025-05-17,7793,18
2024-07-17,5544,894
2026-11-04,2418,275
2024-08-19,4016,2211
2025-12-12,9010,1751
2024-01-09,5970,985
2026-08-25,8499,1095
2024-12-17,2998,71
2025-02-21,4406,1391
2024-08-28,1750,2622
2026-04-08,9828,845
2025-05-20,4286,2833
2026-03-05,2375,1658
2026-12-19,3499,2883
2025-02-14,7248,465
2026-06-28,7006,950
2024-05-01,7863,1354
2025-03-14,4123,2737
2026-07-07,8691,1143
2024-08-04,1971,686
2025-01-05,9985,2106
2024-06-23,3945,894
2024-02-05,4432,559
2024-02-03,8118,937
2026-05-15,852,1328
2025-12-14,9991,1585
2026-02-05,1395,1313
2026-08-09,3660,4
2026-07-27,4086,1609
2025-08-22,5065,2079
2026-08-04,2571,2069
2024-01-11,9269,1643
2025-01-16,1277,1895
2024-03-16,9143,907
2026-10-02,3442,1930
2025-02-18,734,1087
2024-02-21,1924,2852
2026-03-09,3001,1287
2025-08-11,4128,767
2025-04-02,5711,2191
2026-08-11,5381,903
2026-10-22,1317,2974
2024-03-10,6365,2837
2025-04-15,8758,1108
2025-10-08,9115,2273
2025-12-15,1690,2988
2024-03-01,8967,2110
2026-10-13,7712,2328
2024-09-09,4704,2135
2025-05-17,4227,420
2025-10-17,5748,1880
2025-08-24,7685,661
2026-11-01,2283,2082
2024-05-09,1712,886
2024-12-06,3578,986
2025-06-16,287,755
2025-08-14,5691,762
2024-11-23,2282,1679
2026-07-18,6448,1749
2025-05-24,7476,2915
2026-03-26,2041,1459
2025-02-15,701,2826
2026-05-22,8544,1574
2025-07-22,6100,2522
2025-05-30,9051,2903
2024-01-29,4262,887
2025-03-04,1539,93
2025-09-07,497,1056
2025-10-15,804,1864
2025-11-20,2566,2009
2024-11-19,1085,1196
2025-11-08,4114,2894
2024-04-03,8171,1076
2026-01-10,1855,2007
2024-03-25,483,435
2026-06-27,8542,953
2026-10-06,8192,2276
2024-08-11,5904,54
2025-07-31,6860,2785
2026-09-18,9786,2376
2024-08-06,8781,932
2024-12-16,3732,380
2026-07-02,5657,523
2024-10-24,3252,2279
2025-04-08,5214,99
2024-05-30,8216,596
2025-05-28,7986,524
2024-11-02,14,2726
2024-10-17,3831,439
2026-09-11,9882,226
2024-06-10,7415,1096
2024-07-13,9184,1253
2026-12-04,7165,1573
2026-08-06,3970,665
2025-03-08,3034,1187
2024-07-11,8271,602
2026-08-09,9920,1322
2026-11-02,1547,604
2025-06-03,951,949
2025-08-07,2463,65
2024-06-28,5451,366
2025-09-15,1304,2477
2024-05-31,5700,722
2024-07-15,2938,1616
2024-02-03,8699,2806
2026-12-29,7742,417
2025-07-22,4309,1428
2024-06-30,9408,776
2026-11-03,9874,693
2024-03-15,1194,498
2026-12-01,8374,875
2024-08-28,6138,509
2024-04-05,4482,262
2025-06-08,4328,1693
2025-10-06,6785,1362
2025-07-30,2875,941
2026-11-12,8345,2954
2026-12-29,4478,1603
2024-02-04,4639,2695
2026-12-09,6646,2175
2025-03-08,1595,2363
2026-05-02,9493,2274
2026-06-03,45,1037
2025-12-05,5806,2334
2024-07-30,6686,1319
2026-08-27,9239,1123
2026-04-19,5943,846
2026-07-31,8710,505
2025-10-07,3879,2100
2025-08-19,8035,2491
2024-03-02,367,2357
2025-01-30,6338,860
2025-05-24,3146,1304
2026-03-10,7232,2799
2024-06-01,9450,2307
2024-08-05,6754,296
2026-05-26,9723,2534
2025-03-24,8773,729
2025-12-04,9726,147
2026-03-01,1614,127
2024-01-15,4896,1071
2026-03-31,1063,325
2026-04-07,8731,988
2026-11-29,6192,2258
2024-03-17,6461,183
2024-04-07,932,2833
2024-05-12,763,1497
2024-05-03,9660,355
2024-05-03,2225,2573
2024-02-13,707,2824
2026-04-26,2772,2600
2024-08-21,2623,2333
2025-04-10,4598,1240
2026-01-21,150,144
2025-08-24,5150,47
2026-10-13,7631,1573
2026-08-07,7923,2273
2026-09-20,5574,2637
2025-03-03,8131,2475
2024-03-19,1374,686
2025-09-30,5991,2879
2024-08-08,6150,738
2025-07-06,2230,2064
2026-06-02,9569,1053
2026-05-15,924,2273
2025-02-13,5924,2870
2026-08-14,9927,1489
2024-10-21,7946,2462
2024-06-11,4109,963
2024-07-25,665,381
2025-04-23,3726,321
2026-12-01,240,99
2026-03-19,1541,1137
2024-06-09,1152,2701
2026-11-25,2579,1232
2025-07-16,3920,2345
2025-04-24,6711,1403
2024-02-03,1560,1934
2025-12-23,9257,2935
2025-01-30,4943,565
2024-11-19,2044,88
2024-03-03,5285,1269
2025-02-07,3220,30
2025-02-27,7290,1434
2025-06-14,2154,1508
2025-12-20,5435,1020
2025-06-03,2481,970
2026-04-12,2566,2154
2025-03-04,7978,1496
2024-11-28,4742,1478
2024-06-23,5074,1227
2025-01-31,760,910
2026-12-27,3676,2889
2025-06-28,2813,2726
2025-03-16,1401,2031
2025-03-14,5737,2061
2025-02-15,4750,811
2024-12-30,6905,1563
2024-12-25,8963,2431
2025-07-04,7244,629
2024-05-11,7089,388
2024-05-15,3431,526
2026-09-01,6025,1592
2025-10-09,787,2056
2025-06-25,5186,2340
2026-03-19,5072,2477
2024-03-12,8730,1982
2025-06-28,8582,1891
2024-05-17,4897,1381
2024-02-24,8930,1716
2024-03-07,3230,1304
2025-08-08,2827,1786
2026-08-24,4942,1902
2026-01-12,2990,2257
2026-02-13,6609,1665
2026-06-01,6438,918
2026-08-19,5496,627
2026-07-23,1028,2258
2024-01-04,5712,1255
2026-07-29,8823,1853
2025-03-03,3534,2782
2026-05-16,4346,1265
2024-02-19,3971,2947
2026-07-30,8332,1301
2025-03-23,6190,2276
2024-05-14,3503,2130
2024-12-28,2182,2400
2025-05-30,2064,139
2026-11-18,8763,2972
2024-12-19,6656,2407
2025-05-26,6962,2287
2024-05-03,9924,948
2025-08-18,4516,416
2024-10-20,7994,1908
2024-12-27,1568,290
2026-12-24,831,1106
2025-06-05,8874,2405
2026-04-13,2255,2069
2024-04-20,3968,1890
2025-10-05,3456,1641
2024-06-29,6113,2169
2025-01-14,5626,2274
2025-06-29,7817,1462
2026-02-11,2466,807
2026-09-24,3272,1993
2025-01-22,9093,1651
2024-04-03,9829,558
2025-10-11,5006,2528
2025-03-29,4923,2055
2026-05-22,6656,2359
2026-06-06,1635,1679
2026-12-24,2543,2543
2025-11-02,6056,2588
2024-11-22,6387,760
2025-12-30,6273,13
2025-03-29,4821,461
2026-08-18,4821,2311
2024-02-02,2091,1392
2025-07-05,8761,144
2025-10-28,5928,2403
2025-09-21,6274,1300
2026-11-08,2474,1976
2026-09-11,4553,2401
2024-09-21,8577,464
2026-06-17,234,2284
2024-07-12,7962,2059
2025-12-26,8285,675
2026-04-21,4135,57
2025-11-23,8999,44
2026-01-05,494,754
2024-07-02,7077,676
2026-05-01,8583,691
2026-09-20,8007,1442
2025-07-17,5531,771
2025-07-18,770,640
2026-02-23,5700,2118
2024-11-28,9775,1028
2025-05-27,42,2560
2026-04-11,3471,73
2026-02-12,825,162
2026-01-21,6049,731
2026-02-04,6151,2257
2026-04-11,2475,2928
2026-08-05,3384,2722
2025-11-27,3234,1895
2025-03-17,173,976
2024-06-06,1186,545
2026-05-12,7494,1581
2024-10-17,7827,334
2024-04-22,3452,538
2026-09-13,8565,792
2024-12-21,503,2443
2026-07-29,4934,326
2026-10-29,2178,1453
2024-01-10,8687,2554
2025-08-27,9972,2295
2024-10-21,3212,1545
2026-09-13,8534,61
2024-04-01,4006,2408
2025-11-21,672,2116
2026-02-13,8619,1731
2026-01-06,6389,2359
2024-11-21,6658,1177
2025-01-28,2408,930
2025-05-14,5955,1168
2025-07-13,9363,1081
2026-08-06,2564,1512
2024-01-13,5824,2082
2025-10-13,8226,2049
2025-04-02,4816,430
2024-12-14,4529,1030
2024-06-19,3633,2188
2025-05-22,8435,1320
2024-08-06,210,977
2024-04-17,5128,190
2026-05-30,1441,2341
2026-06-21,726,1701
2025-04-04,2758,326
2026-07-02,8162,2403
2025-02-17,3409,623
2026-11-09,2431,1804
2025-03-19,9925,2212
2024-03-14,7359,2063
2024-11-17,7786,1222
2026-03-21,1667,1322
2026-05-04,955,244
2025-07-18,7772,2245
2025-07-24,9226,2222
2026-12-07,1189,20
2026-05-09,6777,1955
2026-08-06,6841,1027
2026-04-11,8535,992
2025-10-28,8586,1678
2024-08-26,2944,2034
2025-06-01,954,1730
2024-01-28,538,2183
2024-02-29,1787,1467
2024-12-04,1282,2187
2026-10-10,7895,975
2026-09-30,3441,2406
2025-07-22,8546,2676
2024-01-18,5747,26
2024-09-15,7271,328
2025-09-25,8366,2365
2026-11-06,6854,1645
2026-03-21,4983,476
2024-06-16,8860,2075
2025-09-16,7661,466
2026-03-01,2547,2776
2025-08-11,7688,889
2026-12-07,9100,545
2024-01-14,5385,616
2025-02-03,1995,1854
2025-04-17,529,1962
2024-08-10,261,2403
2026-06-04,3727,1596
2024-07-13,3335,1472
2024-08-22,3319,157
2026-01-05,9391,1409
2026-12-02,8481,1512
2024-12-28,4368,464
2026-09-18,8678,2830
2026-12-11,2887,2687
2024-05-24,1290,742
2026-07-20,8149,1798
2025-08-20,2197,1098
2025-01-06,7753,2660
2024-05-08,500,2991
2026-03-22,5371,806
2024-08-31,7801,1260
2026-06-07,5715,2851
2026-01-09,7181,1740
2026-10-14,1464,2966
2024-01-10,7885,890
2024-11-02,9540,2687
2026-05-05,4850,1890
2026-07-17,6424,2114
2025-09-08,1568,2594
2026-02-24,6445,1019
2024-07-09,869,164
2025-01-01,6592,840
2024-08-05,8276,1637
2025-08-01,8021,2599
2024-07-18,5082,823
2026-08-20,9850,2895
2025-11-15,940,2495
2026-07-21,2834,1558
2026-07-11,9378,1226
2025-01-25,766,634
2025-09-24,1530,2923
2025-06-26,2585,2376
2024-10-30,1428,223
2025-11-09,5328,2996
2026-02-14,9022,2317
2025-01-28,9511,181
2024-01-26,2715,2329
2025-05-18,2839,1615
2026-12-16,8663,2815
2026-10-31,5927,2353
2026-09-05,3016,394
2026-02-14,8462,1059
2025-07-14,953,1715
2026-07-25,3259,1275
2025-02-16,4755,2324
2024-03-13,4290,1341
2024-10-23,7406,1166
2024-02-14,1166,1852
2024-12-06,1415,137
2024-02-09,9555,2646
2025-08-25,8083,2029
2026-09-08,9818,2556
2024-03-15,6880,1473
2026-01-05,4774,1391
2024-04-03,1503,1962
2025-01-08,9089,2485
2026-10-24,8434,1601
2025-01-07,561,2516
2026-05-29,6691,1712
2026-09-02,4388,1967
2026-10-13,3449,1489
2024-11-28,6329,2558
2025-12-10,4261,1053
2026-11-06,9107,2049
2026-07-04,9113,446
2025-09-12,5934,788
2026-11-29,922,2774
2026-09-06,8655,2674
2024-07-07,7546,834
2026-03-29,4102,931
2026-01-12,2785,1099
2025-09-20,7616,1064
2026-03-18,6335,2809
2026-01-16,1346,1815
2025-11-02,9187,762
2026-04-09,5266,2531
2026-11-20,9788,1675
2024-01-06,6974,1692
2026-08-10,5550,2979
2025-11-28,3390,945
2025-07-29,3700,1806
2024-08-04,4290,683
2025-05-23,104,2473
2025-03-09,4749,2951
2025-05-25,827,2068
2026-11-30,8096,1862
2026-01-15,8057,1124
2025-01-03,7769,458
2026-03-13,9888,1587
2025-03-20,4741,289
2024-02-04,3007,1815
2026-10-02,8508,391
2025-01-12,935,1554
2024-03-23,8203,1182
2025-10-04,2993,2531
2024-01-13,7803,2278
2026-02-03,185,523
2025-12-11,9883,1807
2026-08-06,6695,2590
2025-11-15,6036,2517
2025-03-13,2326,1802
2026-03-18,3786,1556
2025-12-20,3151,766
2025-05-31,6687,2703
2024-02-07,6757,2984
2025-09-19,3368,625
2026-05-30,4672,2780
2026-11-08,1369,2147
2025-08-18,539,2008
2024-10-31,7564,18
2025-09-05,8223,1612
2024-03-15,1844,1028
2025-03-22,6253,276
2026-03-18,4782,2793
2025-08-18,6240,1996
2025-09-09,9104,1943
2026-05-03,1241,2586
2026-08-30,1873,2573
2026-09-24,4943,875
2025-01-28,1453,1402
2025-05-20,5968,363
2026-09-08,1860,373
2025-07-18,4986,1805
2024-07-12,7796,1232
2024-11-30,9901,1493
2024-01-21,9933,1528
2025-01-25,8227,999
2026-09-29,5025,2943
2024-09-08,819,457
2026-02-05,1570,3
2025-07-31,7003,2913
2025-01-16,2052,233
2026-01-15,3671,1097
2026-04-27,845,1380
2026-02-01,1922,2848
2025-01-28,3192,568
2026-03-09,747,2253
2024-06-26,9895,329
2024-03-23,1359,198
2024-02-04,1336,804
2026-12-12,395,2010
2024-10-27,6259,13
2024-04-12,3380,604
2026-02-08,5013,2984
2025-08-26,5875,91
2024-04-18,2688,606
2026-05-05,8105,2029
2024-01-11,4901,84
2025-06-05,2173,1692
2026-05-04,595,1641
2024-10-14,8677,1089
2025-04-08,3576,1694
2025-06-16,7647,2922
2026-12-12,2403,1585
2026-06-08,3571,177
2024-06-25,2416,1504
2026-07-16,2458,2652
2026-04-10,577,776
2026-08-24,1819,2358
2025-02-05,3777,1180
2025-08-01,1535,1587
2026-07-24,7865,790
2025-08-22,7149,718
2026-11-12,7286,2011
2024-10-30,7498,181
2026-06-06,1838,1506
2024-07-27,1389,2729
2026-01-13,7008,2658
2025-10-28,4911,64
2024-08-10,1241,508
2025-05-28,2949,483
2024-02-05,5927,2126
2024-10-09,5643,2736
2026-11-07,3297,445
2024-03-07,2336,1602
2025-07-07,8263,2562
2026-06-06,6104,2605
2024-09-22,2359,2618
2026-06-22,593,1977
2024-12-01,9393,2961
2024-05-27,8719,2381
2025-07-29,9548,1122
2024-03-31,7960,1670
2026-07-02,8736,556
2026-08-10,1440,131
2024-01-10,3131,2028
2024-07-11,3668,2182
2024-03-13,6149,2969
2025-05-01,3359,1826
2024-03-15,8182,175
2026-04-21,8509,2134
2024-09-03,8768,285
2026-10-30,6979,780
2024-06-01,8759,1597
2026-05-11,1053,1715
2024-05-23,3375,899
2025-03-02,6131,1888
2025-02-27,7776,647
2025-09-22,4961,1130
2026-05-26,9823,2892
2026-07-28,8779,2257
2024-12-14,4249,1239
2024-07-22,7337,576
2024-07-23,5489,1767
2026-08-17,9783,748
2026-06-08,3194,46
2025-11-18,8938,422
2024-01-07,42,540
2024-02-05,4997,534
2026-10-03,9115,1778
2024-08-14,1575,1109
2025-02-28,8609,2655
2025-12-07,6747,2960
2026-12-01,7918,1055
2025-08-24,9723,1850
2024-05-12,671,2322
2025-02-23,8243,1295
2024-12-08,9313,426
2026-12-14,2962,2524
2026-08-22,682,2311
2026-03-22,1649,2094
2026-12-21,2628,2051
2026-11-20,8436,2334
2026-04-19,8333,1461
2025-05-07,5701,585
2025-04-19,9663,2029
2025-01-07,7296,179
2025-01-27,1291,628
2025-03-20,5653,2629
2026-12-01,9738,1649
2024-06-03,5130,1095
2025-11-09,4671,2483
2025-06-29,4438,1635
2026-04-28,2952,2284
2026-07-07,9812,1013
2026-10-26,6048,177
2025-08-13,2398,1371
2025-07-25,4960,2491
2025-04-30,10,1174
2025-10-02,515,2151
2024-06-21,488,264
2024-03-25,5148,424
2024-10-02,1820,1136
2024-03-01,8644,2790
2025-10-03,3307,602
2024-04-29,178,546
2026-07-14,7845,2259
2025-06-13,9122,2315
2024-03-11,4958,2109
2025-08-10,3354,2778
2024-11-23,2727,114
2024-03-09,6596,732
2024-11-03,2650,140
2024-08-10,8531,2076
2024-07-04,5013,2289
2026-02-18,467,829
2026-10-01,1975,995
2026-09-08,4747,1968
2024-03-10,3748,1727
2026-04-09,3912,1029
2026-04-21,4423,2462
2024-03-20,7693,1993
2024-01-13,7885,1933
2025-03-09,5227,61
2024-05-23,1133,2128
2024-03-12,3224,265
2025-07-18,7862,1173
2025-02-21,9266,953
2025-01-24,338,207
2026-01-02,1731,1552
2026-10-01,717,2382
2025-11-11,1083,429
2026-06-16,6535,359
2026-01-11,1097,2769
2026-11-24,9702,2999
2024-07-13,6396,8
2026-08-10,6289,494
2024-04-16,7321,546
2024-07-07,7857,979
2025-04-18,4338,2548
2026-08-13,328,1081
2026-11-25,1054,814
2026-05-17,859,722
2024-03-30,6344,2391
2025-03-09,5159,816
2026-10-18,6253,1987
2025-06-15,8748,162
2026-03-17,1666,2715
2026-01-22,3963,2745
2026-04-13,6538,1817
2025-02-03,8268,1649
2026-11-09,417,2559
2026-10-03,2501,2379
2026-12-25,8410,61
2026-09-28,1639,605
2025-04-13,6037,2207
2024-09-29,9191,2493
2025-03-02,3592,1400
2024-09-07,9155,335
2025-12-26,6216,322
2025-07-03,1161,861
2026-12-15,6502,311
2025-09-06,4764,365
2025-03-29,3180,793
2024-07-01,3324,2359
2025-10-18,325,432
2025-11-22,8448,108
2026-01-12,9860,139
2024-02-03,8869,1606
2025-10-07,2863,364
2026-02-11,2647,301
2025-04-27,7009,2846
2024-06-14,1013,1030
2024-10-01,9780,2743
2024-06-09,5313,616
2024-07-10,9383,1147
2024-02-23,5697,731
2025-07-06,9955,1280
2024-07-06,5342,1613
2026-08-21,872,2282
2025-08-14,9146,911
2024-09-14,3648,1860
2026-06-12,1037,1222
2026-07-06,279,950
2026-08-10,2612,539
2025-03-29,1527,953
2026-12-03,1685,131
2024-02-22,7842,2164
2026-11-14,6290,1023
2025-10-19,8286,34
2025-10-23,3304,2405
2026-03-15,7746,339
2024-08-01,6632,6
2026-09-01,5393,233
2026-02-12,8773,2635
2025-11-15,7843,1537
2025-11-28,7643,2493
2026-10-30,8094,2800
2026-07-29,3657,1410
2024-01-02,7265,306
2026-06-05,7487,382
2024-01-06,1103,1129
2026-11-19,580,245
2025-02-23,2160,1158
2025-07-31,1063,1575
2025-10-18,6893,274
2025-12-13,769,843
2024-01-15,2538,520
2026-08-18,1556,1882
2024-03-01,9422,1219
2024-07-02,954,2751
2026-05-31,9176,313
2024-11-01,2937,1316
2024-11-12,3411,2424
2025-01-08,6028,2952
2026-05-28,7020,1442
2026-02-26,3348,1904
2025-04-26,5709,1771
2026-05-08,8446,1224
2025-09-27,1504,1514
2026-03-04,5399,469
2025-12-11,6436,54
2025-09-01,2515,2171
2026-02-16,102,2626
2025-03-18,8188,1546
2025-08-10,7168,2096
2025-11-28,7875,2246
2024-01-25,3138,2915
2025-03-03,4302,2092
2024-05-05,8658,2972
2025-03-23,7581,2521
2025-03-21,5891,1427
2025-12-17,9927,291
2026-05-26,5938,2405
2025-03-06,4402,647
2025-10-17,7292,2117
2026-03-04,482,1137
2024-07-12,1533,2007
2026-08-16,9918,261
2025-10-09,4920,2630
2025-01-23,7931,184
2025-02-01,2399,1485
2025-02-15,6836,426
2024-12-20,998,647
2024-02-08,2267,224
2024-03-17,9698,299
2025-09-14,7233,506
2025-03-23,9782,459
2025-05-11,3960,1716
2026-12-27,117,383
2026-08-27,3778,2573
2024-12-07,9920,1860
2025-12-20,3898,55
2026-12-27,6855,1027
2025-12-29,3472,1141
2024-07-09,7354,2061
2024-09-05,8462,2759
2024-04-07,5847,2747
2024-09-10,1989,2817
2024-04-21,6465,964
2025-04-19,8397,2682
2025-03-27,7677,2380
2025-06-18,5760,1986
2026-03-01,975,1823
2026-09-28,129,407
2026-02-19,4520,898
2024-12-23,3633,1618
2024-10-01,3777,1515
2025-12-17,8363,357
2026-11-28,3861,982
2024-05-15,1878,92
2024-10-29,1014,2718
2026-06-21,3518,1396
2026-05-22,4151,806
2025-02-08,1355,2309
2026-11-15,4326,2397
2025-10-09,5382,1054
2025-09-30,325,256
2026-05-04,7262,2562
2025-05-20,1633,899
2024-05-01,5209,46
2025-08-05,1351,393
2025-11-22,9914,170
2025-06-15,9777,785
2026-08-28,8232,2364
2026-02-05,2005,2516
2026-08-12,7768,1368
2024-04-25,5476,974
2024-09-02,1854,2342
2024-04-15,5945,2883
2026-05-18,3053,2650
2024-04-02,8288,2491
2026-02-13,8671,2011
2024-07-22,2300,121
2025-10-22,8460,2575
2025-06-06,6728,2648
2026-02-06,3242,71
2026-08-06,6140,12
2024-03-09,6039,861
2026-04-25,8908,1850
2026-10-08,2855,953
2026-11-29,735,1571
2026-10-02,1327,780
2026-07-13,2605,265
2024-01-20,9840,1769
2024-07-22,3621,1620
2025-08-25,5035,2655
2024-08-20,154,1198
2024-02-25,3965,2509
2025-01-28,7624,2524
2024-08-10,4012,1131
2026-03-04,1362,77
2025-10-06,805,199
2024-08-23,3813,2336
2026-11-07,2760,2559
2024-01-10,2860,2959
2024-04-17,3983,1599
2024-07-31,3767,66
2026-05-16,3534,1584
2025-04-25,4869,581
2024-06-20,4683,1395
2025-06-11,9814,1037
2026-09-12,2478,1968
2026-06-08,6021,547
2025-06-03,8460,1398
2026-08-10,9111,2262
2025-01-17,9542,2764
2025-03-31,7882,1219
2026-04-01,9805,1434
2026-05-15,8485,423
2026-02-24,3385,24
2025-09-17,4988,2068
2025-06-11,2553,1279
2024-08-28,7792,750
2026-02-25,7448,784
2025-09-27,8244,1699
2024-06-03,4030,1785
2025-07-29,8000,614
2026-05-10,8411,2721
2024-05-16,5892,323
2026-02-01,8539,1501
2025-04-04,7351,1879
2025-05-12,2457,1661
2026-12-09,691,260
2024-10-25,2535,2457
2024-03-11,9087,2453
2025-07-05,2733,1904
2024-10-08,7155,2190
2026-04-21,3900,1162
2024-05-10,5945,2572
2024-07-04,4773,648
2025-06-02,4988,192
2024-09-18,5611,916
2026-07-05,7667,2810
2024-03-26,6490,1529
2024-12-12,1717,2522
2025-07-11,6076,169
2025-04-15,372,1080
2026-06-14,7820,2012
2026-07-23,8718,475
2026-09-03,5927,2898
2026-05-17,688,112
2024-02-03,7842,1756
2025-08-23,7975,422
2024-07-14,3635,639
2026-07-16,2669,2114
2025-10-12,5647,397
2025-12-20,3115,1147
2025-03-13,740,1096
2025-06-05,9049,380
2024-11-20,3046,1952
2024-08-17,3312,2503
2025-06-06,4111,328
2024-08-11,3306,2385
2024-03-27,2971,829
2026-12-29,1797,1904
2024-07-28,132,2080
2025-11-10,7812,850
2025-11-21,7632,1442
2026-11-10,3410,508
2026-10-24,6937,2894
2026-08-05,4472,1561
2025-07-18,4662,2965
2024-10-31,1932,227
2025-07-13,3983,2576
2024-03-03,6546,2330
2025-02-06,8996,2226
2026-07-16,999,286
2024-09-19,5779,152
2025-08-26,19,764
2026-03-27,2683,1161
2025-01-20,6173,2838
2026-03-10,8974,2333
2024-07-14,3337,1484
2026-10-01,5305,1034
2024-01-04,2963,2925
2025-12-28,4389,2691
2024-02-16,7696,2846
2025-07-21,1618,1515
2024-06-15,8554,2684
2024-09-28,4962,2759
2025-09-09,9066,389
2025-10-18,7636,2120
2024-10-06,7471,111
2024-03-29,810,1575
2024-05-20,2406,934
2025-09-07,7847,1237
2026-11-03,9489,967
2026-10-22,3394,97
2025-12-08,5983,1698
2026-03-13,4883,1476
2026-11-08,8071,2211
2025-10-19,6444,2193
2025-05-14,6725,98
2025-10-28,32,1925
2025-05-01,7451,1824
2025-07-27,8764,1567
2024-02-17,2165,2145
2026-10-31,5200,2333
2024-07-14,9432,2332
2024-09-11,4722,2788
2026-12-01,7885,920
2026-07-10,2746,725
2026-05-04,2232,2429
2025-01-25,6334,199
2024-11-04,8516,1315
2025-11-02,5355,1076
2025-06-30,1614,2112
2025-04-27,468,648
2024-04-20,3164,1065
2026-03-31,556,905
2024-09-16,6399,644
2026-02-17,4756,2444
2026-06-11,8412,1181
2026-09-29,5341,1974
2026-07-10,7657,1185
2025-06-08,9483,1323
2024-10-16,4004,1496
2024-06-24,4177,544
2024-04-26,5260,937
2026-09-30,6085,2093
2025-06-10,5774,886
2025-05-13,4664,2618
2025-01-05,9278,1610
2025-05-04,8600,887
2024-01-01,550,2172
2025-03-03,5846,2064
2025-11-03,640,1778
2025-07-21,6609,302
2026-06-27,8192,2888
2026-11-23,405,635
2025-11-14,906,987
2026-06-14,1982,2270
2025-10-03,1456,77
2024-12-07,2401,2056
2025-10-18,9242,2972
2025-09-03,8833,944
2026-02-10,1790,535
2025-09-17,6553,1999
2026-03-25,1061,579
2025-05-18,7476,90
2025-08-08,9774,629
2024-11-13,2087,341
2025-11-16,5735,32
2024-06-17,3536,323
2025-03-01,9067,1416
2024-11-10,2516,2235
2026-04-26,9635,2983
2025-10-04,6388,2884
2026-01-27,9358,2611
2024-11-07,4913,2245
2024-08-02,9204,608
2024-08-14,2531,1661
2025-07-28,7100,1035
2025-10-14,3746,1056
2026-04-06,339,1263
2026-03-08,1374,2687
2024-11-20,6317,1665
2024-03-17,8942,384
2024-12-28,7199,1985
2026-04-29,2003,804
2025-04-07,2186,2784
2024-07-04,1331,1142
2026-10-02,6734,1417
2026-04-01,8686,85
2025-09-19,2655,2680
2024-10-16,3626,2915
2024-10-08,6368,2766
2024-04-01,4500,1388
2026-05-15,5221,2070
2024-10-07,7384,1711
2025-06-23,3778,1514
2026-02-03,5512,1821
2025-02-13,7559,1454
2024-10-07,1183,1157
2025-08-22,3793,2902
2025-11-20,6699,1354
2025-03-15,1212,378
2025-12-26,1069,454
2025-10-02,8764,513
2024-10-07,9706,2067
2026-11-06,9382,1148
2026-09-03,2295,2184
2024-04-04,3840,1301
2026-01-22,5074,1843
2026-06-04,2734,2222
2026-09-13,2677,1244
2026-09-25,5111,215
2026-10-03,4762,65
2024-01-01,4323,1846
2025-03-20,4901,2528
2025-03-02,794,2050
2024-08-21,309,2860
2025-07-11,2870,2466
2025-06-16,1172,1010
2024-08-09,5233,2716
2026-02-21,2405,2314
2026-06-04,2944,1496
2024-06-30,745,2748
2026-10-13,9104,2047
2026-03-24,9685,2607
2024-05-16,7781,2629
2025-08-31,3857,2584
2026-07-03,8387,214
2025-06-01,5229,2675
2026-11-30,696,165
2026-11-12,6156,2456
2025-01-16,4291,384
2025-05-03,5462,2860
2024-12-25,4761,2846
2026-11-26,4263,2104
2024-07-29,9631,244
2025-03-22,3190,772
2026-05-25,3014,1532
2024-12-29,6094,1949
2024-06-28,5638,886
2026-01-27,2289,780
2026-09-02,285,2098
2026-05-17,1162,545
2026-03-02,2103,2528
2024-06-12,5460,1933
2024-11-28,4928,732
2025-10-29,5483,2837
2025-07-20,2948,682
2026-10-24,3845,2485
2025-04-12,2471,363
2026-10-14,7302,607
2025-09-01,6681,1038
2024-12-16,7121,1872
2024-08-27,4599,2896
2026-03-12,8619,2412
2025-03-01,8422,1872
2024-10-30,2657,2737
2025-05-24,4754,2808
2025-11-30,401,2840
2024-01-31,2499,228
2024-09-07,5468,1842
2024-04-25,7623,2638
2024-11-23,1565,2349
2025-01-18,1777,2876
2026-06-05,8660,2680
2024-01-04,3168,1613
2026-04-25,2643,1860
2025-02-15,2844,2841
2024-06-24,6811,181
2026-02-02,7839,2159
2025-05-28,2744,562
2026-07-20,818,2117
2025-11-08,7000,161
2024-04-06,8476,180
2025-04-17,3986,1098
2024-12-15,7915,1834
2025-08-14,2167,1494
2026-11-26,5356,947
2025-12-21,6189,448
2025-06-27,1264,543
2026-11-26,4369,220
2025-02-28,4064,969
2025-07-10,5442,1282
2024-12-12,7161,1143
2024-09-07,7778,2693
2025-08-05,5204,2622
2024-12-16,2395,2698
2024-11-05,8358,1057
2024-05-12,9724,2296
2024-12-25,7421,653
2025-01-22,2786,1312
2026-04-01,3454,446
2025-02-01,9497,1642
2026-11-19,2199,2039
2024-08-25,9927,2156
2026-06-04,8468,2164
2024-02-04,5704,588
2024-09-25,5519,2474
2025-09-25,39,2988
2026-06-04,5105,656
2026-02-23,3879,841
2025-10-14,5095,1514
2024-05-02,4177,2275
2024-01-16,2316,1071
2024-08-27,2724,2227
2025-04-19,9020,2617
2026-03-28,3659,893
2025-04-29,8725,1500
2025-03-03,6990,2460
2024-05-15,5016,937
2024-04-24,1080,1808
2026-05-27,9911,559
2024-09-08,5850,111
2024-02-16,1713,1452
2025-02-19,9744,699
2025-05-11,8785,2465
2024-03-18,1325,1848
2024-06-16,4094,2137
2024-06-02,4879,1733
2026-10-21,2943,14
2026-06-17,7038,967
2024-11-16,7369,1164
2024-02-13,8755,301
2024-11-13,805,2518
2024-02-27,5253,2486
2024-02-09,4593,396
2024-05-19,8156,1123
2024-01-28,3439,2399
2025-02-06,5332,2844
2026-09-07,3120,732
2025-01-15,4583,638
2025-08-13,5983,1947
2025-12-05,7795,95
2026-11-05,5828,1151
2025-09-17,4462,80
2025-06-02,5959,769
2025-02-15,7443,94
2024-02-25,1824,988
2026-03-05,6848,494
2026-11-20,9652,2930
2025-01-30,8917,54
2026-07-07,3667,105
2024-07-27,2371,2249
2025-04-19,4677,2642
2024-03-28,8720,1904
2025-01-06,4573,931
2025-02-07,1042,1920
2024-04-28,2198,496
2024-03-12,8778,2167
2026-06-17,3939,2184
2025-06-06,4838,615
2026-02-15,5218,2766
2024-09-17,1756,1620
2025-03-02,281,2348
2026-09-03,324,2993
2024-09-08,5524,1776
2026-02-18,6997,1920
2024-02-26,7687,2587
2025-01-11,5248,112
2024-05-18,6800,1003
2026-08-30,5563,1516
2025-10-09,5239,1076
2025-04-27,2638,2904
2024-01-08,1484,877
2026-09-01,6687,990
2025-01-19,3788,138
2025-09-24,7810,2736
2026-10-05,1156,1227
2025-01-23,3331,2059
2025-10-11,7807,2303
2025-10-04,8042,1045
2026-03-02,6909,360
2026-08-31,1908,2557
2025-10-29,5583,2027
2026-10-09,6057,1865
2024-12-31,3194,2277
2026-01-23,8451,849
2024-06-17,7156,1433
2025-06-25,6719,2892
2026-10-16,7654,740
2025-04-30,5944,2535
2026-09-06,9225,1503
2025-09-05,5250,2177
2024-12-23,7239,1483
2026-08-17,9007,1265
2026-05-09,522,1126
2024-05-28,4972,2232
2024-06-25,6613,2613
2024-06-24,808,1585
2025-03-03,6669,840
2026-03-05,5127,1880
2025-04-08,7818,284
2025-01-07,1653,2494
2025-04-12,3005,2360
2025-04-06,275,2219
2024-07-18,1409,1163
2026-03-15,6679,2120
2026-03-27,4841,2733
2025-12-26,2130,1289
2026-10-22,5702,2848
2025-02-17,2082,2729
2024-05-31,9290,1796
2026-07-13,5349,1135
2024-10-07,9622,2817
2026-10-22,3606,2007
2024-03-02,9387,1791
2024-10-17,1286,869
2025-03-17,4011,474
2026-07-27,8800,1774
2026-10-13,1241,1750
2025-04-18,9271,1224
2024-07-18,6179,2021
2024-03-22,7445,863
2025-10-27,7107,2960
2024-07-30,443,821
2026-03-15,5147,1075
2026-02-06,2803,2046
2026-03-06,5982,2737
2025-07-24,9524,1703
2024-03-06,4951,1099
2025-04-22,5606,2038
2024-03-07,2414,2345
2024-05-22,9189,2376
2025-03-31,4781,321
2025-11-17,8701,1340
2026-06-23,8293,373
2024-04-25,1415,254
2025-05-11,4427,2969
2024-05-30,3421,1245
2025-11-23,8087,1992
2024-01-13,1784,2054
2026-09-12,6570,918
2026-10-24,8909,766
2025-09-05,7072,845
2024-11-30,8116,2125
2026-12-17,8641,19
2026-02-28,9229,2719
2024-12-21,5238,2298
2024-10-30,101,519
2026-01-09,5531,1600
2025-05-19,4183,975
2025-08-17,8216,1447
2026-03-25,538,1372
2025-04-11,8212,2776
2024-03-08,9631,1117
2026-05-19,3263,1345
2025-03-31,4187,142
2024-11-20,7744,1669
2024-11-08,9306,1999
2026-09-08,1072,2176
2026-11-21,198,2269
2025-04-22,8960,1553
2024-05-29,5678,2629
2025-03-18,8463,261
2024-09-13,9496,1894
2024-12-14,1546,905
2024-04-17,7208,2896
2025-10-20,7188,391
2024-06-09,1332,2372
2024-04-21,3541,1133
2024-02-21,212,116
2026-06-06,8209,502
2026-06-07,2051,2872
2025-10-27,2507,1756
2026-06-22,8706,2635
2024-02-18,7191,852
2024-02-17,6827,2208
2025-01-03,4206,1215
2026-02-18,4403,1916
2026-10-07,9233,297
2025-02-19,9866,2263
2025-07-19,1765,1105
2025-07-26,6241,1861
2026-07-10,6569,203
2026-05-16,8452,310
2026-07-23,2756,584
2025-02-18,4332,2229
2026-03-02,9765,415
2025-04-11,7323,167
2024-03-26,404,439
2025-03-15,4961,2137
2024-05-20,4316,578
2024-03-01,1592,1674
2026-11-19,3050,2065
2025-01-15,6431,935
2025-07-27,9169,745
2024-09-05,3421,1668
2024-10-20,7891,69
2026-10-07,2888,1957
2025-03-06,1932,828
2026-09-15,4437,369
2025-12-21,2935,2236
2025-02-06,2031,586
2024-06-03,5547,1056
2026-10-02,8116,1930
2024-08-14,8438,2526
2024-08-15,8175,1572
2026-02-01,8627,1198
2026-12-12,1680,646
2024-09-21,72,2295
2024-08-12,6892,1489
2024-09-18,4759,1624
2025-05-29,4125,1494
2024-08-09,2782,2036
2025-08-19,2648,1885
2025-12-17,1762,261
2026-03-11,8066,2041
2024-11-26,3075,1915
2025-01-15,4398,1669
2025-09-21,1039,2394
2024-04-06,3559,2623
2025-02-02,2501,1047
2025-01-26,1518,392
2024-06-01,5316,1923
2024-06-06,8971,60
2025-01-18,3918,153
2026-02-11,2013,597
2024-12-17,155,773
2025-09-15,1129,2525
2025-01-18,7337,1826
2026-05-14,9012,1080
2024-02-13,4337,940
2024-10-29,8857,1664
2024-05-08,2161,2621
2025-10-06,8507,631
2024-01-28,7508,2338
2026-08-09,8139,1897
2026-02-26,280,1866
2024-07-21,2202,2415
2026-06-07,9101,2255
2026-11-13,4808,1017
2026-10-07,9054,204
2025-03-09,4173,637
2024-08-05,7724,763
2024-02-25,9606,2234
2024-03-13,7830,604
2026-08-03,6988,2782
2024-02-19,2195,1173
2024-11-19,9512,1427
2026-08-18,6897,200
2025-04-24,1976,1849
2024-10-22,161,1752
2024-08-10,2526,1839
2026-10-13,9507,1335
2026-05-27,3383,2643
2025-09-13,3496,545
2024-07-25,4790,1596
2024-03-07,3506,22
2026-02-27,1937,224
2026-04-03,4330,61
2024-07-02,5132,1027
2025-01-07,6748,2336
2024-07-18,9627,2930
2024-12-09,5112,1125
2026-03-09,366,551
2024-11-04,5897,15
2024-10-23,3849,692
2024-08-13,398,102
2024-10-07,9694,2887
2024-06-09,6353,2305
2025-08-14,6964,1438
2024-07-09,9406,2841
2026-07-12,494,1974
2025-12-17,1206,2201
2025-04-23,8844,1078
2025-06-03,4519,2583
2024-08-22,7159,2292
2025-05-02,4101,1564
2024-04-29,9165,2898
2024-01-19,1975,723
2025-11-14,8296,2945
2026-05-01,1484,2224
2026-05-30,3071,130
2026-01-15,9950,391
2026-11-14,7838,1338
2025-04-07,6670,2240
2026-01-07,3748,2320
2025-09-12,2532,567
2024-06-06,4185,1492
2024-04-03,1925,2856
2025-11-09,3089,1220
2026-11-07,6298,761
2026-06-21,8332,1395
2026-01-21,1057,2276
2026-11-30,442,2843
2026-10-19,3900,1572
2026-11-04,797,1550
2024-11-05,9949,2442
2024-03-31,6317,2258
2025-01-24,1336,2980
2024-01-17,873,1292
2024-02-15,4731,620
2026-05-09,6430,861
2026-05-05,2785,801
2024-03-14,8251,2456
2026-07-15,9963,1968
2026-05-28,6418,1327
2026-05-06,1516,1525
2024-06-05,6250,1397
2025-05-03,8402,2742
2025-02-27,2674,1922
2026-02-14,8364,1567
2024-10-02,6201,2467
2024-06-14,2166,258
2025-03-24,3637,1354
2025-06-03,4378,37
2026-10-01,2824,2201
2024-03-08,8147,2798
2026-03-16,2858,1303
2024-03-22,187,2987
2024-04-04,2694,15
2024-12-04,1764,1731
2024-06-11,6719,2343
2025-09-08,9606,1590
2026-04-28,9357,2081
2024-07-18,1321,1459
2025-08-11,5874,2692
2025-04-01,9395,1523
2024-05-09,4461,2590
2025-10-04,3953,2282
2025-03-16,3470,2104
2025-06-14,9955,1576
2024-12-01,9389,2913
2026-06-16,2651,1880
2026-09-08,9849,335
2025-02-06,6321,398
2024-02-25,4316,1607
2026-01-09,1847,800
2026-05-20,2970,115
2024-03-19,171,2057
2025-05-16,5364,1000
2026-05-25,6366,1750
2026-02-16,7015,925
2026-09-01,5341,40
2025-09-07,4870,2797
2026-04-28,1857,1661
2025-01-29,4214,2691
2025-03-15,2314,689
2025-07-29,7514,1826
2024-11-15,6145,185
2024-01-23,9661,2085
2026-02-27,3050,594
2026-03-13,294,612
2024-08-17,2972,2910
2025-12-04,2103,458
2024-10-30,8763,1820
2024-10-25,6062,2295
2025-05-14,2053,652
2026-12-30,3553,2985
2024-04-27,8301,1380
2025-06-28,8178,1512
2026-11-06,4433,1423
2025-01-31,7976,434
2024-04-09,8283,1303
2026-10-30,1717,1340
2026-02-02,7085,90
2025-06-20,5114,2900
2024-07-31,798,337
2024-02-15,4513,629
2026-08-07,2807,1953
2024-04-22,2808,1226
2024-10-06,5352,1720
2025-10-15,1047,717
2024-07-29,5880,1780
2024-03-19,1286,1751
2024-12-07,3366,343
2026-07-12,1836,95
2025-09-09,7559,2034
2024-10-27,2558,627
2024-08-22,2044,1057
2026-01-30,2194,2057
2025-09-30,5214,26
2024-10-08,692,2892
2025-05-10,2872,1886
2024-04-15,8001,585
2024-04-04,942,391
2026-04-27,870,1177
2024-05-27,9240,2740
2024-01-20,1941,2567
2024-12-24,5044,1554
2026-01-15,3008,1619
2024-08-08,7635,2015
2026-07-01,318,2757
2026-01-09,3667,595
2025-12-27,3586,678
2024-04-01,1060,1137
2025-12-27,4156,2463
2025-11-05,5267,2582
2026-04-22,9508,1269
2024-01-13,1328,1891
2024-11-24,6168,1626
2024-11-06,2703,426
2025-03-30,4240,761
2024-08-11,2161,523
2025-04-07,4594,2633
2026-11-20,9732,1053
2024-08-08,9212,700
2024-05-20,1638,2287
2025-03-16,4224,685
2026-06-24,8092,282
2025-04-26,5981,2690
2026-03-07,3356,1794
2025-03-26,5616,122
2026-06-10,7186,2
2026-11-14,85,2694
2025-12-10,6212,1353
2025-03-09,3787,2429
2025-07-18,1724,37
2024-03-21,1990,2262
2026-12-19,9333,14
2024-02-26,3934,2011
2025-07-13,2853,734
2024-12-18,9145,2113
2025-07-04,3139,2159
2025-09-11,7078,158
2026-11-25,1577,10
2025-06-30,4414,1677
2025-06-15,4374,2903
2026-05-26,736,1281
2025-09-19,624,2689
2024-09-20,8747,2036
2026-03-08,648,1609
2024-06-02,1337,2866
2026-11-04,880,1520
2026-10-11,2424,2661
2025-03-21,1623,2474
2024-09-13,9567,400
2024-06-04,1315,201
2026-09-13,8534,460
2026-08-23,6076,560
2024-05-16,8715,2712
2024-04-18,5274,523
2024-10-07,9468,742
2025-10-07,6,1218
2024-06-17,504,986
2024-08-08,2480,883
2025-03-15,9963,2092
2024-06-30,8537,460
2026-01-31,3794,1530
2025-02-04,2704,192
2024-11-07,2617,2020
2024-10-29,4636,2103
2026-05-02,5556,1054
2024-10-03,8015,732
2026-03-09,2032,1520
2026-11-12,3908,2994
2024-01-20,9839,2108
2026-01-09,6954,2966
2026-12-09,1581,1898
2024-09-29,5597,840
2026-07-27,7105,2693
2026-07-09,1004,1481
2025-02-21,6213,921
2026-10-03,5697,1628
2025-10-31,5786,1324
2024-08-30,1473,2873
2024-04-24,7788,2073
2025-04-15,1651,2995
2025-10-03,7213,1663
2025-11-15,7823,159
2026-09-11,8460,1197
2024-08-15,9453,1666
2025-08-24,9295,1518
2026-03-30,7270,2759
2026-03-20,5503,1143
2026-02-08,1363,2034
2024-10-25,1908,628
2025-08-25,5669,1997
2025-06-13,9421,585
2025-04-04,9319,1830
2024-10-28,1899,2085
2026-10-04,5646,2156
2024-08-09,5691,151
2024-06-17,2241,877
2024-03-30,3611,246
2024-09-26,4670,2436
2026-01-04,6934,2522
2025-02-04,9818,2095
2024-01-25,6529,1818
2024-04-13,8043,487
2026-09-30,6847,2654
2026-12-18,4292,1937
2026-02-10,3530,750
2024-02-16,7466,2619
2025-07-09,7110,83
2024-04-05,7776,2025
2024-04-06,5064,2027
2026-08-27,6027,1058
2024-10-21,2594,2820
2024-12-06,5257,2755
2025-09-19,5345,2938
2025-10-18,4767,373
2025-10-19,4276,774
2026-09-14,7528,669
2026-08-05,8293,1235
2024-08-17,4052,2962
2026-10-22,1641,2680
2024-03-02,2860,687
2025-04-30,4248,2199
2024-09-22,5522,1104
2026-04-05,860,1693
2024-04-14,4235,1945
2025-10-22,1654,1920
2024-10-19,1133,2465
2025-07-30,445,2407
2026-05-14,5534,532
2026-12-04,6031,353
2026-06-12,7422,56
2026-12-01,267,2940
2026-11-17,2197,696
2025-05-01,1049,2223
2026-08-28,7512,1928
2024-10-29,6739,2440
2026-07-12,9278,2522
2026-01-19,7383,2344
2025-05-16,2453,983
2026-03-31,5031,2100
2026-04-10,1689,219
2024-08-18,6653,1696
2026-09-25,3210,1489
2024-09-15,2002,2265
2026-12-16,421,2580
2024-04-28,1071,788
2025-04-27,6121,1894
2026-03-20,8446,272
2025-12-25,4859,227
2024-10-14,1319,2567
2026-01-03,1826,1164
2025-02-27,4129,2622
2025-06-01,3786,1904
2024-06-05,5090,829
2025-05-07,3593,2713
2025-06-05,9070,2515
2024-04-17,5847,867
2025-02-18,7431,868
2024-04-02,2524,2352
2025-04-30,4457,2493
2025-09-25,6378,2994
2024-07-02,1717,1508
2024-01-01,6256,2768
2025-02-18,8439,1439
2026-10-02,6319,2423
2026-05-17,3123,2550
2025-03-07,631,2863
2024-03-18,7556,555
2024-03-24,9793,2369
2026-06-25,105,742
2025-11-27,2566,151
2024-05-04,1193,2429
2024-02-10,2186,634
2024-11-12,6576,2192
2024-05-25,7269,1746
2024-04-24,2484,776
2024-07-02,295,297
2026-12-01,4363,691
2024-07-29,8388,24
2024-08-24,6081,422
2026-04-21,1786,2343
2026-10-21,7365,2140
2025-10-04,1452,431
2025-12-31,7152,2646
2026-02-17,4359,2617
2025-01-01,6440,2113
2024-10-10,4155,2862
2025-05-24,5904,1049
2024-07-24,6745,2957
2024-08-16,1998,1479
2026-03-08,6929,2267
2024-06-30,2251,1077
2026-03-03,8999,781
2024-12-07,9641,342
2024-03-05,4944,831
2025-05-19,650,2410
2024-12-02,3428,2387
2025-07-02,230,2000
2025-12-28,2092,726
2024-06-10,9899,388
2024-02-27,9289,802
2026-07-16,4305,2080
2025-04-18,2779,1646
2026-04-02,6728,1912
2026-08-22,7936,487
2024-03-17,4070,2119
2024-07-18,9107,913
2025-08-21,1785,552
2025-08-02,3222,2417
2025-12-27,5746,2046
2025-03-05,6387,1847
2025-06-25,3060,516
2026-11-17,7474,2884
2026-02-09,7792,2121
2026-09-29,9215,2202
2024-06-14,8723,980
2024-05-03,6810,1011
2024-01-21,7063,253
2024-08-26,1835,1143
2025-12-25,3917,1461
2024-08-22,9423,2262
2024-07-08,2409,2268
2026-02-21,889,2655
2024-04-12,4391,1388
2026-03-08,9174,2287
2024-01-03,349,1299
2026-11-24,8819,2353
2025-10-05,8115,2391
2024-02-29,2029,2049
2025-12-30,7235,42
2025-12-17,9914,583
2026-12-09,5186,2435
2024-03-06,9927,2877
2026-10-30,3812,126
2024-11-25,9629,2233
2026-07-24,9264,1226
2026-04-16,6558,2610
2025-01-24,5693,1028
2024-09-13,8542,2670
2024-09-23,7994,2993
2024-06-06,4987,2465
2024-03-01,8642,122
2024-05-09,9762,2874
2024-09-14,1840,951
2024-04-27,7815,438
2024-05-06,6748,2475
2024-10-07,5657,748
2025-09-01,1773,401
2024-04-29,125,168
2026-11-18,6485,234
2024-11-23,7857,645
2026-04-03,65,761
2025-08-10,6956,2482
2025-04-29,8669,106
2026-08-16,8415,1257
2025-05-24,5950,15
2026-01-28,32,784
2024-12-31,9317,1146
2024-09-06,9147,2407
2026-06-02,705,2564
2026-07-14,7948,101
2026-06-05,6035,172
2026-02-10,4976,2128
2025-04-07,7495,1245
2024-10-19,3929,2719
2026-03-22,9230,1385
2024-11-22,6918,2650
2024-10-31,4202,1456
2024-02-09,8499,340
2025-10-04,8687,1036
2026-04-15,7903,2205
2026-11-24,4114,2582
2024-05-26,3837,2565
2025-01-15,6927,83
2025-10-14,4419,1305
2026-02-12,7398,2258
2026-07-16,6891,2722
2026-09-19,3488,2464
2025-06-27,4287,2751
2026-04-27,4672,2189
2025-09-12,192,1986
2025-08-23,3726,186
2026-07-27,4667,2830
2026-07-28,5772,2260
2024-02-17,3985,1751
2025-07-31,2991,12
2024-01-13,326,2276
2024-12-15,7456,2699
2024-04-08,5475,1555
2024-02-15,6253,1976
2025-11-24,6994,1174
2024-05-16,7244,30
2024-10-24,5943,908
2024-08-15,7621,992
2026-11-23,3155,1315
2024-06-03,9828,2715
2026-12-03,7429,2835
2025-06-21,6072,1897
2024-06-12,4857,1986
2024-02-19,2684,2823
2026-09-10,8795,52
2025-04-17,7653,1612
2024-12-07,7972,2349
2026-01-11,8473,2620
2024-10-03,7611,2542
2025-04-26,8570,2070
2024-07-17,9434,586
2025-06-18,9380,170
2024-08-20,2464,693
2025-08-20,6983,2957
2025-09-15,3600,832
2025-11-18,4126,1927
2024-09-16,6699,1165
2026-04-26,6315,2148
2026-06-22,2947,179
2024-09-19,7379,1076
2026-09-14,7029,1173
2025-04-14,1912,371
2025-08-29,675,2232
2026-01-19,5362,1883
2026-11-04,5805,1060
2025-12-19,7895,943
2025-01-31,4675,2975
2025-01-08,2014,2608
2025-04-04,7136,745
2026-09-30,3108,908
2025-08-04,4527,1479
2024-05-10,6755,2433
2024-10-14,9062,669
2026-05-11,6720,1915
2024-11-16,778,55
2026-03-17,2059,417
2025-10-24,5708,1058
2024-05-02,1568,1582
2024-09-16,4561,2889
2024-02-20,9512,2317
2026-07-11,7697,2417
2026-04-21,9461,1965
2026-07-12,2448,561
2025-11-30,4702,2585
2025-07-02,8375,2015
2025-12-18,7894,1718
2025-04-08,8650,678
2026-04-21,5359,2870
2025-10-28,648,1814
2025-07-10,1471,992
2024-08-18,9851,2283
2025-04-23,57,1204
2025-07-22,7019,1565
2026-01-22,7744,1057
2025-07-23,8637,935
2025-09-26,2604,2607
2024-05-16,4754,2711
2024-05-29,470,445
2025-05-23,8163,1760
2024-02-18,5808,2035
2024-01-10,3168,1835
2025-05-21,1997,986
2025-12-14,1125,1926
2026-06-12,9576,2165
2024-06-11,1429,1707
2025-10-31,7148,1465
2024-08-12,4807,2868
2026-09-16,9404,410
2024-12-25,2038,1173
2026-07-29,8086,688
2025-07-29,8772,600
2024-08-03,3542,1250
2025-06-02,3257,305
2024-05-04,8037,2963
2026-04-15,6417,162
2025-04-09,4095,2840
2024-12-12,5693,2307
2026-03-27,8304,371
2026-01-02,4195,2904
2026-08-11,2810,2157
2025-06-30,536,868
2026-06-13,9886,10
2025-05-30,9829,863
2026-06-25,2490,1641
2024-11-14,7068,1879
2024-03-14,4386,725
2026-10-07,8006,2139
2026-11-11,758,931
2025-02-17,6443,211
2026-04-21,1240,2675
2024-08-03,1924,2084
2026-01-15,8410,567
2024-11-02,452,1361
2024-01-15,6807,2010
2025-06-19,4486,2061
2025-08-08,6907,1110
2024-11-10,7629,2600
2026-12-26,3390,2907
2024-09-26,788,2
2025-09-22,3055,2511
2025-02-07,9408,1140
2026-06-09,7033,2896
2025-10-08,6793,2832
2025-01-17,6216,2125
2024-03-05,2029,830
2026-03-31,1427,2636
2026-10-22,1333,2665
2024-07-02,2587,1507
2026-12-05,1270,341
2025-10-05,6241,1586
2026-11-08,4345,1611
2024-01-21,4817,1858
2026-08-16,819,914
2024-05-09,7455,1839
2026-12-29,275,1179
2026-04-15,771,1152
2026-09-23,3358,1561
2026-03-25,3985,2516
2026-09-25,8776,1283
2024-11-18,3450,341
2025-08-23,521,97
2024-12-08,2633,993
2026-06-05,1870,2885
2026-04-04,5538,1436
2024-04-28,6059,1419
2025-07-02,4377,93
2025-12-12,7370,1405
2026-11-28,7278,1999
2026-11-26,9230,1416
2025-10-08,239,1706
2024-02-10,5395,1040
2025-04-13,5560,1236
2024-03-23,5506,1141
2025-04-02,6677,299
2025-11-08,1119,959
2024-07-03,5705,2214
2024-12-02,9902,2853
2026-02-20,5701,2263
2024-07-24,286,1807
2026-10-14,2745,916
2026-01-05,2125,1454
2024-04-23,2715,404
2026-04-04,1184,664
2025-10-15,7112,82
2024-10-21,6853,1174
2026-09-04,5208,2990
2025-06-06,9156,1498
2025-08-08,1644,1838
2026-03-22,6035,1016
2025-09-08,4818,2
2024-06-11,5051,1381
2024-11-03,923,2759
2024-11-19,4447,269
2024-01-20,6329,1721
2025-04-08,3911,1232
2025-07-03,587,1697
2026-09-07,2818,2766
2024-12-06,5900,365
2025-09-04,7183,2152
2024-08-20,8048,2896
2024-10-09,2404,2655
2026-02-16,4554,1353
2024-05-05,6601,1136
2024-02-25,7901,2049
2026-01-20,1571,2947
2026-12-28,5373,816
2026-02-27,5534,1472
2026-07-29,5848,1439
2024-12-24,3763,2218
2026-01-19,6380,1335
2024-11-01,5667,771
2024-03-24,5855,2552
2025-05-09,101,742
2024-02-06,9601,1851
2024-03-25,7788,230
2026-02-18,9410,2593
2025-10-22,5133,1260
2025-06-15,2144,1611
2025-02-16,7339,265
2026-06-01,8677,2924
2026-10-08,767,1807
2025-05-02,6066,1882
2025-06-06,6080,1447
2024-12-16,4324,2694
2024-10-19,9760,461
2025-05-09,9516,2554
2024-11-27,5030,875
2026-09-20,9612,844
2025-08-11,9508,1064
2025-07-02,2473,575
2025-05-02,9382,1508
2026-08-27,6367,275
2026-12-29,6562,2530
2026-11-21,3330,1325
2026-10-12,3097,2387
2025-01-17,9798,2255
2026-12-17,6513,477
2024-03-19,4077,1417
2026-06-12,5100,1179
2025-12-21,2832,2390
2025-07-25,4733,2909
2024-03-06,9335,703
2024-01-14,4664,350
2024-05-11,9369,1845
2026-10-24,544,1071
2026-03-08,772,2868
2025-06-25,3137,396
2025-08-16,7159,1595
2025-05-23,8130,466
2025-11-11,2948,588
2026-08-09,507,2933
2026-08-11,3136,1134
2024-10-29,3210,1363
2024-01-24,5844,1390
2025-12-31,3526,1376
2026-03-02,8551,2806
2024-07-01,461,1121
2026-04-17,7079,2450
2026-10-29,6262,471
2025-04-22,9866,2819
2025-09-04,3829,1181
2026-07-01,9039,907
2026-08-21,8527,1006
2026-10-03,1907,1720
2025-05-05,2106,391
2024-07-31,3747,1675
2025-10-17,783,2649
2026-06-15,546,2890
2026-11-11,8337,2187
2026-11-04,4253,2081
2025-12-29,4883,887
2026-04-25,1188,294
2026-04-14,9672,2020
2026-11-21,2792,203
2025-07-16,5238,2181
2026-02-21,2609,2043
2025-02-14,6927,1870
2024-03-07,6566,2651
2026-04-26,3255,622
2026-04-05,6422,1807
2024-02-23,5500,1138
2024-06-21,2100,2255
2024-09-20,271,1330
2024-04-19,689,1668
2025-10-25,2053,2942
2026-02-16,5172,631
2026-09-20,6022,2537
2026-06-24,5952,1428
2024-06-27,1331,124
2024-10-22,5484,14
2024-12-29,7418,2643
2024-06-11,978,782
2024-06-19,9551,1485
2026-11-28,600,1175
2025-06-21,6843,915
2024-04-08,7581,57
2024-11-28,7326,2347
2026-11-23,635,459
2024-03-26,6642,1517
2025-06-12,6909,140
2026-10-27,8852,1674
2024-08-25,5316,1201
2025-11-08,1687,1091
2025-10-02,1664,2381
2024-09-18,434,1340
2026-08-08,7133,1368
2024-06-08,6259,2044
2024-10-06,6206,2904
2024-05-06,2035,2652
2024-04-08,8878,1279
2026-10-02,3871,550
2025-07-10,2277,2532
2026-12-18,8877,1047
2024-03-14,4671,2232
2024-09-22,144,2388
2026-11-04,1440,2179
2024-07-19,1677,1021
2025-09-12,5807,916
2024-05-22,8373,839
2026-01-24,1050,2402
2025-12-14,217,1640
2025-07-08,9963,863
2026-09-03,86,470
2024-10-17,8637,288
2025-10-13,8019,673
2025-03-17,9389,1080
2024-10-31,9820,1499
2025-03-24,4731,2682
2024-08-20,1797,2551
2025-04-06,3617,2440
2024-12-08,6431,467
2024-03-10,9008,911
2024-12-09,177,356
2025-03-07,1840,2717
2024-09-22,1080,794
2024-06-17,9925,2112
2026-09-05,1459,1581
2024-10-02,4415,638
2024-11-28,1807,287
2026-05-08,9655,1529
2024-08-30,6914,592
2025-07-28,7341,2282
2024-10-04,5556,366
2026-08-21,2762,1711
2025-08-14,8849,2292
2025-12-08,7015,2056
2025-03-12,9095,1117
2026-12-16,2074,1409
2025-01-26,7950,1640
2024-07-06,9323,1052
2024-11-23,6760,2711
2024-06-11,5890,1316
2025-05-14,2731,594
2026-06-15,408,1804
2025-10-05,8649,911
2025-04-30,7747,74
