Traitement antibiotique,2023-09-21,2547
Suivi hypertension,2025-06-27,5829
Suivi hypertension,2025-06-05,7367
Traitement antipaludique,2024-09-27,6236
Traitement diabetique,2025-06-22,4106
Soins post-operatoires,2024-02-16,4442
Consultation generale,2023-10-14,1722
Traitement antipaludique,2023-08-24,1136
Soins post-operatoires,2024-05-31,1028
Suivi hypertension,2025-10-12,4439
Soins post-operatoires,2024-01-08,5417
Suivi hypertension,2023-01-25,6659
Traitement antipaludique,2023-05-06,1426
Traitement antibiotique,2023-03-15,4255
Traitement diabetique,2025-09-10,7282
Consultation generale,2025-05-08,8834
Soins post-operatoires,2024-11-15,8768
Soins post-operatoires,2023-06-12,6448
Soins post-operatoires,2025-07-16,7698
Traitement antipaludique,2023-02-03,8217
Suivi hypertension,2025-01-27,3300
Suivi hypertension,2024-03-16,6857
Suivi hypertension,2024-07-16,7173
Traitement antipaludique,2024-02-08,6918
Traitement antipaludique,2025-02-01,4219
Suivi hypertension,2023-07-17,1524
Suivi hypertension,2025-04-30,6412
Soins post-operatoires,2024-07-29,9664
Consultation generale,2025-01-24,9159
Soins post-operatoires,2024-11-16,6682
Consultation generale,2023-07-26,929
Traitement diabetique,2024-03-10,5305
Traitement antibiotique,2024-08-17,7940
Traitement diabetique,2025-05-15,1781
Traitement antipaludique,2025-06-23,399
Traitement antipaludique,2025-10-05,392
Traitement antibiotique,2025-05-30,4193
Suivi hypertension,2023-06-16,9902
Suivi hypertension,2023-06-18,1321
Soins post-operatoires,2025-09-23,4172
Suivi hypertension,2025-03-15,6062
Suivi hypertension,2024-10-24,3194
Consultation generale,2024-11-25,3922
Traitement antipaludique,2025-03-02,8265
Consultation generale,2024-08-14,3793
Traitement diabetique,2024-02-10,6396
Traitement antipaludique,2024-02-12,5854
Soins post-operatoires,2025-12-09,2836
Traitement antipaludique,2023-11-05,4766
Traitement antipaludique,2023-09-25,2579
Consultation generale,2024-03-26,7393
Soins post-operatoires,2025-03-04,6042
Traitement antipaludique,2023-10-11,9031
Traitement antipaludique,2025-05-26,7003
Soins post-operatoires,2023-10-20,1847
Traitement antipaludique,2023-11-07,2499
Suivi hypertension,2025-09-19,6529
Consultation generale,2024-05-26,6627
Soins post-operatoires,2023-07-04,5939
Traitement antipaludique,2023-02-09,1415
Soins post-operatoires,2025-10-19,5962
Traitement antipaludique,2025-03-14,2560
Traitement antibiotique,2024-04-14,402
Traitement antibiotique,2025-12-01,1025
Consultation generale,2025-09-11,87
Traitement diabetique,2024-11-03,6345
Traitement diabetique,2025-04-30,7838
Traitement antipaludique,2024-09-06,762
Consultation generale,2024-09-29,3673
Suivi hypertension,2023-02-15,3397
Traitement antipaludique,2023-06-04,4941
Soins post-operatoires,2024-06-04,7571
Suivi hypertension,2024-01-08,4303
Traitement antipaludique,2025-04-30,6089
Suivi hypertension,2025-11-15,568
Suivi hypertension,2025-01-12,315
Traitement antibiotique,2025-03-16,90
Soins post-operatoires,2023-07-03,4251
Traitement antipaludique,2023-05-01,593
Soins post-operatoires,2024-09-23,5279
Traitement diabetique,2024-12-12,5576
Suivi hypertension,2025-06-30,5904
Traitement antipaludique,2024-08-28,934
Consultation generale,2023-11-30,7496
Traitement diabetique,2023-01-19,6257
Suivi hypertension,2023-07-15,848
Consultation generale,2024-01-24,5218
Traitement antipaludique,2025-02-21,853
Traitement antibiotique,2024-10-09,741
Traitement antipaludique,2024-01-08,9688
Traitement antibiotique,2023-12-14,3480
Traitement diabetique,2024-06-29,3892
Consultation generale,2023-03-29,9090
Suivi hypertension,2023-08-07,8098
Consultation generale,2025-10-21,1235
Traitement antibiotique,2023-08-06,9832
Consultation generale,2024-08-04,3390
Traitement antipaludique,2023-01-21,5224
Consultation generale,2023-01-06,7809
Traitement antibiotique,2024-07-25,6351
Traitement diabetique,2024-09-25,7529
Suivi hypertension,2025-08-08,1279
Traitement diabetique,2024-02-18,7446
Consultation generale,2025-08-08,361
Traitement diabetique,2023-05-12,9919
Suivi hypertension,2023-08-13,7185
Traitement antibiotique,2023-05-10,4292
Traitement antipaludique,2023-09-15,8173
Traitement antibiotique,2025-01-03,3526
Traitement antibiotique,2025-01-22,368
Traitement antibiotique,2024-04-24,9360
Traitement antipaludique,2023-04-22,3921
Traitement antipaludique,2025-08-21,7202
Traitement diabetique,2023-01-15,7689
Traitement antipaludique,2025-05-17,6810
Soins post-operatoires,2024-09-16,970
Traitement antipaludique,2023-04-05,1016
Traitement antipaludique,2025-01-12,4550
Traitement diabetique,2024-09-23,1075
Suivi hypertension,2025-07-13,9699
Soins post-operatoires,2025-10-03,6378
Consultation generale,2025-11-17,6329
Traitement diabetique,2024-04-17,6558
Suivi hypertension,2023-06-22,4032
Traitement diabetique,2024-02-25,8269
Traitement antibiotique,2024-02-14,6436
Traitement diabetique,2023-07-30,2093
Consultation generale,2025-12-11,8462
Traitement antibiotique,2025-07-14,8607
Traitement diabetique,2025-02-15,8661
Traitement diabetique,2024-05-29,8146
Suivi hypertension,2024-08-26,4825
Traitement diabetique,2025-06-25,2868
Traitement antipaludique,2025-02-16,3385
Soins post-operatoires,2023-05-16,196
Traitement antibiotique,2024-07-03,2103
Traitement diabetique,2023-06-05,69
Traitement antipaludique,2024-10-02,3568
Soins post-operatoires,2025-04-02,9969
Traitement antibiotique,2023-10-13,8291
Traitement diabetique,2024-08-01,6085
Traitement diabetique,2025-12-01,4610
Traitement antipaludique,2025-12-07,8951
Traitement antipaludique,2023-12-20,7070
Traitement antipaludique,2023-03-25,1034
Soins post-operatoires,2023-06-07,6956
Consultation generale,2024-05-12,6597
Traitement diabetique,2025-07-28,676
Traitement diabetique,2023-11-16,5071
Traitement antipaludique,2023-07-11,4130
Traitement antibiotique,2023-08-04,5849
Traitement antipaludique,2023-08-18,504
Soins post-operatoires,2025-06-28,3834
Traitement diabetique,2025-12-17,1144
Traitement diabetique,2023-12-07,6929
Traitement diabetique,2024-03-24,9819
Suivi hypertension,2025-03-07,1933
Traitement antibiotique,2025-07-25,6305
Consultation generale,2024-05-09,7267
Consultation generale,2024-03-10,6371
Suivi hypertension,2025-10-29,1176
Traitement antipaludique,2023-06-04,7049
Suivi hypertension,2023-02-11,9675
Traitement diabetique,2023-02-20,3356
Suivi hypertension,2024-06-27,8332
Traitement antibiotique,2025-11-14,6333
Traitement antipaludique,2024-06-21,3335
Traitement antibiotique,2024-04-25,4938
Soins post-operatoires,2025-10-22,2203
Traitement antipaludique,2024-01-17,7271
Traitement antipaludique,2025-08-22,7482
Soins post-operatoires,2025-05-16,4627
Consultation generale,2023-07-04,7282
Consultation generale,2023-04-09,1410
Consultation generale,2023-09-15,5257
Consultation generale,2025-04-03,9365
Traitement antipaludique,2024-09-27,9989
Traitement antipaludique,2023-10-23,1545
Traitement diabetique,2025-01-15,4427
Traitement antibiotique,2023-11-10,7273
Traitement diabetique,2023-09-17,8779
Traitement antibiotique,2023-10-01,8404
Consultation generale,2024-06-04,5602
Traitement antibiotique,2023-10-04,8637
Traitement antipaludique,2024-01-16,3721
Traitement antipaludique,2023-11-04,5921
Traitement diabetique,2024-06-26,3348
Traitement antipaludique,2024-10-22,2014
Traitement antibiotique,2024-07-06,3220
Traitement antipaludique,2023-09-15,3734
Soins post-operatoires,2024-08-05,4749
Traitement diabetique,2025-10-24,3814
Traitement diabetique,2025-03-30,5058
Traitement diabetique,2023-08-26,4692
Suivi hypertension,2024-06-24,3612
Suivi hypertension,2023-05-15,8265
Consultation generale,2025-09-06,9946
Suivi hypertension,2024-06-14,4117
Traitement antibiotique,2023-03-08,8965
Traitement antipaludique,2024-11-07,2302
Traitement antipaludique,2023-09-07,2445
Traitement antibiotique,2023-08-12,7770
Suivi hypertension,2024-07-15,9980
Suivi hypertension,2024-04-06,4694
Traitement diabetique,2024-11-10,5804
Suivi hypertension,2025-09-06,1199
Traitement diabetique,2024-04-01,8122
Traitement diabetique,2024-06-26,779
Traitement antipaludique,2025-02-16,8911
Soins post-operatoires,2023-06-08,8120
Traitement diabetique,2023-06-09,1022
Soins post-operatoires,2024-04-30,5962
Soins post-operatoires,2025-03-15,8875
Consultation generale,2024-02-17,2746
Traitement antibiotique,2024-11-03,8742
Soins post-operatoires,2023-09-02,9578
Traitement antibiotique,2024-11-28,6902
Consultation generale,2024-04-22,3234
Traitement antipaludique,2025-07-19,4201
Soins post-operatoires,2025-10-06,4051
Traitement antipaludique,2024-09-07,2752
Consultation generale,2025-12-17,6370
Consultation generale,2025-09-11,7013
Traitement diabetique,2024-08-26,9897
Consultation generale,2024-12-05,935
Traitement diabetique,2024-07-30,8461
Soins post-operatoires,2024-07-07,1106
Consultation generale,2023-12-07,2861
Consultation generale,2025-10-30,2256
Traitement antibiotique,2023-07-02,1801
Consultation generale,2024-12-21,5327
Traitement antipaludique,2023-07-05,8086
Traitement antibiotique,2023-01-16,4708
Suivi hypertension,2023-03-28,6959
Traitement antibiotique,2023-08-03,505
Consultation generale,2024-03-13,7206
Traitement antibiotique,2024-12-26,6634
Traitement diabetique,2024-03-16,9938
Traitement antipaludique,2024-07-14,1219
Traitement antipaludique,2023-01-02,1893
Consultation generale,2024-02-19,9598
Traitement antibiotique,2024-07-15,4157
Traitement diabetique,2024-11-24,7652
Traitement diabetique,2023-06-05,9174
Traitement antibiotique,2024-06-20,1643
Traitement antibiotique,2024-08-17,4473
Traitement antipaludique,2024-06-25,5560
Traitement antipaludique,2025-11-17,7125
Traitement diabetique,2025-05-25,5485
Soins post-operatoires,2024-11-20,5176
Traitement antibiotique,2025-07-03,1342
Traitement diabetique,2023-12-11,8350
Traitement antibiotique,2025-05-12,6985
Suivi hypertension,2024-02-11,8200
Traitement diabetique,2024-05-29,4123
Suivi hypertension,2024-02-19,2666
Traitement diabetique,2025-03-12,8457
Suivi hypertension,2024-08-26,5482
Traitement antipaludique,2025-01-30,6306
Soins post-operatoires,2025-06-05,582
Consultation generale,2023-09-24,7408
Traitement antipaludique,2024-01-02,3465
Suivi hypertension,2025-05-05,3758
Soins post-operatoires,2024-01-29,2202
Traitement antipaludique,2024-03-10,1925
Traitement antibiotique,2024-03-01,181
Soins post-operatoires,2024-11-20,3348
Traitement diabetique,2023-02-07,7397
Traitement antipaludique,2024-12-23,7765
Consultation generale,2023-09-14,5553
Traitement antibiotique,2023-04-01,6699
Consultation generale,2025-01-19,2790
Traitement antibiotique,2025-02-21,7685
Traitement antibiotique,2025-02-17,6660
Traitement diabetique,2025-12-22,3549
Traitement diabetique,2024-02-03,1404
Traitement diabetique,2025-11-02,7258
Traitement antibiotique,2025-02-12,2631
Traitement antibiotique,2025-11-21,8124
Traitement antipaludique,2024-03-28,3195
Suivi hypertension,2025-05-16,7172
Soins post-operatoires,2025-10-15,9188
Traitement antibiotique,2023-04-04,4907
Traitement antibiotique,2023-01-30,1657
Traitement diabetique,2023-07-11,7118
Soins post-operatoires,2023-10-04,3852
Soins post-operatoires,2023-03-08,1043
Traitement antipaludique,2024-03-03,1511
Traitement diabetique,2024-06-10,8451
Traitement antipaludique,2023-03-20,3255
Traitement diabetique,2025-06-24,5161
Consultation generale,2024-02-11,524
Traitement antibiotique,2024-06-25,5433
Traitement antibiotique,2025-07-03,9617
Suivi hypertension,2024-09-18,428
Consultation generale,2024-08-11,8131
Traitement antibiotique,2025-08-27,9797
Traitement antibiotique,2025-10-14,2547
Traitement diabetique,2025-06-21,7423
Consultation generale,2025-03-03,2202
Consultation generale,2024-01-10,6430
Traitement antibiotique,2024-05-14,1655
Consultation generale,2025-02-07,379
Suivi hypertension,2023-01-10,3675
Traitement antibiotique,2023-05-21,9599
Traitement antibiotique,2023-12-28,8229
Soins post-operatoires,2025-03-14,4860
Soins post-operatoires,2023-07-30,7898
Traitement antibiotique,2023-09-06,9205
Consultation generale,2023-04-29,1296
Traitement diabetique,2024-10-14,5166
Traitement antipaludique,2025-08-29,5058
Consultation generale,2025-01-08,242
Suivi hypertension,2025-09-12,6180
Traitement antipaludique,2024-10-01,1803
Traitement diabetique,2024-02-03,5638
Traitement antibiotique,2025-06-30,412
Consultation generale,2023-06-07,5890
Soins post-operatoires,2024-05-30,4201
Traitement antibiotique,2023-10-19,1672
Traitement antipaludique,2024-01-22,6131
Consultation generale,2025-02-12,7091
Traitement diabetique,2024-06-22,9068
Consultation generale,2025-02-03,2084
Traitement diabetique,2024-01-03,2312
Soins post-operatoires,2024-11-08,5072
Suivi hypertension,2023-05-16,5490
Suivi hypertension,2023-12-13,6874
Suivi hypertension,2025-12-31,2819
Traitement antipaludique,2024-06-23,555
Suivi hypertension,2023-10-02,6918
Traitement antipaludique,2024-10-30,1712
Consultation generale,2025-05-09,4223
Suivi hypertension,2025-11-18,7541
Traitement antipaludique,2024-06-29,7332
Traitement diabetique,2023-03-11,3578
Traitement antipaludique,2025-09-22,9081
Traitement antibiotique,2024-04-26,4623
Soins post-operatoires,2024-07-10,1668
Traitement antipaludique,2023-09-30,7553
Traitement antipaludique,2023-08-14,3552
Suivi hypertension,2024-12-18,2374
Traitement antibiotique,2025-12-05,4408
Traitement antipaludique,2023-04-25,1828
Traitement antibiotique,2025-01-04,9231
Traitement antibiotique,2025-08-23,4751
Consultation generale,2023-07-26,7478
Consultation generale,2024-01-18,9130
Traitement antibiotique,2025-12-23,4444
Suivi hypertension,2025-08-28,3515
Traitement antipaludique,2023-04-30,6205
Consultation generale,2025-12-29,5123
Soins post-operatoires,2023-03-26,3098
Traitement diabetique,2024-04-20,5519
Traitement diabetique,2024-11-16,3162
Soins post-operatoires,2024-08-02,7480
Traitement antibiotique,2023-01-15,3932
Traitement antipaludique,2025-08-22,7713
Consultation generale,2024-10-15,6343
Traitement diabetique,2023-02-13,1906
Traitement antipaludique,2024-10-17,5051
Traitement antibiotique,2023-11-15,7869
Soins post-operatoires,2023-02-11,8628
Traitement diabetique,2023-10-13,1710
Soins post-operatoires,2024-03-05,911
Suivi hypertension,2024-05-02,8790
Traitement antibiotique,2023-09-12,8710
Traitement diabetique,2023-08-08,4484
Traitement antipaludique,2024-03-16,5259
Suivi hypertension,2025-04-18,6499
Traitement antipaludique,2025-11-10,7399
Traitement diabetique,2023-12-11,4772
Traitement antipaludique,2024-06-08,3813
Traitement diabetique,2024-08-09,5159
Traitement antibiotique,2025-08-03,5018
Suivi hypertension,2025-03-23,3924
Traitement antipaludique,2023-11-20,8924
Traitement diabetique,2025-08-16,5929
Suivi hypertension,2025-12-23,2379
Traitement antipaludique,2025-09-26,218
Traitement antipaludique,2023-09-28,6920
Consultation generale,2023-05-17,7865
Traitement antibiotique,2025-01-11,9346
Traitement antipaludique,2025-02-08,9540
Consultation generale,2025-10-15,4629
Consultation generale,2024-09-07,3626
Traitement antibiotique,2023-07-06,1269
Soins post-operatoires,2023-09-11,7252
Traitement antipaludique,2023-02-25,1367
Consultation generale,2025-02-21,1848
Suivi hypertension,2023-12-14,4557
Suivi hypertension,2023-08-06,333
Traitement diabetique,2024-04-02,7780
Suivi hypertension,2024-08-29,229
Soins post-operatoires,2024-06-07,3264
Soins post-operatoires,2023-01-19,3245
Traitement antibiotique,2025-10-26,8561
Traitement antibiotique,2024-11-21,5220
Consultation generale,2025-02-23,206
Traitement antipaludique,2023-06-04,8078
Traitement antibiotique,2025-06-10,4964
Suivi hypertension,2025-08-09,5985
Traitement antibiotique,2025-10-30,7199
Traitement antibiotique,2023-06-04,1879
Consultation generale,2025-08-26,3453
Traitement antibiotique,2023-05-31,7865
Traitement antibiotique,2025-02-10,9579
Traitement diabetique,2023-11-09,9024
Traitement antibiotique,2025-09-28,1808
Suivi hypertension,2025-03-13,1548
Suivi hypertension,2023-02-11,3210
Suivi hypertension,2024-06-08,8221
Soins post-operatoires,2023-03-07,2561
Traitement antipaludique,2025-07-25,3160
Soins post-operatoires,2024-07-11,1567
Traitement diabetique,2025-11-11,8520
Consultation generale,2023-05-03,9177
Consultation generale,2024-10-15,349
Traitement diabetique,2024-04-01,7766
Traitement diabetique,2024-08-22,99
Suivi hypertension,2025-11-28,6943
Traitement antipaludique,2023-08-16,1625
Consultation generale,2025-06-26,156
Traitement diabetique,2023-01-25,9816
Consultation generale,2025-04-11,9328
Consultation generale,2023-03-22,2041
Traitement antipaludique,2025-10-21,4743
Traitement antipaludique,2023-07-05,6497
Traitement antibiotique,2023-11-02,5633
Traitement antipaludique,2025-02-12,9535
Traitement antibiotique,2025-06-24,269
Suivi hypertension,2025-01-16,9989
Soins post-operatoires,2025-03-26,5868
Soins post-operatoires,2023-07-19,6047
Traitement diabetique,2025-04-14,4639
Traitement diabetique,2023-03-07,1805
Traitement antibiotique,2023-06-11,7123
Traitement antipaludique,2023-01-05,261
Soins post-operatoires,2023-02-02,8766
Suivi hypertension,2023-07-03,2287
Consultation generale,2025-06-10,132
Soins post-operatoires,2025-07-23,9600
Soins post-operatoires,2025-06-03,390
Consultation generale,2025-11-08,2580
Traitement antipaludique,2025-01-05,1627
Traitement antipaludique,2024-12-14,7064
Traitement antibiotique,2023-05-02,6969
Suivi hypertension,2023-02-06,9783
Traitement antibiotique,2024-01-24,1846
Traitement antipaludique,2023-07-06,267
Traitement antipaludique,2024-02-21,3051
Traitement diabetique,2023-07-23,3641
Traitement antibiotique,2025-09-04,5362
Traitement antibiotique,2023-03-21,4547
Traitement antipaludique,2024-05-07,7525
Consultation generale,2025-06-14,909
Traitement diabetique,2024-11-27,6178
Traitement antibiotique,2024-03-01,9404
Traitement antibiotique,2024-04-01,1037
Consultation generale,2024-07-16,7920
Traitement diabetique,2024-09-15,5230
Suivi hypertension,2024-02-06,4509
Traitement diabetique,2023-01-02,640
Suivi hypertension,2024-02-27,7313
Traitement antibiotique,2024-02-14,8325
Traitement antibiotique,2025-04-04,8562
Suivi hypertension,2025-06-30,3781
Consultation generale,2025-02-05,2435
Traitement antibiotique,2024-05-31,6136
Traitement diabetique,2025-09-12,6866
Traitement diabetique,2023-11-08,2678
Soins post-operatoires,2024-07-26,2412
Traitement diabetique,2024-05-27,6358
Traitement antibiotique,2024-05-05,3930
Traitement antipaludique,2024-03-24,8963
Soins post-operatoires,2023-04-13,8677
Traitement antipaludique,2024-02-12,3994
Traitement antipaludique,2023-05-17,8028
Traitement diabetique,2025-05-07,1161
Traitement antipaludique,2024-06-27,3964
Traitement diabetique,2023-09-01,8726
Traitement antipaludique,2025-01-22,3144
Traitement antibiotique,2024-06-07,7970
Traitement diabetique,2025-11-21,7022
Soins post-operatoires,2023-04-08,8358
Traitement diabetique,2025-06-21,3299
Traitement diabetique,2024-07-29,2884
Soins post-operatoires,2024-03-30,4336
Consultation generale,2023-04-15,3301
Traitement antibiotique,2024-09-27,7366
Suivi hypertension,2025-01-07,1097
Consultation generale,2024-02-11,6459
Traitement antibiotique,2024-04-27,2371
Consultation generale,2024-03-16,9386
Consultation generale,2023-12-06,3162
Traitement antipaludique,2025-02-24,2763
Traitement diabetique,2023-04-01,4868
Consultation generale,2025-12-01,2212
Traitement antipaludique,2024-09-04,5611
Traitement antipaludique,2023-10-09,5087
Suivi hypertension,2025-05-03,7770
Soins post-operatoires,2023-04-22,5437
Traitement antibiotique,2025-02-12,1550
Traitement diabetique,2024-01-26,4898
Traitement antipaludique,2024-08-30,9065
Soins post-operatoires,2024-10-25,8736
Suivi hypertension,2025-08-01,2649
Traitement antibiotique,2023-04-05,2448
Soins post-operatoires,2025-12-21,8463
Soins post-operatoires,2024-08-09,8824
Traitement diabetique,2024-12-15,7325
Consultation generale,2024-11-15,6290
Traitement antipaludique,2023-05-12,6612
Traitement antipaludique,2024-06-29,8851
Traitement antibiotique,2023-05-04,144
Soins post-operatoires,2023-07-24,6848
Traitement diabetique,2024-09-26,9883
Traitement antipaludique,2024-07-27,8383
Soins post-operatoires,2023-04-11,4557
Traitement diabetique,2025-11-24,4793
Soins post-operatoires,2024-01-22,4151
Suivi hypertension,2025-02-08,4044
Traitement antipaludique,2023-06-15,4467
Soins post-operatoires,2023-12-13,1437
Soins post-operatoires,2023-09-06,1066
Consultation generale,2023-04-06,1886
Traitement antipaludique,2024-11-19,998
Traitement diabetique,2024-12-23,9134
Traitement diabetique,2023-02-25,4319
Suivi hypertension,2024-01-09,3103
Consultation generale,2024-02-27,5715
Consultation generale,2023-03-12,60
Traitement antibiotique,2025-09-03,7779
Traitement antipaludique,2023-10-21,7877
Consultation generale,2023-05-27,4399
Traitement antipaludique,2023-02-15,9292
Traitement antipaludique,2025-12-16,7028
Traitement antibiotique,2023-02-21,3
Traitement antibiotique,2023-04-11,9429
Traitement antibiotique,2025-04-28,9593
Consultation generale,2023-03-31,7640
Soins post-operatoires,2025-05-18,9364
Suivi hypertension,2025-11-21,1016
Suivi hypertension,2023-02-18,7319
Consultation generale,2025-08-11,2478
Traitement antipaludique,2024-08-07,7088
Traitement antibiotique,2025-03-06,8630
Soins post-operatoires,2024-11-28,1367
Traitement antipaludique,2025-06-15,9496
Traitement diabetique,2025-07-14,9918
Traitement antipaludique,2023-03-13,6557
Traitement diabetique,2024-09-13,6358
Traitement diabetique,2025-01-03,1653
Traitement antipaludique,2024-12-20,7571
Suivi hypertension,2024-04-11,2645
Suivi hypertension,2023-05-17,2356
Suivi hypertension,2023-09-15,8936
Traitement antibiotique,2025-03-12,933
Traitement diabetique,2023-05-05,3446
Consultation generale,2023-08-07,7349
Suivi hypertension,2025-01-31,6198
Traitement diabetique,2025-01-03,1524
Soins post-operatoires,2023-03-04,7561
Consultation generale,2025-01-27,7281
Soins post-operatoires,2023-09-07,9154
Traitement antipaludique,2024-10-25,6340
Suivi hypertension,2025-06-16,4780
Traitement antibiotique,2025-07-18,8916
Consultation generale,2023-09-18,7735
Consultation generale,2024-12-16,8279
Soins post-operatoires,2024-04-12,7777
Traitement antibiotique,2024-06-09,2431
Traitement antipaludique,2024-12-09,9586
Traitement antibiotique,2025-03-11,3398
Soins post-operatoires,2023-04-05,2417
Traitement antipaludique,2024-11-07,2906
Suivi hypertension,2025-03-02,3214
Soins post-operatoires,2024-06-14,7770
Suivi hypertension,2024-04-04,7905
Suivi hypertension,2025-12-17,7094
Traitement antibiotique,2025-04-02,8474
Soins post-operatoires,2024-05-10,2426
Traitement diabetique,2025-04-28,4153
Soins post-operatoires,2025-09-01,6711
Suivi hypertension,2023-11-20,2191
Traitement antipaludique,2023-02-01,4225
Consultation generale,2023-04-26,1548
Traitement diabetique,2025-10-31,2909
Soins post-operatoires,2023-12-14,1802
Traitement diabetique,2024-07-28,2394
Suivi hypertension,2024-06-30,5825
Traitement antibiotique,2024-10-12,8401
Traitement antipaludique,2024-03-21,3123
Soins post-operatoires,2023-09-26,8186
Traitement antibiotique,2024-11-08,3807
Traitement diabetique,2025-08-20,1070
Soins post-operatoires,2024-05-02,8999
Suivi hypertension,2024-06-09,6079
Suivi hypertension,2024-03-11,2149
Soins post-operatoires,2024-02-03,4156
Consultation generale,2025-06-03,5859
Traitement antipaludique,2024-02-19,8557
Soins post-operatoires,2024-11-07,9085
Traitement diabetique,2025-10-17,9429
Traitement antipaludique,2025-04-07,5176
Consultation generale,2024-10-23,1689
Soins post-operatoires,2024-02-09,361
Traitement antibiotique,2024-09-30,6437
Traitement antibiotique,2023-01-27,1736
Traitement antibiotique,2024-02-12,2212
Traitement antibiotique,2024-11-04,4216
Traitement antibiotique,2023-05-09,4902
Suivi hypertension,2023-04-14,5755
Soins post-operatoires,2025-11-01,5700
Traitement diabetique,2025-10-06,6629
Traitement diabetique,2024-07-15,8041
Soins post-operatoires,2023-05-13,8319
Suivi hypertension,2024-04-15,8681
Traitement antibiotique,2024-02-07,4471
Traitement antibiotique,2025-08-12,1639
Soins post-operatoires,2025-05-26,9575
Suivi hypertension,2025-10-14,337
Suivi hypertension,2023-09-01,8949
Soins post-operatoires,2025-10-08,4050
Traitement antipaludique,2024-09-29,7054
Consultation generale,2023-01-27,3656
Traitement diabetique,2024-06-20,7180
Consultation generale,2025-12-04,8962
Traitement antibiotique,2023-11-07,7967
Soins post-operatoires,2023-11-18,547
Consultation generale,2023-08-16,4860
Traitement antipaludique,2025-09-17,7912
Traitement antipaludique,2025-10-08,8911
Traitement diabetique,2025-11-04,9682
Traitement antipaludique,2024-07-01,2058
Traitement antibiotique,2025-04-22,6219
Consultation generale,2025-11-14,2620
Suivi hypertension,2023-10-15,1655
Traitement antibiotique,2024-04-16,7636
Consultation generale,2023-01-02,1929
Suivi hypertension,2025-06-05,6147
Traitement antipaludique,2023-11-14,6152
Traitement diabetique,2023-10-21,9005
Suivi hypertension,2024-05-03,3588
Suivi hypertension,2024-07-19,1413
Traitement diabetique,2025-03-22,4282
Consultation generale,2023-03-23,1908
Consultation generale,2024-05-02,5370
Consultation generale,2023-07-15,7955
Traitement antibiotique,2023-08-07,7096
Suivi hypertension,2024-04-21,1823
Consultation generale,2025-12-22,871
Consultation generale,2025-08-28,706
Traitement diabetique,2023-01-16,7485
Consultation generale,2024-01-29,7603
Traitement antibiotique,2024-08-22,6351
Traitement antibiotique,2024-05-29,5809
Suivi hypertension,2025-06-13,3858
Soins post-operatoires,2024-12-21,3077
Soins post-operatoires,2024-03-16,582
Soins post-operatoires,2024-08-12,1284
Traitement antipaludique,2024-01-02,3333
Traitement diabetique,2025-05-20,202
Suivi hypertension,2023-01-06,7379
Traitement diabetique,2023-09-21,337
Suivi hypertension,2023-01-07,4579
Suivi hypertension,2025-08-19,6718
Traitement antipaludique,2025-10-02,3467
Suivi hypertension,2023-09-28,1678
Traitement antipaludique,2023-01-26,6582
Consultation generale,2023-09-19,4518
Traitement diabetique,2023-11-19,9753
Traitement diabetique,2024-10-21,6997
Soins post-operatoires,2023-10-12,8889
Soins post-operatoires,2023-02-17,2547
Consultation generale,2024-09-09,9074
Traitement antipaludique,2023-09-10,5047
Consultation generale,2023-02-11,6336
Traitement antipaludique,2025-08-17,2175
Traitement diabetique,2024-09-11,5644
Traitement diabetique,2023-10-26,5221
Consultation generale,2023-10-31,2818
Traitement diabetique,2024-01-08,298
Traitement diabetique,2024-11-04,6816
Consultation generale,2023-01-14,3700
Consultation generale,2024-07-18,2480
Consultation generale,2023-03-21,1833
Traitement diabetique,2023-11-04,4368
Suivi hypertension,2024-08-19,3975
Consultation generale,2024-06-07,5009
Consultation generale,2024-09-22,9413
Soins post-operatoires,2024-01-27,1660
Consultation generale,2025-11-11,1097
Traitement antipaludique,2023-05-02,1980
Traitement antibiotique,2023-05-17,2269
Consultation generale,2024-05-30,6925
Soins post-operatoires,2024-08-17,4684
Consultation generale,2025-01-03,3184
Traitement antibiotique,2025-08-02,880
Traitement antibiotique,2023-07-25,7612
Traitement antibiotique,2025-12-05,8482
Consultation generale,2024-04-02,7781
Traitement antipaludique,2025-01-09,4817
Traitement antipaludique,2024-05-01,9289
Soins post-operatoires,2025-11-17,9382
Suivi hypertension,2025-07-09,8188
Traitement diabetique,2024-01-04,7336
Traitement antipaludique,2024-10-23,1518
Soins post-operatoires,2025-02-18,7907
Traitement antipaludique,2025-03-26,3076
Traitement antibiotique,2024-12-18,4239
Traitement diabetique,2024-10-02,3901
Soins post-operatoires,2025-10-18,2408
Traitement diabetique,2024-09-14,7737
Traitement antipaludique,2023-07-27,4859
Suivi hypertension,2025-08-08,4211
Soins post-operatoires,2025-09-25,8736
Traitement antibiotique,2023-05-03,2268
Traitement antipaludique,2023-10-02,1597
Soins post-operatoires,2025-04-16,383
Suivi hypertension,2023-11-17,2106
Traitement antibiotique,2024-05-02,3199
Traitement antipaludique,2023-04-27,9592
Consultation generale,2023-01-17,199
Consultation generale,2023-06-29,1994
Traitement antibiotique,2025-10-27,4644
Traitement antibiotique,2023-08-15,3681
Consultation generale,2023-03-02,5912
Traitement antipaludique,2025-02-14,8101
Traitement diabetique,2023-04-11,8318
Traitement antipaludique,2023-11-27,328
Suivi hypertension,2023-11-06,9996
Traitement diabetique,2025-04-11,9195
Traitement antibiotique,2024-07-23,857
Traitement diabetique,2023-11-30,9849
Traitement antipaludique,2023-06-01,6133
Traitement diabetique,2023-02-01,9999
Traitement antibiotique,2025-03-29,1326
Traitement diabetique,2024-01-28,6480
Soins post-operatoires,2025-11-13,9900
Consultation generale,2025-01-14,3655
Consultation generale,2024-12-30,2039
Traitement diabetique,2024-09-12,5627
Consultation generale,2025-11-04,4210
Traitement antibiotique,2023-10-20,8661
Traitement antipaludique,2024-03-12,678
Traitement diabetique,2025-08-08,9975
Traitement diabetique,2025-12-01,2988
Traitement antipaludique,2024-12-30,7974
Traitement antipaludique,2023-02-23,8222
Traitement antibiotique,2024-08-01,1684
Traitement diabetique,2025-07-23,2593
Traitement antibiotique,2024-06-20,110
Soins post-operatoires,2023-11-04,5425
Soins post-operatoires,2025-03-26,6869
Suivi hypertension,2025-04-26,2857
Consultation generale,2025-11-18,1806
Soins post-operatoires,2024-05-29,9213
Soins post-operatoires,2023-01-04,352
Suivi hypertension,2024-01-26,3178
Consultation generale,2024-03-14,9553
Consultation generale,2024-04-18,2799
Suivi hypertension,2025-12-08,905
Traitement diabetique,2023-10-26,4328
Traitement antipaludique,2023-03-08,1064
Soins post-operatoires,2024-08-24,1744
Traitement antibiotique,2023-07-20,5036
Traitement antipaludique,2025-03-21,6892
Traitement diabetique,2025-11-23,5074
Soins post-operatoires,2024-11-20,3115
Traitement antipaludique,2023-11-09,4901
Traitement diabetique,2024-12-24,7990
Traitement antipaludique,2023-04-11,7561
Traitement antibiotique,2023-05-24,8496
Traitement diabetique,2023-07-19,9302
Suivi hypertension,2024-07-04,6674
Traitement diabetique,2025-11-08,6203
Traitement diabetique,2025-01-08,3585
Soins post-operatoires,2023-06-22,3048
Consultation generale,2024-02-12,84
Suivi hypertension,2023-10-16,7563
Traitement antipaludique,2023-05-27,3165
Soins post-operatoires,2024-06-04,7807
Traitement antibiotique,2025-03-10,9348
Traitement diabetique,2024-08-14,6502
Traitement diabetique,2025-12-21,7620
Soins post-operatoires,2024-01-08,3493
Traitement antipaludique,2025-10-22,2227
Suivi hypertension,2025-08-27,9118
Traitement antibiotique,2023-01-03,9556
Traitement diabetique,2025-08-25,9382
Traitement antipaludique,2023-08-10,1245
Traitement diabetique,2025-08-31,6194
Soins post-operatoires,2023-10-09,9010
Traitement diabetique,2023-01-25,3121
Traitement antibiotique,2024-03-19,4385
Consultation generale,2024-05-08,2086
Soins post-operatoires,2023-10-05,1230
Traitement diabetique,2025-07-19,7976
Traitement diabetique,2024-06-24,4424
Suivi hypertension,2023-08-07,444
Suivi hypertension,2025-09-30,4837
Soins post-operatoires,2025-06-24,3836
Soins post-operatoires,2024-07-22,1440
Traitement antipaludique,2023-06-19,6622
Traitement antipaludique,2023-09-13,4169
Soins post-operatoires,2023-01-31,4951
Consultation generale,2024-08-12,7450
Suivi hypertension,2024-06-14,2016
Suivi hypertension,2025-05-16,767
Consultation generale,2025-01-22,2789
Traitement antibiotique,2023-02-21,5662
Suivi hypertension,2025-07-14,8080
Traitement diabetique,2023-09-13,9946
Traitement antipaludique,2024-02-14,5315
Traitement antipaludique,2023-07-29,597
Traitement antipaludique,2024-10-11,8712
Traitement diabetique,2024-04-22,7926
Soins post-operatoires,2025-09-26,9962
Soins post-operatoires,2025-10-09,5345
Traitement antibiotique,2023-07-18,6604
Consultation generale,2023-11-05,252
Suivi hypertension,2023-07-05,9856
Suivi hypertension,2023-12-26,3135
Traitement diabetique,2024-07-02,411
Suivi hypertension,2024-08-30,3633
Traitement diabetique,2023-07-29,7170
Consultation generale,2024-05-26,2498
Traitement antipaludique,2023-01-20,3675
Traitement diabetique,2023-12-23,129
Traitement antibiotique,2025-11-08,9765
Traitement antibiotique,2024-02-11,6975
Traitement antibiotique,2024-07-31,4537
Traitement antibiotique,2023-10-01,9476
Traitement antipaludique,2025-07-10,8148
Suivi hypertension,2023-11-02,3263
Traitement antibiotique,2025-10-22,6240
Consultation generale,2024-03-11,7282
Consultation generale,2024-11-25,7600
Traitement diabetique,2024-07-06,7983
Traitement diabetique,2024-08-22,7296
Suivi hypertension,2024-03-29,3408
Soins post-operatoires,2023-09-18,29
Traitement antipaludique,2024-10-11,685
Traitement antibiotique,2023-04-16,7704
Suivi hypertension,2024-03-22,6071
Traitement diabetique,2025-10-24,7116
Traitement diabetique,2023-07-26,6415
Traitement antibiotique,2024-04-27,4376
Suivi hypertension,2024-09-08,9108
Consultation generale,2023-11-04,8886
Suivi hypertension,2024-12-01,5248
Suivi hypertension,2023-12-13,2625
Traitement diabetique,2024-04-15,8882
Soins post-operatoires,2025-08-19,4398
Soins post-operatoires,2025-03-17,296
Traitement diabetique,2025-07-05,9757
Traitement diabetique,2025-08-21,7325
Soins post-operatoires,2024-04-25,8644
Traitement antipaludique,2024-05-12,8436
Traitement antipaludique,2024-10-26,5358
Traitement diabetique,2024-01-10,9864
Suivi hypertension,2025-09-03,9245
Suivi hypertension,2025-04-10,4689
Consultation generale,2024-05-28,7618
Traitement antibiotique,2023-11-24,2652
Soins post-operatoires,2023-12-30,2790
Suivi hypertension,2023-04-22,2506
Traitement antipaludique,2025-03-08,6329
Consultation generale,2025-03-23,7560
Suivi hypertension,2023-04-19,4615
Traitement antibiotique,2025-04-03,6928
Suivi hypertension,2024-01-03,6421
Soins post-operatoires,2025-09-19,941
Traitement antipaludique,2023-08-22,5103
Traitement antipaludique,2024-02-01,7876
Suivi hypertension,2025-04-04,6141
Suivi hypertension,2025-01-29,1078
Soins post-operatoires,2025-07-24,4544
Soins post-operatoires,2023-06-10,1368
Consultation generale,2025-08-29,37
Soins post-operatoires,2023-01-17,7262
Consultation generale,2023-12-09,3978
Traitement antipaludique,2023-05-22,4146
Consultation generale,2025-08-02,9415
Suivi hypertension,2025-01-30,7564
Consultation generale,2024-10-04,7780
Traitement diabetique,2024-12-17,6999
Traitement diabetique,2023-05-12,5868
Soins post-operatoires,2023-01-24,2224
Traitement antipaludique,2025-11-24,6498
Soins post-operatoires,2024-01-28,4952
Traitement antibiotique,2024-11-21,8653
Suivi hypertension,2025-06-07,2481
Consultation generale,2025-03-31,8869
Soins post-operatoires,2024-01-21,9618
Traitement diabetique,2024-12-05,8042
Soins post-operatoires,2025-08-13,5757
Traitement diabetique,2025-08-06,7010
Traitement diabetique,2024-08-02,7554
Traitement antibiotique,2025-09-03,7658
Traitement antipaludique,2023-09-25,9216
Traitement antibiotique,2024-03-08,2507
Traitement antibiotique,2025-08-07,7565
Traitement antipaludique,2023-07-14,2042
Consultation generale,2023-05-13,3778
Consultation generale,2023-02-01,5068
Traitement diabetique,2024-02-13,53
Consultation generale,2024-01-29,2234
Consultation generale,2025-09-11,7965
Traitement antipaludique,2024-03-07,2982
Consultation generale,2024-11-08,8088
Suivi hypertension,2024-05-01,8614
Traitement antipaludique,2024-08-28,7268
Suivi hypertension,2025-02-03,8232
Traitement antibiotique,2023-05-25,6351
Suivi hypertension,2023-01-17,4914
Suivi hypertension,2024-07-02,4398
Traitement diabetique,2025-08-01,8153
Traitement antipaludique,2025-09-14,4647
Traitement diabetique,2024-01-27,322
Traitement diabetique,2023-07-07,478
Traitement antipaludique,2024-06-27,7534
Traitement antipaludique,2023-02-11,5690
Traitement antibiotique,2025-06-27,5943
Soins post-operatoires,2024-07-27,8949
Soins post-operatoires,2023-05-19,8612
Suivi hypertension,2023-03-03,7765
Soins post-operatoires,2024-12-08,4696
Traitement antipaludique,2023-12-13,6505
Traitement antipaludique,2025-07-09,8108
Traitement antibiotique,2025-08-27,3463
Traitement diabetique,2025-06-10,5772
Consultation generale,2023-01-13,5582
Soins post-operatoires,2023-12-13,3978
Consultation generale,2024-01-06,9359
Traitement diabetique,2024-12-06,7803
Traitement antipaludique,2023-02-03,7901
Traitement antipaludique,2025-05-03,4119
Soins post-operatoires,2025-09-05,440
Suivi hypertension,2024-07-20,6057
Suivi hypertension,2024-03-07,8573
Suivi hypertension,2025-06-06,6044
Traitement antipaludique,2023-01-02,3081
Consultation generale,2024-03-16,179
Suivi hypertension,2023-03-22,2289
Traitement diabetique,2025-04-02,687
Traitement diabetique,2023-01-28,1813
Traitement antibiotique,2024-04-27,5997
Consultation generale,2025-01-31,1433
Consultation generale,2025-08-15,9259
Soins post-operatoires,2024-05-20,5749
Suivi hypertension,2025-10-30,4137
Soins post-operatoires,2023-01-21,9840
Soins post-operatoires,2023-09-20,7051
Soins post-operatoires,2024-04-11,6545
Traitement antipaludique,2023-04-26,8397
Consultation generale,2023-11-23,1556
Traitement antibiotique,2024-12-25,8499
Traitement antipaludique,2025-05-13,4528
Traitement antipaludique,2023-07-08,9395
Traitement diabetique,2025-12-08,648
Traitement antipaludique,2023-02-01,1712
Traitement diabetique,2025-12-02,4234
Traitement antipaludique,2025-10-28,9484
Soins post-operatoires,2024-07-16,4146
Traitement antibiotique,2025-01-25,7003
Soins post-operatoires,2025-09-27,753
Soins post-operatoires,2025-03-22,6321
Soins post-operatoires,2024-02-06,6565
Traitement antipaludique,2024-04-18,4671
Soins post-operatoires,2025-06-06,4785
Consultation generale,2023-08-21,935
Traitement diabetique,2024-04-13,5266
Soins post-operatoires,2025-01-25,9914
Traitement diabetique,2024-02-28,5285
Suivi hypertension,2023-10-11,9891
Suivi hypertension,2023-02-20,995
Consultation generale,2025-01-25,4926
Traitement antibiotique,2023-03-01,7378
Consultation generale,2023-04-14,7181
Traitement antipaludique,2023-10-24,8361
Consultation generale,2025-05-23,6298
Traitement antipaludique,2023-11-27,857
Consultation generale,2023-06-14,3102
Soins post-operatoires,2025-09-03,3552
Traitement antipaludique,2023-05-19,713
Soins post-operatoires,2025-12-17,7195
Traitement antipaludique,2023-06-02,524
Consultation generale,2023-12-09,7525
Traitement antipaludique,2025-11-29,6177
Consultation generale,2024-07-17,8345
Suivi hypertension,2024-10-18,590
Soins post-operatoires,2025-02-13,7991
Consultation generale,2023-01-13,1403
Soins post-operatoires,2024-04-10,7143
Consultation generale,2023-07-25,4504
Soins post-operatoires,2024-07-22,571
Suivi hypertension,2024-01-26,2170
Suivi hypertension,2024-01-14,3785
Traitement antipaludique,2025-06-21,9525
Soins post-operatoires,2024-07-15,8988
Traitement antipaludique,2024-11-21,5979
Traitement antibiotique,2025-08-29,8424
Traitement antibiotique,2025-07-16,6994
Soins post-operatoires,2025-05-27,8568
Traitement antipaludique,2025-02-09,440
Traitement diabetique,2024-06-23,2670
Traitement antipaludique,2025-03-13,9139
Traitement antibiotique,2023-02-15,4008
Traitement antibiotique,2024-06-14,6549
Soins post-operatoires,2025-08-27,1226
Consultation generale,2025-06-07,1328
Traitement antibiotique,2024-07-21,302
Traitement diabetique,2025-05-17,4165
Traitement antibiotique,2023-12-10,4432
Consultation generale,2023-02-19,8982
Traitement diabetique,2025-07-26,5783
Consultation generale,2025-02-18,8436
Suivi hypertension,2024-12-24,6092
Traitement antibiotique,2023-11-24,487
Traitement antibiotique,2024-11-21,5969
Traitement antipaludique,2024-02-14,9584
Traitement diabetique,2024-08-05,1009
Traitement antipaludique,2023-08-31,1125
Traitement diabetique,2023-11-01,8719
Traitement diabetique,2024-04-17,337
Traitement antipaludique,2025-09-06,8003
Suivi hypertension,2025-12-08,1502
Traitement antipaludique,2024-06-24,1050
Soins post-operatoires,2024-10-08,5308
Soins post-operatoires,2024-07-05,5753
Soins post-operatoires,2024-07-01,7296
Traitement antibiotique,2025-01-26,1232
Traitement diabetique,2024-12-11,3437
Consultation generale,2025-04-01,3786
Consultation generale,2023-06-20,3457
Suivi hypertension,2024-04-07,1370
Consultation generale,2025-01-29,6913
Traitement diabetique,2023-09-06,4969
Traitement antibiotique,2023-06-25,6069
Traitement antipaludique,2025-04-10,147
Traitement diabetique,2024-01-11,6573
Soins post-operatoires,2025-06-25,5778
Soins post-operatoires,2023-02-20,896
Traitement diabetique,2024-10-28,6920
Soins post-operatoires,2023-10-07,4357
Consultation generale,2024-11-30,6420
Traitement antipaludique,2023-04-19,5327
Consultation generale,2024-08-25,2155
Consultation generale,2023-03-19,7735
Traitement antibiotique,2023-12-30,9346
Traitement diabetique,2024-10-07,4947
Traitement diabetique,2025-06-17,3284
Soins post-operatoires,2025-05-04,760
Soins post-operatoires,2024-11-15,7758
Traitement diabetique,2025-06-22,6373
Traitement diabetique,2025-02-05,8684
Consultation generale,2024-05-07,7106
Soins post-operatoires,2024-06-09,4910
Soins post-operatoires,2025-12-25,3518
Traitement antipaludique,2025-04-19,4895
Traitement antipaludique,2025-03-05,6180
Consultation generale,2024-05-19,1867
Traitement antibiotique,2024-07-29,4260
Consultation generale,2025-01-10,4568
Traitement diabetique,2024-04-24,401
Soins post-operatoires,2024-08-08,9260
Traitement diabetique,2024-11-26,9568
Traitement antipaludique,2025-03-11,1291
Traitement diabetique,2025-01-30,3236
Traitement antibiotique,2023-05-21,2160
Soins post-operatoires,2025-01-12,6316
Traitement antibiotique,2023-02-24,9735
Traitement antipaludique,2024-04-18,4635
Traitement antibiotique,2023-10-03,1914
Traitement antipaludique,2024-08-08,5615
Soins post-operatoires,2024-09-21,8213
Consultation generale,2024-07-27,8994
Soins post-operatoires,2024-08-03,3812
Consultation generale,2025-05-30,9248
Traitement diabetique,2024-07-16,3180
Suivi hypertension,2023-09-10,9751
Traitement antibiotique,2025-04-10,1181
Traitement diabetique,2024-01-10,6884
Traitement antipaludique,2024-02-28,9604
Soins post-operatoires,2024-10-14,6352
Traitement antibiotique,2023-04-24,2538
Suivi hypertension,2025-08-04,7778
Traitement diabetique,2024-12-21,4896
Traitement diabetique,2023-07-12,9616
Traitement diabetique,2024-09-30,9248
Consultation generale,2023-06-06,2750
Traitement antipaludique,2024-09-19,652
Soins post-operatoires,2024-10-26,7070
Traitement antibiotique,2024-04-23,9344
Traitement antibiotique,2025-05-27,2823
Consultation generale,2023-12-19,2111
Suivi hypertension,2025-09-22,8990
Soins post-operatoires,2024-02-28,4123
Traitement diabetique,2023-01-21,4978
Soins post-operatoires,2024-06-24,7092
Soins post-operatoires,2023-01-22,2419
Suivi hypertension,2025-05-07,1004
Consultation generale,2023-02-23,3448
Traitement antipaludique,2023-01-17,9469
Traitement antipaludique,2024-06-21,9455
Soins post-operatoires,2025-10-17,1515
Soins post-operatoires,2024-08-22,946
Traitement antipaludique,2023-01-11,6769
Soins post-operatoires,2023-09-23,459
Traitement antipaludique,2025-11-22,7979
Traitement antipaludique,2025-04-06,2525
Consultation generale,2023-02-05,4491
Suivi hypertension,2025-03-27,5535
Traitement antipaludique,2023-04-12,651
Soins post-operatoires,2025-05-14,5844
Traitement diabetique,2023-07-28,6703
Consultation generale,2025-01-15,2680
Suivi hypertension,2023-01-01,7042
Suivi hypertension,2024-01-10,5790
Suivi hypertension,2025-06-06,2094
Traitement antipaludique,2024-12-20,1177
Traitement antipaludique,2024-03-31,2579
Consultation generale,2023-01-24,8831
Traitement antipaludique,2025-08-21,960
Traitement diabetique,2024-01-24,6308
Suivi hypertension,2025-05-31,1790
Traitement diabetique,2023-03-21,6003
Consultation generale,2023-07-22,9169
Traitement antipaludique,2024-06-25,5820
Traitement diabetique,2025-10-26,7773
Traitement antipaludique,2024-05-07,9345
Traitement antipaludique,2023-07-24,1575
Traitement antipaludique,2023-11-05,2273
Consultation generale,2023-03-05,4905
Traitement antipaludique,2024-01-19,7491
Consultation generale,2023-06-06,12
Consultation generale,2023-07-15,8117
Traitement antibiotique,2024-11-16,4076
Consultation generale,2023-11-06,1934
Traitement diabetique,2024-07-23,4359
Soins post-operatoires,2023-08-14,1365
Soins post-operatoires,2024-12-06,2381
Traitement antibiotique,2025-07-03,4273
Traitement antipaludique,2025-07-28,8157
Traitement antipaludique,2023-05-19,4053
Traitement antibiotique,2023-02-27,1970
Traitement diabetique,2024-11-25,1358
Traitement antibiotique,2025-06-14,2040
Soins post-operatoires,2023-09-26,7557
Traitement antipaludique,2024-04-23,9528
Traitement antipaludique,2025-09-04,4054
Traitement diabetique,2023-12-12,9692
Suivi hypertension,2025-05-03,3584
Consultation generale,2023-03-01,4570
Traitement antipaludique,2025-10-15,8221
Consultation generale,2025-10-16,7532
Traitement antipaludique,2023-06-05,8146
Traitement antipaludique,2023-02-18,7323
Suivi hypertension,2025-02-26,2029
Consultation generale,2025-09-07,1667
Traitement antipaludique,2023-12-21,7741
Traitement antibiotique,2025-02-02,4218
Traitement antibiotique,2025-09-26,1845
Traitement diabetique,2024-03-01,5956
Traitement diabetique,2025-11-16,2809
Suivi hypertension,2025-08-23,8377
Traitement diabetique,2024-09-07,8585
Traitement antipaludique,2023-10-28,3425
Consultation generale,2025-03-02,5123
Traitement antibiotique,2023-02-21,2040
Suivi hypertension,2025-10-11,7716
Soins post-operatoires,2024-02-03,231
Consultation generale,2024-11-22,9080
Soins post-operatoires,2024-01-12,8681
Soins post-operatoires,2025-05-14,6904
Traitement antipaludique,2023-09-27,602
Traitement diabetique,2023-01-22,1575
Consultation generale,2024-11-29,2199
Suivi hypertension,2024-04-22,5391
Soins post-operatoires,2025-11-19,4352
Soins post-operatoires,2024-08-17,8393
Soins post-operatoires,2024-12-01,1469
Soins post-operatoires,2024-09-12,4901
Suivi hypertension,2023-03-17,2751
Soins post-operatoires,2023-08-31,3108
Traitement antipaludique,2024-09-19,8838
Suivi hypertension,2025-08-30,9563
Traitement diabetique,2025-06-29,8109
Consultation generale,2023-12-03,2569
Traitement antipaludique,2023-06-29,3691
Traitement antipaludique,2025-06-12,8791
Traitement diabetique,2024-06-01,3750
Traitement antibiotique,2025-08-07,4288
Soins post-operatoires,2024-10-31,7266
Traitement antibiotique,2025-01-24,4581
Consultation generale,2024-12-12,5667
Suivi hypertension,2024-10-26,6680
Traitement antipaludique,2023-09-17,446
Traitement antibiotique,2023-03-09,6170
Traitement antipaludique,2025-11-10,223
Traitement antipaludique,2023-01-14,8738
Traitement diabetique,2023-09-21,9618
Suivi hypertension,2024-04-30,1769
Traitement diabetique,2024-01-06,106
Traitement diabetique,2023-05-11,3835
Traitement diabetique,2025-02-26,9952
Suivi hypertension,2024-11-04,7043
Soins post-operatoires,2023-05-25,3882
Consultation generale,2025-09-28,9583
Traitement antibiotique,2025-12-25,1626
Suivi hypertension,2023-07-17,8637
Traitement diabetique,2025-10-06,7584
Traitement diabetique,2024-09-14,7176
Traitement antipaludique,2024-03-01,4343
Suivi hypertension,2024-03-30,7457
Traitement antibiotique,2024-12-18,3427
Soins post-operatoires,2023-02-12,7449
Soins post-operatoires,2023-09-19,4087
Consultation generale,2023-08-30,2097
Traitement diabetique,2025-08-11,7459
Traitement antipaludique,2024-09-18,9881
Suivi hypertension,2023-12-31,824
Consultation generale,2024-09-28,5921
Soins post-operatoires,2025-04-17,312
Suivi hypertension,2023-07-08,1126
Traitement antibiotique,2023-01-06,1380
Traitement diabetique,2023-10-19,9202
Traitement antipaludique,2025-02-18,3113
Soins post-operatoires,2023-08-06,2686
Traitement antipaludique,2024-02-23,4416
Traitement antipaludique,2024-03-28,9855
Traitement antibiotique,2025-11-06,1155
Traitement antipaludique,2024-02-11,9101
Traitement antipaludique,2025-09-18,9901
Traitement antipaludique,2024-01-03,5995
Suivi hypertension,2025-05-29,9632
Soins post-operatoires,2024-07-30,6280
Traitement antipaludique,2023-01-27,7176
Consultation generale,2025-07-25,1166
Suivi hypertension,2024-10-16,9755
Soins post-operatoires,2024-05-09,4083
Traitement antibiotique,2024-12-03,6274
Traitement antibiotique,2025-01-13,1582
Suivi hypertension,2024-12-05,8351
Suivi hypertension,2023-03-25,7584
Traitement antibiotique,2025-05-25,2550
Suivi hypertension,2023-03-27,6685
Soins post-operatoires,2023-01-06,9833
Soins post-operatoires,2023-10-04,8173
Traitement diabetique,2023-06-17,6232
Suivi hypertension,2024-08-30,1810
Suivi hypertension,2024-08-30,5754
Traitement antipaludique,2025-05-20,7371
Consultation generale,2024-01-26,4307
Soins post-operatoires,2023-06-19,4743
Soins post-operatoires,2025-07-14,2961
Traitement diabetique,2023-09-27,2029
Traitement antipaludique,2025-02-28,9934
Suivi hypertension,2025-03-22,3485
Soins post-operatoires,2025-01-24,5583
Consultation generale,2024-02-28,5871
Traitement antibiotique,2025-11-18,5350
Traitement antibiotique,2023-06-02,6609
Traitement antibiotique,2023-10-09,9592
Consultation generale,2024-12-18,3243
Soins post-operatoires,2024-12-02,6327
Traitement antipaludique,2023-11-04,9142
Suivi hypertension,2024-10-14,9873
Traitement diabetique,2023-06-18,6277
Soins post-operatoires,2025-05-28,2428
Traitement antipaludique,2024-06-29,5442
Soins post-operatoires,2025-08-22,186
Traitement diabetique,2024-06-05,5512
Soins post-operatoires,2024-09-02,4410
Suivi hypertension,2023-03-21,4218
Traitement antipaludique,2023-07-10,9158
Traitement antibiotique,2025-07-27,2961
Traitement antipaludique,2023-07-19,3647
Consultation generale,2025-07-19,9051
Consultation generale,2025-12-07,5245
Traitement antibiotique,2023-01-25,267
Suivi hypertension,2024-04-17,1568
Traitement antibiotique,2024-05-08,9057
Traitement antipaludique,2024-07-02,3978
Soins post-operatoires,2025-11-24,537
Traitement diabetique,2024-01-08,2426
Soins post-operatoires,2025-09-20,1893
Suivi hypertension,2023-05-30,3968
Traitement antipaludique,2023-11-22,6695
Traitement antibiotique,2023-07-15,5351
Soins post-operatoires,2024-07-20,75
Soins post-operatoires,2023-02-18,608
Soins post-operatoires,2024-10-10,7223
Consultation generale,2025-09-16,4004
Soins post-operatoires,2025-11-01,4882
Suivi hypertension,2025-02-18,2462
Traitement diabetique,2023-05-15,8561
Suivi hypertension,2025-02-01,1417
Traitement diabetique,2024-08-01,1001
Traitement diabetique,2025-12-01,4652
Traitement antipaludique,2024-07-27,6947
Traitement diabetique,2025-09-14,7293
Traitement antipaludique,2025-09-10,3510
Consultation generale,2025-11-20,911
Suivi hypertension,2025-07-22,7684
Traitement antibiotique,2024-01-18,1808
Consultation generale,2023-10-07,7777
Suivi hypertension,2023-10-22,1391
Traitement antibiotique,2023-07-09,7855
Consultation generale,2025-10-21,4846
Soins post-operatoires,2023-04-04,4447
Suivi hypertension,2025-12-14,4502
Consultation generale,2023-08-10,206
Suivi hypertension,2023-06-17,6806
Soins post-operatoires,2023-10-01,9930
Consultation generale,2023-05-02,4491
Soins post-operatoires,2025-07-17,2052
Traitement antibiotique,2024-03-06,7855
Traitement diabetique,2023-05-09,2995
Soins post-operatoires,2024-03-21,8130
Consultation generale,2025-05-03,7409
Consultation generale,2023-02-27,443
Consultation generale,2023-08-21,7447
Traitement diabetique,2025-10-03,8816
Consultation generale,2024-12-07,9655
Soins post-operatoires,2025-04-08,7988
Consultation generale,2024-01-24,929
Soins post-operatoires,2024-02-03,8711
Traitement antipaludique,2025-07-03,7743
Soins post-operatoires,2023-01-10,3670
Suivi hypertension,2023-10-07,4805
Traitement antibiotique,2023-09-03,9468
Soins post-operatoires,2025-10-22,980
Consultation generale,2023-02-20,9549
Suivi hypertension,2024-04-21,2676
Traitement antibiotique,2025-05-28,3745
Consultation generale,2025-10-07,7162
Suivi hypertension,2023-12-12,3982
Traitement antipaludique,2024-06-26,5124
Traitement antipaludique,2025-10-03,6503
Soins post-operatoires,2023-08-08,6767
Suivi hypertension,2025-07-31,1521
Suivi hypertension,2025-12-01,7104
Suivi hypertension,2025-08-27,7262
Consultation generale,2023-12-28,452
Traitement diabetique,2024-08-26,8991
Consultation generale,2024-03-04,2342
Consultation generale,2025-11-12,8163
Soins post-operatoires,2025-08-27,893
Traitement diabetique,2025-08-04,6526
Traitement antipaludique,2024-04-09,5007
Soins post-operatoires,2023-04-07,7530
Traitement diabetique,2024-12-03,1704
Suivi hypertension,2023-02-06,646
Traitement antipaludique,2025-08-07,8633
Suivi hypertension,2025-05-09,2292
Soins post-operatoires,2024-04-01,5773
Consultation generale,2023-10-12,1747
Soins post-operatoires,2024-11-26,5066
Traitement antipaludique,2023-12-27,2387
Traitement diabetique,2023-04-17,5606
Traitement diabetique,2025-09-19,397
Consultation generale,2024-02-27,1480
Traitement antibiotique,2024-02-10,2995
Consultation generale,2025-01-31,6716
Soins post-operatoires,2023-08-22,2885
Traitement diabetique,2023-11-03,836
Traitement antibiotique,2024-12-04,2189
Consultation generale,2024-01-14,3036
Soins post-operatoires,2024-07-18,435
Traitement antipaludique,2025-03-06,1897
Consultation generale,2024-05-08,6417
Traitement diabetique,2023-06-29,463
Traitement antibiotique,2023-12-18,3126
Soins post-operatoires,2023-01-07,9696
Soins post-operatoires,2025-04-16,3782
Soins post-operatoires,2023-01-27,3474
Suivi hypertension,2025-06-06,1402
Traitement antipaludique,2025-10-25,2364
Suivi hypertension,2024-05-23,5910
Consultation generale,2023-10-25,403
Traitement diabetique,2024-09-23,1884
Traitement antipaludique,2024-03-03,9614
Consultation generale,2023-07-20,8895
Suivi hypertension,2025-03-12,8169
Soins post-operatoires,2025-09-07,7093
Soins post-operatoires,2023-07-07,3825
Traitement antibiotique,2025-01-07,3658
Suivi hypertension,2025-08-16,2295
Traitement diabetique,2024-04-17,7207
Traitement antibiotique,2023-03-07,9255
Traitement antibiotique,2024-08-08,8680
Soins post-operatoires,2024-04-25,9498
Consultation generale,2024-09-07,3248
Traitement diabetique,2024-10-27,8790
Traitement diabetique,2023-09-24,5299
Traitement diabetique,2024-07-31,7804
Traitement diabetique,2023-04-06,201
Traitement diabetique,2024-06-13,5940
Traitement diabetique,2023-11-20,4472
Traitement antipaludique,2025-04-17,4310
Traitement antipaludique,2023-06-20,1599
Suivi hypertension,2023-01-19,5308
Consultation generale,2025-07-15,1214
Traitement diabetique,2025-11-19,7560
Traitement diabetique,2025-09-22,2247
Soins post-operatoires,2024-08-20,5878
Traitement antipaludique,2023-11-01,668
Suivi hypertension,2023-12-19,4294
Traitement antipaludique,2023-06-20,4864
Traitement diabetique,2024-02-24,8121
Consultation generale,2023-10-27,3452
Suivi hypertension,2025-02-14,153
Suivi hypertension,2025-03-20,9370
Traitement antipaludique,2024-04-25,3658
Suivi hypertension,2025-09-08,8269
Traitement antibiotique,2025-10-14,1866
Consultation generale,2025-11-29,1196
Traitement antipaludique,2023-06-24,9677
Consultation generale,2023-06-21,1906
Traitement antibiotique,2024-06-11,6628
Traitement diabetique,2025-06-03,6064
Traitement antibiotique,2023-07-22,6432
Traitement antibiotique,2025-04-08,8802
Consultation generale,2023-09-17,3734
Suivi hypertension,2025-09-04,4981
Consultation generale,2025-05-06,7628
Consultation generale,2025-03-07,738
Suivi hypertension,2024-11-10,730
Consultation generale,2025-07-11,6734
Traitement diabetique,2024-08-02,3659
Traitement diabetique,2024-01-14,1506
Traitement antibiotique,2025-06-04,7263
Soins post-operatoires,2023-10-24,1525
Traitement antipaludique,2023-11-15,909
Traitement diabetique,2024-06-25,8182
Suivi hypertension,2024-06-08,4640
Traitement antipaludique,2023-05-04,2493
Traitement antipaludique,2025-04-01,9419
Consultation generale,2025-11-08,6255
Soins post-operatoires,2024-02-09,3970
Traitement antipaludique,2024-04-19,5680
Suivi hypertension,2025-05-31,6943
Suivi hypertension,2024-03-17,5107
Traitement antibiotique,2025-03-22,8805
Traitement diabetique,2024-08-04,137
Suivi hypertension,2024-10-27,9872
Soins post-operatoires,2024-09-27,9776
Traitement antipaludique,2023-09-13,844
Suivi hypertension,2023-08-11,1428
Traitement antipaludique,2025-09-23,100
Traitement diabetique,2023-03-31,9523
Traitement diabetique,2023-06-22,2309
Soins post-operatoires,2023-07-10,339
Soins post-operatoires,2024-12-26,6532
Consultation generale,2025-03-20,1743
Traitement antibiotique,2025-04-30,4763
Consultation generale,2025-04-16,2695
Soins post-operatoires,2023-12-03,7065
Suivi hypertension,2025-11-13,1442
Soins post-operatoires,2025-04-12,3977
Traitement antibiotique,2024-10-26,8366
Suivi hypertension,2025-12-26,2459
Traitement diabetique,2024-03-06,8248
Traitement diabetique,2024-10-04,9468
Traitement diabetique,2023-07-08,531
Traitement antibiotique,2024-10-05,835
Soins post-operatoires,2024-12-15,2562
Suivi hypertension,2024-10-20,4428
Soins post-operatoires,2023-07-12,5513
Traitement antibiotique,2025-07-12,6274
Suivi hypertension,2024-01-13,1671
Suivi hypertension,2024-11-15,5658
Traitement antibiotique,2025-05-10,5687
Traitement antibiotique,2023-08-20,8245
Soins post-operatoires,2024-09-23,8997
Consultation generale,2025-02-27,4391
Traitement antibiotique,2024-10-01,2316
Suivi hypertension,2024-06-16,2003
Soins post-operatoires,2025-11-26,2846
Traitement antibiotique,2023-01-06,6638
Suivi hypertension,2023-10-15,4129
Consultation generale,2023-03-19,7174
Traitement antibiotique,2023-01-08,9389
Traitement diabetique,2025-08-20,5654
Soins post-operatoires,2024-03-04,4090
Traitement antipaludique,2023-05-10,7111
Suivi hypertension,2023-05-06,6336
Consultation generale,2024-05-08,6175
Traitement diabetique,2025-08-24,5389
Traitement antibiotique,2024-06-18,918
Traitement antipaludique,2023-08-03,3831
Traitement antipaludique,2023-02-15,8383
Traitement diabetique,2024-12-29,6686
Traitement antipaludique,2025-04-15,9595
Traitement antipaludique,2025-03-27,1579
Consultation generale,2025-05-17,52
Soins post-operatoires,2023-06-30,446
Consultation generale,2024-03-19,2439
Traitement antipaludique,2024-03-25,9136
Traitement antipaludique,2024-06-03,7608
Consultation generale,2023-12-15,3679
Traitement diabetique,2023-07-01,4529
Soins post-operatoires,2023-02-13,2417
Traitement antibiotique,2025-12-07,118
Consultation generale,2024-11-11,6626
Traitement diabetique,2023-08-22,1531
Consultation generale,2023-04-24,5279
Soins post-operatoires,2025-05-13,4946
Traitement antipaludique,2023-12-29,9547
Suivi hypertension,2025-08-07,5068
Traitement antibiotique,2025-10-31,6697
Consultation generale,2025-02-17,8438
Consultation generale,2025-05-26,1252
Traitement diabetique,2025-02-19,1488
Suivi hypertension,2024-06-25,8364
Suivi hypertension,2025-09-15,9273
Soins post-operatoires,2024-01-28,5429
Soins post-operatoires,2025-07-31,5025
Soins post-operatoires,2025-04-12,7413
Soins post-operatoires,2024-09-23,4139
Traitement antipaludique,2025-05-25,9174
Traitement diabetique,2023-08-29,9555
Consultation generale,2023-10-06,9318
Traitement antibiotique,2023-12-02,3020
Traitement antipaludique,2024-09-05,3087
Traitement antipaludique,2024-10-27,7322
Consultation generale,2024-12-10,1873
Traitement diabetique,2023-08-17,436
Traitement diabetique,2025-12-11,7823
Traitement diabetique,2024-10-24,4098
Traitement antibiotique,2025-07-15,4768
Suivi hypertension,2024-12-10,1989
Suivi hypertension,2025-05-11,7423
Consultation generale,2025-09-30,7714
Soins post-operatoires,2023-06-27,3772
Traitement antibiotique,2024-04-24,4351
Traitement diabetique,2024-07-30,5810
Traitement diabetique,2024-04-30,2025
Traitement diabetique,2023-11-15,5304
Suivi hypertension,2023-06-20,3472
Traitement diabetique,2025-01-13,1177
Traitement antibiotique,2023-04-03,9177
Suivi hypertension,2024-08-25,5046
Traitement antipaludique,2024-03-16,1377
Traitement diabetique,2024-10-08,9958
Traitement diabetique,2025-05-08,9302
Traitement antipaludique,2024-04-23,1099
Soins post-operatoires,2025-08-12,4947
Suivi hypertension,2024-08-28,9138
Traitement diabetique,2024-02-25,6876
Consultation generale,2023-04-25,2468
Traitement antipaludique,2024-11-14,6756
Traitement antibiotique,2024-09-28,1540
Consultation generale,2023-11-27,1389
Traitement antibiotique,2025-04-22,4424
Traitement diabetique,2023-01-15,6240
Traitement antibiotique,2025-12-17,3226
Traitement antipaludique,2023-01-13,2776
Traitement antibiotique,2023-01-02,4659
Traitement antibiotique,2025-11-02,6119
Suivi hypertension,2023-05-19,4455
Suivi hypertension,2024-10-02,3407
Suivi hypertension,2024-09-03,3752
Consultation generale,2024-10-28,7621
Traitement antipaludique,2023-03-22,1381
Traitement antipaludique,2023-02-03,4107
Traitement antibiotique,2025-09-13,7932
Suivi hypertension,2024-12-11,7519
Traitement antibiotique,2023-09-05,273
Traitement antipaludique,2024-02-17,9220
Suivi hypertension,2025-04-08,7868
Traitement antibiotique,2023-04-27,1866
Consultation generale,2023-02-17,4980
Traitement antipaludique,2024-01-14,7252
Traitement diabetique,2024-10-03,3359
Suivi hypertension,2024-11-27,2453
Traitement diabetique,2025-02-18,4198
Soins post-operatoires,2025-02-21,6391
Suivi hypertension,2024-08-16,7698
Suivi hypertension,2025-10-24,7201
Suivi hypertension,2024-02-05,5450
Consultation generale,2024-01-15,3473
Traitement diabetique,2025-02-28,1392
Soins post-operatoires,2025-10-31,7655
Traitement antibiotique,2023-06-19,1397
Consultation generale,2025-09-22,5374
Soins post-operatoires,2023-04-30,4170
Traitement antipaludique,2024-08-17,3072
Traitement diabetique,2025-04-16,7879
Consultation generale,2024-12-10,5077
Traitement antibiotique,2023-11-15,3805
Consultation generale,2024-08-31,2567
Traitement antipaludique,2023-02-21,3161
Suivi hypertension,2025-08-26,9195
Traitement antibiotique,2025-07-04,6760
Soins post-operatoires,2023-01-21,5067
Traitement diabetique,2023-03-27,2894
Traitement antibiotique,2023-02-16,5755
Traitement antipaludique,2025-04-02,3189
Traitement antipaludique,2025-10-10,1116
Soins post-operatoires,2023-02-04,1450
Traitement antibiotique,2025-12-13,2200
Traitement antipaludique,2024-08-29,4812
Consultation generale,2023-11-28,9732
Traitement antibiotique,2025-11-19,4692
Consultation generale,2024-02-09,7361
Traitement diabetique,2024-03-06,8198
Suivi hypertension,2023-01-13,2648
Traitement diabetique,2025-12-20,7656
Consultation generale,2025-04-02,6268
Traitement antibiotique,2024-08-06,1151
Consultation generale,2024-10-20,4913
Traitement antibiotique,2024-10-23,5765
Soins post-operatoires,2024-11-29,3523
Traitement diabetique,2025-07-03,8198
Traitement diabetique,2024-03-12,4315
Traitement diabetique,2024-05-31,3677
Traitement antipaludique,2025-08-26,4406
Consultation generale,2025-01-16,6873
Soins post-operatoires,2023-07-01,3159
Consultation generale,2023-03-18,1463
Traitement diabetique,2023-10-06,9832
Suivi hypertension,2024-12-13,1687
Soins post-operatoires,2025-05-21,907
Traitement antibiotique,2024-03-14,9444
Suivi hypertension,2023-06-09,1170
Traitement antipaludique,2025-03-03,258
Soins post-operatoires,2023-12-20,7036
Consultation generale,2024-03-02,8726
Traitement antibiotique,2024-02-23,9764
Traitement antipaludique,2025-04-15,3491
Suivi hypertension,2024-08-03,6225
Soins post-operatoires,2025-01-31,7340
Soins post-operatoires,2024-05-21,5960
Traitement antibiotique,2025-07-02,7188
Traitement antipaludique,2023-01-17,7682
Consultation generale,2025-02-12,1517
Traitement diabetique,2023-03-11,6938
Suivi hypertension,2024-07-23,9778
Consultation generale,2024-09-09,6756
Traitement antibiotique,2023-09-23,425
Suivi hypertension,2023-06-30,886
Traitement antipaludique,2025-05-23,2110
Traitement diabetique,2025-04-06,3405
Traitement diabetique,2025-08-05,2290
Suivi hypertension,2024-04-30,8662
Soins post-operatoires,2025-04-25,6664
Consultation generale,2025-04-06,8839
Traitement antibiotique,2024-04-28,3681
Traitement antipaludique,2024-05-21,8495
Traitement antipaludique,2025-01-18,1646
Traitement antibiotique,2024-05-18,9583
Consultation generale,2025-12-31,5928
Suivi hypertension,2025-02-01,8271
Consultation generale,2025-07-18,1558
Soins post-operatoires,2025-03-20,2386
Traitement antibiotique,2024-09-29,6956
Consultation generale,2025-02-21,2959
Suivi hypertension,2024-04-21,3034
Traitement antibiotique,2025-02-08,2691
Traitement diabetique,2025-03-30,9781
Traitement antibiotique,2025-07-11,4773
Traitement diabetique,2024-05-09,8883
Traitement antibiotique,2024-04-14,234
Soins post-operatoires,2024-03-18,4636
Consultation generale,2025-04-15,9196
Suivi hypertension,2023-04-17,4110
Suivi hypertension,2024-09-28,3654
Traitement antipaludique,2023-12-05,8143
Suivi hypertension,2023-03-17,7848
Suivi hypertension,2023-03-02,7866
Soins post-operatoires,2023-02-09,6895
Traitement antipaludique,2024-01-04,2001
Soins post-operatoires,2024-12-14,4870
Suivi hypertension,2025-01-31,9659
Traitement diabetique,2025-12-14,2060
Traitement diabetique,2024-10-28,2153
Traitement antibiotique,2024-05-28,1368
Traitement diabetique,2023-02-21,7872
Soins post-operatoires,2025-11-27,9180
Soins post-operatoires,2023-03-21,798
Traitement antibiotique,2024-10-19,3917
Soins post-operatoires,2024-01-18,5855
Soins post-operatoires,2025-07-24,9022
Suivi hypertension,2024-11-04,5844
Soins post-operatoires,2023-02-14,4489
Traitement antipaludique,2024-06-19,2855
Traitement antibiotique,2023-03-23,6802
Consultation generale,2025-02-14,1318
Traitement antipaludique,2025-12-24,3274
Traitement diabetique,2024-12-23,4093
Consultation generale,2025-08-02,6515
Suivi hypertension,2025-04-19,2580
Soins post-operatoires,2024-12-16,6860
Traitement antipaludique,2024-08-30,4209
Consultation generale,2023-08-10,2672
Soins post-operatoires,2025-10-24,1769
Suivi hypertension,2023-02-08,394
Suivi hypertension,2025-06-26,4150
Consultation generale,2025-03-27,5194
Traitement antipaludique,2023-11-16,6991
Suivi hypertension,2025-09-23,471
Consultation generale,2023-05-21,2506
Traitement antibiotique,2024-06-10,6539
Consultation generale,2025-09-19,6226
Suivi hypertension,2025-05-12,6064
Traitement diabetique,2023-05-12,3392
Consultation generale,2024-11-22,830
Soins post-operatoires,2023-08-24,5911
Traitement diabetique,2025-07-02,5504
Traitement diabetique,2024-01-25,7255
Soins post-operatoires,2023-06-26,2588
Traitement diabetique,2024-10-06,7831
Traitement diabetique,2024-06-02,4527
Consultation generale,2024-12-27,8561
Soins post-operatoires,2023-01-06,1611
Soins post-operatoires,2025-06-20,8626
Soins post-operatoires,2025-06-13,2569
Traitement antipaludique,2025-11-13,7431
Suivi hypertension,2024-02-18,2830
Soins post-operatoires,2025-02-26,6079
Soins post-operatoires,2023-09-11,4883
Traitement antibiotique,2025-10-09,2975
Traitement antipaludique,2024-02-11,2169
Suivi hypertension,2024-11-20,3261
Suivi hypertension,2024-08-30,3656
Traitement antipaludique,2023-05-30,4798
Consultation generale,2023-12-19,5247
Traitement diabetique,2024-09-25,4255
Suivi hypertension,2024-05-26,7807
Traitement diabetique,2023-07-26,8793
Consultation generale,2024-12-29,180
Suivi hypertension,2025-02-25,1231
Soins post-operatoires,2025-02-20,3334
Traitement diabetique,2023-06-12,9546
Traitement antibiotique,2024-12-15,6026
Traitement antibiotique,2023-09-26,3032
Traitement diabetique,2024-12-22,5294
Suivi hypertension,2023-09-05,2393
Traitement diabetique,2025-10-07,8541
Traitement diabetique,2024-10-13,2163
Traitement antibiotique,2025-02-03,1888
Consultation generale,2025-01-16,4236
Traitement antipaludique,2025-12-22,6864
Suivi hypertension,2024-08-17,5853
Suivi hypertension,2025-03-04,6621
Suivi hypertension,2023-07-03,2478
Consultation generale,2024-07-10,9236
Traitement antipaludique,2023-06-23,8409
Consultation generale,2024-07-24,1340
Traitement antibiotique,2024-08-26,773
Consultation generale,2024-11-03,5328
Traitement diabetique,2025-06-20,8494
Soins post-operatoires,2023-03-10,583
Soins post-operatoires,2024-10-24,4075
Traitement antipaludique,2023-08-27,5893
Traitement antibiotique,2023-04-10,6068
Soins post-operatoires,2023-02-23,2448
Traitement antibiotique,2023-11-18,5362
Traitement diabetique,2023-01-29,4716
Traitement antibiotique,2024-02-29,46
Soins post-operatoires,2025-10-16,2555
Suivi hypertension,2025-03-03,4022
Soins post-operatoires,2025-07-17,7046
Suivi hypertension,2025-02-24,8639
Traitement antipaludique,2023-07-08,2922
Traitement antibiotique,2025-06-20,7877
Traitement diabetique,2024-02-23,5987
Traitement antipaludique,2023-06-03,2339
Consultation generale,2024-02-09,481
Suivi hypertension,2023-03-20,1047
Traitement antibiotique,2024-09-06,1427
Traitement antipaludique,2023-06-02,3082
Soins post-operatoires,2023-11-06,1066
Traitement antibiotique,2023-07-23,9173
Consultation generale,2024-06-14,7807
Traitement diabetique,2024-04-11,6469
Suivi hypertension,2025-12-19,6829
Traitement antibiotique,2025-04-02,8729
Traitement diabetique,2024-06-02,4882
Suivi hypertension,2023-12-14,2191
Traitement antibiotique,2024-01-04,7889
Suivi hypertension,2023-08-24,4433
Soins post-operatoires,2024-04-20,1410
Consultation generale,2025-12-05,4138
Traitement diabetique,2023-01-07,9813
Traitement antibiotique,2025-01-27,554
Soins post-operatoires,2025-08-14,2067
Soins post-operatoires,2025-11-25,1125
Traitement antibiotique,2024-09-29,4576
Consultation generale,2023-08-16,6213
Traitement antibiotique,2025-12-16,5283
Suivi hypertension,2024-11-23,2849
Traitement diabetique,2023-03-24,4112
Consultation generale,2024-01-13,931
Traitement diabetique,2024-04-20,7540
Soins post-operatoires,2025-05-05,1830
Suivi hypertension,2023-12-28,2935
Traitement diabetique,2023-12-26,2018
Traitement antibiotique,2023-09-29,3414
Traitement diabetique,2025-11-26,7076
Soins post-operatoires,2023-07-30,6503
Traitement diabetique,2023-07-29,6415
Consultation generale,2023-08-28,5562
Traitement antibiotique,2024-10-06,4654
Traitement antipaludique,2023-09-17,7864
Suivi hypertension,2023-08-25,530
Suivi hypertension,2023-04-22,2693
Traitement antipaludique,2024-03-11,5518
Traitement antipaludique,2024-12-13,1441
Suivi hypertension,2023-06-03,2525
Traitement antipaludique,2023-07-17,7389
Traitement diabetique,2025-11-11,125
Traitement diabetique,2024-06-03,5239
Soins post-operatoires,2024-10-28,8453
Suivi hypertension,2025-11-03,2974
Soins post-operatoires,2025-09-30,9798
Soins post-operatoires,2023-08-16,6329
Traitement antipaludique,2025-09-19,5406
Traitement diabetique,2024-11-25,1204
Traitement diabetique,2024-11-07,4758
Consultation generale,2024-09-05,1625
Traitement antipaludique,2025-05-23,1635
Traitement diabetique,2025-02-24,7177
Suivi hypertension,2025-12-25,1330
Consultation generale,2024-03-26,6607
Consultation generale,2023-01-02,9128
Soins post-operatoires,2024-09-01,5444
Traitement antibiotique,2025-09-07,4942
Suivi hypertension,2024-10-16,3992
Traitement antipaludique,2023-04-11,6049
Traitement diabetique,2023-07-20,5107
Suivi hypertension,2024-06-04,44
Suivi hypertension,2023-11-26,707
Soins post-operatoires,2025-04-28,5874
Consultation generale,2024-11-27,4603
Soins post-operatoires,2025-02-17,2076
Consultation generale,2025-05-06,3599
Suivi hypertension,2024-06-10,2452
Traitement diabetique,2023-05-02,9055
Traitement diabetique,2025-06-28,701
Suivi hypertension,2024-03-07,1959
Consultation generale,2023-09-26,2273
Traitement antipaludique,2023-04-03,5179
Traitement antipaludique,2025-02-22,533
Traitement antibiotique,2025-12-19,8935
Consultation generale,2024-12-20,6227
Traitement antibiotique,2025-03-06,1354
Suivi hypertension,2025-12-09,5718
Traitement diabetique,2025-04-27,1529
Soins post-operatoires,2024-06-24,3258
Consultation generale,2025-02-05,2004
Traitement antibiotique,2023-10-11,6527
Traitement antibiotique,2025-11-15,4378
Suivi hypertension,2024-12-29,1224
Traitement antibiotique,2025-10-30,4696
Soins post-operatoires,2025-05-28,1040
Traitement antipaludique,2025-07-07,8503
Suivi hypertension,2025-06-15,1866
Traitement antibiotique,2023-12-02,5043
Traitement antipaludique,2025-05-04,9688
Traitement antipaludique,2025-02-12,4250
Traitement antipaludique,2024-03-01,3721
Traitement antibiotique,2023-08-11,9880
Traitement antipaludique,2025-10-11,4272
Soins post-operatoires,2023-07-03,6642
Suivi hypertension,2024-04-23,9096
Soins post-operatoires,2024-06-16,1932
Traitement antibiotique,2025-12-27,8248
Suivi hypertension,2025-07-07,964
Traitement antibiotique,2024-07-29,1829
Traitement antipaludique,2025-05-26,8056
Suivi hypertension,2023-03-27,3138
Soins post-operatoires,2023-03-30,8709
Traitement diabetique,2025-08-09,8096
Suivi hypertension,2023-09-06,375
Traitement antipaludique,2025-09-25,7033
Traitement diabetique,2025-05-06,6098
Soins post-operatoires,2025-08-14,2037
Traitement antibiotique,2024-07-18,7739
Soins post-operatoires,2025-01-04,9085
Soins post-operatoires,2025-11-04,4353
Traitement diabetique,2025-08-29,3468
Traitement antibiotique,2023-01-18,2300
Soins post-operatoires,2023-11-02,347
Consultation generale,2023-10-04,2467
Traitement antibiotique,2023-01-14,8870
Traitement antipaludique,2025-07-21,3774
Suivi hypertension,2024-01-19,5443
Consultation generale,2024-10-25,7585
Traitement antipaludique,2025-04-05,5577
Traitement antipaludique,2025-01-08,1352
Traitement antibiotique,2023-05-19,8486
Consultation generale,2023-02-24,5873
Traitement antipaludique,2025-08-29,1843
Soins post-operatoires,2023-02-23,6999
Traitement diabetique,2023-11-11,7220
Traitement antipaludique,2023-01-10,9473
Consultation generale,2024-08-19,4725
Consultation generale,2025-02-16,4122
Soins post-operatoires,2023-07-31,7778
Traitement antibiotique,2025-07-16,8278
Traitement antibiotique,2023-01-21,5143
Soins post-operatoires,2024-02-13,9324
Traitement antipaludique,2024-10-23,5530
Soins post-operatoires,2024-09-24,5737
Soins post-operatoires,2023-07-15,7134
Traitement antibiotique,2023-05-10,9979
Traitement antibiotique,2025-02-19,3884
Soins post-operatoires,2025-09-16,9032
Soins post-operatoires,2024-12-11,2435
Suivi hypertension,2025-11-05,7184
Traitement antibiotique,2025-10-11,2454
Traitement diabetique,2024-09-20,978
Soins post-operatoires,2023-05-18,2701
Consultation generale,2024-10-13,7229
Soins post-operatoires,2025-08-16,4720
Consultation generale,2023-06-09,1696
Soins post-operatoires,2025-05-12,2522
Suivi hypertension,2025-11-07,3883
Soins post-operatoires,2024-12-22,6056
Traitement diabetique,2024-03-17,370
Soins post-operatoires,2024-01-26,5735
Soins post-operatoires,2025-10-13,1092
Soins post-operatoires,2025-05-20,4655
Traitement antibiotique,2024-08-22,6194
Soins post-operatoires,2025-08-12,8209
Consultation generale,2025-09-28,7110
Consultation generale,2024-06-17,2846
Suivi hypertension,2023-07-13,3279
Soins post-operatoires,2023-07-21,3842
Traitement antibiotique,2023-01-25,4897
Traitement antibiotique,2025-02-07,6959
Traitement antipaludique,2025-01-30,524
Traitement antibiotique,2024-02-19,7528
Soins post-operatoires,2024-04-08,2880
Soins post-operatoires,2023-02-26,8586
Traitement diabetique,2023-05-03,4393
Traitement diabetique,2023-12-11,7247
Soins post-operatoires,2025-06-03,8507
Suivi hypertension,2023-04-20,1794
Soins post-operatoires,2025-03-16,477
Consultation generale,2023-10-10,1768
Suivi hypertension,2023-08-08,5104
Traitement diabetique,2025-12-28,1887
Traitement antibiotique,2023-09-30,8291
Suivi hypertension,2023-12-10,8592
Soins post-operatoires,2024-01-19,6032
Suivi hypertension,2025-12-06,747
Traitement antibiotique,2023-01-19,4306
Traitement antipaludique,2025-11-15,642
Consultation generale,2025-12-23,1503
Traitement diabetique,2023-12-29,6671
Traitement antibiotique,2023-07-22,8555
Traitement antipaludique,2023-09-03,6709
Traitement diabetique,2025-05-19,1785
Suivi hypertension,2024-07-27,2090
Traitement antipaludique,2025-02-13,3015
Suivi hypertension,2025-03-02,8197
Traitement antibiotique,2023-07-05,5949
Traitement antibiotique,2024-01-19,9494
Suivi hypertension,2025-07-09,1329
Traitement diabetique,2025-12-17,8889
Soins post-operatoires,2025-06-28,1949
Consultation generale,2024-08-16,8289
Consultation generale,2023-07-10,8619
Traitement diabetique,2024-04-27,7145
Traitement antipaludique,2025-09-01,5659
Traitement diabetique,2025-09-25,2189
Traitement diabetique,2024-08-17,9001
Traitement diabetique,2024-05-27,7755
Traitement antibiotique,2024-04-13,1759
Traitement diabetique,2023-04-05,1170
Soins post-operatoires,2023-11-13,7011
Traitement antipaludique,2024-02-13,5372
Soins post-operatoires,2025-06-21,2285
Consultation generale,2024-10-17,2955
Traitement antipaludique,2025-10-10,1255
Soins post-operatoires,2024-06-25,27
Traitement diabetique,2023-05-09,4239
Traitement diabetique,2025-03-10,2330
Consultation generale,2025-07-08,665
Traitement antipaludique,2023-06-26,3869
Suivi hypertension,2025-08-17,6344
Traitement diabetique,2024-11-19,7108
Soins post-operatoires,2023-10-30,9540
Traitement diabetique,2025-03-28,7058
Traitement antipaludique,2024-02-14,895
Consultation generale,2025-09-12,3192
Consultation generale,2025-03-26,9158
Suivi hypertension,2025-03-19,7243
Traitement antipaludique,2023-08-23,6327
Suivi hypertension,2023-04-29,5258
Soins post-operatoires,2023-01-10,4125
Traitement antibiotique,2025-08-23,8932
Traitement antipaludique,2024-07-02,455
Traitement antipaludique,2025-03-03,5978
Traitement diabetique,2023-11-24,7916
Traitement diabetique,2024-01-18,2944
Suivi hypertension,2023-07-31,3075
Traitement antipaludique,2024-03-22,6974
Suivi hypertension,2025-11-18,6166
Traitement antipaludique,2025-06-24,2335
Traitement antipaludique,2024-06-18,3619
Traitement antibiotique,2024-04-18,295
Traitement antipaludique,2023-01-27,9931
Traitement antipaludique,2024-05-16,3772
Traitement antipaludique,2025-12-30,4377
Suivi hypertension,2023-10-09,1332
Traitement antibiotique,2025-08-25,4392
Traitement diabetique,2025-05-13,8338
Traitement antibiotique,2023-10-09,6323
Traitement diabetique,2025-02-08,460
Consultation generale,2024-12-14,6316
Consultation generale,2024-10-22,9708
Consultation generale,2023-01-31,188
Traitement antipaludique,2023-01-26,6095
Traitement antipaludique,2025-12-31,7129
Traitement antibiotique,2024-11-05,251
Soins post-operatoires,2023-12-04,4789
Traitement antipaludique,2024-04-14,7180
Consultation generale,2024-04-15,8194
Soins post-operatoires,2025-12-10,4295
Consultation generale,2023-07-30,8887
Traitement antipaludique,2023-07-16,4509
Consultation generale,2024-04-24,9143
Consultation generale,2023-11-24,1984
Soins post-operatoires,2023-01-05,9353
Soins post-operatoires,2024-04-01,1530
Traitement antibiotique,2023-03-20,8420
Consultation generale,2025-03-05,2167
Traitement diabetique,2023-06-28,2413
Suivi hypertension,2023-05-28,6814
Traitement antipaludique,2025-10-24,3600
Consultation generale,2025-07-27,8919
Traitement antipaludique,2025-10-25,46
Suivi hypertension,2024-10-14,8531
Consultation generale,2023-06-17,4250
Suivi hypertension,2023-09-18,4418
Consultation generale,2024-10-07,3685
Traitement antipaludique,2024-10-20,6714
Consultation generale,2025-02-03,3222
Consultation generale,2025-09-20,3474
Traitement antibiotique,2025-11-15,6657
Traitement diabetique,2025-10-30,1039
Traitement diabetique,2023-10-16,6833
Traitement diabetique,2023-07-22,6961
Traitement diabetique,2024-07-05,3074
Soins post-operatoires,2024-03-24,276
Traitement diabetique,2025-03-05,9599
Traitement antipaludique,2025-06-20,3396
Soins post-operatoires,2025-02-02,5152
Suivi hypertension,2024-03-11,7510
Traitement antibiotique,2023-11-06,7972
Suivi hypertension,2023-10-29,3438
Consultation generale,2023-11-04,8393
Consultation generale,2025-03-03,5028
Traitement antipaludique,2024-09-05,4328
Consultation generale,2025-10-01,7945
Suivi hypertension,2025-01-30,8082
Consultation generale,2025-10-15,2039
Suivi hypertension,2025-08-31,4733
Traitement antibiotique,2023-01-05,4186
Suivi hypertension,2025-06-20,205
Traitement diabetique,2023-05-10,6493
Soins post-operatoires,2024-10-12,9628
Soins post-operatoires,2025-03-28,6186
Suivi hypertension,2025-03-07,6664
Traitement antipaludique,2025-09-03,220
Soins post-operatoires,2023-08-11,7591
Soins post-operatoires,2023-09-21,9051
Suivi hypertension,2025-09-20,7464
Traitement antibiotique,2024-02-23,5487
Traitement antibiotique,2025-05-19,478
Soins post-operatoires,2025-01-21,5155
Traitement antibiotique,2025-11-17,1874
Suivi hypertension,2025-06-06,7860
Traitement diabetique,2024-04-11,3700
Soins post-operatoires,2024-08-30,4051
Soins post-operatoires,2023-01-16,5722
Traitement antibiotique,2023-06-16,9219
Traitement antipaludique,2024-04-21,1320
Soins post-operatoires,2024-02-01,8103
Traitement antipaludique,2023-09-19,954
Traitement diabetique,2023-12-15,1927
Traitement antipaludique,2025-12-01,1069
Consultation generale,2023-05-27,7805
Traitement diabetique,2025-01-14,4880
Consultation generale,2024-12-26,7628
Traitement antipaludique,2023-10-16,1012
Traitement antibiotique,2023-07-31,3615
Traitement antibiotique,2023-06-02,7137
Traitement antipaludique,2025-02-01,3825
Suivi hypertension,2023-04-25,9990
Traitement diabetique,2025-01-21,2379
Traitement antipaludique,2024-03-15,9426
Soins post-operatoires,2025-03-16,983
Suivi hypertension,2023-01-15,6695
Traitement antibiotique,2025-02-06,2886
Traitement diabetique,2024-08-18,8530
Consultation generale,2024-09-21,2210
Consultation generale,2025-07-25,5907
Suivi hypertension,2025-11-21,4796
Traitement antibiotique,2025-06-20,5708
Traitement antipaludique,2024-02-19,3598
Traitement diabetique,2023-05-30,8541
Soins post-operatoires,2025-12-31,7559
Traitement antibiotique,2023-03-28,994
Soins post-operatoires,2024-09-14,9262
Soins post-operatoires,2025-11-24,515
Consultation generale,2025-11-04,6775
Traitement antibiotique,2025-08-12,5765
Traitement antipaludique,2025-02-20,3986
Traitement antibiotique,2024-10-31,6153
Traitement antibiotique,2025-12-26,807
Suivi hypertension,2024-01-16,6853
Traitement antibiotique,2024-05-24,4951
Suivi hypertension,2025-10-28,3467
Suivi hypertension,2024-04-13,5441
Traitement antibiotique,2025-11-01,8654
Consultation generale,2025-10-28,7670
Suivi hypertension,2025-02-08,2085
Traitement antipaludique,2024-10-22,5722
Traitement antibiotique,2024-12-04,629
Consultation generale,2024-08-15,5328
Traitement antipaludique,2023-01-17,67
Traitement antibiotique,2023-08-18,9970
Suivi hypertension,2024-02-05,7462
Traitement antibiotique,2024-04-05,6810
Traitement antipaludique,2023-01-02,2293
Suivi hypertension,2023-11-10,2863
Traitement antipaludique,2024-12-16,5143
Consultation generale,2023-05-28,7952
Soins post-operatoires,2025-10-01,1894
Traitement diabetique,2024-05-25,286
Consultation generale,2025-02-09,7012
Soins post-operatoires,2025-04-14,6746
Suivi hypertension,2025-01-08,2626
Suivi hypertension,2023-09-30,9800
Traitement antibiotique,2024-08-20,9973
Soins post-operatoires,2025-04-10,8044
Soins post-operatoires,2024-04-23,2433
Traitement antipaludique,2025-04-14,6062
Suivi hypertension,2025-12-02,8695
Soins post-operatoires,2024-06-13,5973
Suivi hypertension,2023-08-23,9338
Traitement antibiotique,2024-03-12,5777
Traitement antibiotique,2025-08-10,3797
Soins post-operatoires,2023-02-17,1771
Traitement antibiotique,2023-03-21,9868
Suivi hypertension,2025-08-21,8639
Consultation generale,2025-08-05,2365
Suivi hypertension,2023-06-12,3549
Traitement antibiotique,2025-02-01,5360
Consultation generale,2025-08-06,1324
Traitement antibiotique,2023-07-24,6731
Traitement antipaludique,2024-08-14,678
Consultation generale,2024-11-19,29
Traitement antibiotique,2023-01-13,1866
Traitement antipaludique,2023-02-25,9336
Consultation generale,2025-02-15,5015
Suivi hypertension,2025-07-19,4540
Traitement antibiotique,2023-06-10,4322
Traitement antibiotique,2024-02-02,2623
Soins post-operatoires,2024-12-07,6791
Suivi hypertension,2024-12-04,411
Suivi hypertension,2025-10-30,9730
Traitement antibiotique,2024-04-03,9031
Consultation generale,2025-03-22,614
Soins post-operatoires,2025-08-06,3391
Suivi hypertension,2025-05-28,7745
Soins post-operatoires,2023-12-21,1040
Suivi hypertension,2023-07-15,4579
Traitement diabetique,2023-12-03,3362
Traitement diabetique,2025-10-02,2686
Soins post-operatoires,2025-06-13,222
Traitement diabetique,2024-12-10,7902
Traitement antipaludique,2025-12-11,2843
Suivi hypertension,2024-07-20,6677
Soins post-operatoires,2025-07-03,7898
Soins post-operatoires,2024-11-23,3773
Suivi hypertension,2023-03-10,1005
Traitement antipaludique,2023-03-29,1558
Traitement diabetique,2024-08-15,3023
Suivi hypertension,2025-11-09,8103
Traitement antipaludique,2024-09-21,4626
Suivi hypertension,2025-11-13,6439
Suivi hypertension,2024-03-18,6493
Suivi hypertension,2025-07-25,461
Traitement antipaludique,2025-01-05,654
Traitement antibiotique,2024-02-05,372
Consultation generale,2025-04-20,96
Traitement antipaludique,2024-10-28,5866
Traitement antibiotique,2023-12-31,6646
Traitement antibiotique,2025-11-27,6404
Traitement antipaludique,2025-02-06,6165
Traitement antipaludique,2023-02-23,9279
Soins post-operatoires,2025-09-16,4606
Traitement antipaludique,2024-03-08,8158
Suivi hypertension,2023-10-23,7229
Soins post-operatoires,2023-11-29,9122
Traitement antipaludique,2025-08-23,1289
Traitement antibiotique,2025-11-22,7820
Traitement diabetique,2025-03-14,6082
Traitement diabetique,2023-09-16,3237
Suivi hypertension,2023-01-20,6151
Traitement diabetique,2024-03-01,3369
Traitement diabetique,2023-01-11,8061
Traitement antibiotique,2023-01-01,8423
Suivi hypertension,2023-12-18,1768
Traitement diabetique,2024-12-23,779
Traitement antibiotique,2025-02-16,2831
Consultation generale,2024-09-18,1686
Consultation generale,2024-02-07,2293
Soins post-operatoires,2025-06-19,7636
Traitement antibiotique,2023-04-28,7268
Consultation generale,2025-02-21,5499
Consultation generale,2025-10-06,7703
Soins post-operatoires,2025-11-02,7529
Traitement diabetique,2023-06-12,2618
Consultation generale,2023-10-25,3825
Traitement antipaludique,2025-01-12,8367
Consultation generale,2024-08-11,7441
Traitement diabetique,2023-05-16,8277
Soins post-operatoires,2025-04-19,2262
Suivi hypertension,2024-10-27,9989
Suivi hypertension,2023-07-06,3510
Traitement antipaludique,2025-06-29,1616
Traitement antibiotique,2024-06-15,8522
Consultation generale,2024-09-11,3868
Suivi hypertension,2024-11-25,9787
Suivi hypertension,2025-08-11,7427
Traitement antibiotique,2025-08-03,3868
Traitement antipaludique,2024-09-14,3809
Consultation generale,2024-08-14,6151
Traitement antipaludique,2025-03-20,8084
Traitement diabetique,2024-12-05,5958
Traitement antibiotique,2025-05-13,2802
Traitement antibiotique,2025-02-16,980
Consultation generale,2025-06-27,714
Consultation generale,2024-09-30,4514
Traitement antibiotique,2023-04-11,360
Traitement diabetique,2023-05-14,5768
Consultation generale,2024-05-20,3280
Traitement antibiotique,2023-01-26,2230
Traitement diabetique,2024-06-16,4630
Traitement antibiotique,2025-12-03,7318
Traitement diabetique,2023-07-13,1764
Soins post-operatoires,2025-06-29,9277
Traitement antibiotique,2024-05-22,2053
Traitement diabetique,2024-12-08,1186
Soins post-operatoires,2023-10-10,4633
Consultation generale,2023-08-21,8507
Suivi hypertension,2024-06-15,5362
Soins post-operatoires,2025-01-02,7047
Traitement antibiotique,2025-06-02,6179
Traitement antipaludique,2025-08-15,4693
Traitement antipaludique,2024-07-11,8612
Soins post-operatoires,2025-05-31,6527
Soins post-operatoires,2024-03-01,1556
Traitement diabetique,2023-09-22,2062
Soins post-operatoires,2024-08-20,4442
Traitement diabetique,2024-01-01,5025
Traitement antibiotique,2023-09-18,6501
Traitement antipaludique,2023-11-28,2544
Traitement diabetique,2023-01-09,8532
Suivi hypertension,2023-08-01,5380
Traitement diabetique,2025-10-25,3509
Traitement diabetique,2025-01-16,7632
Traitement antibiotique,2024-05-19,9513
Soins post-operatoires,2024-02-03,7772
Suivi hypertension,2025-03-28,459
Consultation generale,2025-01-29,2349
Suivi hypertension,2024-07-06,6886
Soins post-operatoires,2024-01-18,1270
Traitement antibiotique,2023-07-26,7357
Consultation generale,2024-12-25,9313
Traitement antibiotique,2023-03-22,4726
Suivi hypertension,2025-03-04,1995
Traitement diabetique,2023-11-08,28
Suivi hypertension,2023-06-08,4120
Consultation generale,2024-09-23,978
Traitement antibiotique,2024-03-06,2463
Soins post-operatoires,2025-09-26,832
Traitement antibiotique,2024-08-30,3167
Suivi hypertension,2023-05-06,1042
Traitement antipaludique,2023-07-08,6740
Traitement antibiotique,2023-03-21,4171
Traitement diabetique,2023-03-18,4733
Suivi hypertension,2025-04-04,2756
Traitement antipaludique,2024-12-12,1432
Traitement diabetique,2024-05-24,319
Traitement antibiotique,2024-01-29,4022
Soins post-operatoires,2025-01-10,9717
Traitement antipaludique,2025-06-08,7201
Suivi hypertension,2024-05-20,6689
Suivi hypertension,2025-10-22,3071
Consultation generale,2023-11-13,6077
Traitement antibiotique,2023-07-01,3373
Suivi hypertension,2024-07-04,9261
Traitement antibiotique,2024-09-15,5199
Traitement antipaludique,2025-02-20,9309
Consultation generale,2023-12-11,7584
Consultation generale,2025-10-28,7818
Suivi hypertension,2024-12-16,6407
Soins post-operatoires,2023-06-24,7269
Traitement antibiotique,2023-05-09,5239
Suivi hypertension,2023-01-02,5636
Soins post-operatoires,2023-10-14,5819
Consultation generale,2023-03-15,5380
Consultation generale,2025-12-16,6574
Traitement diabetique,2024-09-30,3606
Traitement antipaludique,2023-04-10,2539
Traitement antipaludique,2023-01-22,2259
Traitement antibiotique,2025-09-20,3036
Traitement diabetique,2024-11-17,9153
Traitement diabetique,2024-06-26,7777
Soins post-operatoires,2024-05-11,3021
Traitement antibiotique,2024-01-31,1196
Soins post-operatoires,2025-01-14,4867
Consultation generale,2024-03-25,2806
Suivi hypertension,2023-03-02,4955
Soins post-operatoires,2024-06-13,2841
Traitement antipaludique,2023-06-24,9213
Suivi hypertension,2025-11-29,3594
Traitement antipaludique,2025-10-01,273
Soins post-operatoires,2024-11-27,2188
Traitement antipaludique,2025-11-28,1600
Traitement diabetique,2024-01-20,3753
Suivi hypertension,2025-08-30,3535
Traitement diabetique,2025-11-01,8919
Suivi hypertension,2023-04-28,4267
Traitement antipaludique,2024-08-26,936
Traitement antibiotique,2025-09-18,3684
Suivi hypertension,2023-12-11,2407
Traitement diabetique,2025-05-10,8485
Traitement antipaludique,2023-10-22,9949
Traitement antibiotique,2024-11-04,6570
Traitement diabetique,2024-05-01,3801
Traitement diabetique,2024-04-03,528
Traitement antipaludique,2024-02-12,3134
Suivi hypertension,2023-10-30,1413
Suivi hypertension,2024-09-03,2321
Consultation generale,2023-06-17,7374
Consultation generale,2025-04-15,5085
Soins post-operatoires,2025-12-29,7393
Soins post-operatoires,2024-03-18,7212
Traitement antipaludique,2025-12-20,1197
Traitement antibiotique,2023-04-18,9661
Traitement diabetique,2025-01-12,4095
Traitement diabetique,2025-09-30,8428
Traitement antibiotique,2024-11-20,2319
Consultation generale,2024-01-31,2353
Traitement diabetique,2024-05-03,5709
Consultation generale,2023-12-28,5983
Traitement diabetique,2025-03-19,9443
Consultation generale,2024-07-22,1172
Traitement diabetique,2023-12-13,3994
Suivi hypertension,2024-08-07,8811
Traitement antibiotique,2023-06-01,1056
Suivi hypertension,2023-10-11,3809
Soins post-operatoires,2023-08-15,6249
Suivi hypertension,2025-06-07,2744
Traitement antibiotique,2023-03-17,2057
Soins post-operatoires,2023-11-10,873
Traitement antibiotique,2025-07-22,1810
Suivi hypertension,2023-03-04,1383
Traitement diabetique,2023-04-23,5593
Consultation generale,2024-07-24,8270
Traitement antipaludique,2023-07-25,9494
Consultation generale,2023-10-05,3262
Consultation generale,2024-06-13,745
Traitement antipaludique,2025-11-26,6060
Traitement diabetique,2024-11-15,5108
Traitement antibiotique,2024-07-26,4380
Consultation generale,2024-03-14,7552
Soins post-operatoires,2025-03-27,7003
Traitement antibiotique,2023-05-29,1711
Consultation generale,2023-05-11,1988
Traitement antibiotique,2024-02-09,1186
Traitement diabetique,2025-04-05,7549
Consultation generale,2025-02-23,1621
Traitement diabetique,2024-03-16,7790
Consultation generale,2025-03-24,1519
Traitement antibiotique,2023-02-02,5037
Suivi hypertension,2023-12-15,313
Traitement diabetique,2024-12-29,6628
Soins post-operatoires,2023-02-23,1013
Traitement antibiotique,2023-08-18,8340
Traitement diabetique,2024-03-15,795
Consultation generale,2024-04-05,5542
Soins post-operatoires,2025-10-14,1662
Consultation generale,2025-12-02,9307
Traitement antibiotique,2025-11-25,4191
Suivi hypertension,2023-12-20,7563
Traitement diabetique,2025-04-10,9286
Traitement antibiotique,2024-11-01,1542
Traitement diabetique,2023-07-01,4599
Traitement antibiotique,2024-09-05,655
Traitement antipaludique,2024-12-15,687
Consultation generale,2023-02-05,7436
Traitement diabetique,2023-03-12,4267
Soins post-operatoires,2024-06-09,2747
Traitement diabetique,2024-12-22,5638
Traitement diabetique,2023-01-17,5078
Soins post-operatoires,2024-06-06,2943
Suivi hypertension,2024-01-06,1851
Traitement antipaludique,2025-04-03,1196
Traitement antibiotique,2023-06-07,6814
Soins post-operatoires,2024-11-28,2972
Soins post-operatoires,2025-03-22,4023
Soins post-operatoires,2025-11-25,8470
Suivi hypertension,2023-04-13,6009
Traitement diabetique,2025-08-25,7159
Traitement antipaludique,2023-02-12,5024
Consultation generale,2023-09-25,9112
Traitement antibiotique,2024-01-26,2590
Soins post-operatoires,2023-07-15,921
Traitement diabetique,2025-11-12,5985
Traitement antibiotique,2024-10-11,6838
Consultation generale,2023-03-12,9012
Consultation generale,2024-12-07,5012
Traitement antibiotique,2024-03-07,5741
Traitement antibiotique,2025-09-30,4672
Traitement antibiotique,2025-04-09,2816
Soins post-operatoires,2023-04-09,9494
Traitement antipaludique,2024-11-20,8160
Consultation generale,2023-04-09,7410
Traitement diabetique,2025-02-05,9707
Traitement antipaludique,2025-06-18,2133
Soins post-operatoires,2024-02-17,6888
Traitement diabetique,2025-04-03,349
Soins post-operatoires,2024-08-23,5706
Consultation generale,2024-03-26,4099
Soins post-operatoires,2023-05-14,1816
Suivi hypertension,2025-03-27,7765
Consultation generale,2025-01-03,5480
Soins post-operatoires,2024-10-31,8249
Suivi hypertension,2023-04-15,4355
Traitement diabetique,2025-06-16,9704
Traitement antibiotique,2025-11-24,1804
Consultation generale,2023-02-20,2043
Traitement diabetique,2024-08-25,1232
Traitement antipaludique,2024-08-16,4838
Traitement antibiotique,2024-01-22,5360
Traitement diabetique,2024-09-08,7124
Consultation generale,2024-03-21,8851
Traitement antipaludique,2023-05-09,4644
Traitement antibiotique,2024-03-05,8889
Traitement diabetique,2024-10-29,2621
Traitement antibiotique,2025-07-16,9656
Traitement diabetique,2025-04-20,2937
Soins post-operatoires,2025-12-17,7415
Traitement antibiotique,2024-08-31,5955
Consultation generale,2023-08-13,3000
Suivi hypertension,2025-12-27,6628
Traitement diabetique,2024-11-23,6784
Suivi hypertension,2025-08-17,8742
Traitement diabetique,2024-07-05,357
Traitement antibiotique,2024-01-06,7785
Suivi hypertension,2025-07-10,6048
Suivi hypertension,2025-09-06,2734
Traitement antibiotique,2023-08-21,4720
Traitement diabetique,2023-11-08,7326
Suivi hypertension,2023-04-22,2145
Traitement diabetique,2023-03-07,9242
Consultation generale,2023-04-30,8853
Suivi hypertension,2023-01-10,7185
Traitement diabetique,2023-01-28,4981
Traitement antipaludique,2024-04-07,3108
Traitement antipaludique,2025-06-25,3615
Soins post-operatoires,2025-03-13,8667
Soins post-operatoires,2023-07-28,1804
Traitement diabetique,2023-08-29,7784
Suivi hypertension,2024-12-25,1951
Soins post-operatoires,2024-11-05,7148
Soins post-operatoires,2025-07-19,3179
Traitement antipaludique,2024-04-27,5850
Soins post-operatoires,2023-06-30,7704
Suivi hypertension,2023-01-23,7173
Traitement antipaludique,2023-12-28,3366
Consultation generale,2025-08-02,1133
Soins post-operatoires,2023-02-12,6034
Soins post-operatoires,2023-04-02,2839
Traitement antibiotique,2024-11-18,4460
Consultation generale,2024-08-17,5824
Traitement diabetique,2025-12-21,4455
Suivi hypertension,2023-02-26,9752
Traitement diabetique,2024-06-18,8035
Soins post-operatoires,2024-02-14,7948
Traitement antibiotique,2023-10-06,1590
Traitement antibiotique,2024-03-29,682
Traitement antibiotique,2023-01-25,1174
Consultation generale,2025-11-22,3696
Soins post-operatoires,2024-10-12,13
Soins post-operatoires,2025-11-22,5834
Suivi hypertension,2023-06-18,381
Consultation generale,2024-12-13,9908
Traitement antibiotique,2023-10-02,1593
Suivi hypertension,2023-03-10,5597
Traitement antipaludique,2025-01-28,1303
Soins post-operatoires,2025-04-27,696
Traitement antipaludique,2025-01-02,6085
Traitement antibiotique,2024-09-28,5112
Traitement antipaludique,2023-03-12,8791
Soins post-operatoires,2024-03-22,5051
Consultation generale,2025-08-13,1572
Traitement diabetique,2025-05-27,5425
Traitement antibiotique,2025-11-08,7294
Suivi hypertension,2023-10-25,2866
Traitement antipaludique,2023-12-05,9549
Soins post-operatoires,2025-03-13,2451
Consultation generale,2024-07-29,2675
Traitement antipaludique,2024-11-25,6707
Consultation generale,2025-10-26,4382
Traitement diabetique,2023-03-06,2415
Consultation generale,2023-01-14,603
Soins post-operatoires,2025-01-02,8638
Soins post-operatoires,2025-03-13,350
Soins post-operatoires,2024-08-07,9446
Suivi hypertension,2024-04-02,5881
Suivi hypertension,2023-09-11,2817
Consultation generale,2023-04-20,8789
Consultation generale,2023-03-03,7971
Suivi hypertension,2024-02-01,7974
Soins post-operatoires,2025-03-12,6996
Traitement antibiotique,2024-04-20,1427
Suivi hypertension,2023-04-30,7666
Traitement diabetique,2023-03-12,9810
Suivi hypertension,2024-09-04,9474
Consultation generale,2024-11-26,8482
Consultation generale,2023-12-07,2031
Traitement antibiotique,2023-12-02,2826
Traitement antibiotique,2023-09-08,8220
Consultation generale,2024-11-28,5278
Traitement diabetique,2025-11-08,2993
Soins post-operatoires,2025-10-13,210
Traitement antipaludique,2024-09-05,298
Traitement antibiotique,2025-08-01,7878
Soins post-operatoires,2024-04-07,9549
Consultation generale,2023-12-19,9666
Traitement antibiotique,2024-06-08,1725
Soins post-operatoires,2023-10-12,1389
Consultation generale,2025-12-29,6816
Consultation generale,2023-06-12,9185
Traitement antibiotique,2025-07-23,125
Traitement diabetique,2023-06-17,9353
Traitement antibiotique,2024-07-15,1105
Consultation generale,2023-04-15,7470
Consultation generale,2023-09-01,6430
Traitement diabetique,2025-11-12,8824
Traitement antibiotique,2024-05-03,1672
Traitement diabetique,2023-07-03,4182
Soins post-operatoires,2023-02-14,730
Soins post-operatoires,2024-04-27,4061
Consultation generale,2025-06-13,4189
Traitement antipaludique,2023-10-26,2838
Traitement diabetique,2024-07-18,8507
Soins post-operatoires,2025-06-27,9069
Traitement antipaludique,2024-06-05,3717
Consultation generale,2025-02-24,6958
Traitement antipaludique,2023-10-23,9509
Soins post-operatoires,2024-08-17,2062
Traitement diabetique,2025-10-30,5829
Suivi hypertension,2025-03-05,8303
Suivi hypertension,2023-05-21,5806
Consultation generale,2023-04-07,5371
Traitement diabetique,2024-09-26,5132
Soins post-operatoires,2024-03-18,6055
Traitement diabetique,2023-08-01,2258
Suivi hypertension,2024-11-10,5744
Suivi hypertension,2025-02-09,13
Traitement antipaludique,2024-08-24,4626
Soins post-operatoires,2025-11-13,4562
Soins post-operatoires,2024-10-28,5456
Consultation generale,2024-05-29,963
Traitement antipaludique,2024-09-26,7806
Suivi hypertension,2023-03-11,4627
Suivi hypertension,2025-06-27,786
Traitement diabetique,2025-11-22,1008
Traitement antipaludique,2025-12-15,4159
Traitement diabetique,2024-08-27,3100
Traitement diabetique,2023-04-05,6408
Suivi hypertension,2024-07-21,6140
Suivi hypertension,2024-02-01,3736
Consultation generale,2025-04-21,455
Traitement antibiotique,2024-05-19,7548
Traitement antipaludique,2024-03-25,5155
Traitement antibiotique,2025-01-04,188
Soins post-operatoires,2025-01-22,2911
Traitement diabetique,2025-03-31,3985
Traitement antibiotique,2024-06-06,299
Traitement antibiotique,2023-05-15,4850
Soins post-operatoires,2024-09-25,3512
Traitement antibiotique,2025-09-30,5728
Consultation generale,2025-07-17,4507
Soins post-operatoires,2023-08-30,8541
Traitement antipaludique,2025-03-20,8477
Soins post-operatoires,2023-10-15,6519
Traitement diabetique,2024-04-25,6478
Traitement diabetique,2023-05-27,4172
Suivi hypertension,2023-07-03,8808
Traitement antipaludique,2023-10-11,2323
Traitement antibiotique,2025-10-06,1667
Consultation generale,2024-10-25,9280
Traitement diabetique,2023-03-04,9981
Traitement diabetique,2025-11-11,2361
Traitement diabetique,2025-03-20,6589
Consultation generale,2024-01-30,61
Suivi hypertension,2025-05-11,9385
Traitement diabetique,2023-07-04,4563
Traitement diabetique,2023-12-23,1334
Traitement antibiotique,2024-03-17,4676
Consultation generale,2023-06-08,9616
Consultation generale,2025-01-17,7954
Traitement antipaludique,2025-12-12,6257
Suivi hypertension,2024-12-06,2466
Traitement antibiotique,2025-05-11,8466
Traitement antibiotique,2025-11-08,3921
Traitement antipaludique,2023-09-18,5395
Soins post-operatoires,2023-04-23,8517
Consultation generale,2023-12-12,9631
Soins post-operatoires,2023-07-09,9652
Suivi hypertension,2024-08-05,3546
Consultation generale,2023-07-15,2318
Traitement antibiotique,2024-09-07,4005
Traitement diabetique,2025-02-23,4091
Soins post-operatoires,2025-12-10,7412
Traitement antipaludique,2023-12-17,5045
Traitement diabetique,2025-10-10,5145
Traitement diabetique,2023-05-03,4244
Suivi hypertension,2024-04-25,7878
Traitement antibiotique,2024-10-13,5552
Traitement antibiotique,2023-05-22,6229
Traitement diabetique,2025-02-08,6305
Traitement antipaludique,2023-02-09,1360
Traitement diabetique,2024-01-16,9952
Traitement antibiotique,2024-03-23,1034
Traitement diabetique,2023-07-18,8836
Consultation generale,2024-01-02,1401
Traitement antibiotique,2023-09-25,1281
Traitement diabetique,2024-09-30,1854
Soins post-operatoires,2024-11-17,4067
Consultation generale,2023-03-10,9045
Traitement antipaludique,2025-09-27,4808
Soins post-operatoires,2023-05-04,2726
Consultation generale,2025-11-17,3218
Traitement antibiotique,2024-08-04,3503
Traitement diabetique,2025-11-24,9233
Suivi hypertension,2025-07-21,9943
Traitement antipaludique,2023-07-14,1613
Suivi hypertension,2024-04-29,9359
Traitement antipaludique,2024-08-28,6262
Traitement antibiotique,2024-01-13,5533
Traitement antipaludique,2025-01-30,5696
Traitement antibiotique,2025-02-14,9142
Traitement diabetique,2023-08-01,3538
Traitement antipaludique,2024-04-21,2430
Soins post-operatoires,2025-04-18,3707
Traitement diabetique,2024-12-05,2600
Traitement antibiotique,2025-10-08,4698
Suivi hypertension,2025-05-08,3985
Traitement antibiotique,2023-09-20,9040
Traitement antipaludique,2025-08-04,2242
Consultation generale,2025-01-23,8528
Suivi hypertension,2023-02-07,897
Soins post-operatoires,2023-04-18,3207
Traitement antibiotique,2023-04-30,7884
Traitement antibiotique,2023-10-05,6255
Traitement antibiotique,2024-10-28,3302
Suivi hypertension,2025-10-21,7707
Traitement antibiotique,2025-09-18,9747
Traitement diabetique,2024-12-27,7222
Suivi hypertension,2024-11-09,1239
Traitement antibiotique,2025-04-09,2363
Soins post-operatoires,2024-12-28,4016
Traitement antibiotique,2025-08-18,421
Soins post-operatoires,2024-06-22,2084
Traitement antipaludique,2025-06-21,4452
Consultation generale,2025-04-19,6739
Soins post-operatoires,2025-12-24,3231
Traitement antipaludique,2025-12-19,6103
Suivi hypertension,2025-01-07,655
Traitement diabetique,2024-02-17,2210
Traitement antibiotique,2025-01-03,5160
Suivi hypertension,2023-03-18,6147
Traitement antipaludique,2024-10-18,9054
Traitement antibiotique,2024-05-07,6098
Traitement antibiotique,2024-08-07,8313
Traitement antibiotique,2023-01-29,4762
Suivi hypertension,2025-05-13,9573
Consultation generale,2024-09-30,3919
Traitement diabetique,2025-09-21,9705
Traitement antipaludique,2025-07-23,7744
Traitement antipaludique,2024-09-11,8811
Soins post-operatoires,2024-10-28,1925
Consultation generale,2023-03-13,7201
Suivi hypertension,2024-09-30,1808
Consultation generale,2024-02-17,1069
Consultation generale,2024-11-24,7352
Traitement antipaludique,2024-08-26,5837
Suivi hypertension,2023-01-19,1048
Consultation generale,2024-06-08,905
Traitement diabetique,2024-10-07,8988
Consultation generale,2023-05-09,6323
Suivi hypertension,2024-01-03,3214
Traitement diabetique,2025-02-06,6149
Traitement antipaludique,2025-06-02,169
Traitement diabetique,2023-07-01,9876
Traitement antipaludique,2023-09-05,2787
Traitement antipaludique,2025-07-24,6913
Traitement antibiotique,2025-03-31,2113
Soins post-operatoires,2024-02-04,4476
Traitement antipaludique,2023-04-28,5072
Soins post-operatoires,2023-05-14,2230
Traitement diabetique,2024-06-07,5688
Soins post-operatoires,2025-05-30,1883
Traitement diabetique,2024-10-04,1949
Traitement antibiotique,2024-09-11,2291
Traitement antibiotique,2025-04-18,373
Soins post-operatoires,2025-06-01,1372
Traitement antibiotique,2023-04-25,6682
Traitement antipaludique,2024-03-26,4679
Suivi hypertension,2023-10-12,1918
Traitement diabetique,2024-03-25,4687
Consultation generale,2023-11-28,6912
Soins post-operatoires,2023-05-19,93
Consultation generale,2023-03-13,4521
Consultation generale,2023-10-29,7800
Traitement diabetique,2023-09-26,3626
Traitement antibiotique,2024-04-21,9076
Suivi hypertension,2023-12-27,616
Soins post-operatoires,2024-11-26,3536
Suivi hypertension,2025-01-18,6775
Consultation generale,2023-08-17,7126
Traitement antibiotique,2025-08-14,6678
Suivi hypertension,2023-01-15,4626
Soins post-operatoires,2023-07-20,7055
Soins post-operatoires,2024-03-25,8349
Traitement diabetique,2025-03-31,4408
Traitement antibiotique,2025-01-09,6927
Consultation generale,2023-01-29,1573
Consultation generale,2025-12-26,9385
Traitement antibiotique,2024-04-12,2645
Traitement antibiotique,2024-09-24,2381
Traitement antibiotique,2023-06-11,6692
Traitement diabetique,2025-08-21,2776
Traitement antipaludique,2023-04-11,7339
Traitement antibiotique,2024-06-01,2962
Traitement antibiotique,2024-09-12,4597
Consultation generale,2023-05-20,5193
Traitement diabetique,2025-07-07,7540
Traitement antibiotique,2023-04-29,8529
Soins post-operatoires,2025-12-29,3573
Consultation generale,2023-06-28,4379
Suivi hypertension,2025-08-25,7024
Soins post-operatoires,2023-05-30,3420
Traitement diabetique,2025-01-07,9694
Consultation generale,2023-05-21,9938
Traitement diabetique,2023-10-06,4206
Traitement antipaludique,2024-01-30,3275
Traitement diabetique,2024-03-30,8647
Traitement antibiotique,2023-07-05,6551
Traitement antibiotique,2025-01-02,4200
Soins post-operatoires,2023-09-03,789
Consultation generale,2024-08-31,6648
Suivi hypertension,2025-07-09,3973
Traitement diabetique,2023-11-02,1800
Traitement antibiotique,2024-10-04,7792
Consultation generale,2025-01-18,9612
Traitement antibiotique,2025-05-14,7074
Soins post-operatoires,2024-08-22,6564
Traitement antipaludique,2025-12-19,2964
Traitement antipaludique,2024-08-24,2396
Traitement antibiotique,2023-11-30,3179
Suivi hypertension,2025-04-04,6389
Consultation generale,2025-08-13,17
Traitement antipaludique,2024-02-17,6943
Suivi hypertension,2025-12-21,4618
Soins post-operatoires,2024-02-16,4752
Suivi hypertension,2024-05-13,6956
Suivi hypertension,2025-03-20,9443
Suivi hypertension,2025-05-09,7753
Consultation generale,2025-04-28,7667
Suivi hypertension,2024-10-18,5793
Traitement diabetique,2025-06-21,1136
Suivi hypertension,2025-02-20,4233
Soins post-operatoires,2025-04-09,9848
Soins post-operatoires,2023-05-24,3888
Traitement diabetique,2025-01-28,1064
Consultation generale,2023-02-17,1696
Suivi hypertension,2024-10-10,8890
Suivi hypertension,2024-12-26,6385
Traitement diabetique,2023-03-11,6500
Traitement antibiotique,2023-08-31,8283
Traitement diabetique,2024-10-31,7226
Soins post-operatoires,2023-11-30,7541
Soins post-operatoires,2025-06-04,2886
Traitement antipaludique,2025-05-19,2517
Consultation generale,2023-03-26,33
Traitement antipaludique,2023-06-20,5579
Traitement diabetique,2023-07-30,9000
Traitement diabetique,2023-10-15,3614
Suivi hypertension,2023-02-26,1886
Suivi hypertension,2025-10-25,1879
Soins post-operatoires,2024-01-26,7224
Traitement diabetique,2023-03-11,4326
Traitement antibiotique,2024-06-04,3221
Traitement antipaludique,2025-04-14,7653
Traitement antibiotique,2024-08-17,8722
Suivi hypertension,2024-06-29,3788
Traitement antipaludique,2025-08-08,67
Traitement antibiotique,2025-04-01,7067
Traitement antipaludique,2024-07-17,2532
Traitement antipaludique,2023-05-23,6656
Consultation generale,2023-10-15,9708
Traitement antibiotique,2023-11-17,8287
Consultation generale,2024-08-23,7745
Suivi hypertension,2025-04-29,1994
Consultation generale,2025-08-01,63
Soins post-operatoires,2023-10-03,4564
Traitement diabetique,2025-10-22,9922
Consultation generale,2023-09-29,5227
Traitement antibiotique,2023-05-28,1136
Traitement diabetique,2024-11-12,8095
Traitement antipaludique,2025-06-19,5838
Traitement diabetique,2023-06-24,7829
Consultation generale,2025-11-01,6688
Suivi hypertension,2023-07-31,9489
Traitement antipaludique,2023-10-25,9476
Traitement diabetique,2023-07-25,6754
Consultation generale,2023-05-21,8274
Traitement antipaludique,2023-06-18,1870
Soins post-operatoires,2023-07-16,5129
Traitement diabetique,2023-07-15,272
Suivi hypertension,2023-12-18,2294
Traitement diabetique,2024-09-22,3251
Soins post-operatoires,2023-05-29,5167
Traitement antibiotique,2023-11-04,4436
Suivi hypertension,2025-01-01,3472
Traitement antibiotique,2024-08-02,1744
Consultation generale,2024-03-05,1437
Traitement antipaludique,2023-01-04,9312
Soins post-operatoires,2025-12-18,908
Soins post-operatoires,2024-08-17,4008
Traitement antibiotique,2025-05-09,2926
Consultation generale,2024-10-02,4410
Suivi hypertension,2024-03-06,894
Traitement antibiotique,2023-08-04,8787
Traitement diabetique,2024-07-20,7143
Traitement antipaludique,2025-06-23,9888
Suivi hypertension,2025-01-30,5552
Soins post-operatoires,2025-01-12,5225
Traitement diabetique,2025-05-09,3488
Traitement diabetique,2025-05-27,1796
Suivi hypertension,2023-03-19,6924
Traitement diabetique,2024-06-08,6470
Traitement diabetique,2023-03-26,9354
Traitement diabetique,2023-04-13,6904
Traitement antipaludique,2024-12-10,4456
Consultation generale,2024-02-26,1542
Suivi hypertension,2025-11-07,1566
Suivi hypertension,2024-06-24,2512
Traitement antibiotique,2023-08-25,5113
Suivi hypertension,2023-10-14,4444
Traitement antibiotique,2025-12-08,4904
Suivi hypertension,2025-04-27,7798
Soins post-operatoires,2025-01-15,3527
Soins post-operatoires,2025-04-14,652
Suivi hypertension,2023-04-01,5000
Suivi hypertension,2023-12-28,6081
Traitement antibiotique,2025-12-17,9398
Traitement diabetique,2023-11-04,5313
Consultation generale,2023-02-05,6493
Consultation generale,2023-03-22,1726
Suivi hypertension,2025-10-15,4522
Traitement antibiotique,2023-04-23,4210
Traitement diabetique,2023-05-25,3783
Suivi hypertension,2025-05-13,8824
Soins post-operatoires,2023-04-08,3872
Suivi hypertension,2025-03-31,1124
Traitement antipaludique,2025-10-10,4800
Traitement diabetique,2025-05-01,4023
Suivi hypertension,2025-06-25,4822
Consultation generale,2025-05-04,9061
Suivi hypertension,2025-02-01,7422
Soins post-operatoires,2025-12-09,8971
Consultation generale,2024-01-05,8386
Traitement antibiotique,2025-11-22,3620
Soins post-operatoires,2024-05-02,7387
Consultation generale,2023-07-13,8291
Consultation generale,2023-02-23,1955
Consultation generale,2023-10-23,1018
Traitement antibiotique,2024-07-12,8956
Consultation generale,2024-05-05,5548
Traitement diabetique,2025-04-06,7211
Consultation generale,2023-05-24,6303
Soins post-operatoires,2023-02-27,5049
Consultation generale,2024-09-01,9809
Consultation generale,2025-07-22,4378
Soins post-operatoires,2025-09-18,1388
Traitement diabetique,2023-12-25,8717
Traitement antibiotique,2024-06-15,9970
Soins post-operatoires,2023-10-14,2241
Traitement antipaludique,2025-12-29,6068
Consultation generale,2023-09-17,1608
Consultation generale,2023-12-03,7508
Consultation generale,2025-01-04,3415
Consultation generale,2024-04-26,3764
Consultation generale,2025-03-25,7185
Soins post-operatoires,2023-12-18,231
Consultation generale,2025-09-23,6783
Consultation generale,2025-05-29,6056
Traitement diabetique,2023-08-13,5701
Suivi hypertension,2025-01-31,305
Suivi hypertension,2023-12-21,2171
Traitement diabetique,2023-05-31,6561
Soins post-operatoires,2024-12-18,161
Consultation generale,2023-10-02,8204
Soins post-operatoires,2024-07-20,9651
Traitement antibiotique,2025-10-05,4060
Traitement antibiotique,2024-05-05,9666
Traitement diabetique,2024-06-19,2399
Traitement diabetique,2025-12-04,244
Traitement antipaludique,2025-04-04,1245
Soins post-operatoires,2023-04-18,4612
Traitement antibiotique,2024-09-02,9387
Traitement antipaludique,2024-07-26,2559
Suivi hypertension,2024-05-21,6547
Traitement diabetique,2023-01-14,8922
Consultation generale,2024-05-01,2086
Traitement diabetique,2025-01-17,2179
Soins post-operatoires,2023-10-25,3634
Traitement antibiotique,2025-12-20,7893
Traitement antibiotique,2023-06-16,3703
Consultation generale,2025-08-05,5634
Consultation generale,2023-04-03,1056
Soins post-operatoires,2024-10-25,6070
Traitement diabetique,2024-03-23,9580
Consultation generale,2023-05-05,1585
Traitement antipaludique,2023-01-06,5001
Soins post-operatoires,2025-06-29,7962
Traitement antibiotique,2025-03-09,4877
Soins post-operatoires,2024-03-30,5177
Consultation generale,2024-07-03,9589
Traitement antibiotique,2024-07-01,8168
Traitement diabetique,2025-04-26,726
Consultation generale,2023-11-02,9574
Traitement antipaludique,2024-03-09,7173
Traitement diabetique,2023-10-06,4152
Consultation generale,2023-06-25,8334
Suivi hypertension,2023-10-02,1397
Traitement antipaludique,2025-06-21,1664
Consultation generale,2024-10-21,5717
Traitement antipaludique,2025-07-31,974
Traitement antibiotique,2024-10-13,5798
Traitement diabetique,2023-02-24,1391
Traitement antibiotique,2024-06-21,5014
Consultation generale,2025-10-20,5809
Soins post-operatoires,2025-11-06,2938
Suivi hypertension,2023-11-12,9983
Traitement diabetique,2024-01-27,1926
Traitement diabetique,2024-03-25,754
Traitement antibiotique,2023-07-10,2443
Traitement antibiotique,2023-03-09,6754
Suivi hypertension,2023-07-03,4176
Traitement antipaludique,2025-09-08,9694
Consultation generale,2025-06-04,7619
Traitement antibiotique,2024-07-24,3409
Traitement diabetique,2023-04-21,1902
Traitement antibiotique,2024-01-21,886
Traitement antipaludique,2023-11-20,4396
Suivi hypertension,2023-07-15,4849
Traitement diabetique,2023-07-02,5695
Traitement diabetique,2025-09-26,1364
Traitement diabetique,2025-02-05,8308
Suivi hypertension,2025-03-11,9583
Soins post-operatoires,2024-02-19,5504
Soins post-operatoires,2025-08-05,8778
Traitement diabetique,2024-12-12,5809
Traitement antibiotique,2023-06-23,9249
Traitement diabetique,2023-05-30,8590
Suivi hypertension,2023-11-15,2671
Consultation generale,2023-06-28,2136
Traitement diabetique,2023-07-18,9766
Traitement antipaludique,2025-11-26,6408
Traitement antipaludique,2025-03-01,6204
Suivi hypertension,2023-12-17,1153
Consultation generale,2024-04-13,3799
Consultation generale,2025-07-30,9141
Soins post-operatoires,2023-12-13,9665
Traitement diabetique,2024-03-16,79
Consultation generale,2024-03-29,319
Suivi hypertension,2025-12-17,6896
Consultation generale,2023-04-15,4270
Traitement antibiotique,2023-05-05,7333
Suivi hypertension,2025-02-25,9101
Suivi hypertension,2024-08-08,1493
Consultation generale,2023-08-19,7475
Traitement antipaludique,2024-11-27,7079
Consultation generale,2025-11-08,5783
Traitement diabetique,2023-08-13,1274
Traitement diabetique,2024-07-14,3525
Soins post-operatoires,2024-12-27,6685
Consultation generale,2023-03-28,1680
Traitement diabetique,2024-07-17,3342
Suivi hypertension,2023-07-15,2287
Traitement diabetique,2024-03-15,776
Traitement diabetique,2023-05-29,7474
Consultation generale,2023-07-03,2994
Consultation generale,2025-05-11,6337
Suivi hypertension,2024-10-29,5453
Consultation generale,2025-03-28,5549
Traitement antibiotique,2024-04-28,2382
Suivi hypertension,2024-09-30,6009
Traitement antipaludique,2025-09-26,9489
Traitement antibiotique,2023-08-17,1314
Consultation generale,2025-12-10,7577
Soins post-operatoires,2024-12-07,598
Traitement antibiotique,2025-09-29,9927
Soins post-operatoires,2024-08-29,317
Traitement antipaludique,2024-11-07,5127
Soins post-operatoires,2023-07-06,4209
Traitement antipaludique,2025-08-07,706
Traitement antibiotique,2023-09-10,1438
Soins post-operatoires,2025-09-24,5539
Traitement diabetique,2023-10-21,9328
Consultation generale,2024-01-16,5399
Soins post-operatoires,2024-03-18,5416
Traitement diabetique,2023-07-23,1986
Traitement diabetique,2025-09-30,472
Traitement antipaludique,2023-04-29,9609
Soins post-operatoires,2024-03-28,6126
Suivi hypertension,2024-01-25,2959
Traitement antipaludique,2023-02-20,4187
Traitement diabetique,2024-12-24,4981
Consultation generale,2024-07-18,2691
Suivi hypertension,2025-04-02,583
Traitement diabetique,2023-05-01,5660
Traitement antibiotique,2023-05-19,4069
Traitement antibiotique,2024-12-04,1669
Traitement diabetique,2024-03-17,1283
Soins post-operatoires,2024-10-03,3207
Traitement diabetique,2024-08-06,8489
Suivi hypertension,2025-06-30,3216
Soins post-operatoires,2023-01-26,4786
Traitement antibiotique,2024-06-20,4165
Suivi hypertension,2024-07-30,4131
Suivi hypertension,2025-06-22,2873
Soins post-operatoires,2024-01-10,7677
Traitement antibiotique,2023-02-26,9300
Soins post-operatoires,2023-02-05,6161
Traitement diabetique,2025-01-15,7747
Soins post-operatoires,2025-10-04,9229
Traitement antibiotique,2023-05-17,2313
Traitement diabetique,2024-03-01,2198
Traitement antibiotique,2024-07-01,5084
Traitement antipaludique,2024-10-09,3035
Traitement antibiotique,2023-09-21,6069
Traitement diabetique,2023-04-15,4148
Traitement antibiotique,2024-08-13,9334
Traitement antibiotique,2024-11-29,8080
Traitement antibiotique,2024-12-22,4716
Traitement antibiotique,2023-07-05,9092
Traitement antipaludique,2024-05-10,1034
Consultation generale,2024-05-05,5608
Suivi hypertension,2023-04-12,9929
Consultation generale,2023-11-26,9535
Traitement antipaludique,2025-12-30,583
Traitement antipaludique,2024-05-31,4906
Consultation generale,2023-08-10,5514
Consultation generale,2025-02-08,2661
Traitement antipaludique,2024-01-24,7552
Traitement diabetique,2024-11-07,7821
Traitement antipaludique,2025-03-29,4086
Traitement antipaludique,2023-02-01,1322
Soins post-operatoires,2024-08-15,6315
Suivi hypertension,2024-04-22,2231
Soins post-operatoires,2023-07-18,1948
Traitement antibiotique,2023-06-15,727
Consultation generale,2024-06-28,9489
Traitement antipaludique,2023-06-11,6284
Consultation generale,2023-07-15,3942
Suivi hypertension,2024-05-12,6746
Traitement diabetique,2023-05-31,6471
Traitement antipaludique,2024-03-31,5101
Soins post-operatoires,2024-05-02,288
Traitement diabetique,2024-10-20,6243
Traitement antibiotique,2023-09-19,4097
Traitement antibiotique,2024-01-09,828
Soins post-operatoires,2023-05-08,703
Consultation generale,2024-04-16,1929
Traitement antibiotique,2024-02-15,1640
Suivi hypertension,2025-02-27,4279
Suivi hypertension,2023-08-29,6746
Traitement antibiotique,2023-06-08,9877
Consultation generale,2025-08-14,6533
Traitement diabetique,2023-06-06,9404
Consultation generale,2023-06-25,5905
Consultation generale,2023-02-08,6997
Traitement diabetique,2024-04-19,7551
Soins post-operatoires,2023-05-11,1267
Consultation generale,2025-07-11,4902
Traitement antipaludique,2023-06-25,362
Soins post-operatoires,2024-06-11,3853
Traitement diabetique,2023-12-24,9143
Suivi hypertension,2023-02-06,8564
Soins post-operatoires,2024-09-06,6420
Consultation generale,2024-08-06,6114
Soins post-operatoires,2024-04-25,2031
Traitement antibiotique,2023-03-23,1718
Traitement antipaludique,2023-06-10,7356
Soins post-operatoires,2025-12-24,3741
Traitement diabetique,2025-02-21,6229
Traitement antibiotique,2024-10-21,9817
Suivi hypertension,2024-10-03,163
Soins post-operatoires,2024-09-13,3974
Suivi hypertension,2025-06-30,976
Traitement antipaludique,2024-10-13,7409
Suivi hypertension,2024-02-27,6322
Suivi hypertension,2023-04-06,5447
Traitement diabetique,2025-12-09,4864
Traitement diabetique,2025-02-03,1303
Traitement diabetique,2025-01-22,9691
Soins post-operatoires,2025-11-17,3674
Traitement diabetique,2024-10-29,1592
Consultation generale,2025-09-20,2434
Traitement antibiotique,2025-02-06,3178
Traitement antipaludique,2023-11-13,5904
Suivi hypertension,2023-10-03,5579
Suivi hypertension,2024-05-04,188
Soins post-operatoires,2025-05-24,9442
Traitement antipaludique,2025-04-09,6782
Traitement antipaludique,2025-02-06,978
Consultation generale,2025-11-05,6509
Consultation generale,2025-12-01,8643
Traitement antipaludique,2025-12-28,9456
Soins post-operatoires,2025-03-09,8299
Traitement diabetique,2025-08-05,8882
Traitement antibiotique,2023-03-14,6557
Consultation generale,2023-02-18,3335
Soins post-operatoires,2024-06-08,7306
Consultation generale,2023-01-11,1805
Suivi hypertension,2025-05-27,2003
Consultation generale,2025-12-08,8308
Soins post-operatoires,2025-11-16,8855
Traitement diabetique,2023-10-30,9726
Traitement antibiotique,2025-12-31,4785
Traitement antipaludique,2023-05-20,3030
Consultation generale,2024-12-04,6631
Suivi hypertension,2024-07-29,6858
Suivi hypertension,2025-07-13,8891
Traitement antipaludique,2023-07-20,8767
Consultation generale,2024-07-16,4641
Traitement antibiotique,2024-09-28,7386
Traitement diabetique,2024-04-18,6782
Soins post-operatoires,2024-09-16,517
Soins post-operatoires,2024-07-21,7451
Suivi hypertension,2023-07-13,6464
Traitement antipaludique,2023-07-18,8334
Traitement diabetique,2024-06-29,1016
Suivi hypertension,2025-12-28,2078
Soins post-operatoires,2023-05-03,7146
Traitement antipaludique,2024-11-20,2580
Traitement diabetique,2023-06-26,1456
Traitement diabetique,2023-07-07,2765
Soins post-operatoires,2023-03-01,1769
Traitement antipaludique,2023-04-15,5583
Traitement antipaludique,2023-07-19,191
Soins post-operatoires,2023-02-09,9753
Traitement antipaludique,2025-09-24,8380
Traitement antibiotique,2023-06-21,4762
Soins post-operatoires,2025-05-03,6241
Traitement antibiotique,2025-01-22,8392
Soins post-operatoires,2024-05-23,6965
Suivi hypertension,2024-06-26,3764
Traitement diabetique,2024-05-12,8906
Traitement diabetique,2025-05-09,7244
Consultation generale,2024-03-05,6142
Traitement diabetique,2023-03-19,8271
Soins post-operatoires,2024-06-23,6785
Traitement antibiotique,2023-02-13,6301
Soins post-operatoires,2024-09-06,8890
Traitement diabetique,2024-11-14,5277
Traitement antibiotique,2025-09-15,6855
Consultation generale,2023-10-08,2095
Consultation generale,2025-03-10,4978
Traitement diabetique,2023-04-19,1939
Traitement diabetique,2025-08-26,9066
Consultation generale,2023-05-15,7445
Traitement diabetique,2023-07-20,1303
Traitement diabetique,2025-08-22,9871
Suivi hypertension,2023-07-31,8848
Consultation generale,2025-06-11,4410
Suivi hypertension,2024-01-02,9152
Traitement antipaludique,2024-02-24,6236
Traitement diabetique,2024-08-02,5106
Consultation generale,2024-11-13,4137
Traitement antipaludique,2025-01-12,1977
Traitement diabetique,2023-10-20,9367
Traitement antibiotique,2023-06-19,75
Consultation generale,2023-08-11,329
Traitement antipaludique,2023-05-23,7512
Traitement antipaludique,2025-03-23,3588
Soins post-operatoires,2025-12-17,3382
Consultation generale,2023-03-13,7911
Traitement antipaludique,2024-11-22,8650
Traitement diabetique,2024-02-21,7979
Traitement antipaludique,2025-08-25,8182
Traitement antipaludique,2024-05-16,6615
Soins post-operatoires,2025-09-19,2976
Traitement antibiotique,2023-06-03,1661
Traitement antipaludique,2025-02-19,9378
Traitement diabetique,2023-02-21,743
Traitement antipaludique,2023-03-29,6009
Suivi hypertension,2023-12-22,455
Consultation generale,2023-10-25,9676
Soins post-operatoires,2024-06-28,8977
Suivi hypertension,2023-10-30,9269
Traitement antibiotique,2024-01-17,319
Suivi hypertension,2023-12-14,9728
Traitement diabetique,2023-02-04,7648
Soins post-operatoires,2023-01-09,2693
Traitement diabetique,2024-10-04,7182
Traitement antipaludique,2025-09-23,3552
Consultation generale,2024-07-10,4820
Traitement diabetique,2024-03-27,6491
Consultation generale,2024-01-08,6929
Soins post-operatoires,2024-07-05,6335
Traitement antibiotique,2025-07-24,4686
Suivi hypertension,2024-01-08,9528
Traitement diabetique,2024-04-19,9534
Traitement antipaludique,2024-05-15,5523
Soins post-operatoires,2023-09-16,9500
Consultation generale,2024-03-15,9839
Traitement antibiotique,2023-04-05,3689
Suivi hypertension,2025-06-23,114
Suivi hypertension,2025-03-13,5832
Traitement diabetique,2025-05-12,6541
Consultation generale,2025-03-22,3338
Traitement diabetique,2025-04-19,4907
Traitement antibiotique,2025-10-25,6298
Traitement antibiotique,2025-09-17,7877
Traitement diabetique,2025-11-17,1409
Consultation generale,2023-04-13,2688
Traitement diabetique,2025-12-26,3078
Soins post-operatoires,2024-01-11,4447
Consultation generale,2024-02-13,3238
Traitement diabetique,2023-05-05,4837
Consultation generale,2023-01-29,8267
Soins post-operatoires,2023-12-11,9722
Traitement antipaludique,2024-02-14,8418
Traitement diabetique,2025-12-01,4296
Traitement antibiotique,2023-09-10,6661
Traitement diabetique,2025-10-11,9006
Traitement diabetique,2025-09-22,1891
Suivi hypertension,2024-10-22,4819
Consultation generale,2024-10-09,5041
Traitement diabetique,2025-05-13,2399
Consultation generale,2024-02-07,4403
Traitement antibiotique,2023-10-07,2345
Suivi hypertension,2023-07-20,1307
Traitement antipaludique,2024-09-13,4312
Traitement antipaludique,2024-05-07,9294
Traitement antibiotique,2023-07-19,7840
Traitement antibiotique,2025-08-14,4875
Traitement antibiotique,2025-12-22,472
Suivi hypertension,2025-12-04,2490
Traitement diabetique,2024-10-18,5160
Traitement antipaludique,2024-04-20,8770
Suivi hypertension,2024-02-09,3703
Soins post-operatoires,2025-07-21,7106
Soins post-operatoires,2025-09-04,5564
Suivi hypertension,2023-03-01,8361
Consultation generale,2023-02-16,8910
Traitement antibiotique,2025-07-18,56
Traitement diabetique,2024-01-01,9793
Traitement diabetique,2025-09-13,9845
Suivi hypertension,2025-02-10,7024
Suivi hypertension,2025-11-22,7220
Traitement diabetique,2025-03-30,3666
Soins post-operatoires,2024-03-17,6881
Suivi hypertension,2024-02-12,6425
Traitement antipaludique,2023-04-20,6933
Consultation generale,2023-12-03,5870
Traitement diabetique,2025-03-13,6779
Traitement antipaludique,2023-11-19,9928
Traitement antibiotique,2024-01-14,859
Consultation generale,2025-04-24,651
Suivi hypertension,2023-04-29,7353
Soins post-operatoires,2023-02-09,1511
Suivi hypertension,2023-12-03,9226
Soins post-operatoires,2023-07-20,2942
Traitement antipaludique,2025-06-20,142
Consultation generale,2024-12-30,5853
Suivi hypertension,2025-07-05,4307
Traitement diabetique,2023-12-30,3962
Soins post-operatoires,2024-12-11,4073
Soins post-operatoires,2024-04-13,8960
Suivi hypertension,2024-06-25,3952
Traitement antibiotique,2025-09-02,6322
Traitement diabetique,2023-05-19,8598
Traitement antipaludique,2025-06-08,8659
Traitement antipaludique,2023-01-19,7653
Soins post-operatoires,2023-12-22,5982
Suivi hypertension,2024-03-15,3989
Traitement antibiotique,2023-08-02,7860
Suivi hypertension,2025-09-13,4734
Traitement diabetique,2025-10-27,8456
Traitement diabetique,2023-12-06,4355
Traitement antipaludique,2024-07-16,5918
Traitement diabetique,2023-08-03,170
Traitement antipaludique,2025-03-19,9285
Consultation generale,2024-01-19,519
Consultation generale,2024-02-23,7373
Traitement diabetique,2023-05-04,7948
Traitement antibiotique,2023-10-01,3820
Traitement diabetique,2025-05-10,2543
Traitement antipaludique,2024-11-19,5869
Traitement antipaludique,2024-06-28,8056
Traitement diabetique,2025-06-28,870
Traitement antibiotique,2023-03-09,8048
Traitement antipaludique,2025-04-04,8794
Traitement diabetique,2024-04-13,8427
Soins post-operatoires,2025-12-11,6852
Suivi hypertension,2023-07-21,4213
Soins post-operatoires,2023-05-27,6488
Traitement diabetique,2024-06-04,1802
Consultation generale,2024-08-07,8085
Soins post-operatoires,2023-01-09,9855
Suivi hypertension,2025-09-11,4376
Soins post-operatoires,2025-11-23,5942
Soins post-operatoires,2023-02-28,8111
Suivi hypertension,2025-07-03,6940
Suivi hypertension,2023-06-04,6451
Traitement antibiotique,2024-07-24,9236
Traitement antibiotique,2024-09-23,4020
Traitement antibiotique,2024-03-28,4618
Traitement antibiotique,2024-11-08,7150
Traitement antipaludique,2024-03-21,1720
Soins post-operatoires,2024-06-26,178
Soins post-operatoires,2025-08-08,3064
Suivi hypertension,2025-04-16,2530
Traitement diabetique,2023-05-06,7974
Suivi hypertension,2023-10-01,114
Traitement antipaludique,2024-10-06,2100
Suivi hypertension,2025-05-28,8198
Traitement antibiotique,2024-11-21,7390
Soins post-operatoires,2023-04-08,1287
Suivi hypertension,2024-05-15,383
Soins post-operatoires,2024-07-25,6873
Traitement antipaludique,2023-01-08,9899
Traitement antipaludique,2025-09-02,2198
Traitement diabetique,2024-02-13,7201
Traitement antibiotique,2025-01-15,7490
Traitement antibiotique,2023-02-15,6737
Traitement diabetique,2025-12-03,5015
Consultation generale,2024-08-17,1060
Traitement antibiotique,2023-09-27,3324
Traitement antibiotique,2023-01-15,1999
Traitement diabetique,2023-07-09,9728
Soins post-operatoires,2025-10-20,2032
Traitement antibiotique,2023-01-30,1801
Traitement antipaludique,2023-07-26,4843
Suivi hypertension,2025-09-09,3208
Traitement diabetique,2023-11-16,8103
Traitement antipaludique,2024-06-15,700
Traitement antibiotique,2025-10-28,9621
Suivi hypertension,2024-10-28,4291
Traitement antibiotique,2025-03-20,9390
Soins post-operatoires,2025-09-20,2147
Traitement antibiotique,2024-02-04,2735
Suivi hypertension,2024-12-20,1715
Suivi hypertension,2024-05-12,3847
Consultation generale,2023-01-04,6949
Traitement antipaludique,2025-07-20,3973
Traitement diabetique,2024-08-30,1656
Traitement antibiotique,2024-08-13,3762
Traitement antipaludique,2024-05-13,6320
Traitement antibiotique,2023-12-21,8592
Traitement antibiotique,2023-05-20,1079
Suivi hypertension,2023-10-05,9747
Traitement antipaludique,2024-04-30,8975
Traitement antipaludique,2025-02-01,2045
Traitement antipaludique,2025-08-06,3339
Traitement diabetique,2024-10-24,8883
Soins post-operatoires,2025-08-25,3931
Soins post-operatoires,2024-09-24,1029
Traitement antibiotique,2023-04-12,9216
Traitement diabetique,2023-06-17,3313
Traitement diabetique,2023-08-10,1794
Traitement antipaludique,2023-09-26,9657
Suivi hypertension,2025-11-05,2619
Traitement diabetique,2024-12-15,193
Traitement antipaludique,2025-09-28,9563
Traitement antipaludique,2023-05-27,4052
Traitement diabetique,2024-11-18,8603
Consultation generale,2025-09-21,825
Traitement antipaludique,2024-10-17,1745
Soins post-operatoires,2023-06-28,2244
Traitement diabetique,2023-07-22,3610
Suivi hypertension,2023-02-01,8207
Traitement diabetique,2025-08-13,8799
Suivi hypertension,2025-08-22,3165
Traitement diabetique,2024-05-17,1133
Soins post-operatoires,2023-04-04,3070
Traitement antipaludique,2025-09-06,4585
Suivi hypertension,2025-05-12,4973
Traitement antipaludique,2023-03-23,2259
Soins post-operatoires,2024-06-09,5017
Traitement diabetique,2023-12-19,1314
Traitement antipaludique,2025-01-10,4397
Consultation generale,2024-12-08,9964
Traitement antibiotique,2023-06-29,2246
Traitement antipaludique,2025-05-07,4679
Traitement diabetique,2024-02-11,4418
Suivi hypertension,2023-07-03,9007
Consultation generale,2025-11-21,3292
Traitement diabetique,2023-09-05,6581
Traitement antipaludique,2023-04-22,9751
Suivi hypertension,2024-03-10,9163
Suivi hypertension,2023-04-01,8520
Traitement diabetique,2025-06-10,7427
Soins post-operatoires,2025-12-03,7876
Soins post-operatoires,2024-12-31,1974
Traitement antipaludique,2023-05-23,314
Consultation generale,2025-03-16,6150
Traitement diabetique,2023-10-03,457
Suivi hypertension,2023-09-30,4498
Traitement antipaludique,2024-01-25,7419
Suivi hypertension,2024-02-27,7728
Traitement antibiotique,2025-10-28,3310
Suivi hypertension,2023-05-19,6868
Consultation generale,2023-11-29,6875
Suivi hypertension,2025-10-23,7527
Traitement antibiotique,2023-07-11,3513
Soins post-operatoires,2025-07-22,8271
Traitement antipaludique,2024-02-04,6579
Traitement antibiotique,2024-11-10,5514
Consultation generale,2023-02-15,544
Consultation generale,2025-08-18,3519
Soins post-operatoires,2025-04-12,6030
Consultation generale,2024-03-24,6458
Soins post-operatoires,2024-08-05,5194
Soins post-operatoires,2024-03-06,405
Traitement antibiotique,2024-01-11,5743
Traitement antipaludique,2023-06-28,3127
Traitement antipaludique,2023-09-24,587
Traitement diabetique,2024-05-31,8714
Suivi hypertension,2024-02-25,5950
Traitement antipaludique,2023-01-23,5102
Traitement diabetique,2023-02-16,9734
Traitement antipaludique,2025-04-26,4813
Traitement antipaludique,2023-08-29,6711
Suivi hypertension,2025-08-27,2721
Suivi hypertension,2024-02-19,9584
Traitement antipaludique,2025-09-16,973
Traitement diabetique,2024-10-08,1864
Traitement antibiotique,2024-02-15,9809
Soins post-operatoires,2023-05-25,9384
Traitement diabetique,2024-06-22,6235
Suivi hypertension,2023-09-02,2760
Traitement diabetique,2024-08-16,2139
Traitement antipaludique,2025-03-29,4715
Suivi hypertension,2024-09-13,6292
Traitement antipaludique,2023-11-01,1028
Suivi hypertension,2024-11-04,286
Traitement antibiotique,2023-04-29,1158
Consultation generale,2025-05-26,9911
Traitement diabetique,2025-11-14,5107
Suivi hypertension,2025-08-18,7804
Traitement diabetique,2025-09-29,7387
Traitement antibiotique,2023-11-23,542
Consultation generale,2024-04-15,7260
Consultation generale,2024-04-01,7746
Soins post-operatoires,2024-01-08,3706
Suivi hypertension,2024-10-20,9204
Traitement antipaludique,2024-01-02,7162
Suivi hypertension,2024-05-11,4847
Soins post-operatoires,2024-04-06,4173
Suivi hypertension,2025-09-29,4581
Suivi hypertension,2023-12-22,4960
Consultation generale,2023-04-30,4160
Traitement antibiotique,2023-09-21,2422
Traitement diabetique,2024-05-28,4272
Traitement antibiotique,2024-07-08,9343
Soins post-operatoires,2025-11-19,2469
Suivi hypertension,2024-11-04,7642
Consultation generale,2023-05-19,9090
Suivi hypertension,2024-09-23,9852
Traitement antipaludique,2024-06-02,192
Traitement antipaludique,2024-05-15,9142
Suivi hypertension,2025-10-16,7155
Traitement antipaludique,2025-11-14,7132
Traitement antipaludique,2024-11-16,1430
Suivi hypertension,2023-03-29,5038
Consultation generale,2025-07-27,8634
Traitement antibiotique,2025-09-20,5843
Traitement antipaludique,2024-12-26,2166
Suivi hypertension,2024-10-31,521
Traitement diabetique,2024-06-29,9996
Traitement diabetique,2024-04-10,3431
Traitement diabetique,2025-08-22,5326
Suivi hypertension,2023-06-10,6093
Traitement diabetique,2024-01-14,3039
Soins post-operatoires,2025-04-28,1377
Suivi hypertension,2024-08-21,698
Traitement antipaludique,2025-05-30,2018
Soins post-operatoires,2023-03-23,8369
Traitement diabetique,2025-04-17,9743
Consultation generale,2025-11-14,1744
Traitement antipaludique,2023-12-13,3249
Traitement antipaludique,2023-10-26,3346
Suivi hypertension,2024-03-19,2766
Consultation generale,2023-07-16,6449
Traitement diabetique,2024-12-01,4877
Traitement antibiotique,2025-03-06,1222
Traitement antibiotique,2025-11-06,5881
Soins post-operatoires,2023-05-13,999
Consultation generale,2024-02-13,8075
Soins post-operatoires,2025-11-10,2398
Traitement antibiotique,2023-01-03,1958
Suivi hypertension,2024-04-24,2358
Traitement antibiotique,2025-12-26,461
Traitement diabetique,2023-08-31,2497
Traitement antibiotique,2024-07-18,3762
Soins post-operatoires,2023-09-20,1171
Soins post-operatoires,2024-12-20,338
Traitement antipaludique,2023-11-23,3898
Traitement antipaludique,2025-09-02,8264
Suivi hypertension,2023-10-18,5774
Traitement antipaludique,2025-08-18,6701
Soins post-operatoires,2024-08-22,4333
Traitement diabetique,2025-01-25,9223
Consultation generale,2023-08-13,3998
Traitement diabetique,2023-02-08,7633
Traitement antipaludique,2025-05-17,3550
Suivi hypertension,2024-06-13,3503
Traitement antibiotique,2024-07-06,6752
Traitement antibiotique,2025-11-08,4618
Consultation generale,2024-10-12,3031
Consultation generale,2025-11-07,186
Traitement antibiotique,2025-03-08,4235
Traitement antibiotique,2025-10-09,9282
Suivi hypertension,2023-12-14,4944
Consultation generale,2025-01-10,2223
Consultation generale,2025-04-01,537
Traitement antibiotique,2025-06-11,2558
Soins post-operatoires,2024-02-03,8404
Soins post-operatoires,2024-04-05,3791
Consultation generale,2024-08-18,1170
Traitement antipaludique,2025-04-03,6105
Traitement antibiotique,2023-01-11,2354
Traitement antipaludique,2025-12-27,9737
Suivi hypertension,2023-01-29,6892
Soins post-operatoires,2025-10-20,293
Suivi hypertension,2023-12-06,1198
Traitement diabetique,2023-06-28,718
Traitement antipaludique,2025-06-16,1064
Traitement diabetique,2023-09-02,5072
Traitement antipaludique,2024-11-21,9734
Traitement antipaludique,2025-12-30,5251
Soins post-operatoires,2025-01-16,6997
Consultation generale,2023-07-21,4108
Traitement antipaludique,2024-11-21,2731
Traitement diabetique,2024-06-28,5725
Traitement diabetique,2023-01-05,5835
Consultation generale,2024-12-16,1340
Traitement diabetique,2025-03-13,783
Traitement diabetique,2025-08-01,7930
Consultation generale,2025-07-08,351
Suivi hypertension,2024-07-02,6519
Traitement antibiotique,2025-12-27,8017
Soins post-operatoires,2023-06-01,4792
Suivi hypertension,2024-01-14,9327
Suivi hypertension,2023-06-22,5767
Traitement antibiotique,2024-02-13,5349
Traitement antipaludique,2023-01-08,6433
Consultation generale,2025-01-18,4700
Traitement diabetique,2025-01-05,3791
Traitement antipaludique,2023-05-05,3598
Traitement antipaludique,2025-12-28,8672
Traitement antipaludique,2023-12-08,1985
Traitement antipaludique,2023-07-11,5998
Traitement antipaludique,2023-06-29,3939
Suivi hypertension,2023-07-09,3839
Suivi hypertension,2024-03-21,1764
Traitement diabetique,2024-03-07,996
Soins post-operatoires,2024-06-01,9799
Soins post-operatoires,2024-04-15,5975
Traitement antibiotique,2023-09-07,8709
Consultation generale,2025-10-05,3954
Traitement antibiotique,2023-03-31,112
Consultation generale,2025-12-08,5133
Suivi hypertension,2025-09-08,9420
Soins post-operatoires,2025-09-22,2192
Traitement antibiotique,2025-06-19,3287
Consultation generale,2023-09-20,8593
Suivi hypertension,2024-11-27,3642
Traitement antipaludique,2024-06-13,1403
Soins post-operatoires,2025-06-13,6055
Soins post-operatoires,2023-09-11,4276
Soins post-operatoires,2023-06-03,8189
Traitement antipaludique,2025-11-10,9632
Suivi hypertension,2023-06-10,2305
Consultation generale,2023-03-04,970
Traitement antipaludique,2024-03-08,7786
Traitement antipaludique,2023-02-12,3336
Traitement diabetique,2023-02-09,8895
Traitement antibiotique,2025-03-13,28
Traitement antipaludique,2025-06-30,2755
Traitement antibiotique,2025-05-10,2194
Soins post-operatoires,2023-02-11,267
Consultation generale,2023-02-16,3688
Traitement antibiotique,2023-05-07,3439
Suivi hypertension,2023-01-03,9715
Suivi hypertension,2023-12-29,6246
Traitement antibiotique,2025-10-26,1228
Traitement antipaludique,2023-04-05,2773
Suivi hypertension,2023-08-09,9154
Soins post-operatoires,2025-11-11,1045
Traitement antipaludique,2023-11-27,6196
Traitement antipaludique,2025-12-29,8306
Traitement antipaludique,2023-04-22,7333
Traitement diabetique,2025-05-03,6468
Traitement antibiotique,2024-03-28,2691
Consultation generale,2023-06-11,9165
Traitement diabetique,2025-02-14,5762
Suivi hypertension,2023-05-28,319
Traitement antibiotique,2023-03-29,9507
Traitement antibiotique,2025-12-04,7175
Traitement antibiotique,2025-11-12,2288
Soins post-operatoires,2024-02-15,4207
Traitement antipaludique,2025-03-09,6996
Soins post-operatoires,2023-12-07,2748
Traitement antipaludique,2023-04-05,7188
Traitement antibiotique,2023-09-01,822
Suivi hypertension,2024-11-16,6627
Consultation generale,2023-09-14,6695
Consultation generale,2023-03-22,2236
Consultation generale,2024-05-18,6357
Traitement antibiotique,2025-03-08,8538
Traitement diabetique,2025-11-13,9239
Suivi hypertension,2025-05-31,3938
Suivi hypertension,2024-06-19,464
Consultation generale,2023-03-22,6024
Traitement antipaludique,2025-01-20,5969
Consultation generale,2025-11-27,6819
Traitement antipaludique,2024-11-28,625
Traitement antibiotique,2023-03-20,5584
Consultation generale,2025-02-05,4296
Consultation generale,2025-12-28,7245
Soins post-operatoires,2024-04-03,87
Traitement antipaludique,2023-04-09,6884
Soins post-operatoires,2023-06-05,2338
Traitement antibiotique,2024-08-13,1996
Suivi hypertension,2024-01-17,9436
Traitement diabetique,2023-01-01,1035
Suivi hypertension,2024-07-27,451
Soins post-operatoires,2023-01-04,5144
Consultation generale,2023-08-28,7505
Traitement diabetique,2025-09-14,4739
Suivi hypertension,2023-09-21,4131
Consultation generale,2024-05-29,3842
Consultation generale,2025-05-29,1355
Soins post-operatoires,2023-12-16,9071
Suivi hypertension,2024-06-20,7131
Traitement antipaludique,2023-04-08,3449
Suivi hypertension,2025-08-20,6808
Suivi hypertension,2024-11-27,4047
Consultation generale,2025-07-19,821
Consultation generale,2024-06-19,7672
Traitement antibiotique,2024-03-26,9509
Traitement antipaludique,2023-02-04,9167
Soins post-operatoires,2025-12-23,10000
Traitement antibiotique,2023-11-12,1529
Traitement antipaludique,2023-01-28,2218
Traitement antipaludique,2023-10-09,9500
Traitement diabetique,2025-02-03,7594
Traitement antibiotique,2023-05-28,9284
Traitement diabetique,2025-02-12,1695
Suivi hypertension,2024-02-20,7288
Consultation generale,2024-03-26,8038
Traitement diabetique,2024-04-18,1616
Traitement diabetique,2023-03-29,8086
Traitement diabetique,2024-04-05,8800
Traitement antibiotique,2024-12-13,2814
Traitement antipaludique,2025-03-23,9188
Traitement diabetique,2024-02-13,8750
Consultation generale,2024-01-07,3979
Traitement antipaludique,2025-05-08,1115
Consultation generale,2025-04-14,818
Soins post-operatoires,2023-08-16,7852
Traitement antipaludique,2023-07-12,3413
Consultation generale,2024-09-17,476
Consultation generale,2025-08-12,1194
Traitement antibiotique,2023-02-14,5388
Traitement antibiotique,2024-02-17,2473
Traitement antibiotique,2023-08-24,7389
Traitement antipaludique,2025-03-01,232
Traitement antibiotique,2024-04-09,9739
Consultation generale,2025-08-20,2915
Traitement diabetique,2023-10-20,5568
Traitement diabetique,2024-01-04,5269
Soins post-operatoires,2024-04-26,4393
Traitement diabetique,2023-09-15,5563
Suivi hypertension,2023-01-21,8105
Traitement antibiotique,2024-06-17,260
Traitement antibiotique,2023-04-04,4938
Traitement antipaludique,2025-05-30,1355
Traitement diabetique,2025-08-01,5919
Traitement diabetique,2025-11-02,2342
Suivi hypertension,2023-12-05,1843
Consultation generale,2023-09-28,6971
Traitement diabetique,2024-09-24,3885
Traitement antibiotique,2025-10-20,2978
Consultation generale,2025-05-29,9751
Soins post-operatoires,2023-01-09,2501
Suivi hypertension,2023-01-17,1635
Traitement diabetique,2024-11-18,4140
Traitement antipaludique,2023-07-16,1300
Traitement diabetique,2024-04-05,6639
Traitement diabetique,2023-06-18,334
Soins post-operatoires,2023-10-21,8788
Traitement antipaludique,2025-05-18,587
Traitement diabetique,2025-12-11,1243
Traitement diabetique,2023-07-15,4922
Suivi hypertension,2023-02-23,429
Traitement antibiotique,2025-03-19,5976
Consultation generale,2025-11-12,179
Soins post-operatoires,2023-11-29,5867
Traitement antipaludique,2023-06-23,3255
Suivi hypertension,2024-02-09,8016
Consultation generale,2023-11-25,2310
Traitement antibiotique,2023-03-09,2891
Traitement antipaludique,2023-12-09,7474
Consultation generale,2025-11-16,6021
Soins post-operatoires,2024-09-12,2558
Consultation generale,2023-02-13,5059
Soins post-operatoires,2025-11-07,2547
Traitement diabetique,2024-09-08,5640
Traitement antibiotique,2024-08-16,1299
Suivi hypertension,2024-10-25,5261
Soins post-operatoires,2023-08-18,1768
Suivi hypertension,2023-10-10,9883
Traitement diabetique,2023-10-27,2247
Suivi hypertension,2025-09-19,8790
Traitement antibiotique,2023-11-22,1308
Consultation generale,2024-07-16,7175
Traitement diabetique,2025-07-27,8932
Traitement antipaludique,2024-05-21,3725
Suivi hypertension,2025-01-29,7770
Suivi hypertension,2023-03-04,2464
Consultation generale,2023-10-01,8764
Soins post-operatoires,2025-07-03,377
Traitement diabetique,2025-03-07,2145
Soins post-operatoires,2023-07-25,3225
Suivi hypertension,2023-07-29,7902
Consultation generale,2025-11-09,6572
Traitement antibiotique,2024-04-27,1157
Soins post-operatoires,2023-07-10,9874
Traitement antibiotique,2024-09-17,3758
Consultation generale,2025-04-28,2810
Soins post-operatoires,2024-04-25,4865
Soins post-operatoires,2024-03-31,5620
Traitement antipaludique,2025-01-31,8694
Traitement antipaludique,2025-03-30,6993
Traitement antibiotique,2023-06-13,5246
Suivi hypertension,2025-07-10,9080
Suivi hypertension,2025-09-11,5396
Traitement diabetique,2025-03-25,8543
Suivi hypertension,2025-05-18,8519
Traitement antipaludique,2023-03-07,4263
Traitement diabetique,2023-04-03,4789
Soins post-operatoires,2025-03-07,3365
Traitement diabetique,2023-06-09,5259
Soins post-operatoires,2025-06-07,926
Traitement diabetique,2024-02-24,7191
Consultation generale,2024-07-01,3257
Consultation generale,2023-04-10,76
Traitement diabetique,2023-03-10,4869
Soins post-operatoires,2024-10-24,7737
Traitement antibiotique,2023-03-03,3661
Traitement diabetique,2023-06-17,4215
Traitement diabetique,2024-06-28,5259
Traitement diabetique,2025-03-31,1490
Soins post-operatoires,2025-01-14,1128
Traitement antipaludique,2024-07-31,8740
Traitement diabetique,2025-07-10,9876
Consultation generale,2023-01-30,4084
Soins post-operatoires,2025-12-15,1297
Traitement diabetique,2025-05-08,3897
Consultation generale,2025-05-01,2635
Soins post-operatoires,2025-06-23,9009
Traitement antibiotique,2025-08-31,3219
Suivi hypertension,2025-12-06,7122
Soins post-operatoires,2025-01-05,9535
Traitement antipaludique,2024-04-09,1008
Traitement antipaludique,2024-10-28,9596
Soins post-operatoires,2023-12-22,7218
Suivi hypertension,2023-02-09,7526
Consultation generale,2024-11-07,9537
Traitement diabetique,2025-12-23,6024
Traitement antipaludique,2024-10-10,9864
Traitement diabetique,2023-03-10,3290
Suivi hypertension,2025-06-15,3347
Consultation generale,2023-12-15,1200
Traitement antibiotique,2023-07-18,1931
Traitement diabetique,2024-10-03,6686
Consultation generale,2023-01-19,3751
Traitement antipaludique,2025-08-21,795
Consultation generale,2023-04-04,360
Traitement diabetique,2024-03-12,4468
Traitement antipaludique,2023-03-01,9895
Soins post-operatoires,2025-07-04,6211
Soins post-operatoires,2025-10-14,6936
Suivi hypertension,2025-01-09,3417
Consultation generale,2025-02-02,5254
Traitement antipaludique,2023-06-05,3187
Traitement diabetique,2024-03-02,2046
Consultation generale,2023-07-28,3359
Suivi hypertension,2024-01-07,6356
Traitement diabetique,2023-04-15,1557
Soins post-operatoires,2023-10-18,4611
Traitement antipaludique,2023-11-08,6135
Traitement diabetique,2023-04-08,7888
Suivi hypertension,2024-07-23,5395
Soins post-operatoires,2023-07-10,2056
Traitement diabetique,2023-07-11,8256
Traitement antipaludique,2025-01-11,5610
Traitement diabetique,2025-10-15,5315
Suivi hypertension,2023-11-16,2615
Traitement antipaludique,2024-04-21,825
Suivi hypertension,2025-08-05,5610
Traitement antibiotique,2025-12-26,407
Traitement diabetique,2025-07-14,377
Traitement antipaludique,2024-02-25,1942
Suivi hypertension,2024-06-12,5137
Consultation generale,2025-04-17,4213
Suivi hypertension,2023-05-20,8021
Traitement diabetique,2024-08-27,6511
Traitement diabetique,2024-07-09,2016
Consultation generale,2024-11-05,9109
Consultation generale,2023-07-15,4885
Traitement diabetique,2024-03-03,5721
Traitement antibiotique,2023-06-29,3613
Soins post-operatoires,2023-05-28,7514
Traitement diabetique,2025-08-20,3679
Traitement antibiotique,2025-04-01,6208
Traitement diabetique,2024-01-16,6391
Traitement antibiotique,2024-07-11,9397
Soins post-operatoires,2025-04-19,2331
Traitement diabetique,2025-11-10,3996
Soins post-operatoires,2025-09-21,4437
Traitement antipaludique,2025-02-21,8261
Traitement antibiotique,2023-04-18,3971
Traitement antibiotique,2023-05-28,6130
Traitement antipaludique,2024-09-11,2717
Consultation generale,2024-01-24,9161
Traitement antipaludique,2023-11-20,2813
Suivi hypertension,2023-12-30,4876
Soins post-operatoires,2023-05-12,568
Traitement antipaludique,2023-04-20,9875
Soins post-operatoires,2024-05-06,6804
Traitement antibiotique,2023-08-15,1821
Suivi hypertension,2023-03-27,6277
Traitement antibiotique,2024-01-12,8655
Consultation generale,2025-02-09,8136
Suivi hypertension,2023-08-12,8217
Consultation generale,2024-07-16,2432
Suivi hypertension,2023-07-08,3254
Consultation generale,2023-06-07,7183
Traitement antibiotique,2024-02-13,8790
Consultation generale,2023-03-04,2481
Consultation generale,2024-10-09,3357
Traitement antipaludique,2023-03-23,53
Consultation generale,2024-04-08,6680
Soins post-operatoires,2024-09-01,6776
Traitement diabetique,2023-03-23,2972
Consultation generale,2023-10-04,8591
Traitement diabetique,2024-04-06,1721
Traitement diabetique,2025-12-04,6037
Traitement antibiotique,2024-07-09,46
Soins post-operatoires,2025-11-02,8781
Consultation generale,2023-05-11,4985
Suivi hypertension,2024-04-14,1711
Traitement antipaludique,2024-11-25,6106
Soins post-operatoires,2025-12-23,4170
Soins post-operatoires,2023-12-12,7220
Suivi hypertension,2023-12-12,7315
Traitement diabetique,2024-07-03,3251
Traitement antibiotique,2025-06-10,3205
Traitement diabetique,2025-10-27,5551
Consultation generale,2024-12-20,5197
Suivi hypertension,2025-01-21,2320
Traitement antibiotique,2024-06-26,2301
Suivi hypertension,2023-04-11,6757
Soins post-operatoires,2023-09-03,2109
Suivi hypertension,2025-08-31,2689
Traitement diabetique,2023-03-27,742
Traitement antibiotique,2024-12-11,4151
Suivi hypertension,2023-01-13,1102
Traitement antibiotique,2024-09-11,2381
Traitement antipaludique,2025-10-11,819
Consultation generale,2025-02-15,9530
Suivi hypertension,2024-08-16,1138
Traitement antibiotique,2023-11-18,4742
Suivi hypertension,2023-01-17,2551
Traitement antipaludique,2025-01-06,4210
Traitement diabetique,2025-09-29,222
Traitement antibiotique,2023-11-11,9683
Suivi hypertension,2024-01-12,8740
Traitement diabetique,2024-05-12,1420
Traitement antibiotique,2025-08-29,9328
Traitement antibiotique,2024-12-11,7648
Traitement diabetique,2024-11-03,6875
Traitement antibiotique,2024-06-22,36
Suivi hypertension,2023-06-09,2708
Traitement antibiotique,2025-06-24,9285
Traitement antibiotique,2023-11-17,7717
Traitement diabetique,2024-09-23,437
Traitement antipaludique,2023-08-27,2742
Traitement diabetique,2024-08-08,8643
Traitement diabetique,2025-04-13,9390
Soins post-operatoires,2024-06-04,3912
Traitement antibiotique,2024-12-01,4066
Traitement antibiotique,2024-10-26,803
Traitement diabetique,2024-04-04,6639
Suivi hypertension,2024-07-15,1068
Soins post-operatoires,2023-01-26,7484
Traitement antipaludique,2025-07-02,8782
Suivi hypertension,2025-05-27,5036
Traitement antibiotique,2024-02-27,6211
Traitement diabetique,2025-08-07,1095
Consultation generale,2024-03-26,3936
Consultation generale,2024-04-09,1587
Traitement antipaludique,2023-08-12,1933
Traitement diabetique,2025-02-03,3835
Consultation generale,2023-11-17,3304
Traitement antipaludique,2025-03-14,4852
Suivi hypertension,2023-01-18,3186
Suivi hypertension,2023-09-16,1712
Traitement antibiotique,2024-02-21,1834
Suivi hypertension,2025-08-18,7736
Consultation generale,2023-06-05,2132
Suivi hypertension,2023-10-14,6361
Soins post-operatoires,2025-12-04,8813
Soins post-operatoires,2023-05-13,8904
Suivi hypertension,2024-04-01,4196
Consultation generale,2025-08-21,2576
Traitement antipaludique,2025-01-04,2221
Consultation generale,2024-12-25,5668
Traitement diabetique,2025-01-02,9183
Traitement diabetique,2025-06-08,7390
Traitement diabetique,2024-09-13,5579
Traitement antibiotique,2024-11-29,32
Traitement antipaludique,2024-06-20,8792
Traitement diabetique,2025-10-04,3899
Traitement antipaludique,2025-02-14,4209
Suivi hypertension,2025-12-20,148
Traitement antibiotique,2024-07-12,4080
Soins post-operatoires,2025-02-09,1735
Traitement antibiotique,2025-05-23,5120
Suivi hypertension,2024-12-26,5226
Traitement antipaludique,2024-08-10,8195
Traitement antibiotique,2024-08-08,7969
Consultation generale,2023-08-18,6577
Suivi hypertension,2024-10-26,6973
Consultation generale,2025-12-16,5667
Consultation generale,2024-05-28,2571
Traitement diabetique,2025-07-19,5988
Traitement antipaludique,2024-01-30,7409
Consultation generale,2025-10-09,2587
Consultation generale,2024-12-17,7291
Traitement antipaludique,2023-09-16,291
Consultation generale,2024-03-11,9942
Soins post-operatoires,2023-05-04,5909
Soins post-operatoires,2025-05-27,6606
Traitement antibiotique,2024-10-20,4074
Suivi hypertension,2025-09-24,9085
Traitement antibiotique,2023-12-18,12
Traitement diabetique,2023-10-05,6343
Soins post-operatoires,2023-09-05,613
Traitement antipaludique,2025-10-09,6920
Traitement antipaludique,2024-08-19,5972
Traitement antipaludique,2023-10-25,743
Soins post-operatoires,2024-04-04,8118
Suivi hypertension,2025-05-24,1754
Suivi hypertension,2023-10-10,596
Traitement diabetique,2023-04-24,2284
Traitement antipaludique,2024-11-20,4072
Suivi hypertension,2023-03-21,8918
Soins post-operatoires,2025-08-19,6754
Suivi hypertension,2023-07-05,463
Consultation generale,2023-12-02,5872
Traitement antibiotique,2025-05-09,6485
Traitement diabetique,2025-10-02,4980
Traitement diabetique,2025-08-17,8065
Traitement antibiotique,2023-09-21,787
Traitement antipaludique,2024-01-21,8377
Soins post-operatoires,2023-01-20,2990
Soins post-operatoires,2023-01-17,3210
Suivi hypertension,2025-09-27,4018
Traitement antipaludique,2023-04-25,7974
Traitement diabetique,2025-01-12,2277
Consultation generale,2024-02-05,1019
Traitement antipaludique,2024-07-19,3899
Traitement antibiotique,2024-09-26,6541
Suivi hypertension,2023-09-14,22
Traitement antibiotique,2023-12-04,9310
Traitement antipaludique,2025-04-23,4716
Traitement antipaludique,2023-06-20,9543
Soins post-operatoires,2023-03-11,5311
Traitement antibiotique,2023-11-10,7556
Traitement antibiotique,2024-09-18,7444
Traitement antipaludique,2024-04-21,8842
Consultation generale,2024-09-02,8875
Soins post-operatoires,2025-10-17,6158
Soins post-operatoires,2025-09-09,3786
Traitement diabetique,2025-01-06,9710
Soins post-operatoires,2023-11-15,2982
Consultation generale,2025-12-03,9971
Traitement antibiotique,2025-07-30,5296
Suivi hypertension,2024-01-27,3962
Suivi hypertension,2025-03-01,9395
Traitement antipaludique,2023-04-08,2888
Traitement antipaludique,2025-02-20,2520
Suivi hypertension,2025-10-21,8275
Traitement antipaludique,2025-08-23,9553
Suivi hypertension,2023-02-16,253
Traitement diabetique,2024-06-08,4035
Consultation generale,2024-12-05,9101
Traitement antibiotique,2023-12-17,3218
Soins post-operatoires,2024-01-16,127
Soins post-operatoires,2023-05-16,1222
Traitement diabetique,2025-09-10,4873
Traitement diabetique,2024-03-28,8268
Traitement antibiotique,2023-01-31,9714
Consultation generale,2025-03-08,4406
Soins post-operatoires,2023-03-13,5308
Traitement antibiotique,2023-02-26,8656
Traitement antipaludique,2024-02-25,8437
Traitement diabetique,2024-01-31,800
Consultation generale,2023-03-07,7388
Soins post-operatoires,2025-10-09,581
Traitement diabetique,2024-06-02,2346
Traitement antibiotique,2023-07-31,6711
Traitement antipaludique,2025-04-21,1555
Soins post-operatoires,2025-09-12,8588
Traitement antibiotique,2023-07-29,6001
Traitement antipaludique,2024-04-07,3202
Suivi hypertension,2023-02-22,9421
Soins post-operatoires,2023-04-05,2635
Soins post-operatoires,2023-10-31,4646
Traitement diabetique,2025-01-29,6869
Traitement diabetique,2025-03-20,3066
Traitement antibiotique,2024-03-15,6138
Consultation generale,2023-03-22,3393
Traitement diabetique,2024-05-24,9442
Traitement antibiotique,2024-05-23,5344
Suivi hypertension,2025-11-16,9914
Traitement diabetique,2024-03-05,1834
Traitement antipaludique,2024-11-21,3233
Consultation generale,2023-03-23,1859
Traitement antipaludique,2023-03-24,4190
Traitement antipaludique,2024-02-08,9964
Soins post-operatoires,2023-07-05,6661
Soins post-operatoires,2024-06-27,6909
Consultation generale,2023-10-10,1761
Suivi hypertension,2023-08-01,3215
Traitement antibiotique,2023-02-11,8536
Suivi hypertension,2025-01-08,1672
Soins post-operatoires,2023-08-01,774
Traitement antipaludique,2023-08-25,9011
Suivi hypertension,2024-07-02,4521
Soins post-operatoires,2024-09-05,8799
Traitement antipaludique,2024-08-27,7600
Traitement diabetique,2024-03-26,8597
Traitement antibiotique,2024-05-20,3900
Traitement antibiotique,2023-11-06,7967
Consultation generale,2024-06-25,8860
Consultation generale,2023-09-15,8503
Traitement diabetique,2025-05-26,4447
Traitement diabetique,2025-12-12,1558
Traitement diabetique,2023-06-29,1845
Soins post-operatoires,2023-06-07,1140
Consultation generale,2024-07-26,7351
Consultation generale,2024-11-09,1828
Traitement antipaludique,2024-06-25,9059
Suivi hypertension,2023-03-21,2917
Traitement antipaludique,2025-03-31,2103
Soins post-operatoires,2023-03-18,508
Soins post-operatoires,2023-01-23,7812
Consultation generale,2023-10-22,2372
Soins post-operatoires,2024-10-16,4944
Traitement antibiotique,2024-04-24,9947
Traitement diabetique,2023-08-24,9846
Soins post-operatoires,2024-01-30,9888
Soins post-operatoires,2024-10-12,6468
Traitement antibiotique,2025-06-24,4877
Consultation generale,2025-06-28,5434
Suivi hypertension,2023-10-01,2173
Consultation generale,2023-09-12,5429
Traitement antipaludique,2025-10-09,1495
Traitement diabetique,2024-12-31,2932
Traitement antipaludique,2025-01-08,470
Soins post-operatoires,2025-05-16,9421
Traitement diabetique,2025-07-21,8652
Traitement diabetique,2024-10-06,1571
Soins post-operatoires,2023-05-06,9943
Suivi hypertension,2023-06-29,3976
Traitement antibiotique,2025-10-01,1645
Traitement antibiotique,2023-05-16,4420
Traitement antipaludique,2023-08-20,5665
Traitement antipaludique,2023-06-25,736
Traitement antipaludique,2025-10-15,8717
Traitement diabetique,2024-03-06,2584
Traitement antipaludique,2025-06-09,7834
Traitement antipaludique,2023-09-11,3083
Traitement antipaludique,2023-06-17,3687
Traitement antibiotique,2025-01-18,5801
Traitement diabetique,2025-09-12,3842
Traitement antibiotique,2023-04-03,4106
Suivi hypertension,2023-12-21,759
Soins post-operatoires,2024-12-25,1496
Traitement antipaludique,2024-01-29,1771
Traitement antibiotique,2025-07-18,4295
Soins post-operatoires,2025-04-03,3629
Soins post-operatoires,2023-06-26,3677
Soins post-operatoires,2023-08-23,3931
Suivi hypertension,2023-12-11,6180
Traitement antibiotique,2025-06-09,5942
Suivi hypertension,2023-03-08,6891
Traitement antibiotique,2025-12-01,7982
Traitement diabetique,2023-01-16,8441
Traitement antipaludique,2024-01-08,9661
Traitement antipaludique,2025-07-20,2846
Soins post-operatoires,2023-01-23,7003
Suivi hypertension,2023-03-23,1800
Suivi hypertension,2023-11-29,916
Soins post-operatoires,2023-02-22,171
Suivi hypertension,2024-07-18,6646
Suivi hypertension,2025-01-08,7074
Consultation generale,2024-01-22,851
Suivi hypertension,2023-05-04,8486
Traitement antipaludique,2023-06-21,3043
Traitement antipaludique,2025-10-29,4252
Soins post-operatoires,2025-07-23,5885
Soins post-operatoires,2023-07-05,7383
Traitement diabetique,2025-12-05,7696
Suivi hypertension,2024-03-11,1261
Traitement diabetique,2024-01-17,171
Suivi hypertension,2025-03-03,8548
Traitement diabetique,2024-10-12,2935
Soins post-operatoires,2023-12-18,8204
Consultation generale,2024-04-15,995
Consultation generale,2023-10-05,3387
Suivi hypertension,2025-02-19,6664
Traitement antibiotique,2024-12-05,6542
Soins post-operatoires,2023-11-30,2545
Traitement diabetique,2023-07-06,9942
Traitement diabetique,2023-01-17,4933
Traitement antipaludique,2025-06-22,3397
Soins post-operatoires,2024-03-06,5924
Traitement antibiotique,2024-03-23,1379
Consultation generale,2023-10-08,9478
Traitement antipaludique,2025-04-05,8953
Traitement antipaludique,2023-04-07,6658
Soins post-operatoires,2025-08-15,5894
Suivi hypertension,2023-03-12,8982
Soins post-operatoires,2025-09-13,1855
Suivi hypertension,2023-04-14,5348
Suivi hypertension,2023-08-20,2840
Traitement diabetique,2024-02-17,6293
Traitement antibiotique,2023-12-15,4104
Consultation generale,2025-11-21,2878
Traitement diabetique,2023-03-10,7611
Traitement diabetique,2025-02-13,3540
Traitement diabetique,2024-06-30,6634
Soins post-operatoires,2025-02-07,3685
Traitement diabetique,2025-07-29,7342
Traitement antipaludique,2023-08-05,6491
Traitement antipaludique,2025-12-14,2602
Consultation generale,2024-12-06,6565
Suivi hypertension,2024-05-11,2447
Soins post-operatoires,2023-12-22,1456
Soins post-operatoires,2023-10-09,5740
Traitement diabetique,2025-10-30,7554
Traitement diabetique,2025-11-03,1722
Consultation generale,2025-03-12,635
Consultation generale,2025-04-05,6454
Consultation generale,2023-10-01,2680
Traitement antibiotique,2023-02-16,8539
Consultation generale,2023-06-29,5728
Suivi hypertension,2025-09-25,8526
Soins post-operatoires,2024-12-15,1988
Suivi hypertension,2023-08-28,7030
Suivi hypertension,2024-09-09,4703
Traitement diabetique,2023-08-18,8241
Soins post-operatoires,2024-02-16,2281
Traitement diabetique,2023-03-17,2771
Soins post-operatoires,2023-07-26,8843
Traitement antibiotique,2024-04-15,2347
Traitement diabetique,2024-11-01,1742
Traitement antibiotique,2025-03-01,4019
Suivi hypertension,2023-12-08,9126
Consultation generale,2024-10-19,1546
Traitement antibiotique,2024-04-14,5356
Soins post-operatoires,2024-10-16,1073
Traitement antibiotique,2024-10-13,7271
Traitement antibiotique,2025-06-07,8527
Soins post-operatoires,2024-09-13,3512
Traitement antibiotique,2023-06-30,8534
Traitement antipaludique,2024-01-09,8471
Consultation generale,2023-04-21,2228
Traitement antibiotique,2023-04-02,1452
Soins post-operatoires,2024-08-08,3396
Traitement antibiotique,2024-10-01,2324
Traitement antibiotique,2023-04-01,4370
Consultation generale,2024-06-05,3594
Traitement antipaludique,2025-01-13,5721
Consultation generale,2024-02-10,2325
Soins post-operatoires,2023-05-05,7165
Consultation generale,2025-05-24,7824
Traitement antipaludique,2025-02-06,8702
Soins post-operatoires,2025-04-15,6412
Traitement antipaludique,2023-11-26,9058
Traitement antibiotique,2025-10-12,1135
Soins post-operatoires,2025-06-11,5478
Traitement antibiotique,2023-06-28,5009
Traitement diabetique,2023-05-02,7196
Traitement antibiotique,2024-10-27,219
Consultation generale,2025-03-10,8615
Consultation generale,2025-12-11,2464
Consultation generale,2023-06-30,5791
Traitement antipaludique,2023-12-30,5076
Soins post-operatoires,2024-03-04,8009
Traitement antibiotique,2025-02-07,8089
Traitement antipaludique,2024-12-04,198
Suivi hypertension,2024-12-16,4096
Consultation generale,2023-09-08,6029
Traitement diabetique,2023-07-08,5854
Traitement diabetique,2025-04-22,4283
Suivi hypertension,2023-11-06,8045
Suivi hypertension,2024-06-26,5004
Traitement antipaludique,2025-08-20,4266
Consultation generale,2025-06-28,3643
Soins post-operatoires,2023-08-17,21
Suivi hypertension,2024-05-23,4326
Soins post-operatoires,2024-07-12,2674
Traitement diabetique,2023-02-21,9975
Soins post-operatoires,2023-09-30,3912
Consultation generale,2023-01-10,4496
Suivi hypertension,2023-08-03,5030
Suivi hypertension,2024-02-04,5417
Traitement antibiotique,2023-01-01,9881
Traitement antipaludique,2024-02-01,4561
Suivi hypertension,2024-03-25,5526
Traitement antibiotique,2024-02-13,7964
Traitement diabetique,2025-12-16,178
Soins post-operatoires,2025-07-06,1135
Traitement antipaludique,2024-09-03,5890
Consultation generale,2025-02-14,2688
Traitement diabetique,2024-05-17,7364
Traitement antipaludique,2023-08-21,6468
Consultation generale,2023-04-17,6132
Soins post-operatoires,2023-09-29,2821
Traitement antipaludique,2024-10-23,625
Suivi hypertension,2025-09-01,1626
Traitement antipaludique,2023-11-22,1166
Suivi hypertension,2023-12-29,8087
Consultation generale,2024-06-02,878
Soins post-operatoires,2025-06-07,5156
Traitement antibiotique,2025-11-24,5269
Traitement antipaludique,2023-01-05,904
Traitement diabetique,2023-11-03,364
Suivi hypertension,2023-05-08,9903
Soins post-operatoires,2025-05-25,398
Suivi hypertension,2025-09-10,2366
Traitement antipaludique,2023-01-27,2263
Consultation generale,2024-04-20,455
Traitement antibiotique,2023-11-01,7051
Consultation generale,2025-05-15,27
Traitement diabetique,2023-11-30,9468
Soins post-operatoires,2025-02-19,3348
Suivi hypertension,2024-01-02,766
Suivi hypertension,2023-04-09,3209
Suivi hypertension,2025-12-30,8106
Traitement antibiotique,2024-09-14,921
Consultation generale,2025-07-18,983
Traitement diabetique,2024-06-19,6583
Traitement diabetique,2024-07-30,498
Traitement antibiotique,2025-05-11,797
Consultation generale,2023-11-10,2418
Traitement antipaludique,2023-04-08,6310
Soins post-operatoires,2024-05-02,704
Traitement antibiotique,2024-03-31,3429
Traitement antibiotique,2024-09-17,5202
Traitement diabetique,2023-07-04,6429
Suivi hypertension,2025-06-17,240
Consultation generale,2023-06-12,3815
Traitement antipaludique,2025-01-26,8379
Traitement antipaludique,2025-07-02,3034
Suivi hypertension,2024-04-11,7723
Traitement diabetique,2023-02-24,6863
Traitement antibiotique,2024-03-26,628
Traitement diabetique,2023-10-04,8809
Consultation generale,2025-09-10,3981
Soins post-operatoires,2025-07-18,4255
Consultation generale,2023-12-20,535
Traitement diabetique,2025-12-19,7152
Traitement antibiotique,2024-12-15,9540
Traitement diabetique,2025-01-30,9459
Traitement antibiotique,2024-07-27,8817
Traitement antibiotique,2025-12-16,4813
Traitement antipaludique,2024-09-07,4154
Traitement diabetique,2024-11-17,8356
Consultation generale,2024-01-20,3086
Traitement antibiotique,2024-09-30,9968
Traitement antibiotique,2024-09-15,4991
Suivi hypertension,2024-07-18,6929
Traitement diabetique,2023-03-31,7744
Consultation generale,2024-04-20,8881
Suivi hypertension,2023-10-23,7272
Traitement diabetique,2024-05-08,7122
Suivi hypertension,2024-10-18,1325
Traitement antipaludique,2023-03-16,3033
Traitement antipaludique,2023-12-30,5644
Traitement antibiotique,2025-02-06,8557
Traitement diabetique,2023-07-16,7409
Traitement diabetique,2023-05-06,411
Traitement antipaludique,2023-12-01,1840
Traitement antibiotique,2023-01-29,3435
Consultation generale,2024-07-27,815
Suivi hypertension,2024-04-08,9364
Traitement diabetique,2023-06-03,9221
Traitement antibiotique,2023-10-03,3421
Soins post-operatoires,2024-07-19,7134
Traitement diabetique,2023-04-15,6807
Traitement antipaludique,2025-06-16,7292
Suivi hypertension,2025-01-04,4179
Traitement antibiotique,2023-10-20,4512
Traitement diabetique,2025-08-11,898
Traitement diabetique,2023-05-07,9715
Traitement antibiotique,2024-12-17,5641
Soins post-operatoires,2023-05-27,7479
Traitement diabetique,2024-05-21,2885
Consultation generale,2024-09-09,9051
Consultation generale,2025-03-02,9892
Soins post-operatoires,2025-03-02,2532
Traitement antibiotique,2023-07-22,1861
Consultation generale,2025-03-18,7032
Suivi hypertension,2025-05-06,8406
Soins post-operatoires,2024-10-26,6884
Consultation generale,2023-12-27,5138
Suivi hypertension,2023-12-23,1295
Consultation generale,2025-11-23,9959
Suivi hypertension,2024-01-10,8674
Traitement antipaludique,2025-08-26,746
Suivi hypertension,2023-01-21,2470
Suivi hypertension,2023-03-03,7530
Traitement antibiotique,2023-06-01,3128
Traitement antibiotique,2023-02-25,3586
Suivi hypertension,2024-03-20,976
Consultation generale,2025-11-05,2567
Consultation generale,2025-06-18,9579
Consultation generale,2023-01-23,2814
Traitement diabetique,2024-07-08,7738
Traitement antipaludique,2023-03-16,4425
Traitement antipaludique,2025-07-16,6142
Traitement antipaludique,2025-02-01,8970
Consultation generale,2024-06-03,9428
Traitement diabetique,2025-04-08,1804
Suivi hypertension,2024-12-28,3316
Traitement antibiotique,2025-09-20,1728
Consultation generale,2025-08-26,5852
Suivi hypertension,2024-12-30,9783
Suivi hypertension,2025-07-21,8059
Consultation generale,2025-08-05,7016
Traitement antipaludique,2024-04-25,420
Traitement diabetique,2025-02-12,8075
Suivi hypertension,2024-11-03,985
Traitement diabetique,2024-05-06,412
Traitement antipaludique,2025-04-20,1980
Soins post-operatoires,2025-10-19,5739
Consultation generale,2023-11-12,7512
Traitement diabetique,2024-12-12,6014
Traitement antibiotique,2025-10-27,8762
Suivi hypertension,2024-04-09,9606
Consultation generale,2023-08-23,6253
Soins post-operatoires,2023-11-12,8455
Soins post-operatoires,2025-01-05,7092
Traitement diabetique,2023-07-16,8871
Traitement antibiotique,2023-10-01,8282
Soins post-operatoires,2023-06-23,1190
Consultation generale,2023-08-11,9012
Suivi hypertension,2023-12-21,9994
Soins post-operatoires,2025-12-10,7254
Consultation generale,2023-08-29,9077
Traitement antipaludique,2025-11-26,2842
Traitement antibiotique,2025-07-17,4086
Traitement diabetique,2023-06-10,1977
Soins post-operatoires,2023-07-14,4897
Consultation generale,2024-10-19,9105
Soins post-operatoires,2023-04-19,8073
Soins post-operatoires,2025-10-16,7377
Traitement antibiotique,2023-09-07,9284
Consultation generale,2024-01-14,8653
Suivi hypertension,2024-11-25,229
Suivi hypertension,2024-02-22,3460
Consultation generale,2025-03-15,6021
Consultation generale,2024-02-17,8199
Consultation generale,2023-04-01,7442
Consultation generale,2024-06-20,6098
Traitement diabetique,2023-01-03,1322
Consultation generale,2024-12-07,9897
Traitement antibiotique,2025-10-08,2167
Traitement antipaludique,2023-01-23,3759
Soins post-operatoires,2025-11-01,976
Soins post-operatoires,2023-06-29,8010
Consultation generale,2025-04-02,1356
Suivi hypertension,2024-10-30,9207
Traitement antibiotique,2024-03-03,6339
Soins post-operatoires,2024-09-19,6914
Traitement diabetique,2023-05-19,1335
Soins post-operatoires,2023-04-15,2122
Traitement antipaludique,2023-10-23,4073
Traitement diabetique,2025-04-25,7492
Soins post-operatoires,2024-10-27,5849
Soins post-operatoires,2023-06-23,7612
Traitement antipaludique,2024-05-22,5320
Traitement antipaludique,2025-12-25,5179
Suivi hypertension,2025-01-12,8623
Traitement antibiotique,2025-02-26,3882
Traitement antibiotique,2023-06-17,5512
Suivi hypertension,2025-12-09,9673
Traitement diabetique,2023-02-12,8121
Suivi hypertension,2024-08-15,1535
Traitement antipaludique,2025-03-23,5248
Traitement antipaludique,2024-06-21,1489
Traitement antibiotique,2024-08-22,3514
Traitement antipaludique,2024-05-20,6431
Soins post-operatoires,2024-02-17,8166
Traitement antipaludique,2023-07-17,7758
Traitement antipaludique,2024-04-27,7378
Consultation generale,2025-11-19,3413
Traitement antibiotique,2024-02-03,1770
Traitement antipaludique,2024-06-29,7077
Traitement antipaludique,2023-05-29,3710
Traitement antibiotique,2024-09-24,7080
Soins post-operatoires,2023-08-19,8923
Traitement diabetique,2023-03-23,9923
Traitement antipaludique,2024-01-06,828
Consultation generale,2024-07-26,3460
Soins post-operatoires,2023-03-03,7641
Consultation generale,2025-02-05,8285
Traitement diabetique,2025-07-12,1000
Traitement antipaludique,2025-04-08,9866
Suivi hypertension,2024-09-19,3813
Suivi hypertension,2025-01-08,8807
Suivi hypertension,2025-04-01,6465
Traitement antipaludique,2024-01-30,520
Suivi hypertension,2024-09-14,1231
Traitement antibiotique,2024-04-01,7957
Soins post-operatoires,2024-02-11,8815
Suivi hypertension,2025-10-05,1553
Consultation generale,2025-08-19,784
Traitement antipaludique,2024-12-27,97
Soins post-operatoires,2024-09-02,6653
Consultation generale,2024-07-12,8229
Soins post-operatoires,2024-10-28,7028
Consultation generale,2024-08-29,3933
Traitement diabetique,2025-10-03,6853
Traitement antipaludique,2023-04-04,3564
Traitement antipaludique,2025-01-24,3352
Traitement diabetique,2023-04-25,4939
Traitement antipaludique,2023-05-29,7391
Traitement antibiotique,2025-04-26,5115
Traitement antibiotique,2023-02-22,2061
Traitement antipaludique,2023-02-13,1362
Traitement diabetique,2023-03-16,6706
Suivi hypertension,2025-12-28,7563
Consultation generale,2024-04-29,2188
Soins post-operatoires,2025-01-21,19
Traitement diabetique,2024-05-31,5262
Traitement antibiotique,2025-12-28,8933
Traitement antipaludique,2025-06-12,1274
Traitement antipaludique,2025-07-20,5125
Soins post-operatoires,2024-04-11,5181
Traitement antibiotique,2024-09-06,9466
Suivi hypertension,2025-02-25,8572
Suivi hypertension,2025-02-03,2472
Traitement antibiotique,2024-03-30,5674
Traitement antipaludique,2023-03-17,6325
Traitement antibiotique,2023-10-12,8750
Traitement antibiotique,2024-03-19,347
Traitement diabetique,2023-07-11,848
Traitement antibiotique,2024-07-07,1047
Suivi hypertension,2025-04-02,4312
Traitement diabetique,2023-09-28,1376
Soins post-operatoires,2024-03-10,8451
Soins post-operatoires,2025-11-12,9445
Consultation generale,2023-05-16,1409
Suivi hypertension,2023-06-05,2731
Consultation generale,2024-10-07,2687
Traitement antibiotique,2025-05-17,7211
Suivi hypertension,2023-04-17,9123
Consultation generale,2023-09-14,5323
Traitement antibiotique,2024-07-22,2524
Soins post-operatoires,2025-04-11,2483
Traitement antibiotique,2025-08-29,3268
Traitement antipaludique,2025-07-12,2604
Traitement diabetique,2023-12-28,4477
Soins post-operatoires,2024-08-25,788
Traitement antipaludique,2024-12-12,1718
Suivi hypertension,2025-09-08,4578
Soins post-operatoires,2024-09-09,1310
Traitement diabetique,2024-09-28,555
Traitement antibiotique,2023-05-22,1963
Consultation generale,2023-05-14,2787
Traitement diabetique,2024-03-21,5455
Traitement antipaludique,2023-07-09,6989
Consultation generale,2023-06-02,5677
Traitement antipaludique,2025-01-06,9016
Consultation generale,2023-10-16,7695
Suivi hypertension,2023-09-05,4861
Traitement diabetique,2023-08-14,3735
Traitement antipaludique,2025-09-25,8925
Suivi hypertension,2025-03-03,8760
Traitement antipaludique,2024-11-27,9666
Traitement antibiotique,2023-11-02,3410
Suivi hypertension,2025-01-20,4066
Suivi hypertension,2024-08-23,5576
Traitement antipaludique,2025-05-10,46
Traitement antipaludique,2023-09-24,6682
Consultation generale,2024-04-12,9896
Soins post-operatoires,2024-01-19,4414
Traitement antipaludique,2024-04-12,6372
Traitement antipaludique,2023-06-08,3590
Traitement antipaludique,2024-01-08,5164
Consultation generale,2024-03-25,1527
Soins post-operatoires,2025-12-19,7286
Traitement diabetique,2024-07-03,3758
Traitement antipaludique,2024-05-07,8944
Traitement antipaludique,2025-09-22,5641
Consultation generale,2024-01-08,678
Traitement antipaludique,2024-01-06,7766
Traitement diabetique,2025-01-03,7586
Soins post-operatoires,2023-05-29,4702
Consultation generale,2024-05-13,2980
Consultation generale,2023-12-02,8346
Suivi hypertension,2023-03-10,7648
Suivi hypertension,2023-11-08,6691
Traitement antipaludique,2025-03-27,8349
Traitement diabetique,2023-08-17,1047
Traitement diabetique,2025-03-01,3672
Traitement diabetique,2025-08-13,8235
Suivi hypertension,2024-06-23,7100
Traitement antibiotique,2025-03-19,6736
Consultation generale,2025-10-30,4574
Traitement diabetique,2025-09-07,835
Traitement antipaludique,2025-04-19,1868
Consultation generale,2025-09-29,8680
Traitement antipaludique,2024-10-14,6098
Soins post-operatoires,2024-12-29,7947
Consultation generale,2023-01-17,6056
Traitement diabetique,2024-11-17,7884
Traitement antibiotique,2025-09-20,782
Traitement antibiotique,2024-01-07,6957
Traitement antipaludique,2024-07-23,4964
Traitement antipaludique,2025-04-07,2645
Consultation generale,2024-10-14,6938
Traitement antibiotique,2025-09-22,8714
Suivi hypertension,2025-10-24,1014
Traitement antibiotique,2023-02-26,2005
Consultation generale,2023-04-25,5388
Traitement antipaludique,2024-01-26,3113
Traitement antibiotique,2025-02-11,5474
Soins post-operatoires,2023-02-12,1728
Traitement antipaludique,2023-08-29,7836
Traitement diabetique,2025-06-08,6110
Consultation generale,2025-01-02,9414
Traitement diabetique,2023-11-26,4390
Soins post-operatoires,2025-01-28,8529
Soins post-operatoires,2025-05-03,9096
Traitement diabetique,2024-12-21,2852
Traitement antipaludique,2023-03-23,7762
Suivi hypertension,2024-06-17,242
Consultation generale,2025-07-05,3303
Soins post-operatoires,2024-12-29,6719
Soins post-operatoires,2025-07-23,8133
Traitement antipaludique,2023-12-02,9518
Traitement diabetique,2025-09-25,237
Traitement diabetique,2025-02-17,8932
Soins post-operatoires,2025-04-02,5518
Suivi hypertension,2024-12-06,318
Traitement diabetique,2025-01-04,5020
Traitement antipaludique,2024-09-17,6253
Soins post-operatoires,2023-01-09,6562
Traitement antipaludique,2025-04-01,1085
Traitement diabetique,2025-11-08,3326
Soins post-operatoires,2025-04-06,2867
Soins post-operatoires,2025-08-24,495
Consultation generale,2025-12-25,4082
Traitement diabetique,2024-04-02,9836
Traitement antibiotique,2025-09-17,7698
Soins post-operatoires,2023-09-04,9924
Traitement diabetique,2023-03-13,9185
Suivi hypertension,2024-04-24,1731
Suivi hypertension,2023-04-30,8640
Traitement diabetique,2025-03-04,4774
Soins post-operatoires,2023-11-07,4324
Traitement antipaludique,2025-06-11,8213
Suivi hypertension,2025-06-06,7164
Suivi hypertension,2025-11-28,3649
Traitement antipaludique,2023-01-13,219
Traitement diabetique,2023-07-31,5570
Consultation generale,2025-07-02,4864
Traitement antibiotique,2024-10-01,9165
Traitement diabetique,2025-06-12,2243
Traitement diabetique,2023-05-27,4989
Traitement diabetique,2023-06-14,7661
Traitement antipaludique,2023-02-14,7442
Suivi hypertension,2023-06-23,1975
Traitement antipaludique,2025-01-10,7635
Traitement diabetique,2023-12-26,648
Soins post-operatoires,2025-02-23,4367
Traitement antibiotique,2024-12-22,7734
Traitement antibiotique,2023-05-06,6374
Traitement antipaludique,2023-12-02,5536
Suivi hypertension,2023-06-13,4955
Suivi hypertension,2025-11-12,6635
Soins post-operatoires,2024-02-24,4860
Soins post-operatoires,2024-06-18,8933
Traitement antibiotique,2025-03-06,3225
Consultation generale,2024-08-01,5372
Traitement antibiotique,2023-12-11,7528
Traitement diabetique,2025-09-27,4144
Traitement antipaludique,2023-11-01,9766
Traitement diabetique,2025-04-22,3860
Suivi hypertension,2024-04-06,8876
Soins post-operatoires,2024-07-05,4102
Suivi hypertension,2024-05-29,2946
Traitement antibiotique,2023-09-24,6605
Soins post-operatoires,2025-09-28,1985
Soins post-operatoires,2025-09-17,6686
Traitement antibiotique,2024-11-27,8450
Soins post-operatoires,2025-01-07,6271
Consultation generale,2024-03-09,7515
Soins post-operatoires,2024-12-24,8708
Traitement antibiotique,2025-10-27,5892
Suivi hypertension,2024-07-22,4242
Soins post-operatoires,2025-02-18,9271
Traitement antibiotique,2024-07-09,6271
Consultation generale,2025-11-03,3925
Traitement antipaludique,2023-05-12,4381
Consultation generale,2024-06-26,4367
Traitement antipaludique,2025-02-22,8015
Traitement antibiotique,2025-02-16,7155
Traitement diabetique,2023-12-15,3222
Soins post-operatoires,2025-12-20,9857
Traitement antibiotique,2023-12-04,6387
Suivi hypertension,2024-03-19,181
Suivi hypertension,2025-11-17,149
Consultation generale,2024-02-09,4550
Traitement antipaludique,2024-11-04,4893
Traitement antibiotique,2024-05-13,2204
Consultation generale,2024-02-07,8414
Consultation generale,2024-12-27,8453
Consultation generale,2024-03-17,3913
Traitement diabetique,2025-03-04,4274
Traitement antipaludique,2024-05-01,9997
Suivi hypertension,2023-06-21,6548
Traitement diabetique,2025-05-28,6606
Traitement antibiotique,2024-06-25,1991
Traitement diabetique,2025-12-12,1602
Consultation generale,2023-07-13,120
Soins post-operatoires,2023-04-13,2352
Soins post-operatoires,2024-06-13,9522
Suivi hypertension,2025-03-11,4750
Traitement antipaludique,2023-05-26,8891
Traitement antipaludique,2024-05-04,6347
Suivi hypertension,2024-09-26,7371
Consultation generale,2025-12-19,3279
Consultation generale,2023-03-20,7781
Soins post-operatoires,2025-07-29,7263
Soins post-operatoires,2023-06-04,27
Traitement antibiotique,2023-06-03,85
Traitement antibiotique,2023-11-09,1183
Traitement antipaludique,2023-01-27,3496
Suivi hypertension,2025-08-16,6137
Traitement antibiotique,2024-10-11,4464
Consultation generale,2024-01-20,5494
Suivi hypertension,2025-01-18,8748
Soins post-operatoires,2025-03-28,1954
Soins post-operatoires,2023-09-06,6388
Consultation generale,2025-07-08,8523
Consultation generale,2023-09-02,2460
Traitement antibiotique,2024-05-30,9986
Suivi hypertension,2025-07-26,2180
Suivi hypertension,2023-07-24,3524
Suivi hypertension,2023-08-18,334
Traitement antipaludique,2024-08-11,1739
Soins post-operatoires,2024-03-05,5592
Consultation generale,2023-08-02,1853
Traitement antibiotique,2024-02-23,7124
Suivi hypertension,2025-12-13,5420
Traitement antipaludique,2025-01-13,9135
Suivi hypertension,2025-12-21,3995
Suivi hypertension,2023-12-08,8789
Traitement antipaludique,2023-11-13,4541
Traitement diabetique,2024-04-21,3414
Traitement diabetique,2024-01-05,7006
Suivi hypertension,2025-05-12,6798
Traitement diabetique,2024-05-03,1159
Traitement antibiotique,2023-02-19,6573
Suivi hypertension,2023-06-24,4117
Suivi hypertension,2025-10-23,3678
Suivi hypertension,2023-09-07,5587
Traitement diabetique,2025-02-16,3902
Traitement antipaludique,2025-03-30,9963
Traitement antibiotique,2023-10-13,2874
Suivi hypertension,2023-04-02,6153
Traitement diabetique,2025-09-21,4527
Soins post-operatoires,2025-07-14,5842
Consultation generale,2025-07-12,373
Traitement diabetique,2025-08-06,4601
Consultation generale,2024-05-13,6666
Traitement diabetique,2023-09-04,3784
Suivi hypertension,2024-05-09,8215
Traitement antibiotique,2025-03-06,2977
Traitement antibiotique,2025-09-20,7469
Traitement antibiotique,2025-11-18,7833
Consultation generale,2023-04-25,1548
Traitement antipaludique,2025-04-11,6560
Traitement antipaludique,2024-07-28,8735
Traitement diabetique,2023-01-24,9990
Consultation generale,2025-02-13,8896
Soins post-operatoires,2023-05-09,6511
Soins post-operatoires,2023-08-02,8834
Traitement antibiotique,2023-04-20,1653
Traitement antipaludique,2023-01-07,3922
Traitement antibiotique,2024-05-20,255
Traitement antipaludique,2023-04-05,5942
Traitement antibiotique,2023-07-07,8147
Traitement diabetique,2025-01-16,7651
Traitement antibiotique,2025-04-04,9712
Traitement antibiotique,2023-04-26,9496
Consultation generale,2023-02-18,448
Soins post-operatoires,2024-09-29,1667
Soins post-operatoires,2023-10-23,7157
Suivi hypertension,2024-09-06,6274
Consultation generale,2025-09-29,3260
Soins post-operatoires,2024-02-07,7229
Traitement antibiotique,2025-09-27,951
Soins post-operatoires,2024-12-08,3459
Suivi hypertension,2023-02-27,3522
Suivi hypertension,2025-03-12,9371
Suivi hypertension,2025-07-22,5823
Traitement diabetique,2024-06-23,979
Soins post-operatoires,2023-12-18,2608
Suivi hypertension,2023-04-05,2503
Traitement diabetique,2025-09-30,8151
Traitement antibiotique,2025-05-10,9545
Traitement antibiotique,2023-05-14,795
Suivi hypertension,2025-07-02,6794
Consultation generale,2023-02-15,4551
Traitement antibiotique,2023-05-06,3218
Traitement antipaludique,2023-07-01,5984
Traitement antipaludique,2024-05-18,861
Consultation generale,2025-10-24,1833
Traitement antipaludique,2024-12-03,6626
Traitement diabetique,2025-05-20,4
Suivi hypertension,2024-08-04,3493
Consultation generale,2023-09-17,185
Traitement antipaludique,2025-10-01,1307
Traitement antipaludique,2025-03-07,4564
Consultation generale,2023-07-22,4559
Traitement diabetique,2023-11-15,2647
Consultation generale,2024-09-14,9851
Soins post-operatoires,2023-08-09,4788
Traitement antipaludique,2025-07-23,6960
Suivi hypertension,2025-02-14,4038
Traitement antibiotique,2023-01-04,9770
Traitement antipaludique,2023-02-21,5324
Traitement antibiotique,2023-06-20,8841
Traitement diabetique,2024-02-22,8698
Traitement diabetique,2023-01-11,8309
Suivi hypertension,2024-05-01,3926
Traitement diabetique,2024-07-16,8969
Soins post-operatoires,2023-01-25,42
Traitement antibiotique,2024-12-13,1786
Traitement diabetique,2024-11-03,3039
Traitement antibiotique,2025-06-26,3754
Traitement diabetique,2025-11-02,7597
Traitement diabetique,2023-12-21,4107
Traitement diabetique,2023-06-08,2264
Suivi hypertension,2023-08-30,2150
Soins post-operatoires,2024-05-26,7608
Soins post-operatoires,2023-02-05,9631
Traitement antibiotique,2024-04-08,2126
Soins post-operatoires,2023-04-21,4549
Suivi hypertension,2024-06-23,307
Consultation generale,2025-02-20,7635
Suivi hypertension,2025-10-10,2446
Consultation generale,2023-12-05,6167
Soins post-operatoires,2025-06-14,2726
Consultation generale,2023-12-31,4758
Traitement diabetique,2025-05-24,6464
Traitement diabetique,2024-07-25,4900
Soins post-operatoires,2025-11-06,8088
Suivi hypertension,2024-08-22,6711
Traitement diabetique,2024-10-23,4667
Suivi hypertension,2023-03-25,4436
Suivi hypertension,2025-02-26,247
Soins post-operatoires,2023-12-25,8737
Traitement diabetique,2023-11-05,4582
Traitement antibiotique,2025-12-06,1299
Consultation generale,2024-03-30,7821
Suivi hypertension,2024-10-26,1493
Consultation generale,2025-05-31,8712
Traitement antipaludique,2025-07-17,8050
Traitement antipaludique,2024-11-08,4064
Traitement antibiotique,2024-10-11,522
Traitement diabetique,2024-10-01,3686
Soins post-operatoires,2024-04-19,1171
Soins post-operatoires,2025-06-08,5873
Soins post-operatoires,2023-07-30,5501
Suivi hypertension,2025-05-25,1943
Consultation generale,2024-06-15,1126
Consultation generale,2024-09-04,9450
Soins post-operatoires,2023-05-27,100
Consultation generale,2025-07-29,9068
Soins post-operatoires,2024-12-17,5520
Consultation generale,2023-07-23,5237
Traitement antibiotique,2023-06-07,6821
Consultation generale,2023-02-06,9857
Soins post-operatoires,2024-04-28,120
Traitement antibiotique,2025-11-25,4658
Traitement antibiotique,2023-08-30,985
Suivi hypertension,2025-06-05,6347
Traitement antibiotique,2025-03-04,7898
Suivi hypertension,2025-09-28,133
Traitement diabetique,2024-04-26,4016
Traitement diabetique,2025-05-02,1170
Consultation generale,2024-12-02,769
Soins post-operatoires,2023-06-08,736
Suivi hypertension,2023-09-01,6946
Soins post-operatoires,2025-06-01,3199
Consultation generale,2024-09-28,7141
Soins post-operatoires,2024-01-16,6089
Traitement antibiotique,2023-09-21,9523
Consultation generale,2024-07-13,8555
Soins post-operatoires,2024-12-18,9100
Consultation generale,2024-10-30,7901
Traitement antibiotique,2023-12-13,5830
Traitement diabetique,2025-06-25,3572
Suivi hypertension,2025-03-06,6116
Traitement diabetique,2024-02-29,8336
Consultation generale,2025-08-22,7785
Traitement diabetique,2025-07-12,3161
Soins post-operatoires,2024-03-16,3875
Suivi hypertension,2025-06-06,8124
Soins post-operatoires,2023-01-18,4080
Soins post-operatoires,2025-12-12,8515
Traitement antibiotique,2023-09-28,2580
Traitement antibiotique,2023-08-19,7733
Traitement antibiotique,2023-10-15,1684
Suivi hypertension,2024-02-01,154
Soins post-operatoires,2023-01-11,274
Consultation generale,2023-06-25,4567
Consultation generale,2023-02-15,9649
Suivi hypertension,2024-01-15,2969
Traitement antibiotique,2025-10-19,8937
Traitement diabetique,2025-05-10,6169
Traitement antipaludique,2024-04-02,6272
Traitement antibiotique,2023-11-02,1235
Traitement diabetique,2023-01-14,1749
Traitement antipaludique,2024-11-16,4848
Traitement diabetique,2025-03-22,3905
Traitement diabetique,2025-02-02,7120
Soins post-operatoires,2023-11-01,3587
Traitement diabetique,2024-06-30,6706
Traitement antibiotique,2025-02-09,1017
Traitement diabetique,2023-07-16,6164
Soins post-operatoires,2024-09-22,2642
Traitement diabetique,2023-04-08,2774
Traitement antipaludique,2024-07-23,2335
Soins post-operatoires,2025-04-14,6957
Traitement diabetique,2024-11-25,9904
Traitement antipaludique,2023-11-20,9863
Suivi hypertension,2023-07-14,1122
Consultation generale,2025-05-19,776
Soins post-operatoires,2023-01-17,6269
Traitement antipaludique,2025-08-06,3825
Traitement antipaludique,2024-05-21,8839
Traitement antibiotique,2025-05-02,793
Consultation generale,2024-12-22,568
Traitement antipaludique,2023-09-19,6672
Traitement antibiotique,2023-06-21,6882
Traitement antipaludique,2023-04-29,3850
Consultation generale,2023-10-09,7284
Consultation generale,2023-02-15,3904
Traitement antipaludique,2025-10-01,5201
Suivi hypertension,2025-07-28,1813
Traitement diabetique,2024-10-05,957
Suivi hypertension,2023-01-09,9976
Traitement antipaludique,2024-07-08,4914
Consultation generale,2024-10-24,8382
Traitement antibiotique,2025-11-17,8434
Consultation generale,2023-02-15,6555
Soins post-operatoires,2025-06-11,467
Traitement diabetique,2023-04-28,5256
Suivi hypertension,2023-10-07,5995
Traitement antibiotique,2025-02-10,1980
Soins post-operatoires,2024-09-30,9768
Soins post-operatoires,2024-04-03,3700
Traitement antibiotique,2025-10-19,7174
Traitement antibiotique,2024-03-17,2882
Traitement antipaludique,2025-12-16,2521
Consultation generale,2025-08-05,5508
Soins post-operatoires,2025-10-19,1614
Traitement diabetique,2024-01-05,2283
Soins post-operatoires,2025-09-24,8652
Suivi hypertension,2025-07-12,4758
Soins post-operatoires,2025-10-11,4223
Traitement antibiotique,2025-08-14,2368
Suivi hypertension,2025-06-02,4129
Consultation generale,2024-11-14,9441
Traitement diabetique,2025-11-22,8312
Traitement antibiotique,2023-09-29,6024
Suivi hypertension,2024-03-14,6160
Consultation generale,2025-06-28,2756
Traitement diabetique,2023-08-02,9341
Traitement antipaludique,2025-02-25,6637
Traitement diabetique,2023-11-07,5970
Soins post-operatoires,2025-06-24,1351
Traitement antibiotique,2024-05-12,9633
Suivi hypertension,2023-12-02,972
Consultation generale,2023-01-15,5276
Traitement diabetique,2023-11-04,1749
Traitement diabetique,2024-11-28,2982
Soins post-operatoires,2024-12-23,1925
Traitement antipaludique,2023-01-17,9105
Traitement antibiotique,2023-11-09,6270
Consultation generale,2023-10-15,8798
Traitement antibiotique,2024-03-13,2536
Soins post-operatoires,2023-07-12,9968
Consultation generale,2025-09-11,9749
Traitement antipaludique,2025-07-21,334
Traitement diabetique,2025-06-22,6346
Traitement antibiotique,2023-10-01,1878
Suivi hypertension,2023-05-02,8631
Traitement diabetique,2025-11-08,272
Soins post-operatoires,2023-06-28,1910
Traitement diabetique,2025-05-02,1340
Suivi hypertension,2023-07-11,4020
Suivi hypertension,2023-07-26,2825
Soins post-operatoires,2024-12-21,4471
Traitement antipaludique,2023-04-27,5515
Traitement antibiotique,2025-06-28,8401
Traitement antibiotique,2025-11-02,916
Traitement antibiotique,2025-07-29,589
Traitement antibiotique,2024-09-07,3118
Suivi hypertension,2023-01-28,9443
Traitement antibiotique,2025-09-27,4303
Suivi hypertension,2024-12-26,3022
Soins post-operatoires,2023-06-19,2057
Soins post-operatoires,2025-10-01,658
Soins post-operatoires,2024-06-09,3271
Traitement diabetique,2023-10-21,8712
Traitement antibiotique,2024-09-17,591
Soins post-operatoires,2023-02-22,2838
Suivi hypertension,2023-03-29,9949
Traitement antibiotique,2025-04-08,9971
Suivi hypertension,2023-04-17,9021
Consultation generale,2023-11-06,2950
Suivi hypertension,2023-05-09,4981
Traitement diabetique,2023-04-19,3423
Traitement antibiotique,2024-06-15,8173
Suivi hypertension,2024-11-11,9552
Traitement antipaludique,2024-10-08,5375
Soins post-operatoires,2025-12-07,1300
Traitement antibiotique,2025-09-25,3698
Traitement antibiotique,2025-10-27,4063
Traitement antipaludique,2025-06-17,7092
Consultation generale,2025-01-17,8651
Traitement antibiotique,2024-04-21,9585
Traitement antipaludique,2025-11-13,6623
Traitement antipaludique,2024-01-12,188
Traitement antipaludique,2024-03-31,762
Traitement diabetique,2023-02-03,272
Traitement antipaludique,2024-01-25,4680
Traitement diabetique,2024-09-11,2152
Traitement diabetique,2025-01-24,5852
Soins post-operatoires,2023-12-18,227
Traitement diabetique,2024-10-14,5065
Soins post-operatoires,2024-10-28,7408
Suivi hypertension,2023-11-18,8870
Consultation generale,2024-12-24,2017
Traitement antibiotique,2024-01-08,7138
Soins post-operatoires,2024-10-22,9785
Suivi hypertension,2025-03-23,2564
Consultation generale,2025-01-10,4937
Suivi hypertension,2025-10-20,1098
Traitement antipaludique,2024-10-04,8605
Traitement antibiotique,2023-03-02,6822
Traitement antipaludique,2023-09-06,3035
Traitement antipaludique,2024-10-07,5193
Suivi hypertension,2023-08-03,4204
Traitement diabetique,2024-03-09,4546
Consultation generale,2025-01-26,4539
Traitement antipaludique,2024-03-08,4920
Traitement antipaludique,2023-03-02,6892
Soins post-operatoires,2025-06-22,4946
Soins post-operatoires,2023-07-23,4296
Traitement antibiotique,2023-04-23,8113
Traitement antibiotique,2024-03-16,5026
Traitement antipaludique,2023-07-03,9122
Traitement diabetique,2024-05-17,834
Traitement diabetique,2023-03-24,7538
Soins post-operatoires,2023-10-08,2819
Suivi hypertension,2023-08-14,6288
Suivi hypertension,2025-03-23,4699
Traitement antibiotique,2023-02-12,481
Soins post-operatoires,2024-08-29,3392
Traitement antipaludique,2024-10-23,6919
Traitement diabetique,2023-07-15,7609
Traitement diabetique,2025-07-05,4977
Consultation generale,2024-02-20,8659
Traitement diabetique,2025-05-04,7790
Suivi hypertension,2024-09-19,6960
Traitement antibiotique,2024-08-04,1330
Suivi hypertension,2025-05-11,4681
Traitement antipaludique,2023-10-23,6990
Traitement antibiotique,2025-10-18,3839
Soins post-operatoires,2024-08-21,4801
Traitement antipaludique,2023-09-25,4891
Traitement diabetique,2023-10-14,4816
Suivi hypertension,2023-05-12,3161
Soins post-operatoires,2024-10-08,9794
Suivi hypertension,2025-10-02,3450
Traitement antipaludique,2023-09-06,3798
Traitement antibiotique,2023-05-04,4554
Consultation generale,2024-04-27,4893
Suivi hypertension,2025-04-17,2099
Soins post-operatoires,2025-03-27,2786
Soins post-operatoires,2024-02-29,3546
Traitement antipaludique,2024-07-07,26
Soins post-operatoires,2023-05-21,6834
Traitement antipaludique,2024-09-16,1998
Traitement antipaludique,2024-01-23,7774
Traitement antibiotique,2023-03-08,765
Traitement antipaludique,2023-02-17,5881
Soins post-operatoires,2024-04-30,5602
Traitement antibiotique,2023-02-11,6925
Suivi hypertension,2025-06-10,4174
Soins post-operatoires,2025-01-16,8569
Consultation generale,2025-08-15,2298
Suivi hypertension,2024-01-28,1337
Suivi hypertension,2025-03-17,8906
Soins post-operatoires,2025-10-23,1975
Traitement antibiotique,2024-08-02,8485
Consultation generale,2024-11-06,2759
Soins post-operatoires,2025-06-30,545
Suivi hypertension,2025-09-03,2931
Traitement diabetique,2023-08-30,8746
Soins post-operatoires,2025-10-27,6684
Traitement antipaludique,2025-06-11,588
Traitement antibiotique,2025-02-26,2947
Consultation generale,2024-05-02,9717
Consultation generale,2023-03-30,2764
Consultation generale,2023-03-16,4798
Suivi hypertension,2025-08-25,9500
Traitement antibiotique,2024-05-30,3111
Traitement antibiotique,2023-12-22,4305
Suivi hypertension,2024-04-19,1785
Soins post-operatoires,2025-03-21,1237
Consultation generale,2025-06-23,3205
Consultation generale,2025-11-02,6186
Consultation generale,2025-01-11,1933
Traitement antibiotique,2023-10-11,6172
Soins post-operatoires,2024-02-06,8856
Traitement antipaludique,2024-02-16,8489
Traitement diabetique,2025-08-11,7215
Suivi hypertension,2023-09-20,2071
Soins post-operatoires,2023-08-27,8239
Traitement diabetique,2024-11-06,367
Traitement antibiotique,2023-01-09,1475
Suivi hypertension,2025-12-13,3965
Suivi hypertension,2024-12-18,8558
Soins post-operatoires,2024-07-25,740
Traitement antibiotique,2024-10-25,9080
Soins post-operatoires,2023-06-05,830
Suivi hypertension,2025-02-17,447
Traitement antibiotique,2025-07-01,1383
Suivi hypertension,2025-03-19,3016
Soins post-operatoires,2025-08-18,5075
Traitement antibiotique,2023-12-18,6727
Traitement antibiotique,2024-05-13,6773
Suivi hypertension,2025-10-30,5364
Suivi hypertension,2023-07-27,2153
Traitement diabetique,2025-11-07,6166
Traitement antibiotique,2025-12-12,2624
Soins post-operatoires,2025-03-31,3073
Soins post-operatoires,2025-12-19,3445
Suivi hypertension,2025-08-30,1071
Traitement diabetique,2025-06-10,4163
Consultation generale,2024-07-13,1220
Traitement diabetique,2025-06-16,9254
Suivi hypertension,2023-08-02,12
Traitement antibiotique,2024-06-03,3192
Consultation generale,2024-09-13,7499
Traitement antipaludique,2025-11-01,5586
Traitement diabetique,2023-02-23,3464
Traitement antipaludique,2023-06-14,9838
Traitement antibiotique,2024-08-22,2738
Suivi hypertension,2024-01-26,5712
Traitement diabetique,2023-05-11,2156
Soins post-operatoires,2024-01-09,7801
Suivi hypertension,2023-06-11,6199
Traitement diabetique,2023-05-21,9541
Consultation generale,2023-07-01,9605
Traitement antipaludique,2023-11-29,1630
Traitement diabetique,2024-06-21,6995
Traitement diabetique,2023-07-15,1360
Traitement diabetique,2025-06-02,5786
Traitement antibiotique,2024-12-16,7999
Consultation generale,2024-01-05,475
Traitement diabetique,2025-09-24,5675
Traitement diabetique,2025-08-06,1052
Traitement antibiotique,2025-12-21,9705
Traitement diabetique,2025-11-14,542
Traitement antibiotique,2025-04-06,3716
Traitement antibiotique,2024-06-28,5959
Suivi hypertension,2023-10-02,6656
Consultation generale,2025-06-08,7050
Traitement antibiotique,2024-02-25,6359
Consultation generale,2025-05-31,1081
Traitement diabetique,2023-11-10,330
Traitement diabetique,2024-05-04,2623
Suivi hypertension,2025-02-03,7997
Consultation generale,2025-07-09,9063
Traitement antibiotique,2023-11-25,5184
Traitement diabetique,2023-06-27,3000
Soins post-operatoires,2025-12-05,5928
Soins post-operatoires,2023-12-20,2029
Traitement diabetique,2023-01-07,2133
Traitement antibiotique,2025-07-03,7773
Traitement antibiotique,2023-03-13,1702
Soins post-operatoires,2025-01-19,7180
Traitement antipaludique,2023-01-11,3184
Traitement antipaludique,2025-07-31,261
Traitement antibiotique,2023-05-08,4486
Consultation generale,2023-12-29,97
Traitement antipaludique,2023-07-08,2068
Consultation generale,2025-12-12,8672
Soins post-operatoires,2023-08-24,3426
Traitement antibiotique,2025-06-11,6565
Suivi hypertension,2025-06-24,8820
Traitement antibiotique,2023-04-18,6024
Traitement antipaludique,2024-05-26,4921
Soins post-operatoires,2025-10-22,5797
Traitement antibiotique,2023-08-05,6556
Suivi hypertension,2024-08-16,7093
Soins post-operatoires,2025-02-15,1353
Traitement antipaludique,2025-11-24,1372
Consultation generale,2025-06-20,9250
Traitement diabetique,2025-07-18,4830
Traitement diabetique,2023-10-09,6578
Soins post-operatoires,2024-06-28,8474
Consultation generale,2025-05-21,8131
Traitement antibiotique,2023-10-25,608
Soins post-operatoires,2023-10-24,9201
Soins post-operatoires,2024-03-09,897
Traitement diabetique,2024-09-29,2150
Consultation generale,2024-09-04,6708
Traitement antipaludique,2025-05-13,1152
Traitement diabetique,2024-04-08,5770
Suivi hypertension,2023-01-25,7145
Traitement diabetique,2025-01-09,5121
Traitement antibiotique,2025-09-07,4924
Soins post-operatoires,2024-02-27,685
Traitement diabetique,2023-07-11,6538
Traitement antipaludique,2023-03-02,9518
Suivi hypertension,2024-03-02,1117
Consultation generale,2024-05-07,1240
Traitement antibiotique,2025-04-13,8656
Traitement antibiotique,2024-12-21,5881
Soins post-operatoires,2025-06-02,5821
Traitement diabetique,2024-07-02,7325
Consultation generale,2025-05-31,2177
Traitement antibiotique,2023-01-04,9445
Soins post-operatoires,2023-01-21,6929
Soins post-operatoires,2023-04-23,1127
Suivi hypertension,2024-11-09,8592
Consultation generale,2025-03-16,2180
Traitement antipaludique,2025-07-28,5878
Traitement diabetique,2025-01-26,7017
Traitement antipaludique,2023-06-28,821
Soins post-operatoires,2024-03-28,6346
Traitement diabetique,2023-06-21,6036
Suivi hypertension,2023-07-09,6377
Traitement antipaludique,2025-04-24,6983
Soins post-operatoires,2024-10-17,7941
Suivi hypertension,2023-08-26,4975
Consultation generale,2025-07-16,100
Suivi hypertension,2023-04-16,7645
Traitement antibiotique,2024-08-21,6709
Soins post-operatoires,2023-01-04,3481
Suivi hypertension,2024-07-14,431
Traitement antipaludique,2024-11-10,7713
Suivi hypertension,2025-03-18,720
Consultation generale,2024-11-11,1485
Suivi hypertension,2023-08-12,1000
Traitement diabetique,2024-07-19,9120
Traitement antibiotique,2024-04-09,3757
Soins post-operatoires,2024-11-16,7679
Traitement antipaludique,2024-12-02,658
Traitement diabetique,2025-11-17,8183
Traitement antibiotique,2025-03-01,6612
Suivi hypertension,2025-07-02,1061
Suivi hypertension,2024-10-07,1599
Traitement diabetique,2023-12-24,7568
Traitement antibiotique,2024-04-19,2445
Suivi hypertension,2025-12-02,4503
Traitement antibiotique,2023-12-24,8622
Traitement antipaludique,2024-12-22,3232
Traitement diabetique,2023-11-03,5333
Traitement antibiotique,2025-12-23,2760
Consultation generale,2024-02-15,4762
Traitement antibiotique,2024-11-27,8982
Consultation generale,2023-10-08,9870
Traitement diabetique,2025-01-30,1556
Consultation generale,2023-09-23,7471
Suivi hypertension,2023-07-15,4903
Traitement diabetique,2023-11-30,8923
Soins post-operatoires,2023-11-30,8863
Soins post-operatoires,2023-02-15,2593
Consultation generale,2025-03-18,1723
Traitement diabetique,2023-04-19,5946
Traitement diabetique,2024-02-04,8476
Consultation generale,2023-02-03,8095
Traitement antipaludique,2023-01-17,6196
Consultation generale,2024-04-25,560
Consultation generale,2023-02-07,3647
Traitement diabetique,2024-03-19,5915
Traitement antibiotique,2024-02-26,9070
Consultation generale,2025-10-01,4467
Traitement antibiotique,2024-03-02,7660
Traitement antipaludique,2024-12-12,5079
Traitement antipaludique,2025-08-31,6560
Suivi hypertension,2025-10-15,419
Suivi hypertension,2024-11-14,9535
Suivi hypertension,2023-08-07,1824
Suivi hypertension,2025-06-19,6286
Traitement antipaludique,2024-08-05,4418
Consultation generale,2024-03-24,6867
Soins post-operatoires,2023-03-10,3939
Traitement antipaludique,2024-01-09,5664
Consultation generale,2025-04-26,3464
Soins post-operatoires,2025-12-26,5620
Consultation generale,2024-08-11,8348
Soins post-operatoires,2025-10-27,4534
Soins post-operatoires,2025-12-03,944
Soins post-operatoires,2023-05-01,5095
Traitement diabetique,2025-01-02,2196
Consultation generale,2024-12-28,4927
Soins post-operatoires,2024-07-25,1593
Traitement antipaludique,2025-01-09,5243
Traitement antipaludique,2023-09-04,4839
Traitement diabetique,2024-03-16,2214
Consultation generale,2023-04-22,6329
Traitement antibiotique,2025-05-15,4933
Traitement diabetique,2024-04-08,8202
Traitement antipaludique,2025-02-21,955
Traitement antibiotique,2025-01-17,9636
Consultation generale,2023-01-22,1179
Traitement antipaludique,2023-11-20,5630
Suivi hypertension,2024-03-14,1139
Consultation generale,2023-09-14,2972
Traitement diabetique,2025-10-07,6021
Suivi hypertension,2024-04-11,3690
Soins post-operatoires,2023-04-01,7587
Consultation generale,2025-01-20,2102
Traitement antibiotique,2024-07-08,5445
Soins post-operatoires,2024-08-01,5534
Traitement diabetique,2024-08-05,8765
Consultation generale,2024-02-28,3958
Consultation generale,2025-03-08,3100
Traitement antibiotique,2024-03-22,6166
Soins post-operatoires,2024-02-12,9495
Soins post-operatoires,2025-02-20,7431
Consultation generale,2023-01-17,1634
Suivi hypertension,2024-09-03,651
Traitement antibiotique,2025-09-19,7648
Traitement antipaludique,2025-06-22,2497
Traitement diabetique,2025-06-16,452
Soins post-operatoires,2024-08-17,117
Soins post-operatoires,2023-04-04,5526
Soins post-operatoires,2023-12-16,7986
Soins post-operatoires,2024-12-09,7438
Traitement antibiotique,2025-09-20,820
Traitement diabetique,2023-06-24,9057
Traitement antipaludique,2024-06-04,1030
Traitement antibiotique,2024-07-05,2611
Suivi hypertension,2023-05-25,5791
Traitement antibiotique,2025-01-16,1817
Traitement antipaludique,2023-11-09,7079
Consultation generale,2025-09-26,5995
Traitement antibiotique,2023-09-12,6779
Suivi hypertension,2023-06-19,9369
Soins post-operatoires,2023-03-26,9769
Traitement antipaludique,2023-06-18,5856
Soins post-operatoires,2023-10-31,8450
Soins post-operatoires,2025-03-04,5107
Traitement antibiotique,2024-09-09,8271
Traitement diabetique,2025-04-21,9523
Traitement antibiotique,2025-01-26,6672
Consultation generale,2025-07-14,119
Consultation generale,2024-08-26,8688
Soins post-operatoires,2023-12-03,5159
Soins post-operatoires,2024-12-13,8118
Traitement antibiotique,2023-12-11,9860
Suivi hypertension,2023-08-27,6282
Traitement antibiotique,2025-01-02,5569
Traitement antipaludique,2025-06-24,3085
Traitement antipaludique,2024-07-20,9239
Traitement antibiotique,2023-11-26,5280
Traitement antipaludique,2024-02-18,3321
Soins post-operatoires,2024-01-30,8854
Traitement antibiotique,2024-08-24,5613
Soins post-operatoires,2024-08-02,8892
Traitement antibiotique,2023-08-10,3412
Traitement diabetique,2023-09-25,4726
Soins post-operatoires,2023-01-14,3022
Consultation generale,2023-11-21,4574
Traitement antipaludique,2025-02-25,2130
Traitement diabetique,2023-02-26,6371
Suivi hypertension,2025-02-23,1817
Consultation generale,2025-09-27,4244
Traitement antibiotique,2025-01-05,8329
Soins post-operatoires,2025-05-18,3003
Traitement antibiotique,2023-05-28,2820
Traitement diabetique,2024-10-11,3373
Consultation generale,2024-11-08,411
Traitement diabetique,2023-09-06,6665
Consultation generale,2023-02-26,3185
Suivi hypertension,2025-07-14,8665
Traitement diabetique,2023-09-16,84
Traitement antibiotique,2024-11-14,1240
Traitement antibiotique,2025-08-10,2241
Consultation generale,2023-05-04,4474
Consultation generale,2025-03-22,8991
Consultation generale,2024-10-24,900
Traitement diabetique,2023-08-16,1847
Suivi hypertension,2025-10-08,6973
Traitement diabetique,2024-02-18,3438
Soins post-operatoires,2024-05-20,8908
Traitement diabetique,2024-08-26,4245
Soins post-operatoires,2025-04-12,8642
Suivi hypertension,2024-09-01,2431
Soins post-operatoires,2025-02-12,1015
Traitement diabetique,2023-02-08,6921
Traitement antipaludique,2023-05-25,7468
Traitement antipaludique,2023-12-10,4238
Soins post-operatoires,2024-02-18,6748
Traitement antipaludique,2025-02-06,8314
Traitement diabetique,2023-11-26,1694
Traitement antipaludique,2023-10-12,8851
Traitement diabetique,2024-01-30,6466
Consultation generale,2024-08-09,7344
Traitement antibiotique,2025-05-13,9675
Soins post-operatoires,2024-03-09,4863
Suivi hypertension,2023-10-05,7409
Suivi hypertension,2025-07-13,9990
Traitement antipaludique,2023-07-31,5739
Traitement diabetique,2023-12-19,3096
Traitement antipaludique,2023-03-11,2412
Suivi hypertension,2024-01-14,423
Suivi hypertension,2023-08-18,9727
Traitement diabetique,2024-03-26,8713
Soins post-operatoires,2024-03-30,8762
Consultation generale,2023-04-09,3708
Traitement diabetique,2024-01-29,7737
Traitement diabetique,2023-10-11,4018
Traitement antibiotique,2023-03-21,1940
Traitement antibiotique,2023-02-24,2020
Traitement antibiotique,2025-01-26,5148
Suivi hypertension,2025-09-04,9873
Soins post-operatoires,2025-01-26,1438
Traitement antipaludique,2025-04-23,5345
Consultation generale,2025-09-09,7231
Consultation generale,2023-03-13,7568
Traitement antibiotique,2024-12-14,8734
Suivi hypertension,2023-06-30,5494
Traitement antipaludique,2024-11-28,1147
Soins post-operatoires,2024-05-05,7408
Soins post-operatoires,2023-06-18,1892
Traitement diabetique,2024-09-12,7832
Consultation generale,2025-08-17,9612
Soins post-operatoires,2023-05-07,1380
Traitement antibiotique,2025-09-22,8272
Traitement diabetique,2024-07-13,1061
Suivi hypertension,2025-06-10,6218
Suivi hypertension,2023-06-10,7189
Traitement antipaludique,2023-09-25,7337
Soins post-operatoires,2023-06-22,1012
Traitement diabetique,2025-04-06,118
Traitement antibiotique,2024-12-26,8903
Traitement antibiotique,2023-05-13,5795
Traitement antibiotique,2025-07-16,9361
Soins post-operatoires,2025-09-01,4933
Traitement diabetique,2023-05-06,7291
Consultation generale,2025-06-13,5658
Consultation generale,2024-10-24,8473
Suivi hypertension,2025-01-22,4866
Traitement antipaludique,2023-11-16,1223
Traitement antibiotique,2024-07-12,2201
Consultation generale,2024-11-22,1508
Traitement diabetique,2023-03-11,6057
Traitement antipaludique,2025-09-02,703
Suivi hypertension,2024-10-03,4157
Traitement antibiotique,2024-03-04,1065
Traitement diabetique,2025-01-10,9885
Traitement diabetique,2025-10-10,5961
Traitement diabetique,2024-07-08,4346
Traitement antipaludique,2025-09-30,737
Traitement diabetique,2025-12-27,9943
Consultation generale,2024-05-15,9446
Consultation generale,2025-06-15,5721
Traitement antipaludique,2025-05-21,6025
Soins post-operatoires,2024-05-11,4323
Traitement antibiotique,2024-08-07,1464
Traitement antibiotique,2023-12-26,7846
Consultation generale,2023-12-11,6944
Traitement antipaludique,2025-05-19,6707
Traitement antipaludique,2023-03-15,1
Suivi hypertension,2025-01-19,4477
Suivi hypertension,2025-10-16,1193
Traitement antipaludique,2023-02-21,739
Traitement antipaludique,2023-08-10,833
Traitement diabetique,2023-09-21,8237
Suivi hypertension,2024-09-29,9046
Traitement antipaludique,2024-12-15,5313
Soins post-operatoires,2024-03-03,6019
Soins post-operatoires,2025-05-08,9472
Consultation generale,2024-04-22,8441
Traitement antibiotique,2023-02-14,5004
Traitement antibiotique,2023-09-23,8738
Suivi hypertension,2025-01-21,3432
Traitement antipaludique,2025-01-14,9998
Traitement antipaludique,2025-10-16,6627
Suivi hypertension,2024-12-01,1467
Consultation generale,2024-03-20,6336
Traitement antibiotique,2025-05-05,7279
Traitement antipaludique,2025-02-03,5800
Soins post-operatoires,2025-02-01,8716
Traitement diabetique,2023-10-06,6628
Traitement antibiotique,2025-09-18,4925
Soins post-operatoires,2025-04-19,4035
Suivi hypertension,2024-10-08,2710
Consultation generale,2025-06-19,4636
Consultation generale,2025-06-10,3268
Soins post-operatoires,2025-05-04,1172
Soins post-operatoires,2025-05-08,7215
Consultation generale,2025-01-18,1904
Traitement antibiotique,2025-03-04,4919
Traitement diabetique,2023-12-18,5123
Traitement diabetique,2025-03-18,3386
Traitement antipaludique,2025-09-03,3167
Consultation generale,2023-08-30,5671
Traitement diabetique,2025-09-02,9973
Suivi hypertension,2023-07-02,7347
Suivi hypertension,2025-01-05,7537
Traitement antibiotique,2024-08-13,7353
Traitement antibiotique,2024-02-13,5312
Traitement diabetique,2024-08-27,569
Traitement antibiotique,2024-06-11,378
Suivi hypertension,2024-12-07,3315
Soins post-operatoires,2025-04-29,3066
Traitement antibiotique,2023-08-02,3187
Soins post-operatoires,2025-03-16,3583
Traitement antipaludique,2024-11-26,9570
Traitement antibiotique,2025-05-23,7835
Traitement diabetique,2024-12-06,4949
Suivi hypertension,2024-09-11,6112
Soins post-operatoires,2024-10-17,9960
Consultation generale,2025-05-27,781
Suivi hypertension,2023-06-14,1051
Traitement antibiotique,2025-11-21,1376
Soins post-operatoires,2023-03-07,801
Suivi hypertension,2024-11-20,4610
Consultation generale,2023-10-07,491
Traitement diabetique,2024-10-16,5001
Suivi hypertension,2025-06-16,1887
Consultation generale,2025-05-24,5247
Traitement diabetique,2025-11-30,794
Suivi hypertension,2024-11-13,1274
Suivi hypertension,2023-07-03,9277
Suivi hypertension,2025-05-21,726
Suivi hypertension,2023-09-09,4964
Consultation generale,2024-09-04,3913
Traitement diabetique,2025-09-30,6172
Traitement antipaludique,2025-03-06,9558
Suivi hypertension,2024-02-05,8151
Traitement diabetique,2024-03-19,992
Suivi hypertension,2025-10-27,8671
Traitement diabetique,2023-12-10,2324
Suivi hypertension,2023-11-07,5098
Soins post-operatoires,2023-08-03,8565
Traitement antibiotique,2023-03-14,9904
Traitement antibiotique,2024-11-12,1682
Suivi hypertension,2025-09-18,5317
Traitement antipaludique,2025-04-06,7409
Traitement antibiotique,2024-06-04,3052
Traitement diabetique,2025-11-10,5090
Traitement diabetique,2023-05-23,8151
Traitement antibiotique,2024-09-05,9002
Suivi hypertension,2024-06-25,7396
Soins post-operatoires,2024-09-26,9180
Traitement antipaludique,2023-08-07,1762
Soins post-operatoires,2025-03-10,4416
Traitement antipaludique,2023-11-28,6287
Traitement antibiotique,2024-03-27,3819
Traitement antibiotique,2025-12-02,5951
Traitement antipaludique,2024-05-05,1131
Traitement diabetique,2023-09-10,3871
Suivi hypertension,2023-09-23,1354
Soins post-operatoires,2025-02-11,7110
Traitement diabetique,2025-12-21,9935
Soins post-operatoires,2023-02-24,2035
Suivi hypertension,2023-09-16,6120
Soins post-operatoires,2024-11-25,6126
Traitement antipaludique,2025-11-24,467
Suivi hypertension,2024-10-04,3957
Suivi hypertension,2025-10-31,2864
Consultation generale,2025-04-04,8253
Traitement diabetique,2025-09-09,1260
Traitement antibiotique,2024-04-06,4909
Traitement antipaludique,2024-02-16,9908
Traitement antipaludique,2024-01-07,2679
Traitement antipaludique,2025-01-16,6939
Soins post-operatoires,2024-03-02,590
Consultation generale,2025-07-01,517
Traitement diabetique,2025-12-26,7054
Suivi hypertension,2023-05-05,5019
Suivi hypertension,2024-10-08,4409
Soins post-operatoires,2025-02-12,8293
Suivi hypertension,2024-10-30,7707
Traitement antipaludique,2024-06-21,2261
Traitement antibiotique,2024-02-15,4758
Traitement antipaludique,2025-08-15,6560
Soins post-operatoires,2023-07-27,1348
Traitement antipaludique,2024-12-22,2051
Consultation generale,2024-06-14,4713
Traitement antibiotique,2025-11-02,2342
Consultation generale,2023-04-12,8559
Consultation generale,2024-10-27,6711
Traitement antibiotique,2025-10-25,4020
Consultation generale,2024-08-25,2743
Consultation generale,2023-05-19,9329
Consultation generale,2024-10-28,9780
Traitement antibiotique,2024-08-01,2491
Traitement diabetique,2023-09-05,9861
Traitement diabetique,2025-04-30,8975
Traitement antipaludique,2023-09-29,1480
Traitement diabetique,2024-01-17,9383
Traitement diabetique,2023-08-24,9476
Consultation generale,2023-03-19,9870
Suivi hypertension,2025-06-02,8579
Consultation generale,2023-02-17,4748
Consultation generale,2023-07-22,4852
Soins post-operatoires,2023-06-23,8441
Traitement antibiotique,2023-09-04,65
Consultation generale,2023-09-24,780
Traitement diabetique,2024-10-13,5960
Traitement antipaludique,2025-10-07,3312
Suivi hypertension,2023-09-25,4953
Traitement antipaludique,2024-05-14,9080
Suivi hypertension,2024-02-23,3376
Traitement antipaludique,2023-05-10,5191
Traitement antipaludique,2025-10-15,1851
Soins post-operatoires,2025-04-20,4689
Traitement antipaludique,2025-10-27,342
Consultation generale,2024-12-30,9482
Traitement antibiotique,2025-02-13,7678
Traitement diabetique,2025-05-29,4144
Suivi hypertension,2023-04-11,9945
Traitement antipaludique,2025-12-07,9908
Consultation generale,2024-02-06,9710
Traitement antipaludique,2023-08-07,6540
Suivi hypertension,2025-07-13,5856
Traitement diabetique,2025-03-11,8671
Consultation generale,2025-04-25,8365
Consultation generale,2025-03-05,2303
Suivi hypertension,2024-12-12,2889
Traitement antibiotique,2025-09-28,9170
Soins post-operatoires,2023-07-27,5400
Traitement antibiotique,2024-06-19,8276
Consultation generale,2024-03-03,2690
Traitement antipaludique,2023-10-01,2533
Suivi hypertension,2023-06-02,4492
Suivi hypertension,2023-08-31,6574
Suivi hypertension,2024-12-14,8671
Traitement antibiotique,2023-10-06,3528
Soins post-operatoires,2023-03-25,5291
Suivi hypertension,2023-12-12,2391
Traitement antibiotique,2024-12-18,6232
Soins post-operatoires,2024-11-06,4914
Traitement antipaludique,2023-09-25,6238
Suivi hypertension,2023-05-07,1622
Soins post-operatoires,2025-06-27,4498
Consultation generale,2025-09-14,7372
Traitement antipaludique,2025-03-23,1160
Traitement antipaludique,2025-02-24,8638
Traitement antibiotique,2023-05-17,996
Suivi hypertension,2024-09-22,5555
Traitement diabetique,2023-03-30,9940
Traitement diabetique,2023-06-28,9878
Consultation generale,2025-05-08,5634
Soins post-operatoires,2025-03-15,5708
Suivi hypertension,2025-03-12,1060
Suivi hypertension,2024-02-09,3969
Suivi hypertension,2023-06-11,7641
Traitement antipaludique,2025-07-22,9797
Traitement antibiotique,2023-07-13,6329
Traitement antipaludique,2023-02-05,1286
Soins post-operatoires,2023-11-05,4458
Traitement diabetique,2023-09-16,4549
Traitement antipaludique,2024-07-13,829
Consultation generale,2023-03-03,7357
Traitement antibiotique,2025-12-11,5399
Soins post-operatoires,2023-11-30,2222
Suivi hypertension,2023-07-17,2021
Suivi hypertension,2023-10-23,5956
Traitement antibiotique,2024-09-28,3992
Soins post-operatoires,2025-01-01,4608
Traitement diabetique,2025-11-05,8174
Consultation generale,2024-01-08,7173
Traitement antipaludique,2025-07-02,7426
Suivi hypertension,2023-01-30,5067
Traitement antipaludique,2023-07-23,6655
Consultation generale,2024-06-07,2387
Suivi hypertension,2025-09-24,920
Traitement diabetique,2025-06-28,2271
Consultation generale,2023-03-18,41
Traitement diabetique,2025-02-10,3010
Consultation generale,2025-05-09,9699
Traitement diabetique,2023-08-06,1162
Traitement antibiotique,2025-11-29,3101
Suivi hypertension,2024-11-12,9981
Traitement antipaludique,2024-03-01,8801
Traitement antibiotique,2023-06-27,1906
Traitement antipaludique,2024-11-24,8252
Suivi hypertension,2024-07-30,5313
Soins post-operatoires,2024-01-29,3249
Traitement antipaludique,2024-02-10,8159
Suivi hypertension,2023-12-03,6240
Traitement diabetique,2025-01-03,4757
Traitement antipaludique,2023-12-19,6359
Suivi hypertension,2025-11-26,6431
Suivi hypertension,2023-07-19,2618
Traitement antipaludique,2025-07-14,2393
Suivi hypertension,2024-04-04,1458
Traitement diabetique,2024-02-29,483
Traitement antibiotique,2025-09-06,9648
Soins post-operatoires,2023-03-08,5190
Traitement diabetique,2025-12-01,9152
Suivi hypertension,2023-10-23,1758
Soins post-operatoires,2025-02-10,7294
Suivi hypertension,2023-02-03,4030
Traitement diabetique,2025-08-27,5764
Traitement diabetique,2025-05-17,8253
Consultation generale,2023-07-28,887
Soins post-operatoires,2025-02-16,5898
Traitement antibiotique,2023-06-29,6815
Traitement antipaludique,2024-01-11,3770
Traitement antibiotique,2024-10-15,5402
Traitement diabetique,2023-07-20,5556
Suivi hypertension,2024-01-29,9892
Soins post-operatoires,2024-09-08,264
Traitement diabetique,2024-08-31,6052
Traitement antibiotique,2025-11-17,2176
Traitement diabetique,2024-08-19,5357
Consultation generale,2023-01-12,435
Consultation generale,2024-10-01,5240
Suivi hypertension,2025-03-08,1146
Suivi hypertension,2023-12-13,5599
Suivi hypertension,2023-07-20,6026
Soins post-operatoires,2023-07-10,8597
Soins post-operatoires,2025-08-01,1316
Soins post-operatoires,2024-11-29,8155
Consultation generale,2023-02-02,2080
Suivi hypertension,2024-06-11,6313
Soins post-operatoires,2024-02-10,8135
Consultation generale,2023-10-05,5095
Traitement diabetique,2023-05-12,5496
Traitement antipaludique,2023-06-02,2631
Soins post-operatoires,2023-09-13,640
Consultation generale,2024-05-30,7590
Traitement diabetique,2025-07-07,1444
Soins post-operatoires,2025-08-10,856
Soins post-operatoires,2023-10-13,1421
Suivi hypertension,2023-07-12,5094
Soins post-operatoires,2023-05-16,3749
Traitement antipaludique,2023-12-19,9677
Consultation generale,2023-04-17,6223
Traitement antipaludique,2024-11-19,4259
Traitement antibiotique,2024-08-10,2301
Consultation generale,2023-11-09,9610
Traitement antibiotique,2025-06-18,2803
Traitement antipaludique,2024-06-19,4859
Suivi hypertension,2023-03-25,5983
Traitement antipaludique,2023-04-04,853
Suivi hypertension,2024-09-12,8279
Traitement diabetique,2024-10-07,4926
Suivi hypertension,2025-11-05,7317
Consultation generale,2023-12-23,6360
Consultation generale,2024-10-18,8854
Soins post-operatoires,2023-02-17,6460
Consultation generale,2024-03-28,8438
Soins post-operatoires,2025-03-23,7515
Traitement antipaludique,2024-01-20,5432
Soins post-operatoires,2025-07-11,6770
Suivi hypertension,2024-09-04,9668
Traitement antibiotique,2025-10-17,2692
Traitement antibiotique,2024-05-19,4780
Traitement antipaludique,2025-09-26,5667
Consultation generale,2025-12-27,4818
Traitement antibiotique,2025-07-03,3504
Consultation generale,2023-04-02,7315
Suivi hypertension,2025-11-18,7614
Suivi hypertension,2025-05-22,2608
Traitement antibiotique,2024-01-29,2182
Traitement antibiotique,2024-10-24,4723
Traitement diabetique,2023-02-19,2221
Traitement diabetique,2023-03-31,5353
Suivi hypertension,2024-10-23,773
Traitement diabetique,2023-10-13,5775
Traitement antipaludique,2023-03-16,575
Soins post-operatoires,2025-08-07,7987
Traitement antibiotique,2024-08-10,3977
Soins post-operatoires,2023-09-07,1314
Soins post-operatoires,2024-08-18,7411
Traitement diabetique,2025-05-09,1753
Traitement diabetique,2024-10-05,1134
Traitement diabetique,2023-12-22,332
Traitement antibiotique,2025-10-02,3832
Suivi hypertension,2023-06-13,1876
Traitement antibiotique,2024-06-23,6682
Traitement diabetique,2023-02-20,5088
Traitement antipaludique,2023-10-25,8744
Traitement diabetique,2024-05-21,4157
Traitement antipaludique,2024-09-21,8193
Traitement antibiotique,2025-11-20,6112
Traitement antibiotique,2024-09-21,4918
Soins post-operatoires,2024-08-20,2771
Suivi hypertension,2024-03-07,4854
Traitement antibiotique,2025-05-03,8684
Soins post-operatoires,2024-07-26,9703
Soins post-operatoires,2024-10-18,165
Traitement diabetique,2024-07-01,620
Traitement antibiotique,2023-06-11,6603
Traitement antipaludique,2023-01-13,8561
Suivi hypertension,2024-01-26,8795
Traitement antibiotique,2023-08-10,1682
Traitement antibiotique,2024-11-09,6433
Consultation generale,2023-04-15,3257
Consultation generale,2025-07-12,5244
Traitement diabetique,2025-09-07,6168
Suivi hypertension,2023-02-06,2487
Consultation generale,2025-04-18,9431
Traitement antibiotique,2024-03-22,7042
Suivi hypertension,2025-03-05,7569
Traitement antipaludique,2023-02-20,824
Suivi hypertension,2024-11-15,5403
Traitement diabetique,2024-05-31,6633
Traitement antibiotique,2025-07-05,1762
Traitement antipaludique,2025-12-16,1825
Suivi hypertension,2024-07-30,4851
Consultation generale,2024-02-03,5579
Consultation generale,2023-01-30,3496
Traitement antibiotique,2023-01-07,6305
Consultation generale,2025-07-29,8420
Traitement antibiotique,2024-05-11,2165
Traitement antibiotique,2023-09-02,8647
Traitement antipaludique,2024-08-04,7361
Traitement antipaludique,2023-11-01,4027
Suivi hypertension,2024-12-26,8816
Soins post-operatoires,2025-07-20,2802
Soins post-operatoires,2025-03-30,8560
Soins post-operatoires,2024-04-24,63
Traitement antibiotique,2025-11-19,2637
Consultation generale,2023-03-23,8624
Soins post-operatoires,2023-06-24,5861
Traitement antibiotique,2024-06-09,1088
Soins post-operatoires,2023-02-02,9877
Consultation generale,2024-09-01,7969
Consultation generale,2023-07-01,1482
Traitement antipaludique,2024-10-26,2092
Suivi hypertension,2024-08-08,2832
Soins post-operatoires,2025-02-04,6625
Soins post-operatoires,2024-06-15,6981
Soins post-operatoires,2025-10-07,6408
Traitement antipaludique,2024-01-11,4512
Suivi hypertension,2023-08-29,6627
Traitement diabetique,2025-07-11,8024
Consultation generale,2023-08-27,9124
Soins post-operatoires,2024-07-14,8908
Soins post-operatoires,2023-07-23,549
Soins post-operatoires,2024-07-14,5306
Traitement antibiotique,2023-01-22,1679
Consultation generale,2024-02-17,5894
Traitement antipaludique,2024-08-15,8726
Suivi hypertension,2024-04-30,3730
Soins post-operatoires,2024-02-13,8547
Traitement diabetique,2023-09-26,8572
Traitement antibiotique,2024-10-06,3548
Consultation generale,2025-11-03,3966
Traitement diabetique,2025-09-24,8655
Soins post-operatoires,2025-12-15,1184
Consultation generale,2023-01-12,4099
Traitement antibiotique,2023-03-12,4681
Soins post-operatoires,2024-08-28,2829
Traitement antipaludique,2023-10-12,626
Suivi hypertension,2024-12-18,2492
Soins post-operatoires,2025-05-26,7776
Traitement diabetique,2024-03-25,5073
Traitement antipaludique,2025-05-26,3398
Soins post-operatoires,2025-06-24,2188
Traitement diabetique,2024-06-02,6949
Traitement antipaludique,2024-01-08,2365
Traitement antibiotique,2025-02-17,5771
Traitement antibiotique,2025-09-27,1453
Consultation generale,2024-04-25,3169
Traitement diabetique,2024-07-15,7544
Suivi hypertension,2023-03-09,5918
Traitement antibiotique,2024-10-10,1958
Traitement antipaludique,2023-09-03,2678
Traitement antibiotique,2023-07-24,6336
Traitement antipaludique,2025-09-20,459
Traitement diabetique,2025-09-05,6049
Soins post-operatoires,2023-02-10,4605
Consultation generale,2024-12-30,3765
Traitement antipaludique,2024-07-06,9615
Consultation generale,2024-02-17,7823
Traitement antibiotique,2025-04-11,4819
Consultation generale,2025-10-01,9601
Traitement antipaludique,2025-07-15,9790
Traitement antibiotique,2025-08-01,1360
Soins post-operatoires,2025-01-05,1964
Traitement diabetique,2023-12-15,8543
Traitement diabetique,2025-07-08,8532
Traitement antipaludique,2023-06-28,4642
Traitement antipaludique,2025-07-27,1216
Consultation generale,2024-01-18,168
Traitement antibiotique,2025-07-07,7169
Traitement antipaludique,2024-02-10,8818
Suivi hypertension,2025-08-15,7634
Traitement diabetique,2024-01-21,1050
Soins post-operatoires,2025-06-09,6145
Soins post-operatoires,2025-02-13,6925
Traitement diabetique,2023-01-23,5905
Traitement antipaludique,2025-10-23,5916
Soins post-operatoires,2023-12-20,7569
Traitement diabetique,2023-06-19,9493
Soins post-operatoires,2023-11-30,8813
Traitement antibiotique,2025-11-12,4446
Traitement antibiotique,2024-05-27,1681
Traitement antibiotique,2025-02-10,1681
Soins post-operatoires,2024-11-12,289
Traitement diabetique,2024-03-10,2425
Traitement antibiotique,2023-08-03,1033
Traitement antipaludique,2025-04-30,6372
Traitement diabetique,2025-05-26,2875
Traitement antipaludique,2024-12-03,6543
Consultation generale,2023-02-22,9209
Suivi hypertension,2025-01-12,3443
Traitement diabetique,2024-12-27,1286
Traitement antipaludique,2024-01-13,8153
Consultation generale,2023-08-03,1829
Consultation generale,2023-05-12,2530
Traitement antipaludique,2024-07-22,2642
Traitement antibiotique,2024-11-02,8588
Consultation generale,2025-12-11,9227
Traitement antipaludique,2025-04-19,6127
Suivi hypertension,2023-09-13,4256
Consultation generale,2024-07-15,2562
Consultation generale,2023-12-30,732
Consultation generale,2023-12-28,2189
Traitement antibiotique,2024-12-15,8109
Traitement antibiotique,2025-01-12,1591
Traitement diabetique,2025-05-07,2671
Traitement antibiotique,2023-12-26,6894
Traitement antipaludique,2025-04-11,807
Traitement diabetique,2024-09-22,1520
Traitement antibiotique,2024-01-02,2398
Soins post-operatoires,2023-07-05,1155
Consultation generale,2025-11-18,5765
Traitement antipaludique,2023-03-12,8237
Traitement antibiotique,2025-04-10,4525
Consultation generale,2025-07-15,4800
Suivi hypertension,2025-01-03,2329
Soins post-operatoires,2023-09-14,2746
Traitement antibiotique,2025-02-26,2796
Soins post-operatoires,2023-03-06,4741
Traitement diabetique,2024-08-25,11
Traitement antipaludique,2023-03-13,5968
Traitement antipaludique,2024-07-04,3646
Traitement antibiotique,2023-03-10,6829
Suivi hypertension,2023-05-05,1902
Traitement antipaludique,2025-02-09,7695
Traitement antibiotique,2023-05-31,5115
Suivi hypertension,2023-07-19,3112
Suivi hypertension,2023-05-20,6486
Consultation generale,2024-07-26,2550
Traitement antibiotique,2024-08-04,7035
Traitement antibiotique,2023-02-17,7098
Suivi hypertension,2023-04-12,9744
Suivi hypertension,2023-11-15,9972
Consultation generale,2024-03-31,5190
Traitement antipaludique,2025-01-23,113
Soins post-operatoires,2025-01-17,5330
Traitement diabetique,2024-04-08,7741
Traitement antipaludique,2023-11-01,2894
Traitement diabetique,2024-11-09,3013
Traitement diabetique,2023-08-02,1141
Traitement antibiotique,2024-08-10,1957
Traitement antibiotique,2025-01-12,5470
Soins post-operatoires,2024-12-27,4413
Suivi hypertension,2024-03-25,6853
Soins post-operatoires,2024-08-01,442
Traitement antipaludique,2023-11-05,7861
Consultation generale,2024-07-11,7887
Soins post-operatoires,2024-08-27,1978
Consultation generale,2024-03-02,8193
Traitement antipaludique,2023-08-04,6783
Consultation generale,2025-08-18,2984
Soins post-operatoires,2023-04-20,8721
Suivi hypertension,2023-06-17,3977
Traitement diabetique,2025-10-12,4027
Traitement antipaludique,2025-11-26,8463
Suivi hypertension,2025-10-18,1238
Traitement diabetique,2025-09-05,567
Traitement antipaludique,2024-04-26,4072
Soins post-operatoires,2023-09-03,8782
Consultation generale,2024-06-27,4618
Soins post-operatoires,2025-02-03,6950
Soins post-operatoires,2024-07-08,7901
Traitement antipaludique,2024-01-24,1303
Suivi hypertension,2023-07-17,7766
Traitement diabetique,2023-07-07,5480
Traitement antibiotique,2023-10-24,498
Soins post-operatoires,2025-05-12,1009
Soins post-operatoires,2023-07-07,5198
Consultation generale,2024-07-03,4317
Soins post-operatoires,2025-08-15,2408
Traitement antibiotique,2024-04-21,4520
Traitement antipaludique,2024-06-24,4666
Traitement diabetique,2024-07-23,2151
Consultation generale,2025-07-29,4674
Suivi hypertension,2023-06-15,4555
Traitement antipaludique,2025-04-06,9147
Traitement antipaludique,2025-08-07,3329
Suivi hypertension,2024-06-30,162
Suivi hypertension,2025-10-27,5813
Traitement diabetique,2025-03-27,2181
Traitement diabetique,2024-01-02,8552
Consultation generale,2025-05-15,1060
Traitement antibiotique,2024-12-29,8613
Soins post-operatoires,2023-11-04,8250
Traitement antipaludique,2025-06-03,6423
Consultation generale,2023-11-29,7446
Suivi hypertension,2025-08-21,6141
Traitement antibiotique,2025-04-24,9051
Traitement antibiotique,2023-07-17,7992
Soins post-operatoires,2023-05-18,7668
Soins post-operatoires,2023-06-26,9402
Traitement antipaludique,2023-09-13,4534
Soins post-operatoires,2024-04-21,4379
Traitement diabetique,2024-01-09,2747
Traitement diabetique,2025-01-11,1995
Suivi hypertension,2023-04-28,9344
Soins post-operatoires,2025-09-30,1585
Traitement antibiotique,2024-09-19,4076
Suivi hypertension,2025-01-12,7928
Consultation generale,2023-07-03,2139
Traitement diabetique,2024-04-06,2410
Soins post-operatoires,2023-09-24,6210
Suivi hypertension,2024-03-18,6739
Traitement antibiotique,2024-05-24,104
Traitement antibiotique,2024-12-23,7704
Suivi hypertension,2023-09-26,7351
Traitement antipaludique,2024-02-13,323
Traitement antipaludique,2024-08-29,7998
Soins post-operatoires,2025-08-17,4515
Soins post-operatoires,2025-05-14,7502
Soins post-operatoires,2024-05-23,4673
Suivi hypertension,2024-03-02,7334
Soins post-operatoires,2025-09-04,3003
Traitement antibiotique,2023-01-20,4059
Traitement antipaludique,2025-07-07,7455
Suivi hypertension,2025-05-23,6284
Traitement antipaludique,2023-05-09,2312
Traitement antibiotique,2024-08-07,353
Soins post-operatoires,2025-05-11,57
Suivi hypertension,2023-02-27,9355
Consultation generale,2023-07-14,2670
Traitement antibiotique,2024-10-26,9632
Consultation generale,2023-09-04,4525
Traitement diabetique,2023-08-11,209
Consultation generale,2024-11-16,8915
Suivi hypertension,2023-11-20,4288
Traitement antibiotique,2023-12-17,5039
Soins post-operatoires,2024-01-31,6434
Suivi hypertension,2024-03-28,6421
Traitement diabetique,2024-02-14,1844
Traitement antibiotique,2023-01-11,8150
Soins post-operatoires,2023-01-07,1954
Consultation generale,2024-11-28,7662
Traitement diabetique,2023-07-13,5353
Soins post-operatoires,2025-11-14,5266
Soins post-operatoires,2024-06-01,1497
Traitement diabetique,2025-06-25,7771
Consultation generale,2023-06-09,4767
Suivi hypertension,2024-12-16,2082
Suivi hypertension,2024-03-06,864
Traitement diabetique,2025-07-25,7254
Traitement antipaludique,2024-02-07,7145
Suivi hypertension,2025-03-27,9217
Soins post-operatoires,2023-02-28,7149
Traitement diabetique,2023-08-27,6901
Traitement diabetique,2023-11-21,6868
Traitement diabetique,2025-01-23,9246
Traitement diabetique,2025-05-11,3307
Traitement diabetique,2023-12-30,2307
Traitement diabetique,2024-01-12,1431
Traitement diabetique,2025-06-04,5777
Traitement diabetique,2024-08-05,8012
Traitement antipaludique,2025-07-23,8631
Consultation generale,2024-11-11,3515
Traitement diabetique,2024-01-11,5681
Traitement antibiotique,2025-12-23,4035
Suivi hypertension,2023-01-05,9026
Traitement diabetique,2024-03-09,9231
Traitement antibiotique,2024-08-26,8588
Consultation generale,2023-03-20,7431
Soins post-operatoires,2023-08-06,2551
Traitement antipaludique,2025-11-17,3445
Suivi hypertension,2023-07-25,3054
Consultation generale,2023-10-15,8977
Traitement antibiotique,2024-06-22,4900
Soins post-operatoires,2024-10-31,4952
Soins post-operatoires,2025-02-13,5668
Suivi hypertension,2024-05-25,7407
Suivi hypertension,2024-03-28,112
Traitement antipaludique,2023-03-25,5040
Suivi hypertension,2023-05-10,7630
Traitement antibiotique,2024-03-22,8244
Soins post-operatoires,2025-04-02,7608
Suivi hypertension,2025-07-22,2441
Soins post-operatoires,2024-07-02,9954
Suivi hypertension,2023-03-17,6301
Consultation generale,2023-02-11,3531
Suivi hypertension,2023-04-13,3485
Consultation generale,2025-03-14,1690
Consultation generale,2024-02-27,4406
Traitement antibiotique,2025-07-18,9222
Traitement antibiotique,2023-06-24,3418
Traitement diabetique,2025-02-04,8760
Suivi hypertension,2025-02-10,2628
Traitement antipaludique,2023-10-21,7386
Traitement diabetique,2024-05-28,2819
Consultation generale,2025-06-07,1746
Soins post-operatoires,2025-10-04,6393
Suivi hypertension,2025-04-06,8403
Suivi hypertension,2023-10-04,3560
Traitement antipaludique,2024-02-01,1596
Traitement diabetique,2025-06-30,7495
Traitement antibiotique,2024-08-09,1535
Traitement antipaludique,2023-03-05,3393
Traitement diabetique,2024-08-22,8991
Traitement diabetique,2024-07-27,1225
Traitement antibiotique,2025-09-14,5359
Suivi hypertension,2025-12-10,9415
Traitement antibiotique,2023-01-24,1317
Traitement antipaludique,2025-08-10,7061
Suivi hypertension,2024-05-18,9521
Suivi hypertension,2023-07-09,3938
Consultation generale,2024-01-19,1700
Suivi hypertension,2024-04-28,6082
Traitement antipaludique,2025-08-04,728
Traitement antibiotique,2025-10-31,3756
Traitement diabetique,2023-10-29,9359
Consultation generale,2023-02-23,769
Soins post-operatoires,2024-05-01,9981
Traitement antipaludique,2025-06-14,4242
Traitement antipaludique,2025-01-06,4184
Soins post-operatoires,2023-11-10,453
Consultation generale,2025-08-12,6959
Traitement diabetique,2024-03-06,4080
Traitement diabetique,2023-05-12,8447
Traitement antipaludique,2024-09-06,8984
Traitement antibiotique,2024-03-07,5258
Traitement antibiotique,2023-10-11,1710
Consultation generale,2024-10-09,4170
Traitement diabetique,2025-04-18,5491
Consultation generale,2025-02-11,2620
Consultation generale,2023-07-18,983
Traitement antibiotique,2023-04-03,2385
Consultation generale,2025-09-25,7947
Suivi hypertension,2023-12-13,3114
Traitement antipaludique,2025-05-28,3603
Traitement diabetique,2025-02-05,5517
Traitement diabetique,2024-07-23,3478
Suivi hypertension,2024-01-21,1496
Suivi hypertension,2024-09-04,7156
Consultation generale,2023-11-18,637
Suivi hypertension,2025-02-21,6705
Traitement antipaludique,2023-09-29,4088
Traitement antibiotique,2025-05-01,4281
Traitement antibiotique,2025-07-25,9621
Traitement antibiotique,2025-02-19,4266
Suivi hypertension,2025-08-22,5935
Traitement antipaludique,2024-12-22,497
Traitement diabetique,2023-12-29,1805
Traitement diabetique,2024-06-30,9586
Traitement antipaludique,2023-08-28,3387
Consultation generale,2025-12-16,8840
Soins post-operatoires,2024-10-25,7294
Traitement antipaludique,2023-12-13,1304
Suivi hypertension,2023-12-02,374
Soins post-operatoires,2024-02-20,3399
Traitement diabetique,2025-09-14,5682
Soins post-operatoires,2023-02-18,7925
Suivi hypertension,2023-12-05,1816
Soins post-operatoires,2025-08-16,734
Traitement antibiotique,2023-10-24,9376
Soins post-operatoires,2025-05-13,8527
Traitement diabetique,2024-11-19,8101
Traitement diabetique,2024-12-05,5373
Suivi hypertension,2025-05-07,3411
Traitement antibiotique,2025-02-07,9331
Consultation generale,2023-09-23,2581
Traitement antipaludique,2025-09-08,7092
Traitement antipaludique,2023-01-23,3974
Consultation generale,2024-10-18,3448
Suivi hypertension,2023-08-20,2676
Traitement antipaludique,2025-01-01,2182
Suivi hypertension,2025-02-09,8053
Soins post-operatoires,2025-08-21,4514
Traitement antipaludique,2023-10-11,1222
Traitement antibiotique,2023-10-22,8068
Suivi hypertension,2023-08-04,5664
Traitement antibiotique,2024-02-29,2929
Suivi hypertension,2025-09-08,3917
Traitement diabetique,2024-05-14,9429
Traitement antipaludique,2023-01-26,9759
Suivi hypertension,2024-09-13,8845
Soins post-operatoires,2025-01-05,1391
Consultation generale,2024-01-18,983
Traitement antibiotique,2025-01-08,8314
Traitement antipaludique,2025-10-29,7887
Traitement antipaludique,2024-03-04,9098
Traitement diabetique,2023-10-30,5852
Consultation generale,2025-10-31,385
Soins post-operatoires,2024-02-11,8393
Traitement antibiotique,2025-06-05,7492
Traitement antipaludique,2024-04-18,4924
Traitement antipaludique,2024-12-30,373
Traitement antibiotique,2024-07-16,8954
Traitement diabetique,2025-10-26,415
Traitement antipaludique,2023-01-15,3288
Consultation generale,2024-11-15,470
Traitement diabetique,2024-02-19,3991
Soins post-operatoires,2025-10-08,874
Consultation generale,2023-11-02,2798
Traitement diabetique,2023-03-23,6953
Consultation generale,2023-11-09,7536
Traitement diabetique,2023-08-11,5399
Traitement antibiotique,2024-08-04,3260
Suivi hypertension,2025-01-10,1379
Traitement antipaludique,2025-11-25,7720
Traitement antibiotique,2023-04-18,4325
Traitement antipaludique,2023-07-08,6263
Consultation generale,2023-07-13,2456
Suivi hypertension,2024-08-25,7875
Traitement diabetique,2023-04-02,1188
Traitement antipaludique,2023-12-24,1310
Traitement diabetique,2025-04-09,8383
Consultation generale,2023-08-25,8517
Traitement diabetique,2025-01-05,757
Traitement antibiotique,2024-01-05,219
Soins post-operatoires,2024-03-21,7455
Suivi hypertension,2023-04-29,7515
Traitement diabetique,2025-04-03,8850
Traitement antibiotique,2024-11-12,7824
Traitement antibiotique,2023-08-30,2797
Traitement antipaludique,2025-03-14,3388
Suivi hypertension,2025-10-05,8405
Traitement antipaludique,2024-02-19,9559
Suivi hypertension,2025-04-23,5300
Traitement antipaludique,2024-03-03,718
Soins post-operatoires,2024-10-17,4480
Traitement diabetique,2024-04-23,3774
Soins post-operatoires,2025-12-21,7247
Consultation generale,2025-06-05,7297
Suivi hypertension,2023-11-07,2164
Soins post-operatoires,2024-09-04,4567
Consultation generale,2023-04-13,9556
Suivi hypertension,2025-09-21,5150
Soins post-operatoires,2025-05-07,5584
Traitement antipaludique,2024-12-12,6753
Suivi hypertension,2024-12-18,7347
Soins post-operatoires,2023-05-13,5627
Traitement antipaludique,2023-09-05,9688
Suivi hypertension,2024-08-12,3752
Consultation generale,2023-09-03,3506
Traitement antipaludique,2023-03-21,1323
Soins post-operatoires,2025-03-31,7952
Traitement diabetique,2025-06-17,559
Soins post-operatoires,2024-01-29,2311
Traitement antipaludique,2024-01-19,5286
Soins post-operatoires,2024-07-28,3454
Suivi hypertension,2025-01-20,3813
Suivi hypertension,2025-11-11,8372
Consultation generale,2023-04-12,4945
Traitement diabetique,2024-11-09,5719
Suivi hypertension,2023-07-17,2378
Soins post-operatoires,2023-07-29,2282
Soins post-operatoires,2023-06-17,4460
Traitement antibiotique,2025-11-19,7809
Soins post-operatoires,2025-03-24,2595
Suivi hypertension,2025-11-10,7363
Traitement antipaludique,2023-12-11,5838
Traitement antipaludique,2023-02-07,5325
Traitement antipaludique,2024-01-01,3720
Soins post-operatoires,2024-02-27,4312
Traitement antipaludique,2024-03-04,1180
Traitement antibiotique,2023-11-13,3490
Consultation generale,2024-09-29,637
Suivi hypertension,2025-08-24,2198
Consultation generale,2024-12-13,3742
Traitement antipaludique,2024-11-03,6599
Soins post-operatoires,2025-01-15,924
Soins post-operatoires,2024-10-23,6754
Consultation generale,2024-05-21,5928
Traitement diabetique,2023-03-18,943
Soins post-operatoires,2023-03-28,7171
Soins post-operatoires,2024-06-14,8663
Traitement diabetique,2025-11-26,1329
Traitement antipaludique,2025-02-10,2748
Traitement antibiotique,2024-05-21,4518
Consultation generale,2024-10-23,2867
Traitement antipaludique,2024-01-14,7590
Suivi hypertension,2023-09-10,8027
Suivi hypertension,2023-03-22,3084
Traitement diabetique,2024-05-10,9960
Traitement diabetique,2024-05-30,8961
Traitement diabetique,2023-06-20,4155
Traitement diabetique,2025-01-04,2312
Traitement diabetique,2024-04-21,3188
Soins post-operatoires,2023-05-15,2861
Traitement antipaludique,2025-07-24,6309
Traitement antipaludique,2025-01-23,5752
Traitement diabetique,2025-03-28,1416
Traitement antibiotique,2024-10-07,2671
Soins post-operatoires,2023-10-22,4287
Traitement antibiotique,2024-05-24,6935
Traitement antibiotique,2023-05-10,6570
Traitement antibiotique,2025-04-03,508
Traitement antipaludique,2025-02-01,6420
Consultation generale,2023-08-25,6942
Consultation generale,2025-07-12,921
Suivi hypertension,2023-09-06,7512
Traitement antipaludique,2023-03-13,9235
Traitement diabetique,2025-01-02,2362
Consultation generale,2023-03-02,181
Traitement diabetique,2023-11-27,3504
Soins post-operatoires,2024-05-17,3711
Traitement antipaludique,2025-03-19,9292
Consultation generale,2023-04-21,2260
Traitement antibiotique,2024-08-30,2629
Soins post-operatoires,2024-07-01,4049
Suivi hypertension,2023-02-21,3849
Consultation generale,2023-12-30,1192
Consultation generale,2023-07-31,1891
Suivi hypertension,2025-03-26,2398
Soins post-operatoires,2025-01-24,5009
Traitement antibiotique,2025-06-17,2868
Traitement antibiotique,2024-03-26,8809
Traitement antibiotique,2025-02-26,4346
Consultation generale,2024-07-18,736
Suivi hypertension,2024-11-10,1148
Traitement antipaludique,2023-03-22,6574
Consultation generale,2023-12-20,4774
Traitement antipaludique,2024-02-28,9574
Traitement antipaludique,2024-07-13,962
Consultation generale,2025-04-26,1746
Suivi hypertension,2024-02-06,4237
Suivi hypertension,2023-06-04,5879
Consultation generale,2023-12-02,5263
Traitement diabetique,2024-06-06,1138
Consultation generale,2024-07-31,1807
Suivi hypertension,2025-06-19,5177
Soins post-operatoires,2023-05-13,7844
Suivi hypertension,2023-05-17,7874
Traitement diabetique,2023-03-27,9431
Consultation generale,2023-09-26,3041
Soins post-operatoires,2023-11-22,8506
Traitement diabetique,2024-10-03,5359
Traitement antipaludique,2025-09-14,3886
Consultation generale,2024-05-03,8808
Suivi hypertension,2025-10-20,8371
Soins post-operatoires,2023-10-23,5333
Traitement antipaludique,2024-05-28,7074
Traitement antipaludique,2025-06-30,7019
Suivi hypertension,2023-09-26,1454
Traitement diabetique,2024-07-10,3877
Traitement diabetique,2025-08-29,3961
Soins post-operatoires,2023-10-09,3758
Traitement diabetique,2023-02-06,1853
Soins post-operatoires,2025-03-26,608
Traitement antibiotique,2024-09-30,4220
Suivi hypertension,2025-03-18,3618
Suivi hypertension,2023-10-21,4680
Traitement antipaludique,2024-01-06,4821
Traitement diabetique,2024-01-19,528
Traitement diabetique,2024-06-27,1066
Traitement antipaludique,2024-09-20,3749
Consultation generale,2023-07-27,2810
Suivi hypertension,2024-01-07,8497
Consultation generale,2025-12-21,7036
Soins post-operatoires,2024-12-03,216
Traitement diabetique,2024-07-29,199
Soins post-operatoires,2024-08-29,5569
Traitement antipaludique,2024-05-06,1882
Traitement antibiotique,2024-03-19,502
Consultation generale,2023-03-07,5670
Soins post-operatoires,2025-07-24,3847
Consultation generale,2023-02-10,9356
Soins post-operatoires,2024-05-06,7742
Traitement antibiotique,2023-10-20,5062
Traitement diabetique,2023-04-29,130
Soins post-operatoires,2025-09-25,9064
Suivi hypertension,2024-01-02,3161
Consultation generale,2024-01-01,5240
Traitement antibiotique,2024-12-30,9721
Traitement antibiotique,2024-04-26,9192
Traitement diabetique,2023-10-19,7912
Traitement antibiotique,2024-04-17,4280
Traitement diabetique,2023-07-13,344
Traitement diabetique,2025-05-23,7961
Traitement antipaludique,2023-08-26,4865
Traitement diabetique,2025-11-07,536
Traitement diabetique,2025-10-02,7526
Consultation generale,2023-05-21,5007
Traitement antibiotique,2024-06-02,3934
Traitement antibiotique,2025-02-11,9398
Traitement antibiotique,2025-11-05,6309
Traitement diabetique,2024-09-25,3568
Consultation generale,2023-06-07,818
Traitement antibiotique,2023-03-12,6572
Suivi hypertension,2023-11-25,6302
Traitement antipaludique,2023-09-24,7256
Consultation generale,2025-08-17,4348
Traitement antipaludique,2023-11-18,7872
Suivi hypertension,2023-02-07,9264
Traitement antibiotique,2023-06-23,9636
Traitement antipaludique,2024-04-30,2466
Soins post-operatoires,2025-05-20,7392
Traitement diabetique,2024-07-10,9274
Traitement antibiotique,2025-06-29,4818
Traitement antibiotique,2025-07-23,7657
Suivi hypertension,2023-09-09,4147
Soins post-operatoires,2024-07-01,3893
Traitement antipaludique,2023-10-28,358
Traitement diabetique,2024-05-08,3884
Traitement antipaludique,2025-11-24,2358
Traitement antipaludique,2024-12-04,934
Traitement antibiotique,2025-02-10,2137
Soins post-operatoires,2023-02-28,9148
Traitement diabetique,2023-05-08,3167
Consultation generale,2025-08-21,4918
Traitement antipaludique,2023-05-03,4685
Consultation generale,2025-08-26,4779
Traitement antipaludique,2023-06-05,1242
Soins post-operatoires,2025-06-21,6109
Suivi hypertension,2024-06-29,3084
Traitement diabetique,2023-08-21,2360
Soins post-operatoires,2024-04-07,5971
Suivi hypertension,2023-05-20,8234
Consultation generale,2025-01-11,836
Traitement diabetique,2025-06-17,8461
Traitement diabetique,2025-02-08,9355
Soins post-operatoires,2023-05-23,6476
Traitement diabetique,2024-11-18,7222
Traitement antibiotique,2023-08-19,9822
Traitement diabetique,2023-12-08,7222
Traitement antipaludique,2023-02-27,1323
Suivi hypertension,2023-06-12,2604
Consultation generale,2024-03-12,7629
Soins post-operatoires,2024-09-06,1073
Suivi hypertension,2025-09-20,7372
Traitement antibiotique,2023-10-25,8840
Traitement antibiotique,2024-04-08,4296
Consultation generale,2024-03-13,5840
Soins post-operatoires,2024-05-28,5993
Traitement antipaludique,2025-08-31,4681
Suivi hypertension,2023-05-28,2721
Traitement antipaludique,2025-01-05,5263
Suivi hypertension,2023-05-25,1337
Traitement antipaludique,2024-12-06,7212
Traitement antibiotique,2025-05-29,4296
Traitement antibiotique,2025-02-15,8816
Traitement diabetique,2025-04-02,7495
Traitement antipaludique,2024-03-25,2323
Soins post-operatoires,2025-05-10,8360
Traitement antipaludique,2024-06-03,302
Soins post-operatoires,2024-01-20,889
Traitement antibiotique,2023-04-14,8013
Traitement diabetique,2024-12-15,3350
Soins post-operatoires,2024-04-13,2777
Traitement antibiotique,2025-03-05,7982
Consultation generale,2024-02-11,8349
Soins post-operatoires,2023-03-27,4768
Suivi hypertension,2025-05-20,4536
Suivi hypertension,2023-09-23,4687
Soins post-operatoires,2025-02-15,3563
Traitement diabetique,2023-08-09,3264
Suivi hypertension,2023-04-12,298
Consultation generale,2025-08-16,2232
Traitement diabetique,2024-05-06,5256
Traitement diabetique,2025-10-07,6688
Consultation generale,2023-12-18,4362
Soins post-operatoires,2025-10-12,3802
Traitement antipaludique,2025-04-03,4570
Traitement diabetique,2023-08-29,9971
Traitement antibiotique,2025-03-10,6364
Suivi hypertension,2023-02-10,5444
Suivi hypertension,2025-05-18,6961
Suivi hypertension,2023-04-09,8449
Traitement antibiotique,2025-10-28,744
Suivi hypertension,2025-09-24,2903
Traitement diabetique,2025-01-22,5473
Traitement diabetique,2025-03-30,3023
Soins post-operatoires,2024-01-23,3837
Traitement antibiotique,2025-10-24,5639
Traitement antipaludique,2025-11-18,9426
Traitement antibiotique,2025-01-08,701
Soins post-operatoires,2023-08-02,8965
Traitement diabetique,2023-05-20,4089
Traitement diabetique,2024-03-10,9268
Soins post-operatoires,2023-11-04,7758
Traitement diabetique,2025-05-20,4388
Traitement diabetique,2025-07-05,6762
Soins post-operatoires,2025-07-24,7784
Soins post-operatoires,2024-03-09,8243
Traitement antibiotique,2023-04-05,8147
Traitement antibiotique,2023-11-03,9570
Suivi hypertension,2023-01-20,1077
Traitement diabetique,2025-06-07,1134
Soins post-operatoires,2025-01-08,1221
Suivi hypertension,2024-03-08,3132
Suivi hypertension,2023-02-08,2068
Consultation generale,2025-10-07,1591
Suivi hypertension,2023-07-29,5061
Consultation generale,2023-08-18,23
Traitement diabetique,2025-05-03,7461
Consultation generale,2025-12-02,913
Consultation generale,2024-09-21,2518
Traitement diabetique,2024-04-23,4838
Soins post-operatoires,2024-06-04,5914
Traitement antipaludique,2025-07-22,7498
Consultation generale,2025-07-04,7230
Traitement antipaludique,2023-04-14,5055
Suivi hypertension,2023-12-26,1912
Traitement antipaludique,2023-09-18,4754
Suivi hypertension,2025-03-17,1980
Traitement antibiotique,2023-07-04,2384
Traitement antibiotique,2025-12-04,4281
Traitement antipaludique,2025-11-19,5505
Suivi hypertension,2025-03-27,8129
Soins post-operatoires,2024-04-05,5906
Traitement antibiotique,2023-03-14,2078
Traitement antibiotique,2023-08-02,7512
Traitement antibiotique,2023-03-05,6815
Traitement diabetique,2023-11-02,4728
Suivi hypertension,2024-06-12,1336
Traitement diabetique,2023-03-23,4270
Soins post-operatoires,2025-05-29,2209
Traitement antipaludique,2024-04-28,8735
Consultation generale,2025-02-11,5071
Traitement diabetique,2024-12-03,6398
Traitement diabetique,2024-03-03,2887
Traitement antibiotique,2025-11-14,933
Traitement antipaludique,2024-05-21,2539
Suivi hypertension,2024-07-07,6351
Traitement antipaludique,2025-03-27,181
Soins post-operatoires,2025-04-07,5268
Traitement diabetique,2023-03-26,520
Soins post-operatoires,2025-05-15,2884
Traitement antipaludique,2023-10-26,1203
Suivi hypertension,2024-07-15,2382
Traitement diabetique,2024-01-03,4575
Suivi hypertension,2024-06-14,1030
Soins post-operatoires,2023-07-01,4327
Consultation generale,2023-07-24,1820
Traitement diabetique,2025-05-20,7944
Traitement antibiotique,2023-04-26,5217
Consultation generale,2024-08-20,8251
Traitement antibiotique,2024-10-14,6097
Traitement antipaludique,2023-11-18,9936
Suivi hypertension,2024-04-16,297
Traitement diabetique,2024-04-25,5022
Traitement antipaludique,2024-06-15,8598
Suivi hypertension,2024-02-22,7941
Traitement antipaludique,2024-06-03,7726
Traitement antibiotique,2024-10-26,1749
Traitement antibiotique,2025-03-07,2637
Traitement antipaludique,2025-03-03,3815
Traitement antibiotique,2023-01-27,1201
Soins post-operatoires,2025-08-16,6843
Consultation generale,2025-12-28,3819
Traitement diabetique,2024-03-15,2548
Traitement diabetique,2025-02-01,3612
Suivi hypertension,2025-11-06,4210
Soins post-operatoires,2025-12-28,791
Traitement diabetique,2023-03-01,701
Consultation generale,2023-03-02,9987
Suivi hypertension,2023-05-18,2664
Traitement diabetique,2023-05-27,309
Traitement antibiotique,2024-06-19,6997
Traitement antibiotique,2024-02-23,1475
Consultation generale,2023-09-29,9321
Soins post-operatoires,2023-07-08,5146
Traitement diabetique,2024-02-16,1634
Suivi hypertension,2025-01-25,3744
Soins post-operatoires,2024-07-19,792
Soins post-operatoires,2023-08-25,1494
Suivi hypertension,2023-08-13,1251
Traitement antibiotique,2023-03-20,2099
Traitement diabetique,2025-01-18,5198
Traitement antibiotique,2024-07-01,4635
Traitement antibiotique,2024-07-23,5688
Soins post-operatoires,2023-02-28,4051
Traitement antibiotique,2024-03-30,5448
Suivi hypertension,2023-08-04,9127
Traitement antibiotique,2025-12-07,1455
Traitement diabetique,2024-02-09,3459
Suivi hypertension,2024-12-05,3104
Traitement antibiotique,2024-10-15,1242
Traitement diabetique,2023-01-25,7474
Traitement antibiotique,2024-06-08,2089
Traitement antipaludique,2023-11-04,8006
Soins post-operatoires,2023-01-06,4252
Traitement antibiotique,2024-09-12,7303
Soins post-operatoires,2024-09-29,7566
Suivi hypertension,2023-06-07,8436
Consultation generale,2025-11-24,3643
Soins post-operatoires,2023-07-01,6924
Soins post-operatoires,2024-06-29,4418
Soins post-operatoires,2025-09-06,5950
Traitement antipaludique,2024-06-19,267
Traitement antipaludique,2024-11-28,7353
Suivi hypertension,2023-02-04,9627
Suivi hypertension,2023-07-30,3768
Consultation generale,2024-01-02,1153
Traitement antipaludique,2025-05-29,8926
Soins post-operatoires,2023-03-06,1880
Suivi hypertension,2025-10-29,5359
Suivi hypertension,2024-07-14,7895
Traitement antipaludique,2025-08-29,8538
Traitement antipaludique,2025-08-06,1045
Suivi hypertension,2024-09-08,6536
Suivi hypertension,2023-05-18,8756
Traitement antipaludique,2024-06-11,1741
Traitement antipaludique,2023-03-14,3573
Suivi hypertension,2025-06-17,6000
Traitement antipaludique,2023-07-23,6696
Traitement diabetique,2025-09-18,2538
Soins post-operatoires,2025-08-21,4698
Traitement antipaludique,2023-11-02,4446
Soins post-operatoires,2023-06-16,3569
Traitement antipaludique,2023-03-11,3354
Traitement antipaludique,2025-03-01,6850
Consultation generale,2024-07-30,8764
Traitement antibiotique,2023-07-28,9783
Traitement antipaludique,2023-04-12,6165
Consultation generale,2025-11-23,1456
Consultation generale,2023-10-11,9747
Traitement antipaludique,2024-04-09,9171
Soins post-operatoires,2023-01-17,4185
Traitement antipaludique,2025-11-11,3584
Traitement antipaludique,2024-03-30,3768
Traitement antibiotique,2023-02-12,5671
Consultation generale,2023-05-04,1056
Consultation generale,2025-09-10,9781
Traitement antibiotique,2025-03-11,5395
Traitement diabetique,2025-06-27,1244
Suivi hypertension,2024-02-13,3947
Suivi hypertension,2025-12-25,4074
Suivi hypertension,2025-03-07,4710
Suivi hypertension,2025-08-02,9805
Suivi hypertension,2024-03-05,189
Traitement antipaludique,2024-02-19,8920
Traitement antibiotique,2023-11-27,957
Soins post-operatoires,2025-04-13,2174
Traitement diabetique,2024-02-27,6206
Traitement antipaludique,2024-04-10,5666
Traitement antipaludique,2025-09-25,8248
Consultation generale,2024-04-13,7704
Suivi hypertension,2023-08-12,5042
Consultation generale,2023-04-01,9053
Soins post-operatoires,2025-12-07,8698
Traitement diabetique,2023-01-18,7003
Traitement antipaludique,2024-10-01,6530
Traitement diabetique,2023-01-26,7535
Suivi hypertension,2024-07-26,6436
Suivi hypertension,2023-09-25,8495
Consultation generale,2024-01-19,6250
Consultation generale,2023-12-09,647
Traitement antipaludique,2023-02-24,8670
Consultation generale,2023-03-27,9195
Traitement antibiotique,2023-06-22,5957
Traitement diabetique,2025-02-03,1064
Soins post-operatoires,2024-07-30,8886
Traitement antibiotique,2024-11-14,9427
Traitement antipaludique,2024-11-14,3305
Traitement antibiotique,2025-09-11,7553
Suivi hypertension,2024-12-06,9876
Soins post-operatoires,2024-10-20,3630
Traitement antibiotique,2023-03-21,2487
Suivi hypertension,2023-12-05,2147
Traitement antipaludique,2023-02-15,7198
Suivi hypertension,2025-03-29,9312
Suivi hypertension,2025-08-07,4945
Suivi hypertension,2024-05-13,9847
Soins post-operatoires,2023-09-20,7515
Consultation generale,2024-01-25,8651
Suivi hypertension,2023-10-08,8756
Traitement antibiotique,2024-08-08,5219
Consultation generale,2025-06-03,7600
Consultation generale,2025-05-20,5634
Traitement antipaludique,2025-12-26,9928
Soins post-operatoires,2023-09-06,8570
Consultation generale,2023-03-25,4197
Traitement antibiotique,2024-09-08,9116
Traitement antibiotique,2025-11-22,4459
Soins post-operatoires,2025-02-10,94
Traitement antibiotique,2024-08-01,9147
Soins post-operatoires,2025-07-15,4324
Traitement antipaludique,2025-12-17,6947
Traitement diabetique,2025-03-10,4436
Traitement diabetique,2025-12-02,8414
Traitement antipaludique,2023-08-08,2264
Consultation generale,2024-06-09,7412
Suivi hypertension,2023-02-06,2855
Consultation generale,2023-02-16,7151
Traitement diabetique,2023-09-02,3507
Soins post-operatoires,2024-03-21,3622
Consultation generale,2023-06-04,7174
Consultation generale,2024-12-01,420
Traitement antipaludique,2025-01-14,1090
Soins post-operatoires,2024-05-21,2712
Consultation generale,2023-05-28,3138
Suivi hypertension,2024-07-23,8011
Traitement diabetique,2023-09-13,6
Suivi hypertension,2025-12-28,5079
Consultation generale,2024-04-23,1082
Traitement antibiotique,2025-11-27,7699
Suivi hypertension,2023-12-23,9097
Traitement diabetique,2024-01-23,3847
Consultation generale,2025-05-23,5700
Soins post-operatoires,2025-06-04,1925
Consultation generale,2025-02-21,376
Traitement diabetique,2023-11-18,2193
Suivi hypertension,2023-10-13,1038
Soins post-operatoires,2024-12-03,6519
Consultation generale,2024-05-17,4702
Consultation generale,2025-11-06,5122
Suivi hypertension,2025-11-02,2449
Soins post-operatoires,2024-04-27,1596
Consultation generale,2023-06-10,2541
Soins post-operatoires,2023-07-08,9706
Traitement diabetique,2023-04-10,8752
Suivi hypertension,2024-01-22,5525
Consultation generale,2025-07-25,7595
Soins post-operatoires,2023-02-10,3079
Soins post-operatoires,2024-07-08,824
Soins post-operatoires,2023-01-24,2305
Traitement diabetique,2023-06-25,8549
Consultation generale,2023-07-18,5060
Consultation generale,2024-05-15,4715
Suivi hypertension,2024-12-31,6371
Traitement antibiotique,2023-02-20,5769
Traitement antibiotique,2024-05-07,3872
Consultation generale,2025-03-30,3692
Traitement antipaludique,2023-04-17,3352
Traitement antibiotique,2025-06-23,5806
Suivi hypertension,2024-04-10,7831
Traitement antipaludique,2024-01-08,7695
Consultation generale,2023-06-01,6197
Traitement antibiotique,2024-11-30,7517
Traitement antipaludique,2023-10-01,1768
Traitement antibiotique,2024-05-06,8622
Traitement antipaludique,2023-03-05,9903
Suivi hypertension,2025-10-21,9386
Traitement antipaludique,2025-09-01,5581
Consultation generale,2024-05-03,2128
Soins post-operatoires,2025-02-08,1437
Traitement antipaludique,2023-09-25,3391
Traitement antibiotique,2024-11-28,5145
Traitement antibiotique,2024-12-27,9686
Soins post-operatoires,2024-12-28,2885
Soins post-operatoires,2024-03-02,9414
Consultation generale,2025-05-05,2391
Traitement antibiotique,2024-12-16,4396
Traitement antipaludique,2025-08-10,4256
Traitement antipaludique,2025-04-19,4728
Soins post-operatoires,2024-02-25,3631
Soins post-operatoires,2023-10-06,407
Traitement antibiotique,2024-08-12,5481
Suivi hypertension,2025-07-08,5751
Suivi hypertension,2023-04-27,9776
Consultation generale,2023-12-14,8752
Suivi hypertension,2024-02-22,2251
Traitement antipaludique,2023-10-23,9720
Soins post-operatoires,2023-12-04,7395
Consultation generale,2023-03-21,2893
Soins post-operatoires,2025-11-16,5083
Suivi hypertension,2023-01-25,4669
Traitement antibiotique,2024-01-23,3018
Traitement antipaludique,2023-10-09,3123
Suivi hypertension,2025-01-09,4292
Suivi hypertension,2024-01-01,5418
Soins post-operatoires,2024-02-23,6254
Traitement diabetique,2025-05-09,9155
Traitement antipaludique,2023-06-08,7323
Suivi hypertension,2024-10-07,5014
Traitement antibiotique,2024-01-17,8035
Soins post-operatoires,2023-04-11,9662
Traitement antipaludique,2024-06-29,5660
Traitement antibiotique,2024-04-20,4970
Traitement antipaludique,2023-05-08,854
Traitement diabetique,2024-12-12,3247
Suivi hypertension,2025-10-16,7781
Traitement antibiotique,2023-11-12,9788
Traitement antipaludique,2024-01-06,3612
Traitement antipaludique,2023-10-09,424
Traitement antibiotique,2025-05-26,4212
Soins post-operatoires,2024-08-18,4722
Consultation generale,2025-09-05,6017
Traitement antibiotique,2025-03-08,3842
Suivi hypertension,2025-06-01,1586
Consultation generale,2025-07-09,801
Consultation generale,2024-01-07,4261
Traitement antibiotique,2023-10-30,2615
Traitement antipaludique,2025-05-27,9433
Traitement antibiotique,2024-03-15,1799
Consultation generale,2024-08-02,8159
Traitement antipaludique,2023-01-14,4066
Suivi hypertension,2024-07-24,8772
Soins post-operatoires,2024-07-21,1501
Traitement antibiotique,2024-12-21,5465
Traitement antibiotique,2023-08-11,8184
Traitement antibiotique,2023-01-06,6025
Soins post-operatoires,2025-12-18,7213
Suivi hypertension,2023-11-19,2380
Traitement antipaludique,2025-11-30,8173
Traitement diabetique,2025-06-14,1260
Traitement diabetique,2023-07-14,883
Consultation generale,2025-12-25,7901
Traitement antibiotique,2023-05-16,9302
Suivi hypertension,2024-10-11,5601
Consultation generale,2023-10-27,4278
Soins post-operatoires,2023-01-24,5575
Traitement diabetique,2025-12-01,6363
Soins post-operatoires,2023-10-28,9932
Traitement antipaludique,2025-02-23,2603
Traitement antibiotique,2024-02-08,8897
Traitement diabetique,2025-05-04,2987
Soins post-operatoires,2023-06-02,1816
Consultation generale,2023-06-17,1304
Suivi hypertension,2024-09-04,5451
Suivi hypertension,2024-07-26,676
Suivi hypertension,2024-09-14,2833
Traitement diabetique,2025-11-18,4642
Suivi hypertension,2023-02-14,7287
Traitement antipaludique,2024-03-17,6083
Soins post-operatoires,2023-07-14,7353
Suivi hypertension,2024-07-11,2902
Traitement antibiotique,2025-12-30,5412
Traitement antibiotique,2024-11-13,3570
Consultation generale,2023-12-06,5131
Soins post-operatoires,2023-06-18,273
Traitement diabetique,2025-08-13,1264
Traitement diabetique,2024-01-24,5114
Suivi hypertension,2023-11-05,6214
Suivi hypertension,2025-12-11,5853
Suivi hypertension,2023-09-04,1824
Traitement diabetique,2023-04-26,5268
Consultation generale,2025-07-13,7096
Suivi hypertension,2023-06-07,4883
Traitement antibiotique,2023-08-09,3024
Soins post-operatoires,2024-11-04,3645
Traitement antipaludique,2023-02-10,3868
Traitement antipaludique,2024-10-06,3369
Consultation generale,2024-10-06,1467
Traitement antibiotique,2023-10-01,6335
Soins post-operatoires,2023-10-05,9555
Traitement diabetique,2024-10-09,4337
Traitement diabetique,2023-05-24,9634
Traitement diabetique,2023-04-12,9568
Traitement antipaludique,2023-07-22,3840
Traitement antipaludique,2024-10-01,6379
Traitement antibiotique,2023-02-25,119
Traitement diabetique,2024-10-05,5863
Traitement diabetique,2025-01-29,2541
Traitement antipaludique,2025-10-11,2583
Consultation generale,2024-04-29,7712
Traitement diabetique,2024-11-30,6254
Soins post-operatoires,2023-10-12,8621
Consultation generale,2023-12-20,6339
Soins post-operatoires,2025-10-31,1880
Traitement antibiotique,2024-03-28,8678
Traitement diabetique,2024-04-06,8035
Consultation generale,2023-01-09,5670
Soins post-operatoires,2023-10-12,5121
Soins post-operatoires,2024-04-25,8387
Soins post-operatoires,2024-07-04,4037
Soins post-operatoires,2023-10-22,5454
Traitement diabetique,2024-12-29,6919
Suivi hypertension,2023-04-18,9917
Traitement diabetique,2023-02-05,9396
Traitement antipaludique,2024-02-10,33
Traitement antipaludique,2025-10-13,8254
Traitement antipaludique,2023-09-13,4676
Soins post-operatoires,2023-11-27,1255
Soins post-operatoires,2025-02-06,4164
Traitement antipaludique,2023-08-10,1121
Traitement antipaludique,2025-06-20,994
Traitement antibiotique,2025-11-26,9842
Consultation generale,2023-01-07,254
Traitement diabetique,2023-11-12,2248
Traitement diabetique,2023-07-29,5245
Traitement diabetique,2024-06-26,2472
Suivi hypertension,2024-07-12,6998
Soins post-operatoires,2025-04-23,199
Traitement antipaludique,2023-06-09,1938
Traitement antibiotique,2023-09-11,1357
Consultation generale,2023-03-17,9567
Soins post-operatoires,2025-08-21,7680
Soins post-operatoires,2025-03-27,8884
Traitement diabetique,2025-06-16,1152
Traitement antipaludique,2023-12-26,5961
Soins post-operatoires,2025-12-18,8622
Suivi hypertension,2024-10-14,947
Traitement diabetique,2025-10-13,6488
Traitement diabetique,2024-06-15,7620
Traitement antibiotique,2023-02-14,6221
Suivi hypertension,2025-10-09,2456
Traitement antipaludique,2024-09-15,1486
Consultation generale,2023-03-12,5915
Soins post-operatoires,2024-04-22,2702
Consultation generale,2024-05-17,2843
Consultation generale,2023-05-14,4722
Soins post-operatoires,2023-05-16,9112
Traitement diabetique,2023-02-18,7959
Suivi hypertension,2025-05-15,1720
Consultation generale,2025-06-23,7800
Traitement diabetique,2025-08-22,2014
Traitement antibiotique,2023-05-06,8975
Soins post-operatoires,2025-01-23,595
Soins post-operatoires,2025-06-02,2269
Traitement diabetique,2024-06-18,6816
Traitement antipaludique,2025-07-15,6597
Soins post-operatoires,2023-04-26,3754
Consultation generale,2024-01-19,9493
Consultation generale,2025-01-13,7899
Traitement antibiotique,2023-09-08,3742
Traitement antibiotique,2025-02-20,2487
Traitement antipaludique,2024-09-13,8048
Traitement antipaludique,2025-12-14,5343
Traitement antipaludique,2023-06-17,3890
Traitement antipaludique,2024-11-18,2152
Soins post-operatoires,2023-10-25,3608
Soins post-operatoires,2025-04-03,7232
Traitement antibiotique,2023-08-20,1629
Traitement antibiotique,2023-12-02,2161
Consultation generale,2023-10-16,830
Traitement diabetique,2025-02-19,669
Traitement antipaludique,2023-09-06,2554
Traitement antipaludique,2023-06-25,8815
Traitement diabetique,2025-08-22,2555
Traitement antibiotique,2025-02-17,4539
Suivi hypertension,2025-08-06,1105
Soins post-operatoires,2023-08-29,9027
Traitement diabetique,2024-04-04,4637
Soins post-operatoires,2025-12-19,4825
Suivi hypertension,2023-10-06,2110
Soins post-operatoires,2025-10-13,3874
Suivi hypertension,2024-03-29,1000
Consultation generale,2024-07-29,7734
Traitement diabetique,2023-09-03,8127
Traitement antibiotique,2025-11-07,5010
Traitement diabetique,2025-12-20,4043
Traitement diabetique,2024-02-06,3563
Traitement antibiotique,2025-09-10,7366
Traitement antipaludique,2024-08-04,3130
Traitement diabetique,2025-03-09,5990
Traitement antipaludique,2023-05-02,8230
Traitement diabetique,2025-08-10,7009
Soins post-operatoires,2023-12-14,6828
Traitement diabetique,2025-09-14,262
Soins post-operatoires,2024-02-13,6971
Traitement antipaludique,2023-02-27,7845
Consultation generale,2025-05-10,7094
Suivi hypertension,2023-02-09,4909
Consultation generale,2025-04-01,3386
Soins post-operatoires,2025-03-24,339
Traitement diabetique,2025-12-21,9792
Traitement antibiotique,2024-03-09,7461
Suivi hypertension,2024-04-02,4040
Traitement diabetique,2025-12-23,1282
Traitement antipaludique,2023-01-20,2348
Traitement antibiotique,2025-06-30,6163
Consultation generale,2024-05-21,3746
Traitement antipaludique,2023-09-18,5443
Consultation generale,2025-01-15,1584
Traitement antipaludique,2025-06-16,5795
Traitement antipaludique,2025-12-01,5760
Traitement diabetique,2023-09-09,7057
Suivi hypertension,2024-12-09,5715
Consultation generale,2024-10-18,9931
Traitement antibiotique,2023-06-16,9766
Soins post-operatoires,2024-06-29,9967
Consultation generale,2024-04-02,5600
Suivi hypertension,2024-06-29,3612
Traitement antipaludique,2024-07-11,1141
Traitement antibiotique,2025-08-19,9820
Traitement diabetique,2025-07-22,7707
Traitement antibiotique,2024-08-29,1665
Traitement diabetique,2023-12-15,9515
Traitement antipaludique,2023-05-09,8397
Soins post-operatoires,2024-01-24,6272
Traitement antibiotique,2023-11-24,9986
Consultation generale,2024-10-28,4533
Traitement antibiotique,2023-06-24,5352
Soins post-operatoires,2023-02-08,523
Soins post-operatoires,2023-08-16,2989
Consultation generale,2024-03-30,1912
Soins post-operatoires,2024-12-01,7443
Suivi hypertension,2023-05-25,2385
Consultation generale,2023-05-02,6038
Traitement diabetique,2023-09-19,6535
Soins post-operatoires,2023-05-05,525
Traitement antibiotique,2023-10-25,4327
Traitement antibiotique,2023-03-24,9357
Consultation generale,2024-11-01,359
Traitement diabetique,2025-09-05,1749
Suivi hypertension,2024-11-15,4497
Traitement antibiotique,2025-09-14,6301
Suivi hypertension,2024-03-12,225
Traitement diabetique,2025-11-15,6599
Consultation generale,2025-07-15,5204
Consultation generale,2024-01-05,7516
Traitement diabetique,2024-01-10,485
Traitement antibiotique,2024-01-19,3999
Traitement antipaludique,2024-10-04,1136
Soins post-operatoires,2025-06-18,2459
Consultation generale,2025-03-17,5555
Soins post-operatoires,2025-01-12,1313
Soins post-operatoires,2023-09-28,1185
Consultation generale,2023-07-30,9534
Consultation generale,2024-05-24,7560
Traitement antipaludique,2025-03-15,5919
Consultation generale,2024-04-19,447
Traitement diabetique,2023-03-30,4506
Suivi hypertension,2025-09-07,5620
Consultation generale,2025-07-04,8835
Traitement diabetique,2025-08-26,8414
Traitement diabetique,2024-12-22,3098
Traitement antibiotique,2023-09-12,536
Consultation generale,2023-10-19,9172
Soins post-operatoires,2023-12-23,5758
Traitement antipaludique,2025-04-22,7259
Consultation generale,2023-01-14,6968
Suivi hypertension,2024-01-27,301
Soins post-operatoires,2023-05-29,441
Consultation generale,2023-09-20,4745
Soins post-operatoires,2023-08-09,6814
Suivi hypertension,2023-05-06,5014
Suivi hypertension,2025-02-15,5987
Soins post-operatoires,2023-01-12,4198
Traitement diabetique,2025-08-31,9472
Traitement antipaludique,2023-12-23,3019
Traitement antipaludique,2025-10-16,5747
Traitement diabetique,2023-09-06,1052
Traitement diabetique,2024-03-11,4382
Suivi hypertension,2025-08-25,2296
Consultation generale,2024-10-20,8047
Traitement antibiotique,2024-08-20,3396
Suivi hypertension,2023-09-09,405
Consultation generale,2024-05-21,6125
Suivi hypertension,2025-11-29,275
Traitement antibiotique,2024-06-28,2088
Suivi hypertension,2025-11-24,8615
Traitement antipaludique,2025-06-02,8667
Traitement antibiotique,2023-08-30,1317
Consultation generale,2025-07-20,8412
Soins post-operatoires,2023-01-18,1420
Traitement antibiotique,2024-04-28,3695
Suivi hypertension,2023-09-07,244
Traitement antipaludique,2025-02-02,1849
Traitement diabetique,2023-11-05,8730
Soins post-operatoires,2023-05-15,1736
Consultation generale,2025-01-09,8919
Traitement antibiotique,2025-03-30,3099
Traitement diabetique,2024-11-15,9414
Traitement diabetique,2025-08-23,6546
Suivi hypertension,2025-07-11,1371
Consultation generale,2023-07-29,8033
Consultation generale,2024-01-12,6826
Suivi hypertension,2023-11-17,5985
Traitement antipaludique,2025-10-09,5854
Soins post-operatoires,2023-12-28,306
Traitement diabetique,2023-01-01,8686
Traitement antipaludique,2023-06-13,1185
Soins post-operatoires,2024-04-14,5048
Traitement antipaludique,2025-03-22,7668
Suivi hypertension,2025-08-18,9813
Consultation generale,2023-01-07,5363
Traitement antibiotique,2024-04-09,3697
Traitement diabetique,2024-05-11,3273
Soins post-operatoires,2023-07-11,3039
Traitement diabetique,2024-06-30,6114
Consultation generale,2024-09-20,8400
Suivi hypertension,2024-10-21,889
Traitement diabetique,2024-07-13,4585
Consultation generale,2025-12-15,9535
Suivi hypertension,2025-07-24,8337
Traitement antipaludique,2024-10-18,3453
Consultation generale,2023-12-11,9632
Soins post-operatoires,2024-09-23,3385
Soins post-operatoires,2025-01-22,566
Soins post-operatoires,2024-10-20,7422
Soins post-operatoires,2024-10-13,5311
Suivi hypertension,2023-05-10,4557
Traitement diabetique,2024-05-20,7504
Traitement antibiotique,2025-06-06,2547
Consultation generale,2024-08-25,6016
Traitement antipaludique,2024-02-03,7407
Soins post-operatoires,2024-08-21,5488
Traitement antipaludique,2024-02-02,9892
Traitement diabetique,2023-01-01,6068
Suivi hypertension,2023-03-09,3062
Traitement antibiotique,2025-08-26,3893
Traitement antipaludique,2023-03-20,208
Traitement diabetique,2025-08-31,5046
Soins post-operatoires,2024-03-20,1741
Soins post-operatoires,2025-06-06,6639
Traitement antipaludique,2025-02-22,392
Consultation generale,2023-09-03,7153
Traitement antibiotique,2023-09-03,6730
Soins post-operatoires,2023-06-14,1267
Consultation generale,2024-06-09,2587
Suivi hypertension,2024-01-31,6747
Traitement antibiotique,2024-06-03,1519
Consultation generale,2023-01-05,2295
Consultation generale,2024-03-13,2463
Traitement antipaludique,2023-11-16,585
Consultation generale,2023-12-08,663
Consultation generale,2024-06-20,4285
Consultation generale,2023-07-06,6190
Soins post-operatoires,2025-10-14,4888
Traitement antibiotique,2023-08-09,5296
Consultation generale,2025-07-13,1589
Traitement antipaludique,2025-08-03,5315
Traitement antipaludique,2023-01-06,2125
Traitement antibiotique,2023-05-31,9388
Traitement antipaludique,2023-07-08,617
Traitement diabetique,2023-02-26,4746
Traitement diabetique,2024-04-04,2104
Traitement antibiotique,2025-06-28,1089
Traitement antibiotique,2023-11-29,6694
Traitement diabetique,2025-02-13,1188
Traitement diabetique,2024-04-28,4324
Consultation generale,2023-05-22,7832
Consultation generale,2024-05-14,561
Traitement antipaludique,2023-08-05,166
Suivi hypertension,2023-09-19,9791
Traitement antibiotique,2025-07-31,1291
Suivi hypertension,2023-01-02,460
Consultation generale,2023-03-05,599
Traitement diabetique,2025-03-04,3603
Soins post-operatoires,2025-07-11,9481
Suivi hypertension,2023-05-29,5787
Soins post-operatoires,2024-07-17,3373
Traitement antibiotique,2024-10-10,4690
Suivi hypertension,2024-07-09,5607
Traitement diabetique,2024-01-13,6631
Consultation generale,2024-11-13,8869
Traitement antipaludique,2023-07-27,9681
Traitement antipaludique,2024-06-13,1990
Suivi hypertension,2023-07-06,2820
Soins post-operatoires,2025-07-09,6824
Consultation generale,2023-02-18,8729
Soins post-operatoires,2024-01-28,2795
Traitement diabetique,2024-03-23,9539
Traitement antibiotique,2023-07-03,4221
Traitement diabetique,2025-08-16,4813
Traitement antibiotique,2024-03-23,5818
Traitement diabetique,2023-09-21,5334
Traitement antibiotique,2024-05-13,7761
Traitement diabetique,2024-01-10,8020
Traitement antipaludique,2025-04-13,8439
Suivi hypertension,2023-05-21,1323
Traitement diabetique,2025-11-22,8871
Traitement antibiotique,2025-09-25,8887
Traitement antipaludique,2024-11-30,8943
Traitement diabetique,2024-10-09,1251
Traitement antibiotique,2023-12-13,2588
Consultation generale,2023-01-02,6323
Traitement antipaludique,2023-03-20,6688
Traitement antibiotique,2025-04-28,400
Suivi hypertension,2024-04-19,5323
Suivi hypertension,2024-02-09,3524
Traitement antibiotique,2025-11-21,3400
Traitement diabetique,2025-05-18,5312
Traitement antibiotique,2024-08-14,5599
Traitement diabetique,2025-10-04,9063
Suivi hypertension,2025-08-23,7894
Traitement antipaludique,2024-11-28,6394
Soins post-operatoires,2023-11-08,144
Consultation generale,2023-08-03,5564
Consultation generale,2025-05-23,7423
Traitement antipaludique,2023-10-21,2577
Traitement antibiotique,2025-03-26,304
Suivi hypertension,2024-05-07,606
Traitement antibiotique,2023-08-28,6863
Consultation generale,2023-11-26,3396
Suivi hypertension,2025-08-10,2758
Traitement antipaludique,2024-09-06,3033
Suivi hypertension,2023-03-07,2767
Traitement antibiotique,2024-11-17,4852
Traitement antibiotique,2024-12-24,6262
Traitement antibiotique,2023-04-05,2349
Suivi hypertension,2023-02-22,4554
Traitement antibiotique,2024-02-23,4884
Suivi hypertension,2023-05-16,145
Traitement antipaludique,2025-03-16,9036
Traitement antipaludique,2024-02-23,7731
Suivi hypertension,2024-12-04,678
Soins post-operatoires,2024-04-02,7879
Traitement diabetique,2024-01-06,4164
Traitement diabetique,2023-04-17,1228
Soins post-operatoires,2025-05-04,5762
Suivi hypertension,2023-06-30,3219
Suivi hypertension,2024-02-26,7307
Traitement diabetique,2025-08-13,8510
Suivi hypertension,2025-10-08,932
Traitement diabetique,2023-11-20,821
Traitement antipaludique,2025-06-01,3330
Traitement antibiotique,2024-03-11,4924
Consultation generale,2023-07-08,776
Soins post-operatoires,2023-11-01,5508
Suivi hypertension,2025-11-14,6373
Consultation generale,2024-11-20,8497
Suivi hypertension,2023-03-16,3819
Traitement diabetique,2025-07-02,822
Traitement antibiotique,2023-09-26,975
Suivi hypertension,2025-04-26,3256
Consultation generale,2024-04-15,6951
Traitement diabetique,2023-07-12,7260
Soins post-operatoires,2023-10-26,2472
Soins post-operatoires,2024-10-29,4290
Traitement diabetique,2025-09-23,2832
Suivi hypertension,2023-11-23,4328
Soins post-operatoires,2023-11-11,6881
Traitement diabetique,2024-09-25,4894
Traitement antibiotique,2024-01-22,478
Traitement antipaludique,2024-08-25,7776
Traitement antibiotique,2025-03-21,5266
Traitement diabetique,2025-06-28,8076
Traitement diabetique,2023-06-15,7771
Consultation generale,2023-12-17,4688
Traitement antibiotique,2023-12-29,4123
Suivi hypertension,2025-08-21,9685
Traitement antipaludique,2024-01-05,4475
Traitement antipaludique,2024-03-27,9553
Traitement antipaludique,2024-03-22,116
Traitement antipaludique,2024-11-20,8474
Traitement antibiotique,2025-09-11,4903
Consultation generale,2024-04-20,2973
Consultation generale,2023-06-19,7032
Soins post-operatoires,2025-03-24,8478
Consultation generale,2023-01-27,7890
Consultation generale,2023-02-01,3282
Suivi hypertension,2024-07-18,4120
Soins post-operatoires,2025-10-18,3502
Traitement antibiotique,2024-09-03,9304
Traitement diabetique,2023-08-07,3750
Suivi hypertension,2023-02-25,2033
Suivi hypertension,2025-02-11,2022
Consultation generale,2023-10-13,2725
Suivi hypertension,2025-11-26,16
Traitement antibiotique,2023-01-13,2757
Traitement antibiotique,2025-09-15,8652
Suivi hypertension,2025-06-27,6371
Consultation generale,2024-01-08,650
Suivi hypertension,2024-06-14,9036
Suivi hypertension,2023-10-06,1473
Soins post-operatoires,2025-10-30,8871
Soins post-operatoires,2023-12-10,1223
Traitement antipaludique,2023-05-22,691
Traitement diabetique,2025-01-22,437
Suivi hypertension,2024-10-12,2351
Consultation generale,2024-04-11,1070
Traitement antipaludique,2025-10-29,2337
Consultation generale,2025-06-16,8586
Soins post-operatoires,2024-03-16,6428
Consultation generale,2024-07-02,639
Traitement diabetique,2024-03-16,3696
Consultation generale,2024-11-26,7571
Traitement diabetique,2025-05-19,9283
Suivi hypertension,2023-09-27,3574
Soins post-operatoires,2025-06-11,4853
Traitement diabetique,2024-10-18,605
Soins post-operatoires,2024-07-25,2034
Traitement diabetique,2025-03-23,6125
Traitement diabetique,2023-01-14,7656
Traitement diabetique,2025-02-02,8617
Soins post-operatoires,2024-11-08,2816
Suivi hypertension,2024-09-07,4950
Consultation generale,2024-12-09,2337
Soins post-operatoires,2023-10-19,1670
Traitement antipaludique,2024-09-10,7530
Soins post-operatoires,2024-05-19,4482
Traitement antibiotique,2024-03-17,2478
Traitement antipaludique,2023-04-24,8016
Traitement diabetique,2024-01-22,5304
Soins post-operatoires,2025-12-22,8473
Traitement antibiotique,2023-04-23,751
Consultation generale,2023-07-31,5156
Traitement antibiotique,2025-01-05,6493
Traitement antibiotique,2024-01-25,7732
Consultation generale,2025-12-19,2476
Traitement antibiotique,2024-07-21,3983
Soins post-operatoires,2025-07-26,6728
Suivi hypertension,2024-02-20,1304
Traitement antibiotique,2023-12-04,5587
Traitement diabetique,2023-09-04,7899
Suivi hypertension,2023-10-02,6913
Consultation generale,2024-04-08,8339
Traitement antibiotique,2025-02-24,6139
Traitement diabetique,2025-05-11,439
Traitement antipaludique,2024-11-23,739
Consultation generale,2023-09-01,3989
Traitement diabetique,2025-10-02,5110
Consultation generale,2025-07-18,7841
Traitement antibiotique,2024-05-18,8685
Traitement antipaludique,2025-10-04,4126
Traitement diabetique,2024-01-24,8715
Soins post-operatoires,2024-07-22,5232
Traitement antibiotique,2024-02-24,2796
Soins post-operatoires,2024-02-24,6115
Traitement diabetique,2025-07-31,8449
Consultation generale,2023-11-11,959
Traitement antipaludique,2023-01-27,1247
Traitement diabetique,2025-12-16,5681
Suivi hypertension,2025-10-23,6621
Traitement diabetique,2024-08-15,8624
Traitement antibiotique,2025-03-23,8455
Traitement antipaludique,2025-11-17,3883
Traitement diabetique,2024-02-24,9405
Suivi hypertension,2025-01-12,3430
Traitement diabetique,2024-06-07,1636
Suivi hypertension,2023-08-28,5005
Soins post-operatoires,2025-05-20,756
Traitement antibiotique,2024-07-27,4308
Consultation generale,2023-11-30,655
Suivi hypertension,2025-05-09,5804
Traitement diabetique,2024-03-29,59
Traitement antipaludique,2023-07-24,1145
Traitement antipaludique,2024-05-28,9397
Traitement antipaludique,2024-10-12,7842
Consultation generale,2023-12-09,2179
Suivi hypertension,2023-06-14,9262
Traitement diabetique,2023-04-03,665
Soins post-operatoires,2024-08-28,969
Traitement antibiotique,2024-06-26,4430
Traitement antibiotique,2023-01-13,747
Traitement diabetique,2023-04-29,8739
Traitement diabetique,2024-06-30,831
Traitement antibiotique,2025-12-30,991
Soins post-operatoires,2025-07-22,6911
Suivi hypertension,2024-03-12,8562
Traitement diabetique,2025-12-04,4626
Traitement antipaludique,2025-07-12,5507
Consultation generale,2025-12-14,4540
Suivi hypertension,2023-07-04,1622
Consultation generale,2023-08-11,7682
Soins post-operatoires,2025-11-14,8101
Traitement antibiotique,2025-06-17,3018
Consultation generale,2024-09-01,5963
Traitement antipaludique,2023-07-07,6290
Traitement antibiotique,2023-10-06,4192
Traitement diabetique,2023-09-30,8603
Soins post-operatoires,2025-12-28,9006
Traitement antipaludique,2024-02-03,7283
Traitement antibiotique,2023-07-22,9130
Suivi hypertension,2024-12-04,8992
Traitement antipaludique,2024-05-22,2305
Traitement antipaludique,2025-01-03,6918
Traitement diabetique,2025-05-12,392
Traitement antibiotique,2023-12-10,1990
Consultation generale,2024-09-06,1021
Traitement antipaludique,2024-06-12,6761
Traitement antipaludique,2025-02-22,6762
Consultation generale,2025-08-11,5646
Consultation generale,2023-04-05,2549
Consultation generale,2025-09-27,5162
Consultation generale,2025-07-22,8818
Consultation generale,2023-01-06,8788
Suivi hypertension,2023-02-24,8949
Traitement antipaludique,2025-09-10,2793
Traitement antipaludique,2023-05-27,5738
Suivi hypertension,2024-07-31,5572
Soins post-operatoires,2025-05-21,3402
Traitement antibiotique,2024-12-15,8231
Traitement diabetique,2023-09-01,9164
Suivi hypertension,2023-08-11,5607
Soins post-operatoires,2024-04-28,8219
Traitement antibiotique,2024-12-28,8279
Traitement diabetique,2023-11-30,3665
Traitement antibiotique,2024-08-05,2510
Traitement antipaludique,2025-08-25,6214
Soins post-operatoires,2024-02-22,3381
Traitement diabetique,2023-09-02,5839
Soins post-operatoires,2025-07-05,7563
Soins post-operatoires,2025-08-15,9548
Soins post-operatoires,2024-05-31,4689
Soins post-operatoires,2023-11-04,3157
Traitement antipaludique,2023-03-21,837
Traitement antibiotique,2025-07-20,7204
Soins post-operatoires,2025-07-03,4625
Suivi hypertension,2023-07-30,515
Soins post-operatoires,2023-01-02,8457
Traitement antipaludique,2025-04-19,4931
Suivi hypertension,2023-01-04,7262
Traitement antibiotique,2024-08-21,4548
Suivi hypertension,2024-07-31,6817
Traitement antipaludique,2025-01-19,9350
Traitement diabetique,2025-09-16,9572
Traitement diabetique,2023-03-03,2705
Soins post-operatoires,2025-09-22,7147
Consultation generale,2025-07-18,8811
Traitement antibiotique,2025-12-09,5248
Soins post-operatoires,2025-03-21,1948
Traitement antibiotique,2023-09-24,922
Soins post-operatoires,2023-03-18,2174
Traitement antibiotique,2023-12-28,4357
Traitement antipaludique,2025-05-26,5662
Traitement diabetique,2024-11-26,8952
Consultation generale,2024-04-02,1983
Traitement antipaludique,2025-06-28,3851
Consultation generale,2025-05-16,7965
Traitement antipaludique,2024-08-21,6475
Traitement antipaludique,2023-11-01,9067
Traitement antipaludique,2023-04-16,6989
Soins post-operatoires,2024-05-20,9842
Traitement antipaludique,2024-12-22,590
Traitement antipaludique,2025-11-14,9610
Suivi hypertension,2025-03-26,7957
Soins post-operatoires,2023-12-28,5459
Soins post-operatoires,2023-10-28,2958
Traitement antibiotique,2023-02-05,6923
Traitement antipaludique,2024-04-07,5452
Soins post-operatoires,2025-07-18,3349
Consultation generale,2023-08-18,7635
Traitement antibiotique,2024-01-29,8229
Traitement diabetique,2023-09-24,523
Traitement antibiotique,2023-01-06,3655
Soins post-operatoires,2023-08-19,9484
Traitement antibiotique,2023-04-04,4985
Consultation generale,2024-05-09,2311
Traitement antibiotique,2025-04-06,7858
Traitement diabetique,2023-11-26,357
Suivi hypertension,2025-08-16,3407
Suivi hypertension,2023-05-17,2689
Soins post-operatoires,2024-10-03,78
Traitement antipaludique,2024-11-22,1315
Consultation generale,2025-12-07,6806
Soins post-operatoires,2023-03-29,4850
Suivi hypertension,2023-12-30,4493
Consultation generale,2025-04-27,5174
Consultation generale,2025-01-23,9136
Traitement diabetique,2023-02-23,4044
Soins post-operatoires,2023-07-27,629
Traitement antibiotique,2025-08-06,1362
Soins post-operatoires,2024-05-26,918
Traitement antipaludique,2025-12-16,6750
Soins post-operatoires,2023-05-12,4001
Traitement diabetique,2024-04-04,4128
Consultation generale,2023-03-08,6688
Suivi hypertension,2024-09-22,5057
Suivi hypertension,2025-06-23,139
Soins post-operatoires,2024-12-06,9475
Soins post-operatoires,2025-10-24,7384
Traitement antibiotique,2025-06-16,9495
Traitement diabetique,2023-02-23,4063
Consultation generale,2024-11-08,5231
Soins post-operatoires,2025-04-14,547
Traitement diabetique,2025-12-23,1294
Soins post-operatoires,2023-02-21,5650
Traitement diabetique,2023-06-03,4512
Soins post-operatoires,2024-10-07,5482
Suivi hypertension,2024-02-07,2128
Traitement diabetique,2024-07-30,3589
Suivi hypertension,2024-01-20,4748
Traitement antipaludique,2024-10-03,2413
Traitement antibiotique,2025-01-22,4204
Consultation generale,2023-10-26,6157
Consultation generale,2023-04-28,6820
Traitement diabetique,2024-11-10,651
Traitement antibiotique,2023-06-23,1290
Consultation generale,2024-03-27,4231
Traitement antibiotique,2025-07-13,6179
Consultation generale,2025-01-07,802
Consultation generale,2025-07-30,8668
Soins post-operatoires,2023-06-22,8092
Suivi hypertension,2024-01-18,7803
Traitement antipaludique,2023-02-13,4197
Soins post-operatoires,2025-10-30,4254
Traitement diabetique,2024-06-04,6055
Traitement antipaludique,2025-06-20,535
Suivi hypertension,2025-09-02,2322
Suivi hypertension,2023-01-13,9751
Soins post-operatoires,2024-07-16,7953
Suivi hypertension,2023-06-19,7712
Suivi hypertension,2025-09-25,7869
Consultation generale,2025-04-24,1780
Soins post-operatoires,2025-03-16,2965
Suivi hypertension,2023-12-30,3906
Suivi hypertension,2023-04-29,5739
Consultation generale,2023-01-16,5448
Soins post-operatoires,2025-10-17,3195
Traitement antibiotique,2025-02-21,2128
Traitement antipaludique,2023-08-25,8234
Traitement antipaludique,2024-08-13,2979
Traitement diabetique,2025-10-22,9539
Consultation generale,2024-09-01,9229
Suivi hypertension,2025-08-26,8264
Traitement diabetique,2024-09-19,9238
Consultation generale,2023-06-03,498
Suivi hypertension,2025-09-12,4493
Consultation generale,2025-08-23,4294
Traitement antibiotique,2024-10-11,2168
Traitement diabetique,2023-11-06,5958
Traitement antibiotique,2025-03-25,8787
Traitement diabetique,2023-12-25,8736
Traitement diabetique,2023-09-25,4802
Consultation generale,2023-08-26,8895
Consultation generale,2025-02-27,4038
Soins post-operatoires,2023-11-29,9614
Consultation generale,2025-08-01,6398
Traitement diabetique,2023-10-20,7301
Consultation generale,2024-12-22,7220
Traitement diabetique,2023-12-30,6547
Traitement antipaludique,2025-05-06,9115
Traitement antibiotique,2024-05-15,8031
Traitement antibiotique,2024-05-21,8398
Suivi hypertension,2023-08-27,8362
Soins post-operatoires,2025-12-22,9794
Suivi hypertension,2023-05-25,7770
Traitement antibiotique,2024-07-25,8709
Soins post-operatoires,2025-12-25,3088
Traitement antipaludique,2023-03-01,5975
Consultation generale,2023-07-10,9612
Traitement antibiotique,2023-02-25,3152
Consultation generale,2024-08-17,2827
Traitement antipaludique,2025-11-12,9482
Suivi hypertension,2025-10-30,2857
Traitement diabetique,2025-11-21,6837
Soins post-operatoires,2025-09-01,4302
Suivi hypertension,2024-04-18,9503
Traitement diabetique,2024-05-03,9911
Consultation generale,2025-12-23,4029
Traitement antipaludique,2025-06-12,4260
Traitement antipaludique,2023-12-30,9753
Traitement diabetique,2024-10-16,3060
Traitement diabetique,2023-04-26,1235
Soins post-operatoires,2024-10-28,2766
Traitement diabetique,2024-09-20,5318
Traitement diabetique,2025-06-02,6058
Consultation generale,2023-02-27,2348
Traitement diabetique,2023-10-23,7468
Traitement diabetique,2024-03-14,2334
Suivi hypertension,2023-09-09,9325
Traitement antibiotique,2023-04-20,2683
Consultation generale,2025-03-28,8083
Traitement antipaludique,2023-10-04,202
Traitement diabetique,2023-11-22,8938
Soins post-operatoires,2023-06-15,9977
Traitement antipaludique,2024-01-11,6735
Traitement diabetique,2025-04-18,1618
Traitement antibiotique,2024-08-21,3680
Traitement antibiotique,2023-07-29,962
Soins post-operatoires,2025-12-14,5499
Suivi hypertension,2024-03-12,3478
Traitement antipaludique,2023-01-28,1186
Traitement diabetique,2025-04-26,5946
Traitement antibiotique,2023-01-16,9504
Traitement diabetique,2024-07-24,6582
Traitement antibiotique,2023-04-22,2736
Traitement antibiotique,2024-10-15,720
Soins post-operatoires,2023-07-29,250
Traitement diabetique,2025-09-04,222
Suivi hypertension,2023-01-11,3062
Suivi hypertension,2023-06-06,300
Traitement antipaludique,2025-08-14,1404
Traitement antipaludique,2025-07-12,9919
Consultation generale,2023-05-06,3541
Traitement antipaludique,2025-04-19,9180
Consultation generale,2025-12-05,8264
Traitement antipaludique,2023-06-08,864
Consultation generale,2025-01-30,9927
Consultation generale,2024-02-21,1744
Traitement diabetique,2025-08-01,9165
Soins post-operatoires,2024-09-05,6601
Traitement antipaludique,2025-09-12,1157
Soins post-operatoires,2025-01-16,4843
Suivi hypertension,2025-05-28,2235
Soins post-operatoires,2024-07-05,4172
Consultation generale,2025-08-05,6727
Suivi hypertension,2025-09-13,5551
Traitement antibiotique,2023-02-13,4086
Soins post-operatoires,2023-07-01,8070
Traitement diabetique,2023-07-30,3861
Suivi hypertension,2023-02-12,7972
Soins post-operatoires,2024-07-30,1214
Traitement diabetique,2023-10-03,8002
Traitement antibiotique,2025-05-21,2297
Traitement diabetique,2025-05-14,8278
Suivi hypertension,2024-08-20,5734
Suivi hypertension,2023-11-06,9654
Traitement antibiotique,2023-06-13,731
Consultation generale,2023-11-05,5469
Traitement antipaludique,2024-11-05,3952
Suivi hypertension,2025-07-13,7519
Traitement diabetique,2025-11-21,54
Suivi hypertension,2023-02-25,282
Suivi hypertension,2024-03-28,4348
Traitement antibiotique,2025-06-19,9222
Traitement antipaludique,2023-10-16,1883
Traitement antibiotique,2024-07-23,9716
Suivi hypertension,2025-10-28,3027
Traitement antibiotique,2025-07-01,9643
Traitement antibiotique,2023-08-17,4925
Traitement diabetique,2025-08-19,8533
Traitement antibiotique,2024-03-11,5798
Suivi hypertension,2023-08-22,8128
Soins post-operatoires,2023-01-18,2286
Suivi hypertension,2024-06-07,8678
Traitement antipaludique,2024-05-07,37
Traitement diabetique,2023-07-24,5682
Traitement antipaludique,2024-07-25,4932
Soins post-operatoires,2024-08-07,6260
Consultation generale,2024-08-23,491
Suivi hypertension,2025-04-29,6902
Consultation generale,2025-11-07,8484
Suivi hypertension,2024-05-16,3133
Traitement diabetique,2023-04-01,9824
Suivi hypertension,2024-08-14,3488
Traitement diabetique,2024-05-06,2516
Consultation generale,2023-08-10,2558
Traitement antibiotique,2023-07-15,3817
Traitement diabetique,2024-09-17,7954
Soins post-operatoires,2025-11-19,2326
Soins post-operatoires,2024-03-12,5048
Traitement diabetique,2025-06-01,7499
Suivi hypertension,2024-04-05,1831
Soins post-operatoires,2024-03-04,329
Traitement diabetique,2024-04-01,8327
Traitement diabetique,2024-12-31,5742
Traitement antipaludique,2025-04-22,9509
Traitement diabetique,2025-10-01,6555
Consultation generale,2024-09-16,6778
Consultation generale,2024-04-07,591
Traitement antibiotique,2023-12-03,2586
Suivi hypertension,2023-02-04,600
Consultation generale,2023-03-01,6363
Suivi hypertension,2024-06-30,9583
Consultation generale,2025-06-24,3888
Traitement diabetique,2023-03-07,7475
Traitement diabetique,2025-10-07,6007
Soins post-operatoires,2025-03-08,6485
Traitement diabetique,2025-05-30,5537
Traitement diabetique,2023-01-12,9717
Traitement antipaludique,2025-06-07,8653
Traitement diabetique,2024-07-05,2138
Traitement diabetique,2023-01-24,4926
Traitement antibiotique,2023-05-06,3093
Consultation generale,2025-09-02,6469
Traitement antibiotique,2025-08-19,7811
Consultation generale,2024-12-09,8636
Suivi hypertension,2024-10-30,3979
Suivi hypertension,2024-05-24,2529
Traitement antibiotique,2023-08-06,727
Traitement diabetique,2023-01-09,7257
Traitement antibiotique,2024-06-09,3001
Soins post-operatoires,2025-12-31,5832
Traitement antibiotique,2025-04-27,2991
Soins post-operatoires,2023-12-19,6339
Suivi hypertension,2023-09-18,2465
Consultation generale,2023-02-10,9975
Traitement antibiotique,2023-11-05,8880
Suivi hypertension,2024-10-31,6539
Suivi hypertension,2023-08-12,2844
Suivi hypertension,2025-12-26,6695
Consultation generale,2025-03-16,8141
Traitement antipaludique,2023-05-17,6332
Consultation generale,2025-02-04,5896
Traitement antipaludique,2023-06-17,9978
Consultation generale,2023-01-03,2095
Soins post-operatoires,2024-01-13,5012
Suivi hypertension,2025-07-03,8537
Soins post-operatoires,2024-08-16,3817
Soins post-operatoires,2025-01-11,9257
Traitement antibiotique,2024-04-14,2975
Soins post-operatoires,2024-03-16,9089
Soins post-operatoires,2025-08-12,5584
Consultation generale,2025-09-22,3964
Traitement antibiotique,2025-08-16,5192
Traitement diabetique,2024-09-09,87
Traitement antibiotique,2024-06-07,8370
Suivi hypertension,2023-10-01,9336
Traitement antibiotique,2025-08-26,6304
Consultation generale,2024-05-27,279
Suivi hypertension,2023-04-03,5942
Traitement antipaludique,2024-06-18,8156
Suivi hypertension,2024-03-17,7153
Soins post-operatoires,2025-07-22,2951
Traitement antibiotique,2023-06-01,1371
Consultation generale,2023-11-11,9384
Traitement antipaludique,2024-06-16,3640
Consultation generale,2025-04-02,9487
Traitement diabetique,2024-11-10,9625
Traitement antibiotique,2024-04-25,8762
Traitement diabetique,2024-10-29,6333
Traitement antibiotique,2024-04-03,2005
Traitement antipaludique,2024-03-15,4601
Traitement diabetique,2025-09-11,7896
Suivi hypertension,2024-07-16,7098
Consultation generale,2023-06-30,512
Traitement antibiotique,2024-03-15,3687
Traitement diabetique,2024-08-12,1786
Suivi hypertension,2023-04-07,6863
Consultation generale,2025-02-23,8843
Traitement antibiotique,2025-07-17,8778
Traitement antibiotique,2023-12-09,4284
Soins post-operatoires,2023-05-04,9125
Traitement diabetique,2025-09-09,3045
Traitement antibiotique,2024-08-18,2604
Consultation generale,2023-10-14,8270
Traitement antipaludique,2024-08-27,3857
Soins post-operatoires,2023-10-06,9751
Suivi hypertension,2023-12-23,8943
Traitement antipaludique,2024-12-12,7450
Consultation generale,2023-11-19,7123
Soins post-operatoires,2025-01-06,3620
Suivi hypertension,2024-08-21,5085
Suivi hypertension,2023-09-10,9094
Soins post-operatoires,2025-01-05,7242
Traitement antipaludique,2025-06-23,8237
Suivi hypertension,2025-11-19,7720
Traitement antipaludique,2024-03-13,9198
Soins post-operatoires,2023-07-11,3225
Suivi hypertension,2023-04-13,6980
Traitement diabetique,2025-12-13,6671
Traitement diabetique,2025-03-04,1302
Soins post-operatoires,2023-01-02,2724
Traitement antipaludique,2024-11-09,7386
Traitement antibiotique,2024-12-02,7485
Soins post-operatoires,2024-07-24,2830
Traitement diabetique,2024-09-26,8500
Traitement antibiotique,2025-12-23,3425
Traitement antibiotique,2025-06-12,2417
Traitement antipaludique,2023-02-04,8725
Traitement antipaludique,2023-03-01,2244
Soins post-operatoires,2023-10-05,9994
Soins post-operatoires,2023-01-14,7053
Traitement antipaludique,2025-02-23,5999
Traitement diabetique,2024-03-30,2412
Soins post-operatoires,2024-04-17,4781
Suivi hypertension,2025-06-25,8516
Traitement diabetique,2025-02-17,7383
Consultation generale,2023-10-13,8632
Soins post-operatoires,2023-04-04,7345
Soins post-operatoires,2025-02-10,8588
Traitement diabetique,2025-03-16,7662
Suivi hypertension,2024-04-17,937
Soins post-operatoires,2023-03-10,3673
Suivi hypertension,2023-12-31,1640
Suivi hypertension,2024-04-28,5212
Traitement diabetique,2024-06-13,7315
Traitement antipaludique,2025-02-26,7257
Consultation generale,2025-12-20,3544
Traitement diabetique,2025-10-04,4696
Traitement diabetique,2023-05-16,7619
Consultation generale,2024-09-13,6975
Traitement antipaludique,2023-12-30,102
Traitement diabetique,2025-06-16,7012
Traitement diabetique,2023-04-15,3908
Suivi hypertension,2024-08-28,7356
Traitement antibiotique,2024-11-23,5962
Traitement antibiotique,2024-08-06,6700
Soins post-operatoires,2025-09-22,4331
Traitement antipaludique,2023-08-31,7112
Soins post-operatoires,2024-06-06,6220
Soins post-operatoires,2023-12-02,5095
Soins post-operatoires,2024-03-12,1534
Soins post-operatoires,2023-09-09,5646
Traitement diabetique,2025-03-01,3715
Consultation generale,2025-05-15,1142
Traitement antipaludique,2025-11-25,2030
Consultation generale,2024-09-25,2412
Consultation generale,2025-01-06,2330
Soins post-operatoires,2025-01-15,6623
Traitement antibiotique,2024-12-07,9339
Traitement antipaludique,2024-02-25,3931
Traitement antibiotique,2025-04-05,7369
Traitement antipaludique,2025-03-15,7445
Soins post-operatoires,2024-05-20,3454
Traitement diabetique,2025-02-17,6821
Traitement diabetique,2023-07-06,4017
Traitement antibiotique,2023-10-16,1666
Consultation generale,2023-09-08,3513
Traitement antipaludique,2024-03-29,9897
Consultation generale,2025-09-23,615
Consultation generale,2024-08-24,5999
Traitement antibiotique,2023-07-03,9055
Traitement antipaludique,2024-05-16,9825
Traitement antipaludique,2024-06-16,7197
Traitement diabetique,2024-04-04,5690
Suivi hypertension,2025-08-28,4256
Suivi hypertension,2023-04-12,7682
Consultation generale,2023-03-24,6669
Soins post-operatoires,2024-04-14,6458
Consultation generale,2025-02-02,8132
Soins post-operatoires,2025-04-19,3771
Traitement diabetique,2023-10-16,7041
Soins post-operatoires,2024-03-10,3917
Suivi hypertension,2025-05-15,3281
Traitement diabetique,2025-04-14,9544
Traitement antibiotique,2025-06-10,5611
Traitement diabetique,2025-01-28,3401
Traitement diabetique,2024-06-18,6547
Traitement antipaludique,2024-04-22,7687
Suivi hypertension,2023-10-01,3235
Suivi hypertension,2023-11-20,2880
Consultation generale,2025-02-03,4959
Traitement antibiotique,2024-04-21,2833
Traitement diabetique,2025-06-16,1854
Soins post-operatoires,2025-10-23,3477
Soins post-operatoires,2024-02-15,9054
Soins post-operatoires,2023-09-08,500
Traitement antipaludique,2023-10-29,2145
Traitement antipaludique,2023-03-28,1235
Traitement diabetique,2025-11-22,8155
Traitement antipaludique,2023-04-11,4178
Suivi hypertension,2025-06-11,8985
Suivi hypertension,2025-04-30,1602
Consultation generale,2024-12-20,4336
Traitement antipaludique,2023-04-22,3243
Traitement antibiotique,2024-04-04,8386
Traitement antipaludique,2024-12-07,6
Traitement antipaludique,2025-03-19,3975
Traitement diabetique,2024-07-05,4472
Consultation generale,2025-01-24,183
Traitement antibiotique,2023-06-17,3347
Traitement antibiotique,2023-10-24,1664
Suivi hypertension,2025-01-02,7067
Traitement antibiotique,2023-08-07,4144
Traitement antibiotique,2024-09-23,526
Traitement antibiotique,2023-06-21,6009
Traitement antibiotique,2023-05-01,2267
Soins post-operatoires,2023-07-31,2130
Soins post-operatoires,2025-10-22,4528
Traitement diabetique,2025-07-18,6028
Soins post-operatoires,2024-08-04,1814
Traitement antibiotique,2025-03-07,6318
Suivi hypertension,2024-06-14,1273
Soins post-operatoires,2025-10-24,7165
Traitement diabetique,2024-11-03,7847
Suivi hypertension,2024-08-25,5953
Suivi hypertension,2024-06-03,1621
Traitement antibiotique,2024-01-13,3773
Traitement antipaludique,2023-06-28,2889
Soins post-operatoires,2024-09-24,5416
Suivi hypertension,2024-10-10,4993
Traitement antipaludique,2025-10-12,231
Traitement diabetique,2023-05-25,782
Consultation generale,2023-08-14,6446
Traitement antipaludique,2023-01-21,993
Traitement antipaludique,2024-04-09,6837
Traitement antibiotique,2024-01-04,3476
Traitement antipaludique,2024-05-16,9055
Traitement antibiotique,2023-07-21,8638
Suivi hypertension,2025-11-03,9801
Consultation generale,2023-05-16,2250
Soins post-operatoires,2025-03-27,7907
Suivi hypertension,2023-10-16,1703
Suivi hypertension,2024-04-29,2857
Suivi hypertension,2025-01-06,8814
Suivi hypertension,2024-09-06,3764
Traitement diabetique,2024-10-15,3762
Traitement antipaludique,2024-11-25,8540
Consultation generale,2025-07-02,6186
Traitement antibiotique,2024-09-22,8893
Traitement diabetique,2024-09-16,6491
Suivi hypertension,2023-02-16,1874
Consultation generale,2024-04-21,813
Soins post-operatoires,2023-07-24,8261
Consultation generale,2023-12-01,8017
Traitement diabetique,2025-01-30,8633
Traitement antipaludique,2024-03-20,2806
Soins post-operatoires,2024-07-31,6921
Traitement antipaludique,2025-03-08,6941
Soins post-operatoires,2024-09-07,3294
Traitement diabetique,2023-08-11,4871
Traitement antibiotique,2023-05-20,7802
Suivi hypertension,2024-03-24,7902
Traitement diabetique,2024-08-06,9406
Soins post-operatoires,2024-09-29,7119
Suivi hypertension,2023-10-27,8166
Traitement antibiotique,2025-09-16,303
Consultation generale,2023-08-11,9587
Suivi hypertension,2025-08-02,9708
Soins post-operatoires,2023-10-22,4696
Traitement antibiotique,2023-11-13,7788
Soins post-operatoires,2023-12-30,652
Suivi hypertension,2023-08-06,8234
Traitement antibiotique,2023-07-09,282
Soins post-operatoires,2023-03-20,7718
Traitement antibiotique,2024-08-25,2574
Traitement diabetique,2025-07-17,642
Traitement diabetique,2024-03-07,7747
Traitement diabetique,2024-09-10,4657
Traitement antipaludique,2023-02-27,904
Soins post-operatoires,2024-03-28,15
Consultation generale,2024-10-21,524
Consultation generale,2024-11-18,9775
Suivi hypertension,2025-02-20,5367
Soins post-operatoires,2023-04-14,1117
Traitement diabetique,2025-08-11,2465
Suivi hypertension,2024-03-13,1873
Soins post-operatoires,2023-01-16,4507
Suivi hypertension,2025-03-24,7848
Traitement antipaludique,2025-11-15,1751
Soins post-operatoires,2024-11-14,142
Soins post-operatoires,2024-06-07,8192
Suivi hypertension,2024-08-02,5802
Soins post-operatoires,2024-02-02,5437
Traitement diabetique,2024-04-28,557
Suivi hypertension,2023-07-09,6185
Traitement antipaludique,2024-02-24,8122
Suivi hypertension,2023-01-02,6117
Traitement antibiotique,2023-09-28,6503
Suivi hypertension,2025-08-27,9466
Traitement antipaludique,2025-11-24,7101
Traitement antibiotique,2023-12-16,4795
Soins post-operatoires,2024-07-30,7965
Traitement antibiotique,2024-02-23,7220
Traitement diabetique,2025-08-29,3617
Traitement antipaludique,2023-07-10,2708
Consultation generale,2025-06-08,4360
Traitement diabetique,2024-06-17,7301
Consultation generale,2023-05-18,5965
Soins post-operatoires,2024-07-17,1539
Suivi hypertension,2024-08-14,4635
Traitement antibiotique,2023-05-16,2435
Traitement antipaludique,2025-07-13,3529
Traitement antipaludique,2023-04-10,987
Traitement antibiotique,2023-10-17,3345
Traitement diabetique,2025-02-19,787
Soins post-operatoires,2024-11-02,1656
Suivi hypertension,2024-05-22,6799
Suivi hypertension,2025-12-16,8682
Consultation generale,2025-12-27,7231
Traitement diabetique,2023-10-17,6939
Consultation generale,2025-12-18,5255
Traitement diabetique,2023-08-24,981
Suivi hypertension,2024-07-08,3850
Soins post-operatoires,2024-04-15,9142
Soins post-operatoires,2025-01-03,833
Traitement antipaludique,2024-07-10,5321
Suivi hypertension,2023-06-06,3292
Traitement antibiotique,2023-06-05,1355
Suivi hypertension,2025-05-26,6150
Traitement antipaludique,2025-07-11,5097
Traitement antibiotique,2025-11-19,9829
Consultation generale,2025-12-22,6316
Traitement antibiotique,2023-11-20,4241
Traitement diabetique,2025-04-18,9660
Suivi hypertension,2024-08-08,5297
Traitement antibiotique,2023-03-12,9452
Suivi hypertension,2025-09-21,550
Traitement antipaludique,2025-06-20,7222
Traitement antibiotique,2023-11-26,646
Suivi hypertension,2025-01-05,6817
Soins post-operatoires,2023-03-19,4180
Consultation generale,2023-12-20,5060
Suivi hypertension,2024-08-05,7692
Traitement antipaludique,2023-10-20,7596
Consultation generale,2024-04-24,1380
Traitement antibiotique,2025-01-27,9357
Traitement antibiotique,2024-03-27,9480
Traitement antipaludique,2025-01-11,9487
Soins post-operatoires,2024-11-11,5022
Soins post-operatoires,2024-06-16,6875
Traitement diabetique,2025-01-31,4463
Suivi hypertension,2025-06-01,7123
Suivi hypertension,2024-01-31,503
Suivi hypertension,2024-05-31,7287
Soins post-operatoires,2023-01-06,7638
Soins post-operatoires,2023-08-04,7545
Soins post-operatoires,2023-05-25,4234
Traitement antibiotique,2024-06-26,6881
Traitement diabetique,2024-06-10,3943
Traitement antipaludique,2023-01-09,8685
Soins post-operatoires,2025-11-13,7878
Traitement antibiotique,2023-07-07,4213
Consultation generale,2023-10-11,4378
Traitement antipaludique,2025-09-15,4214
Suivi hypertension,2024-01-31,879
Traitement diabetique,2025-11-02,4316
Consultation generale,2023-09-22,5097
Consultation generale,2025-04-25,9932
Consultation generale,2024-07-05,7905
Consultation generale,2024-10-12,5188
Traitement antipaludique,2024-07-22,4240
Traitement antipaludique,2023-01-22,9450
Traitement diabetique,2024-02-09,772
Traitement antibiotique,2024-07-19,83
Traitement diabetique,2023-08-12,9060
Traitement diabetique,2025-12-24,8354
Traitement antipaludique,2024-03-16,2193
Soins post-operatoires,2025-11-26,903
Suivi hypertension,2025-11-20,2587
Traitement diabetique,2025-09-09,1608
Soins post-operatoires,2024-09-12,7724
Traitement diabetique,2025-06-28,2661
Suivi hypertension,2024-12-29,6091
Traitement antipaludique,2024-06-01,3755
Soins post-operatoires,2023-01-22,541
Soins post-operatoires,2023-04-21,3418
Suivi hypertension,2024-11-08,3915
Traitement antibiotique,2023-11-12,657
Traitement antibiotique,2023-01-29,1526
Traitement diabetique,2025-11-19,9989
Traitement antibiotique,2024-10-26,6392
Soins post-operatoires,2025-06-28,6260
Consultation generale,2025-12-08,6942
Traitement antipaludique,2025-12-25,7749
Soins post-operatoires,2024-05-23,4909
Traitement antipaludique,2024-09-13,5051
Traitement antibiotique,2025-06-06,5949
Consultation generale,2025-12-21,4294
Suivi hypertension,2025-07-30,5294
Soins post-operatoires,2025-07-02,9918
Traitement antibiotique,2024-11-30,9578
Traitement diabetique,2023-07-11,8414
Traitement diabetique,2023-01-06,3834
Traitement antibiotique,2025-07-03,7087
Consultation generale,2024-02-05,5635
Suivi hypertension,2025-09-11,6019
Traitement antipaludique,2024-10-30,7086
Soins post-operatoires,2024-11-10,5280
Traitement diabetique,2025-03-10,5904
Traitement antibiotique,2025-08-02,7234
Suivi hypertension,2024-08-22,7590
Traitement antibiotique,2025-10-25,6666
Soins post-operatoires,2025-11-10,683
Consultation generale,2025-08-17,7478
Soins post-operatoires,2023-10-29,2641
Traitement diabetique,2024-12-04,2157
Suivi hypertension,2024-02-11,3621
Suivi hypertension,2023-03-30,431
Traitement antibiotique,2025-07-07,8825
Soins post-operatoires,2024-08-26,5768
Suivi hypertension,2024-07-30,1420
Traitement antibiotique,2023-11-04,2052
Suivi hypertension,2025-10-02,7640
Traitement antibiotique,2024-08-06,1621
Traitement diabetique,2023-07-21,9777
Consultation generale,2024-10-04,3207
Soins post-operatoires,2024-01-25,3848
Soins post-operatoires,2024-08-31,5311
Soins post-operatoires,2025-07-26,6803
Suivi hypertension,2024-12-04,685
Consultation generale,2023-06-08,8206
Suivi hypertension,2024-01-09,454
Suivi hypertension,2025-07-03,4634
Consultation generale,2023-12-16,3000
Consultation generale,2024-09-13,1426
Suivi hypertension,2024-05-15,6898
Soins post-operatoires,2024-05-13,4569
Consultation generale,2023-02-01,7556
Suivi hypertension,2024-11-04,9183
Soins post-operatoires,2025-02-16,6991
Consultation generale,2024-02-01,3233
Traitement antipaludique,2025-04-11,5652
Traitement antipaludique,2025-06-15,1652
Consultation generale,2024-05-04,9969
Consultation generale,2024-03-10,2964
Soins post-operatoires,2023-10-12,5946
Traitement diabetique,2023-12-08,1722
Traitement diabetique,2025-01-01,8322
Traitement antipaludique,2025-09-18,5904
Traitement antipaludique,2025-07-26,4336
Traitement antibiotique,2024-11-18,2102
Traitement diabetique,2024-05-03,7419
Traitement antipaludique,2025-07-04,2558
Soins post-operatoires,2023-03-12,1463
Suivi hypertension,2023-12-25,1841
Traitement diabetique,2023-11-07,5476
Traitement antibiotique,2024-02-15,4438
Traitement antibiotique,2024-11-26,4842
Traitement antipaludique,2024-09-14,8823
Soins post-operatoires,2025-01-11,2336
Traitement antipaludique,2024-03-11,6979
Traitement antibiotique,2025-03-10,2164
Suivi hypertension,2025-05-04,9244
Traitement diabetique,2023-07-29,7405
Traitement diabetique,2023-08-10,8527
Consultation generale,2025-07-02,4384
Suivi hypertension,2025-09-04,4026
Soins post-operatoires,2023-10-25,6966
Traitement diabetique,2025-08-06,9549
Traitement diabetique,2023-08-08,2796
Soins post-operatoires,2025-07-15,1145
Traitement antipaludique,2024-06-24,4233
Consultation generale,2025-10-31,9989
Traitement diabetique,2025-03-03,2890
Traitement diabetique,2025-09-13,7256
Soins post-operatoires,2023-02-09,2197
Traitement antibiotique,2023-06-26,21
Traitement antibiotique,2025-11-30,7965
Traitement antipaludique,2024-07-08,5571
Traitement diabetique,2024-06-30,8075
Consultation generale,2023-04-12,6137
Soins post-operatoires,2024-06-03,144
Traitement antipaludique,2023-12-12,3801
Traitement antipaludique,2025-08-19,2305
Soins post-operatoires,2024-01-25,8191
Consultation generale,2023-10-29,6894
Traitement antibiotique,2024-04-23,8776
Consultation generale,2025-10-28,5314
Consultation generale,2024-06-04,8024
Traitement antibiotique,2023-08-17,7868
Consultation generale,2024-11-28,7171
Soins post-operatoires,2024-11-26,2274
Traitement antipaludique,2023-07-07,2013
Consultation generale,2023-03-25,1902
Traitement antibiotique,2024-08-05,9084
Suivi hypertension,2024-02-25,4182
Traitement diabetique,2024-11-20,2256
Consultation generale,2023-05-04,5273
Consultation generale,2025-11-24,4707
Traitement antibiotique,2023-08-05,5550
Traitement antipaludique,2023-05-15,8682
Traitement diabetique,2025-05-17,7687
Suivi hypertension,2024-04-09,1762
Consultation generale,2025-02-09,4413
Suivi hypertension,2024-09-01,7409
Traitement diabetique,2025-07-11,650
Traitement diabetique,2024-06-19,3968
Consultation generale,2025-05-17,3462
Suivi hypertension,2025-02-27,8717
Soins post-operatoires,2023-08-21,6576
Soins post-operatoires,2024-07-13,6573
Consultation generale,2024-07-17,5683
Soins post-operatoires,2025-07-28,8039
Suivi hypertension,2025-05-17,2887
Traitement antipaludique,2025-08-29,4452
Suivi hypertension,2025-12-17,8992
Traitement antibiotique,2024-07-14,7814
Consultation generale,2025-07-15,7454
Traitement antibiotique,2023-07-05,3144
Traitement diabetique,2024-09-30,1853
Traitement diabetique,2024-05-14,2398
Traitement antipaludique,2025-07-19,9210
Consultation generale,2023-03-31,6569
Soins post-operatoires,2023-07-14,8683
Traitement diabetique,2025-05-14,627
Traitement antipaludique,2023-12-09,9473
Traitement antibiotique,2023-09-30,9626
Suivi hypertension,2023-03-10,7758
Traitement antibiotique,2023-05-12,7055
Traitement diabetique,2023-07-10,4014
Traitement diabetique,2025-09-09,7733
Traitement diabetique,2023-01-19,2792
Soins post-operatoires,2023-07-23,4745
Suivi hypertension,2024-03-30,5382
Soins post-operatoires,2024-10-02,3251
Suivi hypertension,2025-11-30,5001
Consultation generale,2024-05-08,5197
Soins post-operatoires,2023-03-25,6902
Traitement antipaludique,2024-08-30,5434
Consultation generale,2023-11-08,7847
Traitement diabetique,2025-04-26,2120
Traitement diabetique,2025-09-14,2772
Suivi hypertension,2024-05-23,6958
Soins post-operatoires,2023-06-28,4893
Consultation generale,2025-06-01,9863
Suivi hypertension,2023-01-07,8594
Traitement antipaludique,2025-12-15,6843
Soins post-operatoires,2025-09-24,6159
Consultation generale,2024-03-10,4122
Consultation generale,2024-10-10,5761
Suivi hypertension,2025-10-02,59
Suivi hypertension,2023-09-22,287
Consultation generale,2024-01-16,7392
Traitement antibiotique,2023-02-15,8379
Suivi hypertension,2025-11-18,136
Suivi hypertension,2023-09-14,9594
Traitement diabetique,2024-04-16,8489
Traitement antipaludique,2025-12-08,3142
Suivi hypertension,2024-02-06,3953
Traitement antibiotique,2025-05-11,1712
Soins post-operatoires,2025-07-31,5510
Soins post-operatoires,2024-03-18,4380
Traitement antibiotique,2025-09-08,5251
Consultation generale,2025-11-02,3243
Traitement antipaludique,2024-05-12,5698
Traitement diabetique,2024-07-03,6637
Traitement antipaludique,2023-06-30,2945
Consultation generale,2025-12-14,4240
Traitement antipaludique,2024-02-26,8228
Traitement antipaludique,2023-06-30,8966
Consultation generale,2024-03-11,6087
Soins post-operatoires,2023-07-27,4309
Traitement antipaludique,2023-12-07,7994
Soins post-operatoires,2023-08-19,3841
Traitement antipaludique,2024-11-12,9121
Traitement antipaludique,2024-05-26,9195
Consultation generale,2023-09-24,8442
Consultation generale,2023-03-26,9187
Traitement antipaludique,2023-09-13,944
Traitement antibiotique,2023-01-29,249
Suivi hypertension,2024-03-10,1612
Suivi hypertension,2024-12-20,7659
Traitement diabetique,2024-08-06,3973
Traitement diabetique,2023-08-04,6906
Suivi hypertension,2025-05-29,8972
Soins post-operatoires,2025-09-20,3120
Suivi hypertension,2025-05-06,4428
Suivi hypertension,2024-06-26,3093
Traitement antibiotique,2025-01-06,1801
Consultation generale,2025-02-28,8094
Suivi hypertension,2023-03-01,5590
Traitement antipaludique,2025-11-13,2066
Traitement antibiotique,2024-04-30,1093
Consultation generale,2023-12-13,1921
Traitement antibiotique,2023-09-03,8770
Consultation generale,2023-12-14,3383
Traitement antipaludique,2025-08-28,4926
Consultation generale,2023-08-22,8080
Suivi hypertension,2024-10-10,3086
Consultation generale,2023-09-15,3807
Traitement antipaludique,2023-07-13,2510
Soins post-operatoires,2023-06-11,1826
Traitement antipaludique,2023-10-31,7886
Suivi hypertension,2025-08-26,8187
Traitement antipaludique,2023-10-07,5161
Consultation generale,2023-06-07,1267
Traitement diabetique,2025-01-18,5780
Consultation generale,2024-08-19,8590
Suivi hypertension,2023-09-13,9934
Soins post-operatoires,2025-12-21,9091
Traitement antipaludique,2023-03-07,9409
Suivi hypertension,2025-10-05,3854
Suivi hypertension,2024-02-11,8008
Traitement antipaludique,2025-03-13,9147
Traitement diabetique,2023-02-04,9461
Soins post-operatoires,2023-09-04,7966
Soins post-operatoires,2024-02-29,86
Soins post-operatoires,2023-01-02,3598
Traitement antibiotique,2023-08-06,3820
Traitement diabetique,2024-06-02,9501
Traitement antibiotique,2024-09-18,9055
Traitement diabetique,2025-11-28,330
Suivi hypertension,2025-03-29,5472
Traitement antipaludique,2023-09-16,9737
Traitement diabetique,2023-06-26,3811
Traitement antibiotique,2025-07-13,7280
Suivi hypertension,2023-01-16,4393
Traitement antipaludique,2024-06-21,7810
Suivi hypertension,2023-10-21,5401
Traitement antibiotique,2023-12-21,6651
Traitement antipaludique,2024-12-20,7542
Traitement antipaludique,2024-07-01,138
Suivi hypertension,2024-11-18,4863
Traitement antipaludique,2025-04-21,6247
Traitement antibiotique,2025-03-08,5249
Soins post-operatoires,2024-11-03,4959
Soins post-operatoires,2024-03-03,2302
Traitement diabetique,2024-07-20,9594
Traitement antipaludique,2025-01-30,2244
Traitement diabetique,2025-02-13,8128
Suivi hypertension,2023-05-13,3783
Consultation generale,2024-02-04,9882
Suivi hypertension,2023-07-12,1582
Traitement diabetique,2025-03-08,9864
Traitement diabetique,2024-06-12,9865
Suivi hypertension,2024-07-29,3326
Consultation generale,2023-02-22,6901
Traitement antipaludique,2024-03-28,1867
Traitement diabetique,2023-08-16,9601
Suivi hypertension,2024-11-21,8672
Traitement diabetique,2025-12-17,9280
Suivi hypertension,2024-11-14,9138
Consultation generale,2023-01-20,3603
Consultation generale,2023-07-18,3883
Traitement diabetique,2023-09-23,8134
Traitement diabetique,2024-04-26,6659
Suivi hypertension,2023-10-20,1209
Traitement diabetique,2024-07-16,2097
Traitement antibiotique,2023-04-22,4608
Traitement antipaludique,2023-10-13,7101
Soins post-operatoires,2023-08-10,5237
Traitement antipaludique,2024-09-28,3073
Soins post-operatoires,2025-01-29,1977
Consultation generale,2024-03-08,8212
Traitement diabetique,2025-11-13,2761
Traitement antipaludique,2025-06-09,3293
Traitement diabetique,2023-02-25,504
Traitement antipaludique,2024-11-17,6035
Traitement diabetique,2023-10-07,6096
Soins post-operatoires,2023-06-03,9788
Suivi hypertension,2023-06-21,2462
Traitement antibiotique,2023-08-06,4978
Traitement antibiotique,2025-05-17,8311
Traitement diabetique,2025-01-10,1256
Suivi hypertension,2025-07-30,7360
Soins post-operatoires,2025-03-14,3628
Traitement antipaludique,2023-08-23,7297
Suivi hypertension,2023-09-03,9655
Consultation generale,2023-04-12,6241
Consultation generale,2025-09-23,3929
Consultation generale,2025-07-22,5904
Traitement diabetique,2024-11-03,5089
Traitement antibiotique,2023-05-28,1614
Suivi hypertension,2024-08-07,3805
Suivi hypertension,2025-05-22,3561
Traitement diabetique,2025-09-18,1873
Suivi hypertension,2025-11-22,4063
Traitement antipaludique,2025-01-26,8260
Suivi hypertension,2024-11-19,7656
Traitement diabetique,2025-12-09,5525
Suivi hypertension,2025-12-08,4633
Consultation generale,2025-04-04,8212
Traitement diabetique,2024-11-10,1848
Traitement antipaludique,2024-04-15,4794
Consultation generale,2025-12-08,8673
Traitement diabetique,2025-10-27,7088
Traitement diabetique,2024-02-18,6797
Traitement antibiotique,2025-10-12,3027
Consultation generale,2024-02-07,9362
Soins post-operatoires,2023-09-03,4713
Traitement antibiotique,2023-05-31,3458
Traitement antipaludique,2024-01-24,4365
Traitement antibiotique,2024-12-08,6081
Traitement diabetique,2024-12-29,7686
Traitement antibiotique,2025-04-16,2588
Traitement antipaludique,2025-03-07,9987
Suivi hypertension,2023-06-14,768
Traitement diabetique,2023-07-25,4536
Traitement diabetique,2023-06-17,1437
Traitement diabetique,2024-10-16,8910
Traitement diabetique,2025-09-14,2466
Consultation generale,2023-09-06,9341
Suivi hypertension,2024-09-19,6272
Consultation generale,2025-08-26,306
Traitement antipaludique,2023-03-12,689
Soins post-operatoires,2023-01-02,3851
Consultation generale,2025-01-10,2004
Traitement antipaludique,2024-08-01,1073
Soins post-operatoires,2023-11-03,6539
Soins post-operatoires,2023-05-07,3174
Traitement antibiotique,2024-10-16,4650
Traitement diabetique,2024-10-28,4689
Traitement antibiotique,2024-03-21,1994
Suivi hypertension,2025-07-08,9670
Consultation generale,2023-06-06,7499
Traitement antipaludique,2024-09-10,2639
Traitement diabetique,2024-02-19,9716
Traitement antibiotique,2023-06-19,1719
Traitement antibiotique,2025-11-27,3023
Traitement antibiotique,2025-02-03,2337
Consultation generale,2023-10-03,3115
Soins post-operatoires,2025-01-15,2999
Traitement antibiotique,2024-03-26,7073
Soins post-operatoires,2024-10-13,2549
Consultation generale,2023-11-04,1625
Soins post-operatoires,2024-11-06,9515
Traitement antipaludique,2023-01-22,4252
Traitement diabetique,2025-12-30,1918
Consultation generale,2025-04-14,7726
Traitement antibiotique,2024-11-29,7685
Consultation generale,2024-07-15,1903
Traitement antipaludique,2023-05-25,5302
Consultation generale,2023-06-11,4609
Consultation generale,2023-12-20,5842
Traitement antibiotique,2025-08-23,7514
Traitement antipaludique,2023-12-26,4753
Traitement diabetique,2025-10-19,6707
Suivi hypertension,2025-08-12,3080
Traitement antibiotique,2025-02-28,9520
Traitement diabetique,2025-03-01,6486
Traitement antibiotique,2024-01-11,3659
Soins post-operatoires,2023-08-20,5903
Traitement antibiotique,2024-08-02,4421
Traitement antipaludique,2024-11-07,584
Suivi hypertension,2025-08-25,1468
Traitement antipaludique,2025-09-13,6267
Suivi hypertension,2023-05-16,4577
Traitement antipaludique,2023-01-02,2543
Suivi hypertension,2024-01-13,7232
Traitement antipaludique,2025-01-23,1510
Traitement antibiotique,2024-06-14,7361
Traitement diabetique,2025-08-20,6888
Traitement antibiotique,2025-08-24,5779
Traitement antibiotique,2023-08-03,807
Suivi hypertension,2025-07-04,9490
Traitement antibiotique,2023-04-02,6365
Soins post-operatoires,2023-01-02,677
Consultation generale,2023-06-17,6625
Soins post-operatoires,2023-12-08,4850
Traitement antibiotique,2023-07-07,6354
Traitement antipaludique,2025-03-17,7742
Soins post-operatoires,2024-03-02,9658
Traitement antipaludique,2023-09-05,9534
Traitement antibiotique,2024-10-02,1441
Suivi hypertension,2025-06-24,238
Traitement diabetique,2024-10-23,8652
Traitement diabetique,2025-11-14,7728
Consultation generale,2023-08-10,6430
Consultation generale,2023-05-05,9186
Traitement antibiotique,2024-04-20,2039
Traitement diabetique,2023-07-06,1799
Traitement antibiotique,2025-03-23,5551
Consultation generale,2023-03-26,9188
Suivi hypertension,2023-05-28,978
Suivi hypertension,2025-12-26,2768
Suivi hypertension,2025-11-24,6117
Traitement diabetique,2023-10-12,2315
Consultation generale,2025-12-25,8337
Traitement diabetique,2025-08-12,2395
Traitement diabetique,2024-05-08,4697
Consultation generale,2025-03-13,4931
Traitement diabetique,2024-08-30,5466
Traitement antibiotique,2025-08-01,3851
Consultation generale,2024-12-05,3000
Traitement antibiotique,2024-11-05,78
Traitement antibiotique,2025-09-03,7110
Traitement antibiotique,2023-05-26,3392
Traitement antipaludique,2025-02-12,1043
Traitement diabetique,2023-12-30,7128
Traitement diabetique,2023-10-23,9781
Soins post-operatoires,2025-10-03,5106
Suivi hypertension,2025-03-21,2025
Suivi hypertension,2023-06-21,5329
Traitement antibiotique,2025-08-13,8474
Consultation generale,2024-07-11,6474
Traitement diabetique,2023-08-15,1470
Traitement antipaludique,2023-06-13,5674
Traitement antipaludique,2025-10-06,4923
Consultation generale,2025-02-08,4260
Traitement antipaludique,2024-02-25,9460
Traitement antipaludique,2024-07-26,7249
Soins post-operatoires,2025-10-18,777
Traitement antibiotique,2025-10-23,9315
Traitement diabetique,2023-11-26,4111
Traitement antipaludique,2025-01-27,8171
Traitement diabetique,2024-08-20,5514
Traitement antibiotique,2024-09-17,3987
Soins post-operatoires,2025-10-09,4041
Soins post-operatoires,2023-06-28,6737
Traitement antipaludique,2025-06-06,7874
Traitement diabetique,2025-09-14,9176
Traitement diabetique,2023-04-19,7351
Suivi hypertension,2023-07-29,7082
Suivi hypertension,2025-12-06,9911
Traitement diabetique,2024-06-29,5960
Traitement antipaludique,2023-07-27,754
Suivi hypertension,2025-02-14,3478
Traitement antibiotique,2025-07-25,7790
Traitement antibiotique,2023-08-12,7771
Traitement diabetique,2024-09-20,7441
Traitement antipaludique,2023-04-16,3576
Traitement antibiotique,2025-10-27,4121
Traitement diabetique,2024-08-02,4220
Traitement diabetique,2025-12-25,8409
Traitement antibiotique,2025-06-07,1937
Traitement antibiotique,2023-10-21,9474
Suivi hypertension,2023-06-23,7109
Consultation generale,2024-04-24,2653
Consultation generale,2025-11-09,7087
Soins post-operatoires,2023-05-23,1306
Traitement antibiotique,2025-08-24,4338
Traitement antibiotique,2023-10-26,6262
Traitement diabetique,2024-05-10,7433
Traitement antipaludique,2024-11-12,4500
Suivi hypertension,2024-11-04,2028
Traitement antipaludique,2024-05-01,1598
Soins post-operatoires,2023-08-10,3062
Consultation generale,2025-05-14,6944
Traitement antipaludique,2025-03-22,2850
Traitement diabetique,2023-09-04,9454
Traitement antibiotique,2023-04-13,8675
Soins post-operatoires,2023-09-17,4175
Traitement antibiotique,2025-09-12,7923
Traitement antipaludique,2024-07-01,7213
Traitement antipaludique,2023-02-04,7965
Soins post-operatoires,2025-07-07,3141
Traitement diabetique,2023-05-14,1014
Consultation generale,2023-10-17,5207
Suivi hypertension,2025-07-14,9196
Traitement antibiotique,2023-06-16,6026
Traitement antibiotique,2024-03-12,1311
Traitement diabetique,2025-06-28,9391
Suivi hypertension,2023-10-04,6359
Traitement antibiotique,2024-11-22,6343
Consultation generale,2023-10-29,4912
Traitement antipaludique,2024-08-13,239
Suivi hypertension,2024-11-03,2413
Soins post-operatoires,2023-01-01,2320
Traitement diabetique,2024-01-26,5692
Consultation generale,2024-08-28,6218
Consultation generale,2023-06-23,6758
Soins post-operatoires,2024-10-24,1626
Suivi hypertension,2025-11-28,9296
Traitement antibiotique,2024-07-24,481
Traitement diabetique,2023-04-27,1034
Traitement antibiotique,2024-05-14,8817
Consultation generale,2025-08-24,5881
Suivi hypertension,2023-01-18,9465
Traitement antipaludique,2023-03-14,3996
Traitement antibiotique,2023-05-05,5570
Traitement diabetique,2023-08-10,2812
Traitement diabetique,2023-07-22,8241
Consultation generale,2024-12-16,3664
Consultation generale,2024-04-30,5447
Traitement antibiotique,2023-05-16,6573
Traitement antibiotique,2024-07-14,9288
Soins post-operatoires,2024-11-22,96
Consultation generale,2023-05-28,1473
Traitement diabetique,2024-07-29,1965
Traitement antipaludique,2023-12-20,9273
Traitement antipaludique,2025-04-01,3153
Traitement diabetique,2023-04-17,4845
Traitement antipaludique,2025-04-21,6767
Consultation generale,2025-01-17,4572
Suivi hypertension,2024-02-19,8378
Traitement antibiotique,2024-11-07,6931
Suivi hypertension,2024-06-09,851
Traitement antibiotique,2023-10-15,7392
Soins post-operatoires,2023-11-12,5979
Soins post-operatoires,2024-06-16,1735
Soins post-operatoires,2023-06-14,975
Traitement diabetique,2023-07-24,5148
Soins post-operatoires,2023-04-26,423
Traitement antipaludique,2025-03-08,4066
Soins post-operatoires,2025-05-13,6374
Traitement antipaludique,2024-11-26,5036
Traitement antibiotique,2024-03-30,4698
Suivi hypertension,2025-04-30,7364
Soins post-operatoires,2024-06-11,305
Suivi hypertension,2023-10-01,6608
Traitement antibiotique,2023-09-05,1545
Consultation generale,2024-12-08,3737
Suivi hypertension,2025-11-02,3004
Traitement antibiotique,2024-04-29,5721
Soins post-operatoires,2023-08-02,9302
Traitement antibiotique,2023-07-29,4298
Traitement antibiotique,2024-03-11,2222
Soins post-operatoires,2025-03-10,6881
Traitement antibiotique,2025-03-11,9745
Traitement antipaludique,2023-03-30,2273
Suivi hypertension,2023-09-20,6320
Soins post-operatoires,2025-04-10,1490
Traitement diabetique,2023-07-08,8339
Consultation generale,2025-07-25,6500
Traitement diabetique,2023-03-30,5888
Traitement diabetique,2024-03-08,4671
Traitement antipaludique,2024-06-02,320
Traitement antipaludique,2024-07-15,6427
Consultation generale,2024-03-23,9066
Soins post-operatoires,2025-12-20,7665
Soins post-operatoires,2023-06-01,8389
Soins post-operatoires,2024-08-04,322
Suivi hypertension,2024-12-22,6644
Soins post-operatoires,2023-04-10,8523
Traitement antibiotique,2024-06-01,7798
Suivi hypertension,2023-06-14,2592
Suivi hypertension,2023-10-06,7390
Soins post-operatoires,2023-07-17,6786
Consultation generale,2025-07-18,9475
Suivi hypertension,2024-04-21,7398
Traitement diabetique,2023-01-17,7060
Consultation generale,2023-12-15,9194
Suivi hypertension,2023-10-06,4434
Traitement antibiotique,2025-09-03,5345
Traitement diabetique,2024-03-12,2368
Traitement antibiotique,2025-07-27,3083
Soins post-operatoires,2024-01-18,8450
Consultation generale,2024-03-06,3159
Traitement antibiotique,2024-04-07,2097
Soins post-operatoires,2023-04-11,2105
Consultation generale,2025-03-31,9442
Suivi hypertension,2025-06-30,1818
Soins post-operatoires,2024-10-27,8287
Traitement antipaludique,2023-01-10,3007
Soins post-operatoires,2023-06-25,1193
Traitement diabetique,2023-04-12,6553
Traitement antibiotique,2023-08-29,9620
Soins post-operatoires,2025-09-03,7356
Traitement antibiotique,2025-11-27,5115
Soins post-operatoires,2025-06-26,7975
Traitement antibiotique,2023-07-23,8182
Suivi hypertension,2025-04-04,4670
Consultation generale,2023-12-06,1190
Traitement antibiotique,2025-07-06,4876
Consultation generale,2024-02-29,7763
Consultation generale,2025-01-22,2456
Consultation generale,2023-07-07,2801
Traitement diabetique,2024-09-11,2030
Traitement antibiotique,2023-04-30,138
Suivi hypertension,2023-05-04,8368
Consultation generale,2024-11-26,4196
Traitement antipaludique,2025-12-12,9760
Consultation generale,2025-03-31,9487
Traitement diabetique,2024-05-15,7544
Traitement diabetique,2025-03-14,1785
Suivi hypertension,2023-11-18,1029
Traitement antipaludique,2024-05-11,4295
Suivi hypertension,2023-10-27,7428
Soins post-operatoires,2023-08-06,3194
Traitement antibiotique,2024-06-18,402
Suivi hypertension,2025-04-28,7129
Suivi hypertension,2025-09-13,4625
Soins post-operatoires,2023-11-26,3603
Traitement antibiotique,2025-11-13,3135
Traitement diabetique,2024-10-18,3835
Soins post-operatoires,2023-11-28,1841
Traitement antipaludique,2025-03-13,5574
Soins post-operatoires,2025-07-31,6126
Consultation generale,2025-01-26,8877
Soins post-operatoires,2025-07-31,2018
Traitement antibiotique,2025-06-09,1020
Traitement antipaludique,2025-12-06,8488
Traitement diabetique,2025-05-30,4090
Consultation generale,2023-07-10,3217
Traitement diabetique,2024-01-16,6003
Traitement antipaludique,2023-04-23,1739
Traitement diabetique,2024-03-04,710
Traitement diabetique,2023-04-26,6994
Traitement antibiotique,2024-04-07,6005
Traitement antipaludique,2023-05-11,3507
Suivi hypertension,2025-05-03,6480
Soins post-operatoires,2023-01-22,9838
Consultation generale,2024-12-30,5952
Traitement diabetique,2025-01-12,4207
Soins post-operatoires,2024-06-10,5840
Consultation generale,2023-07-07,7270
Soins post-operatoires,2024-11-24,879
Soins post-operatoires,2023-09-24,217
Traitement antipaludique,2023-10-11,2055
Consultation generale,2025-12-27,7369
Traitement antipaludique,2023-04-27,7557
Consultation generale,2025-04-27,8757
Traitement diabetique,2024-02-08,2154
Soins post-operatoires,2024-12-28,7179
Soins post-operatoires,2023-10-15,151
Suivi hypertension,2023-08-27,8107
Traitement antibiotique,2024-09-27,234
Suivi hypertension,2023-07-30,4346
Traitement antipaludique,2024-05-25,6648
Soins post-operatoires,2023-08-23,1400
Traitement antipaludique,2023-05-15,3688
Suivi hypertension,2025-09-07,1941
Suivi hypertension,2024-11-16,103
Traitement antipaludique,2023-08-23,4135
Soins post-operatoires,2024-09-14,6091
Consultation generale,2025-02-07,6116
Traitement antibiotique,2025-05-24,8086
Consultation generale,2025-05-10,8973
Traitement diabetique,2023-11-10,4052
Traitement diabetique,2024-08-12,2968
Soins post-operatoires,2023-08-29,3311
Traitement antibiotique,2025-10-22,4682
Soins post-operatoires,2024-03-28,1124
Traitement antibiotique,2025-01-20,4526
Traitement antipaludique,2024-06-01,6021
Suivi hypertension,2024-08-04,7085
Suivi hypertension,2024-06-03,3498
Suivi hypertension,2023-01-24,6174
Consultation generale,2024-04-17,9968
Soins post-operatoires,2023-06-15,1306
Traitement diabetique,2024-03-24,6471
Traitement diabetique,2023-12-25,2067
Traitement antipaludique,2024-05-24,1565
Consultation generale,2024-07-28,496
Consultation generale,2023-02-09,4462
Traitement diabetique,2024-07-07,1215
Traitement antipaludique,2025-12-30,6706
Traitement antipaludique,2025-10-24,5045
Traitement antibiotique,2024-05-07,3922
Traitement diabetique,2023-07-30,5777
Consultation generale,2023-03-11,1555
Traitement antipaludique,2023-02-15,1149
Soins post-operatoires,2023-03-23,7759
Soins post-operatoires,2023-08-12,7985
Soins post-operatoires,2023-03-30,8326
Consultation generale,2025-02-15,8501
Traitement antipaludique,2025-07-28,4291
Consultation generale,2025-04-07,5789
Traitement antibiotique,2023-09-18,154
Suivi hypertension,2023-06-20,2374
Soins post-operatoires,2024-12-09,8009
Traitement antibiotique,2023-08-30,8692
Traitement diabetique,2024-11-23,415
Traitement antipaludique,2023-05-18,7886
Soins post-operatoires,2024-06-29,1865
Traitement antipaludique,2025-06-22,8141
Suivi hypertension,2025-09-20,7392
Traitement antibiotique,2023-01-29,1513
Traitement diabetique,2023-08-31,6859
Soins post-operatoires,2024-09-11,4486
Suivi hypertension,2025-08-15,2565
Soins post-operatoires,2024-09-13,7510
Suivi hypertension,2025-04-21,4859
Consultation generale,2025-10-16,2327
Traitement antibiotique,2025-12-12,105
Traitement antibiotique,2025-12-28,5965
Consultation generale,2025-02-16,8839
Traitement antibiotique,2024-02-26,791
Suivi hypertension,2023-03-23,7365
Consultation generale,2024-09-03,7461
Soins post-operatoires,2025-06-15,1182
Traitement diabetique,2025-10-27,7088
Suivi hypertension,2024-12-11,4882
Traitement diabetique,2025-12-04,9949
Consultation generale,2025-03-17,3750
Traitement antipaludique,2024-05-25,6578
Traitement antipaludique,2025-03-29,7704
Soins post-operatoires,2024-06-13,2603
Traitement diabetique,2025-03-22,2682
Traitement diabetique,2024-09-20,6595
Consultation generale,2025-02-28,2255
Suivi hypertension,2023-05-14,4280
Traitement antibiotique,2023-10-07,957
Consultation generale,2023-02-26,9044
Traitement antipaludique,2023-11-28,6440
Consultation generale,2025-11-28,5413
Soins post-operatoires,2024-03-20,6404
Soins post-operatoires,2024-09-12,4204
Consultation generale,2023-02-23,9403
Traitement antibiotique,2023-11-18,7093
Suivi hypertension,2025-06-25,6575
Traitement antibiotique,2024-07-05,1371
Traitement diabetique,2025-12-30,5738
Suivi hypertension,2025-12-25,7351
Soins post-operatoires,2023-07-12,7004
Suivi hypertension,2025-09-13,6886
Traitement diabetique,2024-01-02,5549
Traitement diabetique,2025-02-20,7810
Soins post-operatoires,2024-02-29,8710
Traitement diabetique,2025-06-21,2658
Traitement antipaludique,2023-05-18,1608
Traitement antipaludique,2023-10-29,438
Consultation generale,2025-09-03,4253
Traitement antibiotique,2023-01-17,8183
Traitement diabetique,2024-08-20,5881
Suivi hypertension,2024-09-27,4236
Consultation generale,2023-01-07,3219
Traitement diabetique,2025-02-10,3733
Traitement antibiotique,2025-07-25,4714
Suivi hypertension,2024-01-30,7552
Consultation generale,2025-02-08,9273
Traitement antipaludique,2025-03-16,7617
Suivi hypertension,2023-02-17,2841
Traitement diabetique,2025-12-11,8545
Traitement diabetique,2023-07-17,6300
Consultation generale,2023-07-22,8617
Consultation generale,2024-08-24,6666
Traitement antibiotique,2025-08-19,9075
Consultation generale,2025-12-19,5819
Soins post-operatoires,2023-07-01,6943
Traitement diabetique,2024-08-02,6968
Traitement antibiotique,2025-03-14,1
Soins post-operatoires,2024-02-17,7745
Soins post-operatoires,2023-09-27,3198
Traitement antipaludique,2025-12-25,9052
Traitement antibiotique,2023-08-20,674
Traitement antipaludique,2025-10-28,7187
Traitement antibiotique,2023-03-02,9079
Traitement antibiotique,2024-06-27,9603
Traitement antipaludique,2023-03-21,8893
Traitement diabetique,2025-12-09,9216
Consultation generale,2025-10-04,796
Consultation generale,2025-01-07,9354
Traitement antibiotique,2025-09-17,3027
Suivi hypertension,2023-07-18,3248
Suivi hypertension,2023-10-25,8419
Suivi hypertension,2025-09-20,3967
Traitement antibiotique,2023-01-19,655
Traitement diabetique,2025-11-11,2037
Suivi hypertension,2024-06-10,6829
Traitement antibiotique,2024-10-09,4398
Traitement diabetique,2025-11-04,7509
Traitement antibiotique,2024-07-04,6744
Traitement antipaludique,2024-02-06,169
Traitement diabetique,2023-01-22,6223
Soins post-operatoires,2023-06-25,3839
Suivi hypertension,2023-08-08,1648
Consultation generale,2025-03-23,6416
Traitement diabetique,2023-01-17,8120
Traitement antipaludique,2023-09-17,6225
Traitement antibiotique,2024-02-13,6174
Consultation generale,2024-06-28,5940
Soins post-operatoires,2023-04-28,9431
Soins post-operatoires,2024-06-08,8587
Traitement diabetique,2025-07-01,3683
Consultation generale,2024-05-25,5683
Traitement antibiotique,2025-04-19,9630
Consultation generale,2024-12-20,2857
Traitement antibiotique,2024-01-26,3649
Traitement diabetique,2024-11-06,2343
Traitement antibiotique,2025-03-09,5667
Traitement diabetique,2025-11-27,7134
Soins post-operatoires,2025-03-07,8835
Suivi hypertension,2024-02-14,1577
Traitement diabetique,2023-11-15,302
Soins post-operatoires,2025-04-21,5609
Traitement diabetique,2023-11-29,5552
Consultation generale,2024-04-19,4285
Traitement diabetique,2023-11-06,3016
Soins post-operatoires,2025-10-02,9426
Traitement diabetique,2025-04-23,4998
Traitement antibiotique,2023-08-06,9259
Traitement diabetique,2024-01-29,2799
Consultation generale,2024-11-18,7732
Traitement antipaludique,2023-12-15,9166
Traitement diabetique,2024-09-23,6476
Soins post-operatoires,2025-04-28,7907
Soins post-operatoires,2025-12-31,8680
Suivi hypertension,2023-08-24,862
Traitement antibiotique,2025-02-06,3316
Traitement antibiotique,2023-03-18,4827
Consultation generale,2025-12-20,9488
Traitement antibiotique,2023-11-01,1041
Consultation generale,2025-12-13,7018
Consultation generale,2025-12-25,187
Soins post-operatoires,2024-12-28,380
Traitement diabetique,2024-11-30,8603
Soins post-operatoires,2024-07-09,1526
Traitement antibiotique,2025-06-07,7662
Traitement diabetique,2024-12-04,2965
Traitement antipaludique,2023-05-06,2034
Soins post-operatoires,2024-07-12,4169
Soins post-operatoires,2025-12-13,1801
Traitement antibiotique,2023-03-12,9456
Traitement diabetique,2023-07-05,301
Suivi hypertension,2025-08-03,2717
Suivi hypertension,2023-02-21,4954
Consultation generale,2023-03-19,6228
Soins post-operatoires,2025-03-02,8270
Traitement antipaludique,2023-06-16,6617
Consultation generale,2023-09-03,9852
Suivi hypertension,2025-08-17,638
Soins post-operatoires,2025-01-01,6686
Suivi hypertension,2025-07-03,2748
Traitement antipaludique,2023-08-22,1606
Traitement antipaludique,2024-07-02,9808
Traitement diabetique,2023-04-24,5392
Traitement antipaludique,2023-07-18,3655
Traitement antibiotique,2025-09-24,554
Traitement antibiotique,2024-03-26,8458
Soins post-operatoires,2023-06-13,1981
Consultation generale,2025-02-07,319
Traitement antibiotique,2023-02-01,7196
Traitement diabetique,2023-03-01,5029
Consultation generale,2023-04-19,6523
Suivi hypertension,2023-05-06,6513
Suivi hypertension,2025-01-09,2793
Traitement diabetique,2024-03-11,6180
Traitement antipaludique,2024-04-30,3497
Suivi hypertension,2025-10-15,3095
Soins post-operatoires,2025-11-21,8837
Suivi hypertension,2024-11-20,5432
Traitement antipaludique,2025-09-12,3693
Suivi hypertension,2023-09-01,1726
Soins post-operatoires,2025-12-17,1622
Traitement antibiotique,2025-09-20,56
Traitement antipaludique,2025-02-26,8478
Traitement diabetique,2024-06-01,102
Soins post-operatoires,2023-05-12,8577
Traitement diabetique,2023-10-29,8088
Traitement antipaludique,2025-11-13,7199
Traitement antibiotique,2025-12-16,2790
Soins post-operatoires,2024-12-27,7654
Soins post-operatoires,2023-12-12,6590
Suivi hypertension,2025-01-03,6458
Suivi hypertension,2025-08-28,5701
Suivi hypertension,2025-04-06,84
Traitement antipaludique,2024-02-18,3029
Suivi hypertension,2024-01-01,1105
Traitement diabetique,2025-06-06,5767
Traitement antipaludique,2025-10-19,4807
Soins post-operatoires,2023-07-29,5882
Traitement antipaludique,2025-01-14,774
Soins post-operatoires,2025-07-05,5714
Soins post-operatoires,2024-09-08,1545
Soins post-operatoires,2024-11-11,450
Soins post-operatoires,2025-05-14,24
Traitement antipaludique,2025-06-05,6855
Traitement antipaludique,2025-09-24,1036
Soins post-operatoires,2025-09-05,7193
Traitement antipaludique,2024-01-08,8712
Suivi hypertension,2023-04-13,6729
Traitement antipaludique,2024-03-23,3789
Consultation generale,2025-06-17,303
Traitement antibiotique,2025-05-11,3813
Consultation generale,2025-09-14,6107
Suivi hypertension,2023-01-24,6098
Suivi hypertension,2023-06-06,6697
Traitement antibiotique,2023-11-25,7758
Soins post-operatoires,2025-08-01,5679
Consultation generale,2023-09-28,6100
Traitement antibiotique,2024-12-23,386
Soins post-operatoires,2023-03-29,2606
Traitement antibiotique,2024-09-04,5197
Traitement diabetique,2025-04-18,7442
Traitement antibiotique,2023-11-28,1092
Soins post-operatoires,2025-01-12,9847
Traitement antipaludique,2024-08-14,2457
Suivi hypertension,2024-08-07,2283
Traitement antipaludique,2025-08-31,3950
Consultation generale,2023-01-05,3622
Traitement diabetique,2023-10-07,2152
Soins post-operatoires,2023-12-06,8658
Traitement diabetique,2025-07-09,6652
Consultation generale,2025-10-23,3336
Traitement antipaludique,2024-06-14,9952
Traitement antibiotique,2024-04-05,2675
Traitement diabetique,2024-12-18,8112
Traitement diabetique,2023-11-11,5230
Traitement antibiotique,2025-04-08,8886
Soins post-operatoires,2023-10-22,4183
Suivi hypertension,2023-08-04,8939
Traitement diabetique,2025-07-28,7189
Traitement antibiotique,2023-09-08,3115
Traitement antipaludique,2023-10-14,4726
Consultation generale,2025-03-15,1838
Soins post-operatoires,2024-08-29,7378
Consultation generale,2023-09-23,1341
Traitement antipaludique,2024-07-09,2557
Traitement antibiotique,2023-10-22,9251
Consultation generale,2025-11-02,5362
Suivi hypertension,2025-12-28,8344
Traitement antipaludique,2023-01-27,6683
Soins post-operatoires,2023-02-16,6962
Soins post-operatoires,2024-06-28,1322
Suivi hypertension,2024-11-07,8021
Traitement antibiotique,2025-08-13,6045
Traitement antipaludique,2025-02-16,4988
Consultation generale,2023-06-04,6188
Traitement antipaludique,2024-09-10,2288
Traitement diabetique,2023-09-30,2991
Traitement antibiotique,2025-01-21,983
Soins post-operatoires,2023-08-25,8129
Traitement antipaludique,2024-12-20,2854
Suivi hypertension,2023-05-02,9998
Traitement diabetique,2025-06-28,3349
Traitement diabetique,2023-07-29,3586
Traitement antibiotique,2024-08-27,1458
Traitement antibiotique,2025-03-10,9229
Traitement antipaludique,2024-05-05,2927
Traitement antipaludique,2024-12-18,422
Consultation generale,2023-01-31,9631
Consultation generale,2024-03-07,3781
Traitement diabetique,2024-09-30,6823
Traitement antibiotique,2023-03-01,7191
Traitement antibiotique,2025-09-16,5077
Traitement diabetique,2024-01-09,5054
Traitement diabetique,2025-03-12,7679
Consultation generale,2023-11-01,5394
Traitement antibiotique,2024-11-17,1865
Traitement diabetique,2023-04-29,37
Traitement diabetique,2025-10-17,8742
Traitement diabetique,2025-03-06,8835
Consultation generale,2025-07-18,2681
Suivi hypertension,2024-04-18,1410
Suivi hypertension,2023-09-21,9046
Suivi hypertension,2023-06-15,1959
Traitement antibiotique,2025-01-24,3526
Traitement antipaludique,2025-11-24,5866
Traitement diabetique,2023-07-27,9576
Suivi hypertension,2024-07-29,5380
Suivi hypertension,2023-12-26,7180
Traitement antibiotique,2023-12-08,2658
Traitement antibiotique,2024-02-04,6985
Suivi hypertension,2023-12-13,1696
Suivi hypertension,2023-05-28,8225
Suivi hypertension,2023-06-21,3201
Suivi hypertension,2023-09-12,7164
Traitement antibiotique,2025-02-09,825
Traitement antibiotique,2024-11-15,1144
Consultation generale,2023-11-20,3940
Soins post-operatoires,2023-04-05,7147
Traitement antipaludique,2023-11-24,8393
Consultation generale,2023-12-11,8269
Soins post-operatoires,2023-10-25,9087
Soins post-operatoires,2025-06-04,5222
Consultation generale,2025-03-06,6328
Suivi hypertension,2025-06-18,7942
Soins post-operatoires,2024-12-15,1194
Traitement antipaludique,2023-11-13,4440
Traitement diabetique,2025-04-02,5281
Soins post-operatoires,2025-01-12,8181
Consultation generale,2025-11-07,2072
Suivi hypertension,2024-10-05,2979
Traitement diabetique,2023-05-15,2418
Suivi hypertension,2025-08-09,138
Consultation generale,2025-07-18,5925
Consultation generale,2024-09-23,8846
Traitement diabetique,2025-02-17,8445
Consultation generale,2024-07-21,8958
Traitement antipaludique,2023-06-21,9960
Traitement antipaludique,2024-06-12,4847
Traitement antipaludique,2023-03-14,6110
Consultation generale,2023-03-12,1262
Consultation generale,2023-07-03,9152
Traitement antibiotique,2023-11-28,8198
Suivi hypertension,2024-01-01,6775
Consultation generale,2025-12-25,8630
Traitement antipaludique,2024-01-17,1782
Traitement antibiotique,2025-03-11,5323
Traitement antibiotique,2025-06-27,1112
Suivi hypertension,2023-02-15,4513
Traitement diabetique,2024-08-28,2369
Traitement antibiotique,2024-10-31,2318
Suivi hypertension,2024-11-02,3975
Consultation generale,2024-09-16,3995
Traitement antibiotique,2025-01-08,8431
Traitement diabetique,2023-11-21,9128
Traitement antibiotique,2025-09-13,4064
Suivi hypertension,2023-12-13,7459
Traitement diabetique,2025-04-30,9496
Traitement antipaludique,2024-10-22,4361
Soins post-operatoires,2023-08-20,5763
Traitement antibiotique,2023-10-29,3792
Traitement antipaludique,2023-02-09,9800
Consultation generale,2025-12-11,3692
Consultation generale,2023-02-05,107
Suivi hypertension,2023-03-01,4660
Traitement antipaludique,2024-06-21,9057
Traitement diabetique,2024-01-03,7745
Soins post-operatoires,2025-09-18,5950
Traitement diabetique,2024-01-22,7473
Suivi hypertension,2024-07-01,7256
Consultation generale,2024-11-20,4656
Traitement antipaludique,2023-10-25,9616
Traitement antibiotique,2023-11-04,3339
Soins post-operatoires,2025-11-20,7073
Traitement antipaludique,2025-04-04,436
Traitement diabetique,2023-02-03,6132
Traitement antipaludique,2024-04-26,1
Suivi hypertension,2023-07-16,3918
Traitement diabetique,2025-03-17,1790
Suivi hypertension,2025-04-02,4188
Soins post-operatoires,2025-08-03,2937
Traitement diabetique,2024-12-06,5647
Soins post-operatoires,2023-10-11,9202
Suivi hypertension,2023-12-19,6595
Suivi hypertension,2024-03-22,8628
Soins post-operatoires,2023-01-16,3783
Traitement antibiotique,2024-09-09,8444
Traitement diabetique,2025-04-27,1098
Suivi hypertension,2025-12-21,8946
Consultation generale,2023-04-25,6745
Traitement diabetique,2024-03-11,1593
Traitement diabetique,2023-03-09,4175
Consultation generale,2024-07-12,1778
Traitement antibiotique,2024-11-14,9747
Traitement diabetique,2023-04-29,6742
Suivi hypertension,2023-08-05,7657
Soins post-operatoires,2023-10-11,2890
Traitement antibiotique,2025-04-11,698
Traitement antibiotique,2023-04-11,2763
Traitement diabetique,2025-02-05,1404
Traitement antibiotique,2024-11-26,3097
Soins post-operatoires,2025-05-21,1912
Traitement antibiotique,2024-02-24,4803
Consultation generale,2023-04-03,6696
Traitement antibiotique,2025-07-24,9048
Traitement diabetique,2024-05-24,8947
Soins post-operatoires,2024-03-10,2512
Suivi hypertension,2023-08-02,68
Traitement antibiotique,2024-03-24,9306
Soins post-operatoires,2024-07-31,3113
Traitement antibiotique,2023-07-18,241
Traitement diabetique,2025-01-10,5777
Traitement antibiotique,2023-06-05,2926
Suivi hypertension,2024-10-01,9419
Suivi hypertension,2024-03-22,7918
Traitement diabetique,2023-05-06,1553
Consultation generale,2025-03-17,6219
Soins post-operatoires,2023-05-17,293
Traitement diabetique,2024-08-27,5175
Consultation generale,2024-07-21,7972
Traitement diabetique,2023-06-20,4416
Traitement antipaludique,2023-05-25,2164
Traitement antibiotique,2024-11-17,2882
Traitement diabetique,2025-03-06,3383
Soins post-operatoires,2024-01-18,3203
Traitement antipaludique,2024-04-21,6171
Traitement diabetique,2023-12-09,5586
Traitement antipaludique,2024-09-14,3550
Traitement antipaludique,2024-08-30,562
Suivi hypertension,2025-10-28,5887
Traitement antipaludique,2025-02-06,9839
Suivi hypertension,2023-03-20,2845
Traitement antipaludique,2025-11-28,6134
Traitement antibiotique,2023-11-26,3471
Soins post-operatoires,2024-06-06,3889
Traitement diabetique,2025-09-04,9569
Suivi hypertension,2024-10-22,6839
Suivi hypertension,2024-01-12,1005
Traitement antipaludique,2025-12-17,3674
Suivi hypertension,2025-12-30,721
Suivi hypertension,2025-11-28,1514
Soins post-operatoires,2024-03-13,9934
Soins post-operatoires,2025-10-31,842
Traitement antipaludique,2023-08-30,1979
Traitement diabetique,2023-12-19,6430
Traitement antibiotique,2023-04-13,110
Traitement antibiotique,2025-01-10,3211
Traitement antipaludique,2023-08-19,5111
Soins post-operatoires,2024-05-14,3254
Consultation generale,2024-06-16,1369
Traitement antibiotique,2025-01-18,6167
Traitement diabetique,2023-10-29,6946
Soins post-operatoires,2025-07-05,8571
Suivi hypertension,2024-12-22,8481
Suivi hypertension,2024-07-19,7397
Traitement antipaludique,2025-08-13,3129
Traitement antibiotique,2023-04-28,746
Traitement diabetique,2024-02-23,2299
Consultation generale,2023-11-30,2170
Soins post-operatoires,2025-06-19,7609
Suivi hypertension,2023-06-04,6812
Traitement diabetique,2025-05-22,493
Consultation generale,2023-09-27,5806
Consultation generale,2023-04-15,8354
Consultation generale,2024-01-09,1716
Traitement antipaludique,2025-12-05,8132
Traitement antipaludique,2024-11-02,4164
Suivi hypertension,2024-08-16,5167
Suivi hypertension,2023-01-20,2509
Traitement antibiotique,2023-03-03,1301
Consultation generale,2025-04-04,8440
Suivi hypertension,2025-08-09,8610
Traitement antipaludique,2023-01-14,915
Consultation generale,2025-05-15,1187
Suivi hypertension,2023-04-29,1091
Soins post-operatoires,2025-06-05,6040
Suivi hypertension,2025-05-14,7329
Traitement antibiotique,2024-03-06,963
Soins post-operatoires,2023-05-11,4505
Traitement antibiotique,2023-03-11,1562
Suivi hypertension,2024-09-24,3368
Soins post-operatoires,2023-07-07,3923
Traitement antibiotique,2023-01-12,9008
Consultation generale,2023-07-16,6363
Traitement antipaludique,2025-02-08,7246
Traitement diabetique,2024-02-16,608
Soins post-operatoires,2023-09-18,2117
Consultation generale,2025-07-19,9505
Traitement antipaludique,2024-11-04,1583
Soins post-operatoires,2023-10-30,6322
Soins post-operatoires,2025-06-26,6127
Consultation generale,2023-04-20,132
Consultation generale,2024-02-13,112
Soins post-operatoires,2023-07-07,7215
Traitement antibiotique,2023-05-31,3022
Soins post-operatoires,2025-11-19,8256
Consultation generale,2024-09-10,6852
Suivi hypertension,2025-07-17,3246
Soins post-operatoires,2025-05-31,6158
Traitement antipaludique,2025-04-19,1496
Consultation generale,2024-02-04,217
Suivi hypertension,2024-02-06,3503
Soins post-operatoires,2023-05-09,5719
Consultation generale,2023-03-14,1935
Traitement antibiotique,2024-06-04,1770
Soins post-operatoires,2024-01-31,4608
Traitement diabetique,2025-08-20,5904
Consultation generale,2024-11-25,1654
Soins post-operatoires,2024-10-06,5368
Soins post-operatoires,2024-09-05,5840
Traitement diabetique,2023-05-26,1995
Suivi hypertension,2025-07-01,2679
Consultation generale,2023-03-08,5399
Traitement diabetique,2025-07-05,5733
Suivi hypertension,2025-11-18,2113
Traitement diabetique,2025-12-24,2779
Traitement diabetique,2023-10-09,8994
Traitement antipaludique,2024-10-08,3249
Traitement diabetique,2025-02-18,7183
Consultation generale,2023-01-27,7492
Traitement diabetique,2023-08-03,9391
Soins post-operatoires,2023-11-17,2828
Consultation generale,2024-11-05,2733
Consultation generale,2024-04-18,9309
Traitement antibiotique,2023-04-08,4297
Traitement antipaludique,2024-05-10,8856
Suivi hypertension,2023-06-27,7699
Traitement antibiotique,2025-04-15,978
Suivi hypertension,2024-06-28,3882
Consultation generale,2025-10-23,9714
Suivi hypertension,2025-02-05,1653
Consultation generale,2023-12-06,7264
Traitement antipaludique,2025-12-12,4368
Traitement antibiotique,2024-02-13,7121
Traitement antibiotique,2025-06-28,6218
Suivi hypertension,2024-07-27,9503
Traitement antibiotique,2025-05-31,2220
Suivi hypertension,2024-05-07,6333
Soins post-operatoires,2023-05-29,9672
Soins post-operatoires,2024-03-12,4144
Suivi hypertension,2023-06-11,5574
Soins post-operatoires,2025-06-04,4866
Traitement antipaludique,2023-07-16,6053
Traitement antipaludique,2024-01-10,1113
Suivi hypertension,2023-05-14,4756
Traitement antipaludique,2024-01-26,2193
Traitement antipaludique,2023-04-01,7123
Traitement antipaludique,2023-10-30,2493
Traitement antipaludique,2025-05-17,3648
Soins post-operatoires,2025-12-08,242
Traitement antipaludique,2025-01-31,3990
Soins post-operatoires,2025-02-06,2622
Suivi hypertension,2025-11-24,9957
Soins post-operatoires,2025-10-19,3064
Traitement diabetique,2023-10-05,9765
Traitement antipaludique,2025-11-07,3891
Traitement diabetique,2023-04-03,6118
Traitement antibiotique,2024-12-07,8416
Soins post-operatoires,2025-05-02,1942
Suivi hypertension,2025-04-15,5952
Soins post-operatoires,2025-08-05,1063
Traitement antipaludique,2023-04-14,2907
Consultation generale,2025-10-16,4018
Suivi hypertension,2024-01-10,757
Consultation generale,2024-12-10,479
Traitement antipaludique,2023-11-15,2339
Traitement antipaludique,2023-11-03,5629
Suivi hypertension,2024-10-12,6246
Soins post-operatoires,2023-02-27,1555
Soins post-operatoires,2023-07-06,9113
Traitement diabetique,2023-08-29,9944
Soins post-operatoires,2025-03-08,9551
Traitement antibiotique,2025-07-04,7619
Traitement antibiotique,2023-09-01,2223
Suivi hypertension,2025-06-24,3731
Consultation generale,2023-06-13,6063
Traitement antipaludique,2023-07-17,3335
Soins post-operatoires,2024-03-05,4306
Traitement antipaludique,2023-10-06,494
Soins post-operatoires,2023-10-22,2035
Consultation generale,2024-01-22,4674
Consultation generale,2024-05-25,800
Consultation generale,2023-10-28,5350
Suivi hypertension,2025-08-15,9047
Soins post-operatoires,2023-10-03,8254
Soins post-operatoires,2023-03-11,5821
Suivi hypertension,2025-05-03,5966
Traitement diabetique,2024-10-11,9009
Consultation generale,2025-09-23,2663
Traitement antibiotique,2025-02-22,6856
Traitement diabetique,2023-10-26,6699
Soins post-operatoires,2023-09-08,3188
Soins post-operatoires,2025-11-04,5102
Suivi hypertension,2024-02-25,5706
Traitement antibiotique,2025-04-24,3352
Soins post-operatoires,2024-01-26,9700
Traitement antibiotique,2023-04-05,2909
Traitement antipaludique,2024-07-16,9295
Traitement antibiotique,2023-10-18,1684
Suivi hypertension,2024-11-25,863
Traitement antipaludique,2025-03-17,7902
Suivi hypertension,2024-09-05,8757
Suivi hypertension,2023-03-26,830
Suivi hypertension,2025-10-02,1694
Soins post-operatoires,2024-11-25,4044
Soins post-operatoires,2024-05-23,2455
Soins post-operatoires,2025-04-17,9760
Traitement diabetique,2024-10-13,3740
Suivi hypertension,2024-11-25,5448
Suivi hypertension,2024-10-02,9905
Traitement diabetique,2024-06-30,5449
Traitement diabetique,2023-09-29,7005
Soins post-operatoires,2024-07-20,1019
Suivi hypertension,2024-03-22,6197
Soins post-operatoires,2024-01-29,1737
Traitement antibiotique,2025-11-02,2705
Consultation generale,2023-03-29,3508
Consultation generale,2025-01-14,3885
Suivi hypertension,2025-03-26,7664
Traitement antibiotique,2024-01-02,9364
Suivi hypertension,2023-07-16,6698
Traitement antipaludique,2024-10-15,613
Traitement antipaludique,2024-12-12,8694
Traitement diabetique,2023-09-18,1091
Traitement antipaludique,2025-07-12,3100
Traitement antibiotique,2023-06-27,5816
Traitement diabetique,2024-08-26,1402
Traitement antibiotique,2025-02-02,832
Traitement antibiotique,2024-02-03,7430
Consultation generale,2023-10-26,3
Traitement diabetique,2024-10-26,9685
Suivi hypertension,2023-09-29,1021
Soins post-operatoires,2023-06-18,414
Traitement diabetique,2025-09-15,5527
Suivi hypertension,2025-11-17,774
Suivi hypertension,2025-06-21,2934
Traitement antipaludique,2024-09-02,8694
Suivi hypertension,2024-09-13,8240
Traitement antibiotique,2024-02-19,4403
Traitement antibiotique,2024-11-11,7944
Traitement antipaludique,2024-11-03,2892
Suivi hypertension,2023-01-11,7711
Traitement diabetique,2023-12-24,740
Traitement diabetique,2023-04-07,6211
Traitement antibiotique,2025-08-14,5757
Traitement antibiotique,2025-08-08,9244
Traitement antibiotique,2024-11-04,4434
Traitement diabetique,2024-07-09,4134
Traitement antipaludique,2024-04-14,6756
Traitement diabetique,2024-09-10,8452
Suivi hypertension,2025-04-21,9231
Consultation generale,2023-11-15,7272
Suivi hypertension,2023-11-24,3103
Traitement antipaludique,2024-07-01,7997
Suivi hypertension,2023-11-16,2190
Suivi hypertension,2024-07-12,5157
Traitement antipaludique,2024-06-27,7810
Traitement antibiotique,2025-04-17,752
Consultation generale,2024-03-02,7069
Suivi hypertension,2024-12-04,7145
Suivi hypertension,2023-02-14,2902
Traitement antibiotique,2023-12-12,3646
Traitement diabetique,2023-12-08,3755
Traitement antibiotique,2025-08-16,4609
Traitement antibiotique,2024-06-14,6441
Soins post-operatoires,2024-06-01,709
Suivi hypertension,2024-02-25,5071
Consultation generale,2024-07-30,1126
Traitement diabetique,2023-04-14,1024
Traitement antibiotique,2023-02-08,892
Suivi hypertension,2025-03-15,9989
Soins post-operatoires,2024-01-22,4850
Soins post-operatoires,2025-08-24,7195
Traitement antibiotique,2024-09-14,1767
Suivi hypertension,2024-10-29,1959
Traitement diabetique,2024-12-26,6504
Traitement antipaludique,2024-11-02,331
Traitement antipaludique,2025-07-15,1572
Consultation generale,2024-10-05,3599
Traitement antipaludique,2025-07-02,8310
Soins post-operatoires,2025-06-24,5263
Suivi hypertension,2025-01-01,2257
Suivi hypertension,2023-03-31,7942
Traitement antibiotique,2023-06-02,6099
Consultation generale,2025-07-03,4939
Traitement antipaludique,2023-07-11,1360
Traitement diabetique,2025-08-18,187
Consultation generale,2025-03-07,7497
Soins post-operatoires,2023-05-30,8260
Traitement antibiotique,2023-10-24,2484
Traitement antipaludique,2025-06-10,9140
Traitement antibiotique,2023-02-09,1570
Consultation generale,2024-12-10,2709
Traitement antibiotique,2025-02-11,3318
Soins post-operatoires,2025-04-13,5148
Consultation generale,2023-08-08,5006
Traitement antipaludique,2023-12-29,8926
Traitement antipaludique,2025-06-17,1237
Traitement antipaludique,2023-09-29,8900
Consultation generale,2024-04-06,9826
Consultation generale,2025-04-11,3122
Traitement antipaludique,2025-01-22,8844
Traitement antipaludique,2025-05-24,5641
Traitement antibiotique,2023-11-02,8766
Soins post-operatoires,2024-10-19,8117
Soins post-operatoires,2024-07-24,4912
Soins post-operatoires,2024-02-09,9093
Traitement antibiotique,2024-11-21,284
Soins post-operatoires,2023-02-14,6383
Traitement antipaludique,2025-07-16,8182
Traitement antipaludique,2025-05-24,134
Traitement antibiotique,2024-09-04,9976
Suivi hypertension,2024-05-13,3534
Traitement antipaludique,2023-12-25,1040
Consultation generale,2025-02-19,6784
Traitement antibiotique,2025-07-29,3899
Traitement antibiotique,2024-06-18,5236
Soins post-operatoires,2025-11-02,497
Consultation generale,2023-01-01,2997
Soins post-operatoires,2023-08-27,5221
Traitement diabetique,2024-11-09,2619
Traitement antipaludique,2025-11-17,1286
Traitement antipaludique,2024-05-24,494
Consultation generale,2025-07-21,6850
Traitement antipaludique,2024-09-12,29
Consultation generale,2023-02-16,6509
Soins post-operatoires,2024-02-13,5689
Consultation generale,2024-12-11,235
Traitement antipaludique,2025-02-11,6105
Soins post-operatoires,2025-02-09,690
Soins post-operatoires,2024-06-25,9468
Consultation generale,2024-10-08,6430
Traitement antibiotique,2023-06-29,3503
Traitement antipaludique,2023-08-28,4840
Traitement antipaludique,2025-06-08,5637
Traitement antibiotique,2025-11-08,1897
Traitement antibiotique,2024-10-19,4848
Soins post-operatoires,2024-07-03,2189
Traitement antipaludique,2024-02-24,1913
Traitement diabetique,2025-11-03,4928
Consultation generale,2025-12-26,50
Traitement diabetique,2023-10-03,602
Suivi hypertension,2025-11-10,1951
Traitement antipaludique,2024-12-31,3740
Soins post-operatoires,2023-04-14,1022
Consultation generale,2025-09-23,7736
Soins post-operatoires,2025-02-14,4231
Traitement diabetique,2023-07-17,3214
Consultation generale,2025-06-05,6273
Traitement antibiotique,2024-06-22,3096
Traitement diabetique,2025-06-03,9517
Traitement antipaludique,2024-06-04,4511
Suivi hypertension,2025-05-15,9700
Soins post-operatoires,2025-03-14,6780
Suivi hypertension,2025-03-27,9618
Traitement diabetique,2025-02-02,339
Suivi hypertension,2025-04-22,8935
Traitement antibiotique,2023-09-02,9885
Soins post-operatoires,2023-02-11,7473
Soins post-operatoires,2023-11-21,3737
Traitement antipaludique,2024-06-04,5402
Traitement antibiotique,2025-03-11,1867
Soins post-operatoires,2024-09-25,9092
Consultation generale,2023-03-29,5747
Suivi hypertension,2024-12-04,9543
Traitement antibiotique,2023-10-01,1379
Consultation generale,2024-10-09,3159
Suivi hypertension,2023-06-04,8130
Suivi hypertension,2025-09-14,3616
Traitement diabetique,2024-06-19,7931
Traitement diabetique,2025-08-25,9395
Soins post-operatoires,2025-05-19,2126
Traitement antibiotique,2024-11-24,9659
Soins post-operatoires,2023-01-28,6102
Traitement antipaludique,2023-07-11,7930
Consultation generale,2024-04-14,5179
Soins post-operatoires,2024-05-17,6747
Traitement antibiotique,2025-06-24,8168
Traitement antipaludique,2023-12-13,7032
Traitement diabetique,2023-04-11,7730
Suivi hypertension,2024-04-14,2500
Soins post-operatoires,2023-09-16,9676
Traitement diabetique,2024-01-12,6945
Soins post-operatoires,2024-07-21,1184
Traitement antipaludique,2023-02-28,9244
Traitement antipaludique,2024-08-10,1350
Suivi hypertension,2024-03-23,4874
Traitement diabetique,2025-05-25,9754
Traitement antibiotique,2023-10-01,7262
Consultation generale,2025-06-02,5884
Suivi hypertension,2025-01-25,684
Suivi hypertension,2025-04-26,7510
Soins post-operatoires,2023-10-25,476
Soins post-operatoires,2025-07-31,1322
Suivi hypertension,2023-06-21,210
Soins post-operatoires,2025-06-16,2366
Consultation generale,2025-06-01,9381
Suivi hypertension,2024-08-17,4155
Suivi hypertension,2025-12-15,9908
Traitement diabetique,2024-12-07,5987
Traitement antipaludique,2023-12-16,2825
Soins post-operatoires,2025-02-03,824
Soins post-operatoires,2024-10-16,6481
Soins post-operatoires,2023-11-04,2989
Soins post-operatoires,2025-03-10,6005
Traitement diabetique,2023-09-26,3673
Soins post-operatoires,2023-11-03,9900
Traitement antibiotique,2024-11-15,9894
Consultation generale,2023-03-13,1349
Suivi hypertension,2025-08-11,3571
Traitement antibiotique,2024-07-26,7161
Soins post-operatoires,2024-06-28,8257
Traitement antibiotique,2023-12-27,9487
Consultation generale,2024-12-18,4644
Traitement antipaludique,2024-03-30,1997
Consultation generale,2024-05-30,8744
Soins post-operatoires,2023-09-29,844
Traitement diabetique,2024-02-18,3864
Suivi hypertension,2025-06-21,1520
Soins post-operatoires,2024-05-17,5242
Traitement antibiotique,2025-12-10,8872
Consultation generale,2024-02-01,1625
Soins post-operatoires,2025-02-01,6377
Traitement diabetique,2024-07-05,3587
Traitement antibiotique,2023-11-16,6102
Traitement antibiotique,2024-06-20,2492
Suivi hypertension,2023-11-10,9677
Soins post-operatoires,2024-04-17,24
Traitement antibiotique,2023-05-23,5519
Traitement diabetique,2024-10-19,7600
Soins post-operatoires,2023-11-20,2975
Soins post-operatoires,2023-03-28,729
Traitement antibiotique,2024-05-12,6981
Traitement antibiotique,2023-01-12,5325
Suivi hypertension,2025-08-13,2385
Soins post-operatoires,2025-01-06,4955
Suivi hypertension,2024-05-08,5271
Traitement diabetique,2024-07-23,1289
Consultation generale,2025-02-08,7622
Traitement antipaludique,2024-03-18,4495
Traitement antibiotique,2023-08-13,5958
Consultation generale,2025-12-13,2970
Consultation generale,2023-12-10,3559
Traitement antipaludique,2023-08-22,5310
Traitement diabetique,2025-02-17,9909
Consultation generale,2023-11-26,8821
Suivi hypertension,2025-08-15,900
Suivi hypertension,2023-04-06,2793
Traitement antibiotique,2025-06-26,1322
Traitement diabetique,2024-07-17,6266
Soins post-operatoires,2023-12-13,4657
Traitement diabetique,2023-08-14,9548
Soins post-operatoires,2024-12-26,3856
Traitement antipaludique,2023-05-04,1787
Consultation generale,2023-10-05,4064
Traitement antibiotique,2023-10-05,7013
Consultation generale,2023-02-09,2283
Consultation generale,2024-06-28,8544
Consultation generale,2024-11-21,8129
Traitement antibiotique,2024-06-14,5345
Consultation generale,2025-05-08,8289
Soins post-operatoires,2023-07-30,159
Traitement antipaludique,2024-02-13,2899
Suivi hypertension,2023-10-01,4998
Suivi hypertension,2023-06-12,5946
Traitement antipaludique,2024-03-10,155
Consultation generale,2024-07-04,6077
Traitement antibiotique,2024-01-23,3433
Traitement antibiotique,2024-05-14,6994
Traitement antipaludique,2025-05-20,234
Traitement antibiotique,2024-09-28,5895
Consultation generale,2024-11-10,7977
Consultation generale,2025-06-13,4509
Soins post-operatoires,2025-05-02,8851
Traitement antibiotique,2025-11-21,3740
Traitement antipaludique,2025-11-06,8472
Traitement diabetique,2024-05-15,9642
Consultation generale,2023-07-03,4043
Soins post-operatoires,2025-05-31,6935
Traitement antipaludique,2024-10-03,8555
Traitement antipaludique,2023-06-08,4707
Suivi hypertension,2025-02-28,2714
Suivi hypertension,2024-07-19,7150
Traitement antipaludique,2024-02-04,9535
Traitement diabetique,2025-12-23,7234
Traitement antipaludique,2025-01-10,8091
Consultation generale,2025-03-04,1960
Soins post-operatoires,2025-05-31,6357
Consultation generale,2023-09-26,2782
Traitement diabetique,2024-05-09,6116
Suivi hypertension,2025-01-24,5836
Traitement antipaludique,2024-07-29,4361
Consultation generale,2024-12-16,9286
Suivi hypertension,2023-07-01,5003
Soins post-operatoires,2025-12-24,3239
Suivi hypertension,2025-05-15,7232
Suivi hypertension,2023-01-06,5646
Traitement antibiotique,2024-12-17,5581
Consultation generale,2024-03-22,9184
Consultation generale,2025-08-07,4161
Traitement antipaludique,2025-06-04,9474
Soins post-operatoires,2023-06-01,4209
Traitement antibiotique,2023-08-07,1101
Traitement antibiotique,2024-08-21,4509
Consultation generale,2023-09-01,6385
Soins post-operatoires,2023-02-24,7351
Traitement antibiotique,2025-03-19,2896
Suivi hypertension,2025-02-05,2427
Soins post-operatoires,2023-03-11,6995
Suivi hypertension,2024-01-12,1437
Consultation generale,2025-11-23,35
Traitement diabetique,2025-04-09,8561
Suivi hypertension,2024-05-10,9777
Suivi hypertension,2023-01-14,2475
Suivi hypertension,2023-06-10,4715
Consultation generale,2023-05-08,3960
Traitement antipaludique,2024-06-18,6883
Suivi hypertension,2023-06-20,3247
Traitement diabetique,2024-09-23,9542
Traitement diabetique,2025-04-18,1988
Traitement antibiotique,2024-12-05,6641
Traitement antipaludique,2025-10-07,8387
Traitement antipaludique,2024-01-20,389
Traitement antipaludique,2024-01-02,192
Soins post-operatoires,2023-12-22,3446
Suivi hypertension,2025-11-18,6550
Consultation generale,2025-08-13,7355
Traitement antipaludique,2023-12-17,7721
Traitement diabetique,2023-06-03,8643
Traitement antipaludique,2025-07-11,5903
Suivi hypertension,2024-11-18,9104
Suivi hypertension,2025-07-30,7389
Traitement antipaludique,2025-11-11,9734
Traitement antipaludique,2024-02-20,2820
Soins post-operatoires,2023-05-19,2742
Traitement diabetique,2023-08-07,9119
Traitement antibiotique,2025-07-02,6163
Soins post-operatoires,2025-04-24,2993
Consultation generale,2023-02-08,6439
Consultation generale,2023-02-14,5936
Suivi hypertension,2024-03-12,72
Suivi hypertension,2024-11-26,5720
Soins post-operatoires,2025-08-29,1870
Soins post-operatoires,2024-12-20,5431
Suivi hypertension,2025-01-01,2006
Traitement diabetique,2025-02-25,9753
Traitement antipaludique,2025-11-05,3035
Traitement diabetique,2023-04-15,2584
Consultation generale,2024-03-08,4922
Soins post-operatoires,2025-01-15,2500
Traitement antipaludique,2024-11-13,5749
Traitement antipaludique,2025-06-12,620
Suivi hypertension,2025-02-03,2110
Traitement diabetique,2025-03-19,4134
Soins post-operatoires,2025-09-11,9398
Suivi hypertension,2023-02-26,2041
Traitement diabetique,2025-04-28,9956
Traitement antibiotique,2025-02-09,772
Traitement antipaludique,2025-05-11,6512
Suivi hypertension,2025-06-22,6088
Traitement antipaludique,2023-03-25,6660
Suivi hypertension,2024-08-20,7501
Traitement antibiotique,2025-12-25,5888
Consultation generale,2024-03-28,2617
Traitement diabetique,2025-02-19,7806
Suivi hypertension,2024-09-05,8544
Traitement diabetique,2024-03-18,1581
Traitement diabetique,2024-04-21,1441
Suivi hypertension,2025-01-20,470
Traitement antipaludique,2024-01-09,2138
Suivi hypertension,2023-05-16,4949
Traitement antipaludique,2023-04-17,1282
Traitement diabetique,2025-03-01,1135
Traitement antipaludique,2025-04-12,1601
Traitement antibiotique,2023-02-02,9202
Consultation generale,2023-02-07,1769
Traitement antipaludique,2025-08-01,6224
Suivi hypertension,2025-05-17,959
Consultation generale,2024-06-07,1835
Traitement diabetique,2023-02-12,4020
Suivi hypertension,2023-07-28,906
Traitement antibiotique,2025-10-01,6746
Traitement diabetique,2023-05-07,863
Traitement antibiotique,2025-04-19,9640
Traitement antibiotique,2024-07-18,3095
Traitement antibiotique,2025-11-26,9647
Suivi hypertension,2025-08-29,2723
Consultation generale,2023-12-29,8718
Traitement antibiotique,2024-12-31,94
Traitement diabetique,2024-04-10,1832
Traitement antipaludique,2025-04-16,1024
Traitement diabetique,2024-04-20,1896
Traitement antipaludique,2025-10-19,7126
Soins post-operatoires,2024-12-16,1936
Suivi hypertension,2024-04-11,8034
Consultation generale,2023-10-17,6021
Suivi hypertension,2024-07-26,9504
Suivi hypertension,2025-06-02,4182
Soins post-operatoires,2025-05-14,3673
Soins post-operatoires,2023-06-07,6148
Soins post-operatoires,2024-04-07,1386
Traitement antibiotique,2025-04-09,8732
Traitement antibiotique,2024-08-06,1292
Consultation generale,2023-04-02,3486
Soins post-operatoires,2023-07-17,6666
Consultation generale,2025-09-28,9397
Consultation generale,2024-02-14,6524
Traitement antipaludique,2025-10-03,1454
Suivi hypertension,2025-06-01,5620
Traitement antipaludique,2023-07-31,6476
Traitement diabetique,2024-08-11,9534
Consultation generale,2023-09-20,2332
Soins post-operatoires,2023-07-12,9364
Suivi hypertension,2025-02-09,7604
Traitement diabetique,2025-04-16,7196
Suivi hypertension,2025-01-11,1791
Traitement diabetique,2024-01-05,1523
Traitement antibiotique,2025-06-05,9028
Soins post-operatoires,2025-12-29,1784
Traitement antipaludique,2023-05-23,2652
Traitement diabetique,2024-09-21,8209
Suivi hypertension,2023-06-07,4228
Soins post-operatoires,2025-04-20,7645
Traitement antipaludique,2024-08-03,3707
Suivi hypertension,2024-10-24,6442
Soins post-operatoires,2023-05-26,4977
Suivi hypertension,2024-06-11,7272
Traitement antipaludique,2025-04-04,2697
Consultation generale,2024-02-02,4601
Traitement antipaludique,2025-08-29,7431
Traitement antipaludique,2025-02-22,972
Soins post-operatoires,2023-10-07,5152
Suivi hypertension,2023-09-05,8421
Suivi hypertension,2024-04-06,960
Traitement antipaludique,2025-09-18,8098
Consultation generale,2024-08-20,8643
Consultation generale,2023-09-27,1813
Traitement diabetique,2024-02-04,8855
Soins post-operatoires,2024-08-22,30
Soins post-operatoires,2023-04-15,7606
Consultation generale,2025-06-09,2962
Consultation generale,2023-09-18,8863
Consultation generale,2023-03-28,2863
Traitement antibiotique,2024-09-17,6003
Soins post-operatoires,2023-01-29,8732
Consultation generale,2025-11-22,4249
Suivi hypertension,2025-04-15,8034
Traitement diabetique,2023-04-01,8078
Traitement antipaludique,2024-09-26,9794
Traitement antipaludique,2024-08-28,1649
Traitement diabetique,2023-07-13,2217
Soins post-operatoires,2025-01-07,1120
Soins post-operatoires,2023-09-26,2236
Traitement antibiotique,2024-06-05,6273
Soins post-operatoires,2024-02-21,9394
Traitement diabetique,2023-07-13,2205
Traitement antipaludique,2025-06-13,4713
Traitement antibiotique,2024-05-11,9478
Traitement antipaludique,2025-06-18,9096
Suivi hypertension,2025-03-18,6647
Soins post-operatoires,2023-05-27,1838
Traitement diabetique,2024-12-06,7434
Suivi hypertension,2025-10-22,8108
Traitement antipaludique,2023-12-12,7527
Traitement antibiotique,2023-04-14,238
Soins post-operatoires,2025-07-14,2885
Consultation generale,2023-11-15,8755
Traitement antipaludique,2023-12-06,7564
Consultation generale,2024-10-29,9106
Consultation generale,2023-05-21,3516
Traitement antipaludique,2024-01-20,6878
Suivi hypertension,2025-02-18,4036
Traitement antipaludique,2024-12-04,9911
Consultation generale,2024-06-13,6118
Traitement antibiotique,2025-04-20,4615
Traitement antipaludique,2024-08-19,4952
Traitement diabetique,2023-11-06,3835
Suivi hypertension,2023-11-04,7348
Traitement antibiotique,2025-12-06,2793
Traitement antipaludique,2023-03-11,6359
Soins post-operatoires,2024-01-29,9745
Consultation generale,2023-07-28,8000
Suivi hypertension,2024-12-06,4885
Suivi hypertension,2024-04-13,1069
Traitement antibiotique,2023-07-13,2240
Traitement antibiotique,2023-05-09,7279
Traitement antipaludique,2025-12-24,5000
Consultation generale,2023-01-28,8213
Soins post-operatoires,2024-12-12,8323
Traitement antipaludique,2024-01-10,1486
Traitement antipaludique,2024-10-18,1740
Traitement antibiotique,2025-11-24,8440
Consultation generale,2025-07-19,2073
Suivi hypertension,2023-03-13,8762
Traitement antibiotique,2025-12-27,8873
Traitement diabetique,2023-02-01,3991
Soins post-operatoires,2024-05-14,2182
Suivi hypertension,2025-11-21,2506
Suivi hypertension,2023-09-30,5689
Traitement diabetique,2024-07-01,2464
Soins post-operatoires,2023-04-24,7898
Traitement antibiotique,2025-09-10,4047
Traitement diabetique,2023-06-06,7806
Soins post-operatoires,2024-08-02,7135
Consultation generale,2023-02-11,2645
Soins post-operatoires,2025-10-20,1688
Traitement antipaludique,2025-11-24,2853
Traitement antibiotique,2024-04-02,3829
Suivi hypertension,2024-05-28,902
Traitement antibiotique,2024-08-22,8486
Traitement antipaludique,2023-01-22,406
Consultation generale,2023-02-18,3660
Traitement antipaludique,2024-07-19,5953
Consultation generale,2025-09-24,313
Traitement antipaludique,2025-03-16,1411
Traitement antibiotique,2025-12-09,5529
Soins post-operatoires,2025-04-05,9744
Traitement diabetique,2023-04-27,8414
Suivi hypertension,2025-10-17,1692
Traitement antipaludique,2023-04-12,3875
Traitement antipaludique,2023-07-15,1461
Consultation generale,2023-04-26,2959
Suivi hypertension,2024-11-12,3428
Traitement antipaludique,2023-02-07,5557
Consultation generale,2024-03-27,1586
Soins post-operatoires,2025-10-18,8299
Consultation generale,2024-04-25,8706
Traitement diabetique,2025-03-11,7274
Consultation generale,2025-09-16,8703
Traitement antibiotique,2024-07-05,225
Traitement antibiotique,2023-12-20,7861
Traitement antibiotique,2025-11-08,4623
Soins post-operatoires,2025-07-10,639
Traitement antipaludique,2025-07-11,3207
Traitement antibiotique,2023-08-08,9760
Suivi hypertension,2023-07-28,6098
Traitement antibiotique,2024-06-17,474
Suivi hypertension,2024-03-15,8683
Suivi hypertension,2025-01-25,2429
Traitement antibiotique,2023-12-06,5333
Consultation generale,2023-01-15,3333
Traitement antipaludique,2025-01-30,5003
Soins post-operatoires,2023-11-24,8407
Suivi hypertension,2025-07-17,313
Consultation generale,2023-01-18,8494
Traitement antibiotique,2025-04-19,4017
Soins post-operatoires,2023-09-04,1168
Traitement diabetique,2025-12-29,3108
Traitement antipaludique,2023-10-27,2403
Traitement antibiotique,2025-12-24,8757
Soins post-operatoires,2023-02-21,5221
Traitement antibiotique,2024-07-03,8883
Traitement antibiotique,2024-08-14,8055
Soins post-operatoires,2024-08-23,995
Consultation generale,2025-04-19,486
Traitement diabetique,2025-02-07,4654
Traitement diabetique,2024-08-14,1681
Suivi hypertension,2023-03-12,1551
Traitement antipaludique,2025-07-28,2605
Soins post-operatoires,2025-07-31,1123
Traitement antibiotique,2025-12-14,2305
Consultation generale,2025-03-03,592
Soins post-operatoires,2024-07-25,3764
Traitement antibiotique,2024-02-08,2036
Soins post-operatoires,2023-05-13,9160
Traitement diabetique,2025-08-14,4344
Traitement antipaludique,2024-10-16,6208
Suivi hypertension,2023-03-01,2867
Traitement antipaludique,2024-06-05,6695
Traitement antibiotique,2024-12-27,9846
Traitement antipaludique,2023-01-12,3377
Suivi hypertension,2024-03-13,3975
Traitement diabetique,2024-10-19,6430
Suivi hypertension,2025-04-29,1763
Consultation generale,2025-07-22,5531
Suivi hypertension,2023-06-03,8332
Suivi hypertension,2024-05-06,6011
Consultation generale,2025-04-26,9911
Traitement diabetique,2025-09-25,729
Traitement antibiotique,2025-08-06,7151
Traitement antipaludique,2024-08-23,2909
Suivi hypertension,2024-02-11,260
Suivi hypertension,2024-03-16,2867
Traitement diabetique,2025-02-03,1169
Traitement antipaludique,2024-09-06,6130
Soins post-operatoires,2025-02-07,2880
Consultation generale,2025-06-03,2470
Consultation generale,2025-02-20,8173
Consultation generale,2023-06-23,8419
Traitement antibiotique,2025-07-16,9489
Consultation generale,2024-11-05,6239
Traitement diabetique,2024-02-10,5084
Soins post-operatoires,2025-12-26,6195
Traitement antibiotique,2024-10-12,6172
Consultation generale,2025-07-10,6554
Traitement antipaludique,2025-04-10,6347
Suivi hypertension,2023-10-15,9602
Soins post-operatoires,2023-09-13,7067
Traitement diabetique,2025-03-18,803
Traitement diabetique,2025-02-07,664
Consultation generale,2025-05-04,4733
Traitement diabetique,2025-08-28,8306
Consultation generale,2024-01-02,9566
Traitement diabetique,2025-11-30,6506
Soins post-operatoires,2024-02-17,5846
Soins post-operatoires,2024-10-22,9157
Suivi hypertension,2024-01-13,1542
Consultation generale,2023-09-22,7160
Traitement antipaludique,2025-05-07,8062
Traitement antipaludique,2024-11-23,6360
Suivi hypertension,2024-12-28,6502
Soins post-operatoires,2024-10-06,7939
Traitement antipaludique,2023-03-29,6429
Traitement antibiotique,2025-08-29,5094
Traitement antibiotique,2023-04-01,5241
Consultation generale,2023-01-04,1542
Soins post-operatoires,2025-02-18,7584
Consultation generale,2025-08-07,8423
Consultation generale,2023-09-02,6899
Suivi hypertension,2023-02-05,9404
Traitement diabetique,2023-12-30,453
Suivi hypertension,2024-11-16,9934
Consultation generale,2023-12-23,9107
Traitement antipaludique,2025-03-02,9901
Suivi hypertension,2025-12-30,4014
Suivi hypertension,2024-06-10,3881
Traitement antipaludique,2023-12-02,9504
Traitement antipaludique,2025-02-18,7640
Traitement antibiotique,2024-06-27,8880
Traitement antibiotique,2025-04-06,8271
Consultation generale,2023-02-10,1804
Soins post-operatoires,2024-10-12,8669
Traitement diabetique,2024-09-20,2907
Traitement antipaludique,2023-10-17,8970
Traitement antibiotique,2023-01-20,7439
Consultation generale,2025-05-28,1746
Consultation generale,2023-03-12,616
Consultation generale,2024-06-17,6670
Soins post-operatoires,2024-12-19,3842
Consultation generale,2024-07-07,5564
Traitement antibiotique,2024-09-29,9632
Soins post-operatoires,2025-07-20,727
Traitement diabetique,2023-01-06,5842
Suivi hypertension,2024-02-18,234
Consultation generale,2023-12-05,2436
Traitement antibiotique,2024-05-10,8134
Consultation generale,2023-07-04,8649
Traitement antibiotique,2025-03-02,5300
Traitement antibiotique,2024-12-18,5388
Consultation generale,2023-10-22,8087
Suivi hypertension,2024-10-14,3780
Soins post-operatoires,2024-04-09,1060
Traitement antipaludique,2023-08-23,2746
Soins post-operatoires,2025-09-22,6442
Traitement antipaludique,2025-01-22,6596
Suivi hypertension,2024-08-06,8520
Suivi hypertension,2025-09-15,7574
Traitement diabetique,2025-08-06,6580
Traitement diabetique,2025-12-21,4270
Traitement antipaludique,2025-01-02,5994
Suivi hypertension,2023-08-02,736
Traitement antipaludique,2024-08-30,7449
Traitement antipaludique,2023-09-04,1213
Traitement diabetique,2023-07-28,8795
Consultation generale,2023-06-25,1238
Suivi hypertension,2025-12-08,7263
Consultation generale,2025-02-11,5112
Suivi hypertension,2023-03-19,4596
Suivi hypertension,2024-10-22,4748
Traitement antibiotique,2023-03-17,1315
Traitement antibiotique,2023-07-06,3527
Traitement antibiotique,2023-11-29,5357
Soins post-operatoires,2024-06-15,2370
Traitement antibiotique,2023-09-28,4140
Traitement diabetique,2024-03-04,1392
Traitement antipaludique,2023-03-07,7768
Soins post-operatoires,2025-07-11,425
Soins post-operatoires,2024-06-03,2032
Traitement antipaludique,2023-08-05,7481
Traitement antibiotique,2023-11-02,9380
Traitement antibiotique,2023-01-30,3125
Traitement antibiotique,2024-08-03,8169
Traitement antipaludique,2025-03-26,6752
Suivi hypertension,2024-12-08,5122
Traitement antibiotique,2025-04-08,2903
Soins post-operatoires,2023-04-26,6407
Consultation generale,2023-10-29,3551
Traitement antipaludique,2025-02-23,4870
Suivi hypertension,2023-11-13,8017
Suivi hypertension,2024-10-01,9821
Soins post-operatoires,2024-11-09,997
Suivi hypertension,2025-03-04,7591
Suivi hypertension,2025-12-31,572
Traitement antipaludique,2024-06-15,4751
Soins post-operatoires,2023-09-20,4161
Traitement antipaludique,2024-06-20,171
Suivi hypertension,2025-07-04,838
Traitement antibiotique,2024-04-20,4950
Traitement antipaludique,2023-06-07,786
Traitement antipaludique,2023-07-12,9351
Suivi hypertension,2023-01-08,7000
Soins post-operatoires,2025-12-12,2835
Soins post-operatoires,2023-09-26,496
Consultation generale,2023-01-31,2067
Traitement antipaludique,2025-12-17,7101
Suivi hypertension,2024-07-04,8525
Traitement diabetique,2023-06-30,6291
Suivi hypertension,2024-09-03,8063
Consultation generale,2024-03-26,1328
Consultation generale,2023-12-14,1099
Suivi hypertension,2024-03-23,183
Traitement diabetique,2025-11-05,6487
Suivi hypertension,2025-10-01,2584
Traitement antibiotique,2025-12-04,6484
Suivi hypertension,2023-01-30,6437
Traitement antipaludique,2024-07-31,7197
Suivi hypertension,2023-06-02,1098
Soins post-operatoires,2024-11-20,1294
Traitement antibiotique,2024-05-07,4879
Suivi hypertension,2025-07-15,2806
Consultation generale,2025-06-27,4702
Consultation generale,2025-02-14,4941
Consultation generale,2024-08-30,3036
Suivi hypertension,2023-06-19,1180
Traitement antipaludique,2024-02-14,4052
Suivi hypertension,2023-10-12,3123
Traitement diabetique,2025-07-13,8256
Suivi hypertension,2025-11-14,675
Traitement antibiotique,2025-03-13,4054
Traitement diabetique,2023-01-11,8714
Traitement antipaludique,2025-11-15,5288
Traitement antipaludique,2025-07-28,8010
Traitement antipaludique,2024-05-20,6729
Traitement antipaludique,2024-11-24,7071
Soins post-operatoires,2023-09-28,1551
Traitement antibiotique,2025-01-15,646
Traitement antibiotique,2023-05-02,6207
Consultation generale,2025-06-20,1477
Traitement antibiotique,2025-03-27,6405
Traitement antibiotique,2024-11-22,4187
Traitement diabetique,2024-03-14,3677
Consultation generale,2025-10-07,4699
Traitement diabetique,2025-02-02,9062
Suivi hypertension,2023-10-17,1203
Suivi hypertension,2025-08-31,9201
Traitement antipaludique,2025-06-17,606
Consultation generale,2025-09-08,5251
Soins post-operatoires,2024-10-06,2210
Soins post-operatoires,2025-07-06,4542
Traitement antibiotique,2024-12-19,4386
Consultation generale,2025-09-06,5582
Consultation generale,2023-08-09,9459
Suivi hypertension,2025-05-04,8292
Soins post-operatoires,2024-02-04,4774
Traitement antipaludique,2024-06-19,2696
Traitement diabetique,2025-02-25,1866
Soins post-operatoires,2023-12-10,2745
Soins post-operatoires,2024-07-01,7993
Soins post-operatoires,2023-07-15,6468
Soins post-operatoires,2023-10-12,6360
Traitement antipaludique,2023-04-26,6640
Soins post-operatoires,2024-12-03,2899
Traitement antibiotique,2024-07-19,8912
Traitement antibiotique,2025-11-04,871
Soins post-operatoires,2024-05-31,8701
Consultation generale,2025-01-14,3924
Soins post-operatoires,2024-10-26,1304
Traitement antibiotique,2023-04-11,4242
Suivi hypertension,2024-10-16,4308
Traitement diabetique,2025-04-29,764
Soins post-operatoires,2023-07-31,5976
Traitement diabetique,2024-02-29,7610
Traitement diabetique,2024-06-05,1162
Traitement diabetique,2023-07-08,9567
Traitement diabetique,2024-03-18,9433
Traitement antibiotique,2024-03-23,3053
Suivi hypertension,2023-11-21,8321
Traitement antibiotique,2023-02-13,6100
Traitement antibiotique,2025-01-24,8654
Suivi hypertension,2023-10-28,5565
Soins post-operatoires,2023-10-27,7346
Suivi hypertension,2025-07-20,5972
Traitement antibiotique,2023-03-03,18
Traitement antipaludique,2025-05-21,3832
Traitement antipaludique,2023-08-05,3482
Traitement antipaludique,2024-05-17,3905
Soins post-operatoires,2024-10-15,646
Soins post-operatoires,2024-08-15,5585
Traitement diabetique,2025-11-26,357
Traitement diabetique,2023-04-21,7286
Traitement antibiotique,2023-06-25,9088
