Faye,Cheikh,user1@hopital.sn,password123,agent
Ndiaye,Moussa,user2@hopital.sn,password123,medecin
Kane,Ousmane,user3@hopital.sn,password123,medecin
Ndiaye,Abdoulaye,user4@hopital.sn,password123,admin
Fall,Fatou,user5@hopital.sn,password123,agent
Sy,Oumar,user6@hopital.sn,password123,agent
Sow,Mamadou,user7@hopital.sn,password123,agent
Diallo,Oumar,user8@hopital.sn,password123,admin
Fall,Cheikh,user9@hopital.sn,password123,admin
Diop,Mariama,user10@hopital.sn,password123,agent
Diallo,Mamadou,user11@hopital.sn,password123,medecin
Faye,Mamadou,user12@hopital.sn,password123,admin
Sarr,Mamadou,user13@hopital.sn,password123,agent
Sarr,Awa,user14@hopital.sn,password123,admin
Gueye,Mamadou,user15@hopital.sn,password123,medecin
Kane,Awa,user16@hopital.sn,password123,medecin
Fall,Aminata,user17@hopital.sn,password123,medecin
Ndiaye,Mariama,user18@hopital.sn,password123,agent
Fall,Ibrahima,user19@hopital.sn,password123,medecin
Kane,Fatou,user20@hopital.sn,password123,admin
Sarr,Aminata,user21@hopital.sn,password123,admin
Fall,Mariama,user22@hopital.sn,password123,admin
Fall,Cheikh,user23@hopital.sn,password123,admin
Diop,Moussa,user24@hopital.sn,password123,medecin
Kane,Moussa,user25@hopital.sn,password123,admin
Diallo,Aminata,user26@hopital.sn,password123,admin
Diop,Mariama,user27@hopital.sn,password123,agent
Fall,Cheikh,user28@hopital.sn,password123,medecin
Sy,Awa,user29@hopital.sn,password123,medecin
Diop,Cheikh,user30@hopital.sn,password123,agent
Faye,Ousmane,user31@hopital.sn,password123,agent
Sy,Aminata,user32@hopital.sn,password123,admin
Sy,Ibrahima,user33@hopital.sn,password123,medecin
Kane,Oumar,user34@hopital.sn,password123,medecin
Kane,Khady,user35@hopital.sn,password123,admin
Fall,Moussa,user36@hopital.sn,password123,admin
Fall,Cheikh,user37@hopital.sn,password123,agent
Kane,Mariama,user38@hopital.sn,password123,agent
Fall,Mamadou,user39@hopital.sn,password123,medecin
Diallo,Aminata,user40@hopital.sn,password123,medecin
Kane,Mamadou,user41@hopital.sn,password123,medecin
Fall,Khady,user42@hopital.sn,password123,agent
Diallo,Mamadou,user43@hopital.sn,password123,admin
Gueye,Cheikh,user44@hopital.sn,password123,medecin
Diallo,Oumar,user45@hopital.sn,password123,medecin
Ndiaye,Awa,user46@hopital.sn,password123,medecin
Fall,Awa,user47@hopital.sn,password123,medecin
Ba,Mamadou,user48@hopital.sn,password123,agent
Fall,Oumar,user49@hopital.sn,password123,medecin
Sy,Oumar,user50@hopital.sn,password123,medecin
Sy,Mamadou,user51@hopital.sn,password123,medecin
Gueye,Mamadou,user52@hopital.sn,password123,medecin
Ba,Cheikh,user53@hopital.sn,password123,agent
Kane,Mariama,user54@hopital.sn,password123,admin
Diallo,Awa,user55@hopital.sn,password123,agent
Sy,Aminata,user56@hopital.sn,password123,agent
Ndiaye,Mamadou,user57@hopital.sn,password123,admin
Fall,Cheikh,user58@hopital.sn,password123,agent
Sow,Oumar,user59@hopital.sn,password123,admin
Sow,Khady,user60@hopital.sn,password123,agent
Sow,Mamadou,user61@hopital.sn,password123,admin
Sy,Mariama,user62@hopital.sn,password123,agent
Sy,Mamadou,user63@hopital.sn,password123,medecin
Fall,Ousmane,user64@hopital.sn,password123,admin
Diallo,Fatou,user65@hopital.sn,password123,medecin
Diallo,Abdoulaye,user66@hopital.sn,password123,medecin
Fall,Mariama,user67@hopital.sn,password123,admin
Diallo,Mariama,user68@hopital.sn,password123,admin
Ndiaye,Mamadou,user69@hopital.sn,password123,medecin
Fall,Ibrahima,user70@hopital.sn,password123,medecin
Diop,Mariama,user71@hopital.sn,password123,admin
Kane,Mariama,user72@hopital.sn,password123,agent
Gueye,Fatou,user73@hopital.sn,password123,medecin
Faye,Fatou,user74@hopital.sn,password123,medecin
Kane,Aminata,user75@hopital.sn,password123,admin
Fall,Awa,user76@hopital.sn,password123,medecin
Diallo,Cheikh,user77@hopital.sn,password123,medecin
Faye,Khady,user78@hopital.sn,password123,admin
Ndiaye,Aminata,user79@hopital.sn,password123,agent
Gueye,Mamadou,user80@hopital.sn,password123,agent
Ndiaye,Ibrahima,user81@hopital.sn,password123,medecin
Ba,Oumar,user82@hopital.sn,password123,medecin
Ndiaye,Moussa,user83@hopital.sn,password123,agent
Fall,Awa,user84@hopital.sn,password123,agent
Diallo,Awa,user85@hopital.sn,password123,agent
Fall,Ousmane,user86@hopital.sn,password123,agent
Sarr,Ibrahima,user87@hopital.sn,password123,medecin
Sow,Ibrahima,user88@hopital.sn,password123,admin
Faye,Mariama,user89@hopital.sn,password123,medecin
Gueye,Moussa,user90@hopital.sn,password123,medecin
Fall,Ousmane,user91@hopital.sn,password123,admin
Fall,Awa,user92@hopital.sn,password123,admin
Sarr,Khady,user93@hopital.sn,password123,medecin
Sow,Ibrahima,user94@hopital.sn,password123,admin
Diop,Awa,user95@hopital.sn,password123,agent
Fall,Aminata,user96@hopital.sn,password123,agent
Diallo,Abdoulaye,user97@hopital.sn,password123,medecin
Sow,Ibrahima,user98@hopital.sn,password123,admin
Ndiaye,Oumar,user99@hopital.sn,password123,admin
Fall,Mamadou,user100@hopital.sn,password123,medecin
Diop,Fatou,user101@hopital.sn,password123,medecin
Sow,Ibrahima,user102@hopital.sn,password123,medecin
Kane,Moussa,user103@hopital.sn,password123,admin
Diallo,Awa,user104@hopital.sn,password123,admin
Gueye,Ibrahima,user105@hopital.sn,password123,medecin
Diop,Cheikh,user106@hopital.sn,password123,medecin
Sarr,Aminata,user107@hopital.sn,password123,medecin
Gueye,Awa,user108@hopital.sn,password123,agent
Sow,Awa,user109@hopital.sn,password123,medecin
Ndiaye,Khady,user110@hopital.sn,password123,admin
Ba,Ibrahima,user111@hopital.sn,password123,admin
Diop,Moussa,user112@hopital.sn,password123,agent
Ndiaye,Ibrahima,user113@hopital.sn,password123,agent
Ba,Mariama,user114@hopital.sn,password123,admin
Gueye,Mariama,user115@hopital.sn,password123,admin
Ba,Abdoulaye,user116@hopital.sn,password123,admin
Ba,Cheikh,user117@hopital.sn,password123,agent
Diop,Ibrahima,user118@hopital.sn,password123,admin
Sarr,Fatou,user119@hopital.sn,password123,medecin
Fall,Awa,user120@hopital.sn,password123,agent
Kane,Aminata,user121@hopital.sn,password123,medecin
Diallo,Mamadou,user122@hopital.sn,password123,medecin
Sy,Moussa,user123@hopital.sn,password123,admin
Ba,Fatou,user124@hopital.sn,password123,admin
Diallo,Mariama,user125@hopital.sn,password123,admin
Faye,Ousmane,user126@hopital.sn,password123,admin
Kane,Abdoulaye,user127@hopital.sn,password123,agent
Sow,Awa,user128@hopital.sn,password123,admin
Faye,Ibrahima,user129@hopital.sn,password123,admin
Ba,Cheikh,user130@hopital.sn,password123,agent
Diop,Oumar,user131@hopital.sn,password123,agent
Sy,Cheikh,user132@hopital.sn,password123,medecin
Faye,Cheikh,user133@hopital.sn,password123,admin
Kane,Ousmane,user134@hopital.sn,password123,admin
Diallo,Cheikh,user135@hopital.sn,password123,admin
Sy,Abdoulaye,user136@hopital.sn,password123,admin
Sow,Ibrahima,user137@hopital.sn,password123,admin
Sarr,Cheikh,user138@hopital.sn,password123,admin
Sy,Mariama,user139@hopital.sn,password123,agent
Faye,Moussa,user140@hopital.sn,password123,agent
Ndiaye,Mamadou,user141@hopital.sn,password123,admin
Gueye,Cheikh,user142@hopital.sn,password123,medecin
Kane,Oumar,user143@hopital.sn,password123,medecin
Sarr,Fatou,user144@hopital.sn,password123,agent
Sow,Ousmane,user145@hopital.sn,password123,admin
Fall,Abdoulaye,user146@hopital.sn,password123,medecin
Gueye,Moussa,user147@hopital.sn,password123,agent
Sy,Ousmane,user148@hopital.sn,password123,admin
Fall,Abdoulaye,user149@hopital.sn,password123,medecin
Kane,Ousmane,user150@hopital.sn,password123,medecin
Sarr,Ousmane,user151@hopital.sn,password123,admin
Diop,Aminata,user152@hopital.sn,password123,admin
Sy,Aminata,user153@hopital.sn,password123,medecin
Gueye,Oumar,user154@hopital.sn,password123,admin
Diallo,Mariama,user155@hopital.sn,password123,admin
Ba,Ousmane,user156@hopital.sn,password123,agent
Gueye,Aminata,user157@hopital.sn,password123,medecin
Sow,Cheikh,user158@hopital.sn,password123,agent
Faye,Mamadou,user159@hopital.sn,password123,admin
Ndiaye,Abdoulaye,user160@hopital.sn,password123,admin
Fall,Khady,user161@hopital.sn,password123,agent
Kane,Ibrahima,user162@hopital.sn,password123,agent
Ba,Mariama,user163@hopital.sn,password123,admin
Kane,Awa,user164@hopital.sn,password123,admin
Ndiaye,Mamadou,user165@hopital.sn,password123,agent
Sarr,Khady,user166@hopital.sn,password123,admin
Sarr,Oumar,user167@hopital.sn,password123,medecin
Ba,Cheikh,user168@hopital.sn,password123,medecin
Kane,Moussa,user169@hopital.sn,password123,medecin
Diallo,Mariama,user170@hopital.sn,password123,admin
Faye,Abdoulaye,user171@hopital.sn,password123,admin
Sow,Ibrahima,user172@hopital.sn,password123,agent
Ndiaye,Awa,user173@hopital.sn,password123,agent
Ndiaye,Ousmane,user174@hopital.sn,password123,agent
Faye,Mariama,user175@hopital.sn,password123,agent
Ndiaye,Abdoulaye,user176@hopital.sn,password123,admin
Sy,Mamadou,user177@hopital.sn,password123,medecin
Sarr,Ibrahima,user178@hopital.sn,password123,medecin
Sarr,Mariama,user179@hopital.sn,password123,admin
Kane,Ibrahima,user180@hopital.sn,password123,medecin
Sarr,Mariama,user181@hopital.sn,password123,admin
Faye,Aminata,user182@hopital.sn,password123,agent
Ba,Mariama,user183@hopital.sn,password123,medecin
Ndiaye,Ousmane,user184@hopital.sn,password123,medecin
Fall,Aminata,user185@hopital.sn,password123,admin
Kane,Cheikh,user186@hopital.sn,password123,agent
Sarr,Mariama,user187@hopital.sn,password123,admin
Ba,Awa,user188@hopital.sn,password123,medecin
Sow,Awa,user189@hopital.sn,password123,medecin
Ba,Abdoulaye,user190@hopital.sn,password123,admin
Faye,Mamadou,user191@hopital.sn,password123,admin
Sow,Khady,user192@hopital.sn,password123,agent
Sow,Moussa,user193@hopital.sn,password123,admin
Sy,Mamadou,user194@hopital.sn,password123,admin
Gueye,Abdoulaye,user195@hopital.sn,password123,agent
Diop,Ousmane,user196@hopital.sn,password123,admin
Gueye,Mamadou,user197@hopital.sn,password123,admin
Gueye,Abdoulaye,user198@hopital.sn,password123,admin
Kane,Oumar,user199@hopital.sn,password123,agent
Sow,Oumar,user200@hopital.sn,password123,agent
Sarr,Fatou,user201@hopital.sn,password123,medecin
Sow,Cheikh,user202@hopital.sn,password123,admin
Faye,Aminata,user203@hopital.sn,password123,agent
Sy,Ibrahima,user204@hopital.sn,password123,agent
Fall,Awa,user205@hopital.sn,password123,admin
Diallo,Aminata,user206@hopital.sn,password123,admin
Ndiaye,Awa,user207@hopital.sn,password123,agent
Diop,Khady,user208@hopital.sn,password123,admin
Sy,Oumar,user209@hopital.sn,password123,admin
Kane,Mariama,user210@hopital.sn,password123,agent
Fall,Aminata,user211@hopital.sn,password123,admin
Sy,Mariama,user212@hopital.sn,password123,agent
Kane,Mamadou,user213@hopital.sn,password123,agent
Sarr,Awa,user214@hopital.sn,password123,admin
Diop,Aminata,user215@hopital.sn,password123,admin
Ba,Mariama,user216@hopital.sn,password123,agent
Sarr,Aminata,user217@hopital.sn,password123,medecin
Fall,Cheikh,user218@hopital.sn,password123,medecin
Kane,Mamadou,user219@hopital.sn,password123,admin
Diop,Khady,user220@hopital.sn,password123,admin
Ndiaye,Fatou,user221@hopital.sn,password123,agent
Kane,Oumar,user222@hopital.sn,password123,agent
Gueye,Mamadou,user223@hopital.sn,password123,admin
Kane,Abdoulaye,user224@hopital.sn,password123,agent
Sow,Mariama,user225@hopital.sn,password123,agent
Gueye,Abdoulaye,user226@hopital.sn,password123,admin
Diallo,Fatou,user227@hopital.sn,password123,agent
Diop,Khady,user228@hopital.sn,password123,agent
Sow,Oumar,user229@hopital.sn,password123,admin
Ba,Awa,user230@hopital.sn,password123,medecin
Kane,Khady,user231@hopital.sn,password123,admin
Kane,Awa,user232@hopital.sn,password123,medecin
Sow,Cheikh,user233@hopital.sn,password123,admin
Diop,Ousmane,user234@hopital.sn,password123,admin
Ba,Cheikh,user235@hopital.sn,password123,agent
Kane,Khady,user236@hopital.sn,password123,medecin
Faye,Mariama,user237@hopital.sn,password123,agent
Fall,Khady,user238@hopital.sn,password123,admin
Sarr,Awa,user239@hopital.sn,password123,admin
Ba,Oumar,user240@hopital.sn,password123,agent
Ba,Ibrahima,user241@hopital.sn,password123,admin
Faye,Oumar,user242@hopital.sn,password123,admin
Sow,Awa,user243@hopital.sn,password123,agent
Ndiaye,Ousmane,user244@hopital.sn,password123,medecin
Sarr,Moussa,user245@hopital.sn,password123,medecin
Fall,Khady,user246@hopital.sn,password123,medecin
Sarr,Moussa,user247@hopital.sn,password123,agent
Sow,Moussa,user248@hopital.sn,password123,admin
Sarr,Ibrahima,user249@hopital.sn,password123,medecin
Sarr,Ibrahima,user250@hopital.sn,password123,medecin
Diop,Mariama,user251@hopital.sn,password123,medecin
Diallo,Oumar,user252@hopital.sn,password123,admin
Ndiaye,Ibrahima,user253@hopital.sn,password123,medecin
Diallo,Khady,user254@hopital.sn,password123,agent
Sy,Khady,user255@hopital.sn,password123,agent
Gueye,Cheikh,user256@hopital.sn,password123,medecin
Ndiaye,Cheikh,user257@hopital.sn,password123,medecin
Ndiaye,Fatou,user258@hopital.sn,password123,medecin
Ba,Abdoulaye,user259@hopital.sn,password123,medecin
Sy,Ousmane,user260@hopital.sn,password123,medecin
Kane,Aminata,user261@hopital.sn,password123,medecin
Fall,Mariama,user262@hopital.sn,password123,medecin
Kane,Oumar,user263@hopital.sn,password123,agent
Gueye,Moussa,user264@hopital.sn,password123,medecin
Gueye,Moussa,user265@hopital.sn,password123,agent
Faye,Ousmane,user266@hopital.sn,password123,admin
Ndiaye,Ousmane,user267@hopital.sn,password123,agent
Ba,Khady,user268@hopital.sn,password123,admin
Sow,Cheikh,user269@hopital.sn,password123,agent
Ba,Fatou,user270@hopital.sn,password123,medecin
Sarr,Moussa,user271@hopital.sn,password123,agent
Sarr,Mamadou,user272@hopital.sn,password123,agent
Sow,Aminata,user273@hopital.sn,password123,admin
Sow,Awa,user274@hopital.sn,password123,medecin
Sow,Khady,user275@hopital.sn,password123,agent
Faye,Abdoulaye,user276@hopital.sn,password123,admin
Diallo,Khady,user277@hopital.sn,password123,admin
Gueye,Mariama,user278@hopital.sn,password123,medecin
Gueye,Awa,user279@hopital.sn,password123,agent
Sarr,Mariama,user280@hopital.sn,password123,medecin
Ndiaye,Abdoulaye,user281@hopital.sn,password123,agent
Diop,Ousmane,user282@hopital.sn,password123,admin
Ndiaye,Aminata,user283@hopital.sn,password123,medecin
Sy,Ousmane,user284@hopital.sn,password123,medecin
Kane,Fatou,user285@hopital.sn,password123,admin
Diallo,Abdoulaye,user286@hopital.sn,password123,admin
Fall,Mamadou,user287@hopital.sn,password123,admin
Diallo,Aminata,user288@hopital.sn,password123,admin
Kane,Ibrahima,user289@hopital.sn,password123,admin
Diallo,Cheikh,user290@hopital.sn,password123,admin
Fall,Awa,user291@hopital.sn,password123,agent
Diop,Mariama,user292@hopital.sn,password123,medecin
Ba,Awa,user293@hopital.sn,password123,admin
Fall,Mamadou,user294@hopital.sn,password123,agent
Kane,Oumar,user295@hopital.sn,password123,agent
Faye,Fatou,user296@hopital.sn,password123,admin
Sow,Cheikh,user297@hopital.sn,password123,medecin
Fall,Oumar,user298@hopital.sn,password123,medecin
Ba,Khady,user299@hopital.sn,password123,admin
Sow,Khady,user300@hopital.sn,password123,medecin
Ndiaye,Aminata,user301@hopital.sn,password123,agent
Diallo,Ibrahima,user302@hopital.sn,password123,medecin
Kane,Mamadou,user303@hopital.sn,password123,admin
Ba,Khady,user304@hopital.sn,password123,medecin
Kane,Abdoulaye,user305@hopital.sn,password123,admin
Diallo,Cheikh,user306@hopital.sn,password123,agent
Gueye,Moussa,user307@hopital.sn,password123,agent
Ba,Ibrahima,user308@hopital.sn,password123,agent
Ndiaye,Ousmane,user309@hopital.sn,password123,medecin
Fall,Cheikh,user310@hopital.sn,password123,medecin
Diop,Ousmane,user311@hopital.sn,password123,medecin
Ndiaye,Aminata,user312@hopital.sn,password123,medecin
Gueye,Cheikh,user313@hopital.sn,password123,medecin
Gueye,Ousmane,user314@hopital.sn,password123,admin
Diallo,Aminata,user315@hopital.sn,password123,admin
Diallo,Cheikh,user316@hopital.sn,password123,medecin
Sarr,Aminata,user317@hopital.sn,password123,agent
Ndiaye,Awa,user318@hopital.sn,password123,admin
Ba,Fatou,user319@hopital.sn,password123,medecin
Fall,Ousmane,user320@hopital.sn,password123,admin
Gueye,Cheikh,user321@hopital.sn,password123,admin
Sy,Mamadou,user322@hopital.sn,password123,medecin
Gueye,Mamadou,user323@hopital.sn,password123,medecin
Kane,Oumar,user324@hopital.sn,password123,admin
Faye,Ibrahima,user325@hopital.sn,password123,agent
Sarr,Cheikh,user326@hopital.sn,password123,medecin
Gueye,Mamadou,user327@hopital.sn,password123,medecin
Sarr,Aminata,user328@hopital.sn,password123,agent
Ba,Ibrahima,user329@hopital.sn,password123,medecin
Diop,Mariama,user330@hopital.sn,password123,medecin
Sow,Abdoulaye,user331@hopital.sn,password123,medecin
Kane,Moussa,user332@hopital.sn,password123,admin
Ba,Awa,user333@hopital.sn,password123,admin
Sarr,Ibrahima,user334@hopital.sn,password123,medecin
Sarr,Fatou,user335@hopital.sn,password123,medecin
Diallo,Ibrahima,user336@hopital.sn,password123,admin
Fall,Ibrahima,user337@hopital.sn,password123,admin
Sow,Aminata,user338@hopital.sn,password123,admin
Faye,Moussa,user339@hopital.sn,password123,medecin
Diop,Mariama,user340@hopital.sn,password123,agent
Sow,Ousmane,user341@hopital.sn,password123,admin
Ba,Awa,user342@hopital.sn,password123,medecin
Ba,Ibrahima,user343@hopital.sn,password123,admin
Gueye,Fatou,user344@hopital.sn,password123,agent
Fall,Mamadou,user345@hopital.sn,password123,admin
Sow,Aminata,user346@hopital.sn,password123,medecin
Sow,Ibrahima,user347@hopital.sn,password123,admin
Faye,Aminata,user348@hopital.sn,password123,medecin
Diop,Mamadou,user349@hopital.sn,password123,admin
Diallo,Ousmane,user350@hopital.sn,password123,medecin
Gueye,Awa,user351@hopital.sn,password123,medecin
Diallo,Mamadou,user352@hopital.sn,password123,medecin
Diop,Moussa,user353@hopital.sn,password123,medecin
Diallo,Awa,user354@hopital.sn,password123,agent
Faye,Mariama,user355@hopital.sn,password123,medecin
Diallo,Oumar,user356@hopital.sn,password123,admin
Sow,Khady,user357@hopital.sn,password123,admin
Diallo,Ibrahima,user358@hopital.sn,password123,medecin
Ba,Awa,user359@hopital.sn,password123,agent
Ndiaye,Ousmane,user360@hopital.sn,password123,admin
Gueye,Oumar,user361@hopital.sn,password123,agent
Faye,Khady,user362@hopital.sn,password123,agent
Sarr,Aminata,user363@hopital.sn,password123,agent
Faye,Khady,user364@hopital.sn,password123,agent
Diop,Cheikh,user365@hopital.sn,password123,agent
Sarr,Ousmane,user366@hopital.sn,password123,admin
Diallo,Mariama,user367@hopital.sn,password123,admin
Fall,Ousmane,user368@hopital.sn,password123,medecin
Faye,Mariama,user369@hopital.sn,password123,agent
Diop,Oumar,user370@hopital.sn,password123,agent
Ndiaye,Mamadou,user371@hopital.sn,password123,admin
Ba,Ibrahima,user372@hopital.sn,password123,agent
Kane,Aminata,user373@hopital.sn,password123,admin
Sy,Fatou,user374@hopital.sn,password123,medecin
Ba,Ousmane,user375@hopital.sn,password123,medecin
Gueye,Abdoulaye,user376@hopital.sn,password123,medecin
Ndiaye,Oumar,user377@hopital.sn,password123,medecin
Sarr,Ibrahima,user378@hopital.sn,password123,agent
Fall,Oumar,user379@hopital.sn,password123,agent
Kane,Mamadou,user380@hopital.sn,password123,admin
Sow,Oumar,user381@hopital.sn,password123,medecin
Diop,Ibrahima,user382@hopital.sn,password123,agent
Ba,Khady,user383@hopital.sn,password123,medecin
Ba,Khady,user384@hopital.sn,password123,medecin
Sow,Ousmane,user385@hopital.sn,password123,medecin
Ndiaye,Mamadou,user386@hopital.sn,password123,agent
Sarr,Fatou,user387@hopital.sn,password123,medecin
Ba,Moussa,user388@hopital.sn,password123,agent
Sow,Mamadou,user389@hopital.sn,password123,admin
Kane,Abdoulaye,user390@hopital.sn,password123,medecin
Sow,Mariama,user391@hopital.sn,password123,medecin
Sy,Mamadou,user392@hopital.sn,password123,medecin
Fall,Ibrahima,user393@hopital.sn,password123,admin
Ndiaye,Abdoulaye,user394@hopital.sn,password123,agent
Fall,Oumar,user395@hopital.sn,password123,medecin
Sarr,Fatou,user396@hopital.sn,password123,admin
Sow,Mariama,user397@hopital.sn,password123,agent
Sy,Cheikh,user398@hopital.sn,password123,admin
Gueye,Mamadou,user399@hopital.sn,password123,admin
Sow,Oumar,user400@hopital.sn,password123,agent
Ndiaye,Ousmane,user401@hopital.sn,password123,admin
Diallo,Awa,user402@hopital.sn,password123,agent
Sow,Ousmane,user403@hopital.sn,password123,medecin
Gueye,Khady,user404@hopital.sn,password123,admin
Diop,Awa,user405@hopital.sn,password123,agent
Faye,Aminata,user406@hopital.sn,password123,agent
Kane,Mariama,user407@hopital.sn,password123,agent
Faye,Aminata,user408@hopital.sn,password123,medecin
Sow,Aminata,user409@hopital.sn,password123,agent
Ba,Abdoulaye,user410@hopital.sn,password123,medecin
Fall,Fatou,user411@hopital.sn,password123,agent
Gueye,Awa,user412@hopital.sn,password123,medecin
Faye,Mariama,user413@hopital.sn,password123,medecin
Sarr,Ibrahima,user414@hopital.sn,password123,medecin
Fall,Awa,user415@hopital.sn,password123,agent
Sy,Khady,user416@hopital.sn,password123,medecin
Sarr,Ibrahima,user417@hopital.sn,password123,agent
Kane,Khady,user418@hopital.sn,password123,agent
Diop,Awa,user419@hopital.sn,password123,agent
Ba,Abdoulaye,user420@hopital.sn,password123,admin
Ndiaye,Mamadou,user421@hopital.sn,password123,admin
Diallo,Ousmane,user422@hopital.sn,password123,admin
Kane,Abdoulaye,user423@hopital.sn,password123,admin
Ndiaye,Awa,user424@hopital.sn,password123,admin
Diop,Awa,user425@hopital.sn,password123,admin
Sy,Khady,user426@hopital.sn,password123,admin
Kane,Ousmane,user427@hopital.sn,password123,medecin
Fall,Ousmane,user428@hopital.sn,password123,medecin
Fall,Abdoulaye,user429@hopital.sn,password123,medecin
Sarr,Cheikh,user430@hopital.sn,password123,agent
Fall,Mamadou,user431@hopital.sn,password123,admin
Sy,Oumar,user432@hopital.sn,password123,admin
Sy,Cheikh,user433@hopital.sn,password123,agent
Sarr,Fatou,user434@hopital.sn,password123,medecin
Sy,Oumar,user435@hopital.sn,password123,medecin
Fall,Aminata,user436@hopital.sn,password123,admin
Diallo,Khady,user437@hopital.sn,password123,admin
Fall,Cheikh,user438@hopital.sn,password123,agent
Ba,Mamadou,user439@hopital.sn,password123,medecin
Ndiaye,Cheikh,user440@hopital.sn,password123,agent
Diop,Abdoulaye,user441@hopital.sn,password123,admin
Ndiaye,Cheikh,user442@hopital.sn,password123,medecin
Faye,Ibrahima,user443@hopital.sn,password123,admin
Diop,Ibrahima,user444@hopital.sn,password123,agent
Diallo,Mariama,user445@hopital.sn,password123,admin
Diallo,Oumar,user446@hopital.sn,password123,agent
Diop,Khady,user447@hopital.sn,password123,agent
Sy,Oumar,user448@hopital.sn,password123,agent
Faye,Ibrahima,user449@hopital.sn,password123,medecin
Diallo,Mariama,user450@hopital.sn,password123,admin
Faye,Awa,user451@hopital.sn,password123,agent
Kane,Mamadou,user452@hopital.sn,password123,admin
Gueye,Mamadou,user453@hopital.sn,password123,admin
Diallo,Ousmane,user454@hopital.sn,password123,admin
Sy,Moussa,user455@hopital.sn,password123,agent
Diop,Aminata,user456@hopital.sn,password123,admin
Sy,Moussa,user457@hopital.sn,password123,medecin
Faye,Ousmane,user458@hopital.sn,password123,admin
Ba,Abdoulaye,user459@hopital.sn,password123,medecin
Gueye,Oumar,user460@hopital.sn,password123,agent
Sow,Ousmane,user461@hopital.sn,password123,medecin
Sarr,Khady,user462@hopital.sn,password123,agent
Sy,Oumar,user463@hopital.sn,password123,medecin
Fall,Aminata,user464@hopital.sn,password123,admin
Sy,Aminata,user465@hopital.sn,password123,agent
Sarr,Aminata,user466@hopital.sn,password123,medecin
Sarr,Mariama,user467@hopital.sn,password123,agent
Sarr,Awa,user468@hopital.sn,password123,admin
Sow,Moussa,user469@hopital.sn,password123,admin
Sow,Ibrahima,user470@hopital.sn,password123,medecin
Sow,Ousmane,user471@hopital.sn,password123,agent
Kane,Ibrahima,user472@hopital.sn,password123,admin
Diallo,Ibrahima,user473@hopital.sn,password123,admin
Sarr,Ousmane,user474@hopital.sn,password123,medecin
Sy,Mariama,user475@hopital.sn,password123,medecin
Sow,Khady,user476@hopital.sn,password123,medecin
Diop,Ousmane,user477@hopital.sn,password123,agent
Fall,Abdoulaye,user478@hopital.sn,password123,medecin
Ndiaye,Awa,user479@hopital.sn,password123,admin
Sy,Mariama,user480@hopital.sn,password123,medecin
Gueye,Moussa,user481@hopital.sn,password123,agent
Diallo,Ousmane,user482@hopital.sn,password123,admin
Diallo,Ousmane,user483@hopital.sn,password123,agent
Ba,Aminata,user484@hopital.sn,password123,medecin
Fall,Khady,user485@hopital.sn,password123,medecin
Gueye,Moussa,user486@hopital.sn,password123,agent
Gueye,Mariama,user487@hopital.sn,password123,agent
Sow,Awa,user488@hopital.sn,password123,medecin
Kane,Aminata,user489@hopital.sn,password123,admin
Ndiaye,Moussa,user490@hopital.sn,password123,admin
Sy,Oumar,user491@hopital.sn,password123,medecin
Ba,Aminata,user492@hopital.sn,password123,medecin
Sow,Cheikh,user493@hopital.sn,password123,admin
Ndiaye,Ousmane,user494@hopital.sn,password123,admin
Ba,Abdoulaye,user495@hopital.sn,password123,agent
Diop,Aminata,user496@hopital.sn,password123,admin
Ndiaye,Mariama,user497@hopital.sn,password123,medecin
Sy,Moussa,user498@hopital.sn,password123,agent
Faye,Khady,user499@hopital.sn,password123,admin
Kane,Cheikh,user500@hopital.sn,password123,agent
Fall,Fatou,user501@hopital.sn,password123,admin
Sarr,Moussa,user502@hopital.sn,password123,agent
Ba,Cheikh,user503@hopital.sn,password123,medecin
Diop,Oumar,user504@hopital.sn,password123,medecin
Ba,Fatou,user505@hopital.sn,password123,medecin
Sow,Oumar,user506@hopital.sn,password123,admin
Sy,Aminata,user507@hopital.sn,password123,agent
Fall,Moussa,user508@hopital.sn,password123,medecin
Faye,Oumar,user509@hopital.sn,password123,medecin
Sow,Oumar,user510@hopital.sn,password123,medecin
Ba,Aminata,user511@hopital.sn,password123,admin
Sarr,Awa,user512@hopital.sn,password123,admin
Diallo,Aminata,user513@hopital.sn,password123,medecin
Ndiaye,Khady,user514@hopital.sn,password123,admin
Gueye,Moussa,user515@hopital.sn,password123,medecin
Ba,Oumar,user516@hopital.sn,password123,medecin
Sow,Ibrahima,user517@hopital.sn,password123,agent
Ba,Ousmane,user518@hopital.sn,password123,agent
Gueye,Abdoulaye,user519@hopital.sn,password123,medecin
Faye,Mariama,user520@hopital.sn,password123,medecin
Diallo,Moussa,user521@hopital.sn,password123,medecin
Faye,Mariama,user522@hopital.sn,password123,admin
Sarr,Awa,user523@hopital.sn,password123,medecin
Ndiaye,Ousmane,user524@hopital.sn,password123,admin
Ba,Mariama,user525@hopital.sn,password123,agent
Fall,Aminata,user526@hopital.sn,password123,medecin
Gueye,Abdoulaye,user527@hopital.sn,password123,admin
Kane,Abdoulaye,user528@hopital.sn,password123,agent
Faye,Mariama,user529@hopital.sn,password123,medecin
Diallo,Khady,user530@hopital.sn,password123,medecin
Sy,Mariama,user531@hopital.sn,password123,agent
Ba,Khady,user532@hopital.sn,password123,agent
Sow,Ibrahima,user533@hopital.sn,password123,admin
Ndiaye,Cheikh,user534@hopital.sn,password123,medecin
Fall,Oumar,user535@hopital.sn,password123,agent
Ba,Cheikh,user536@hopital.sn,password123,medecin
Faye,Abdoulaye,user537@hopital.sn,password123,medecin
Ndiaye,Ibrahima,user538@hopital.sn,password123,admin
Gueye,Khady,user539@hopital.sn,password123,medecin
Ba,Ibrahima,user540@hopital.sn,password123,admin
Ba,Mariama,user541@hopital.sn,password123,admin
Diop,Aminata,user542@hopital.sn,password123,agent
Kane,Moussa,user543@hopital.sn,password123,medecin
Diop,Awa,user544@hopital.sn,password123,agent
Sarr,Ousmane,user545@hopital.sn,password123,admin
Gueye,Mamadou,user546@hopital.sn,password123,medecin
Fall,Aminata,user547@hopital.sn,password123,admin
Diop,Mamadou,user548@hopital.sn,password123,agent
Faye,Mamadou,user549@hopital.sn,password123,agent
Diop,Khady,user550@hopital.sn,password123,agent
Kane,Cheikh,user551@hopital.sn,password123,agent
Kane,Ibrahima,user552@hopital.sn,password123,medecin
Sow,Mariama,user553@hopital.sn,password123,agent
Sow,Mariama,user554@hopital.sn,password123,admin
Ndiaye,Aminata,user555@hopital.sn,password123,admin
Kane,Moussa,user556@hopital.sn,password123,admin
Fall,Awa,user557@hopital.sn,password123,medecin
Diop,Aminata,user558@hopital.sn,password123,admin
Faye,Abdoulaye,user559@hopital.sn,password123,agent
Sy,Mamadou,user560@hopital.sn,password123,admin
Ndiaye,Awa,user561@hopital.sn,password123,agent
Fall,Khady,user562@hopital.sn,password123,medecin
Diop,Mamadou,user563@hopital.sn,password123,agent
Ndiaye,Mariama,user564@hopital.sn,password123,admin
Sarr,Moussa,user565@hopital.sn,password123,agent
Gueye,Oumar,user566@hopital.sn,password123,agent
Fall,Khady,user567@hopital.sn,password123,agent
Sow,Oumar,user568@hopital.sn,password123,admin
Sy,Khady,user569@hopital.sn,password123,medecin
Faye,Cheikh,user570@hopital.sn,password123,agent
Diallo,Cheikh,user571@hopital.sn,password123,admin
Sarr,Moussa,user572@hopital.sn,password123,admin
Sarr,Abdoulaye,user573@hopital.sn,password123,admin
Faye,Abdoulaye,user574@hopital.sn,password123,admin
Faye,Ibrahima,user575@hopital.sn,password123,agent
Sarr,Moussa,user576@hopital.sn,password123,admin
Sow,Fatou,user577@hopital.sn,password123,medecin
Sy,Awa,user578@hopital.sn,password123,medecin
Diop,Ibrahima,user579@hopital.sn,password123,medecin
Ba,Khady,user580@hopital.sn,password123,admin
Faye,Ousmane,user581@hopital.sn,password123,admin
Gueye,Ousmane,user582@hopital.sn,password123,agent
Sow,Moussa,user583@hopital.sn,password123,admin
Ndiaye,Awa,user584@hopital.sn,password123,medecin
Ndiaye,Mamadou,user585@hopital.sn,password123,agent
Diop,Abdoulaye,user586@hopital.sn,password123,agent
Kane,Oumar,user587@hopital.sn,password123,medecin
Sow,Oumar,user588@hopital.sn,password123,agent
Kane,Ibrahima,user589@hopital.sn,password123,medecin
Ndiaye,Awa,user590@hopital.sn,password123,agent
Gueye,Mariama,user591@hopital.sn,password123,agent
Sow,Aminata,user592@hopital.sn,password123,admin
Ba,Awa,user593@hopital.sn,password123,admin
Faye,Moussa,user594@hopital.sn,password123,admin
Kane,Mariama,user595@hopital.sn,password123,admin
Faye,Abdoulaye,user596@hopital.sn,password123,medecin
Sow,Ibrahima,user597@hopital.sn,password123,admin
Sarr,Abdoulaye,user598@hopital.sn,password123,admin
Sow,Ousmane,user599@hopital.sn,password123,medecin
Sy,Oumar,user600@hopital.sn,password123,admin
Sarr,Oumar,user601@hopital.sn,password123,admin
Diop,Ibrahima,user602@hopital.sn,password123,admin
Sarr,Ousmane,user603@hopital.sn,password123,medecin
Sy,Abdoulaye,user604@hopital.sn,password123,medecin
Gueye,Ousmane,user605@hopital.sn,password123,agent
Ndiaye,Khady,user606@hopital.sn,password123,agent
Diallo,Mariama,user607@hopital.sn,password123,admin
Diop,Aminata,user608@hopital.sn,password123,admin
Sy,Cheikh,user609@hopital.sn,password123,admin
Kane,Fatou,user610@hopital.sn,password123,medecin
Kane,Fatou,user611@hopital.sn,password123,admin
Ndiaye,Ibrahima,user612@hopital.sn,password123,medecin
Sow,Aminata,user613@hopital.sn,password123,medecin
Kane,Moussa,user614@hopital.sn,password123,admin
Ndiaye,Cheikh,user615@hopital.sn,password123,admin
Fall,Ibrahima,user616@hopital.sn,password123,admin
Sy,Fatou,user617@hopital.sn,password123,agent
Sy,Fatou,user618@hopital.sn,password123,admin
Sy,Abdoulaye,user619@hopital.sn,password123,admin
Sarr,Mamadou,user620@hopital.sn,password123,medecin
Fall,Mamadou,user621@hopital.sn,password123,medecin
Faye,Mariama,user622@hopital.sn,password123,medecin
Ba,Ousmane,user623@hopital.sn,password123,admin
Diop,Abdoulaye,user624@hopital.sn,password123,admin
Diop,Ousmane,user625@hopital.sn,password123,agent
Fall,Aminata,user626@hopital.sn,password123,agent
Gueye,Cheikh,user627@hopital.sn,password123,agent
Diallo,Mariama,user628@hopital.sn,password123,medecin
Ba,Cheikh,user629@hopital.sn,password123,admin
Sy,Cheikh,user630@hopital.sn,password123,medecin
Fall,Mariama,user631@hopital.sn,password123,admin
Kane,Moussa,user632@hopital.sn,password123,admin
Diop,Ibrahima,user633@hopital.sn,password123,medecin
Sy,Ibrahima,user634@hopital.sn,password123,admin
Diallo,Abdoulaye,user635@hopital.sn,password123,medecin
Gueye,Abdoulaye,user636@hopital.sn,password123,agent
Sow,Cheikh,user637@hopital.sn,password123,medecin
Gueye,Ibrahima,user638@hopital.sn,password123,agent
Diallo,Mamadou,user639@hopital.sn,password123,medecin
Faye,Awa,user640@hopital.sn,password123,medecin
Faye,Oumar,user641@hopital.sn,password123,admin
Sy,Aminata,user642@hopital.sn,password123,admin
Sow,Aminata,user643@hopital.sn,password123,medecin
Gueye,Aminata,user644@hopital.sn,password123,admin
Faye,Mariama,user645@hopital.sn,password123,agent
Sarr,Ousmane,user646@hopital.sn,password123,agent
Sow,Fatou,user647@hopital.sn,password123,admin
Sy,Ibrahima,user648@hopital.sn,password123,agent
Ndiaye,Mariama,user649@hopital.sn,password123,agent
Ndiaye,Awa,user650@hopital.sn,password123,medecin
Ndiaye,Ibrahima,user651@hopital.sn,password123,admin
Diallo,Aminata,user652@hopital.sn,password123,medecin
Ndiaye,Abdoulaye,user653@hopital.sn,password123,agent
Kane,Khady,user654@hopital.sn,password123,medecin
Ba,Ibrahima,user655@hopital.sn,password123,agent
Diop,Moussa,user656@hopital.sn,password123,admin
Sarr,Awa,user657@hopital.sn,password123,agent
Gueye,Aminata,user658@hopital.sn,password123,admin
Diallo,Mariama,user659@hopital.sn,password123,agent
Diallo,Oumar,user660@hopital.sn,password123,agent
Ndiaye,Ousmane,user661@hopital.sn,password123,medecin
Sy,Ousmane,user662@hopital.sn,password123,agent
Diop,Khady,user663@hopital.sn,password123,medecin
Sow,Moussa,user664@hopital.sn,password123,admin
Sarr,Moussa,user665@hopital.sn,password123,admin
Faye,Moussa,user666@hopital.sn,password123,agent
Sow,Ibrahima,user667@hopital.sn,password123,agent
Diallo,Fatou,user668@hopital.sn,password123,medecin
Gueye,Aminata,user669@hopital.sn,password123,agent
Kane,Oumar,user670@hopital.sn,password123,admin
Gueye,Mamadou,user671@hopital.sn,password123,medecin
Ba,Abdoulaye,user672@hopital.sn,password123,medecin
Sow,Moussa,user673@hopital.sn,password123,admin
Kane,Cheikh,user674@hopital.sn,password123,agent
Sow,Cheikh,user675@hopital.sn,password123,admin
Diop,Aminata,user676@hopital.sn,password123,medecin
Kane,Fatou,user677@hopital.sn,password123,medecin
Sy,Abdoulaye,user678@hopital.sn,password123,agent
Ndiaye,Mamadou,user679@hopital.sn,password123,medecin
Gueye,Ibrahima,user680@hopital.sn,password123,admin
Ndiaye,Oumar,user681@hopital.sn,password123,medecin
Kane,Fatou,user682@hopital.sn,password123,agent
Diop,Mamadou,user683@hopital.sn,password123,admin
Kane,Fatou,user684@hopital.sn,password123,agent
Ba,Abdoulaye,user685@hopital.sn,password123,agent
Gueye,Moussa,user686@hopital.sn,password123,admin
Ba,Awa,user687@hopital.sn,password123,agent
Kane,Mariama,user688@hopital.sn,password123,admin
Ndiaye,Fatou,user689@hopital.sn,password123,agent
Sy,Ibrahima,user690@hopital.sn,password123,admin
Gueye,Awa,user691@hopital.sn,password123,admin
Sy,Khady,user692@hopital.sn,password123,medecin
Diop,Ousmane,user693@hopital.sn,password123,admin
Faye,Abdoulaye,user694@hopital.sn,password123,admin
Fall,Ibrahima,user695@hopital.sn,password123,agent
Diop,Ousmane,user696@hopital.sn,password123,admin
Sow,Aminata,user697@hopital.sn,password123,medecin
Diop,Moussa,user698@hopital.sn,password123,agent
Ba,Abdoulaye,user699@hopital.sn,password123,medecin
Fall,Awa,user700@hopital.sn,password123,agent
Fall,Ousmane,user701@hopital.sn,password123,agent
Gueye,Ibrahima,user702@hopital.sn,password123,agent
Ndiaye,Abdoulaye,user703@hopital.sn,password123,medecin
Diop,Moussa,user704@hopital.sn,password123,medecin
Kane,Mamadou,user705@hopital.sn,password123,medecin
Fall,Ibrahima,user706@hopital.sn,password123,admin
Ba,Mamadou,user707@hopital.sn,password123,admin
Sow,Oumar,user708@hopital.sn,password123,medecin
Sarr,Ibrahima,user709@hopital.sn,password123,agent
Ba,Fatou,user710@hopital.sn,password123,medecin
Ndiaye,Moussa,user711@hopital.sn,password123,agent
Sarr,Khady,user712@hopital.sn,password123,agent
Fall,Awa,user713@hopital.sn,password123,medecin
Sow,Fatou,user714@hopital.sn,password123,medecin
Sarr,Cheikh,user715@hopital.sn,password123,agent
Fall,Ousmane,user716@hopital.sn,password123,agent
Ba,Ibrahima,user717@hopital.sn,password123,agent
Faye,Mariama,user718@hopital.sn,password123,admin
Ba,Awa,user719@hopital.sn,password123,agent
Sarr,Aminata,user720@hopital.sn,password123,agent
Sow,Ibrahima,user721@hopital.sn,password123,medecin
Fall,Cheikh,user722@hopital.sn,password123,admin
Sow,Aminata,user723@hopital.sn,password123,admin
Faye,Ibrahima,user724@hopital.sn,password123,admin
Sy,Cheikh,user725@hopital.sn,password123,agent
Diallo,Mamadou,user726@hopital.sn,password123,agent
Ba,Cheikh,user727@hopital.sn,password123,agent
Sow,Aminata,user728@hopital.sn,password123,agent
Ba,Ibrahima,user729@hopital.sn,password123,admin
Kane,Ibrahima,user730@hopital.sn,password123,agent
Sy,Fatou,user731@hopital.sn,password123,medecin
Sarr,Ibrahima,user732@hopital.sn,password123,admin
Fall,Awa,user733@hopital.sn,password123,agent
Ba,Mariama,user734@hopital.sn,password123,medecin
Faye,Oumar,user735@hopital.sn,password123,admin
Ndiaye,Khady,user736@hopital.sn,password123,admin
Sow,Abdoulaye,user737@hopital.sn,password123,admin
Sy,Ibrahima,user738@hopital.sn,password123,agent
Ndiaye,Mamadou,user739@hopital.sn,password123,admin
Fall,Abdoulaye,user740@hopital.sn,password123,medecin
Kane,Awa,user741@hopital.sn,password123,admin
Diallo,Awa,user742@hopital.sn,password123,medecin
Ba,Khady,user743@hopital.sn,password123,admin
Diop,Abdoulaye,user744@hopital.sn,password123,agent
Sy,Abdoulaye,user745@hopital.sn,password123,admin
Diop,Moussa,user746@hopital.sn,password123,agent
Sy,Abdoulaye,user747@hopital.sn,password123,medecin
Faye,Mamadou,user748@hopital.sn,password123,agent
Sow,Ousmane,user749@hopital.sn,password123,admin
Sow,Abdoulaye,user750@hopital.sn,password123,admin
Diop,Oumar,user751@hopital.sn,password123,agent
Fall,Ousmane,user752@hopital.sn,password123,admin
Faye,Fatou,user753@hopital.sn,password123,admin
Sow,Mariama,user754@hopital.sn,password123,admin
Kane,Abdoulaye,user755@hopital.sn,password123,medecin
Gueye,Awa,user756@hopital.sn,password123,agent
Kane,Khady,user757@hopital.sn,password123,agent
Sow,Ousmane,user758@hopital.sn,password123,medecin
Sarr,Mariama,user759@hopital.sn,password123,agent
Faye,Fatou,user760@hopital.sn,password123,agent
Faye,Khady,user761@hopital.sn,password123,medecin
Diop,Fatou,user762@hopital.sn,password123,medecin
Ndiaye,Fatou,user763@hopital.sn,password123,agent
Diop,Khady,user764@hopital.sn,password123,medecin
Fall,Ousmane,user765@hopital.sn,password123,medecin
Sy,Aminata,user766@hopital.sn,password123,agent
Kane,Oumar,user767@hopital.sn,password123,agent
Sy,Fatou,user768@hopital.sn,password123,agent
Sy,Awa,user769@hopital.sn,password123,admin
Sow,Moussa,user770@hopital.sn,password123,medecin
Ba,Ibrahima,user771@hopital.sn,password123,agent
Sow,Fatou,user772@hopital.sn,password123,admin
Sy,Moussa,user773@hopital.sn,password123,agent
Diop,Khady,user774@hopital.sn,password123,medecin
Ba,Cheikh,user775@hopital.sn,password123,medecin
Fall,Awa,user776@hopital.sn,password123,medecin
Gueye,Awa,user777@hopital.sn,password123,medecin
Kane,Mamadou,user778@hopital.sn,password123,medecin
Ndiaye,Aminata,user779@hopital.sn,password123,agent
Faye,Fatou,user780@hopital.sn,password123,agent
Ba,Abdoulaye,user781@hopital.sn,password123,admin
Gueye,Mariama,user782@hopital.sn,password123,admin
Kane,Oumar,user783@hopital.sn,password123,medecin
Gueye,Ibrahima,user784@hopital.sn,password123,agent
Faye,Ousmane,user785@hopital.sn,password123,medecin
Sarr,Ibrahima,user786@hopital.sn,password123,admin
Sow,Abdoulaye,user787@hopital.sn,password123,admin
Fall,Fatou,user788@hopital.sn,password123,medecin
Ndiaye,Moussa,user789@hopital.sn,password123,admin
Gueye,Abdoulaye,user790@hopital.sn,password123,medecin
Ndiaye,Fatou,user791@hopital.sn,password123,medecin
Gueye,Ibrahima,user792@hopital.sn,password123,medecin
Kane,Mamadou,user793@hopital.sn,password123,agent
Fall,Abdoulaye,user794@hopital.sn,password123,admin
Ndiaye,Khady,user795@hopital.sn,password123,agent
Ndiaye,Fatou,user796@hopital.sn,password123,medecin
Diallo,Ousmane,user797@hopital.sn,password123,agent
Gueye,Fatou,user798@hopital.sn,password123,agent
Kane,Moussa,user799@hopital.sn,password123,agent
Sy,Moussa,user800@hopital.sn,password123,agent
Kane,Ousmane,user801@hopital.sn,password123,admin
Diop,Abdoulaye,user802@hopital.sn,password123,admin
Sarr,Ibrahima,user803@hopital.sn,password123,admin
Faye,Khady,user804@hopital.sn,password123,medecin
Faye,Awa,user805@hopital.sn,password123,agent
Kane,Aminata,user806@hopital.sn,password123,agent
Fall,Oumar,user807@hopital.sn,password123,agent
Sarr,Mamadou,user808@hopital.sn,password123,medecin
Faye,Moussa,user809@hopital.sn,password123,admin
Ndiaye,Khady,user810@hopital.sn,password123,agent
Sy,Cheikh,user811@hopital.sn,password123,agent
Ndiaye,Oumar,user812@hopital.sn,password123,agent
Fall,Ibrahima,user813@hopital.sn,password123,agent
Diop,Aminata,user814@hopital.sn,password123,medecin
Fall,Abdoulaye,user815@hopital.sn,password123,admin
Faye,Oumar,user816@hopital.sn,password123,agent
Sarr,Mamadou,user817@hopital.sn,password123,medecin
Diallo,Moussa,user818@hopital.sn,password123,admin
Sarr,Khady,user819@hopital.sn,password123,admin
Ba,Mamadou,user820@hopital.sn,password123,agent
Sy,Cheikh,user821@hopital.sn,password123,agent
Sarr,Abdoulaye,user822@hopital.sn,password123,admin
Sarr,Abdoulaye,user823@hopital.sn,password123,medecin
Gueye,Fatou,user824@hopital.sn,password123,admin
Diop,Fatou,user825@hopital.sn,password123,agent
Ba,Cheikh,user826@hopital.sn,password123,medecin
Sy,Mamadou,user827@hopital.sn,password123,medecin
Fall,Cheikh,user828@hopital.sn,password123,medecin
Diop,Mamadou,user829@hopital.sn,password123,admin
Ndiaye,Khady,user830@hopital.sn,password123,medecin
Sarr,Fatou,user831@hopital.sn,password123,admin
Sy,Khady,user832@hopital.sn,password123,medecin
Faye,Cheikh,user833@hopital.sn,password123,admin
Gueye,Moussa,user834@hopital.sn,password123,agent
Gueye,Cheikh,user835@hopital.sn,password123,agent
Sy,Aminata,user836@hopital.sn,password123,agent
Faye,Moussa,user837@hopital.sn,password123,medecin
Diop,Cheikh,user838@hopital.sn,password123,agent
Ba,Abdoulaye,user839@hopital.sn,password123,agent
Sow,Fatou,user840@hopital.sn,password123,agent
Sy,Awa,user841@hopital.sn,password123,agent
Sarr,Awa,user842@hopital.sn,password123,agent
Ndiaye,Mariama,user843@hopital.sn,password123,admin
Diop,Awa,user844@hopital.sn,password123,agent
Ba,Mamadou,user845@hopital.sn,password123,admin
Ba,Awa,user846@hopital.sn,password123,agent
Kane,Moussa,user847@hopital.sn,password123,admin
Faye,Ousmane,user848@hopital.sn,password123,medecin
Ba,Cheikh,user849@hopital.sn,password123,agent
Sy,Awa,user850@hopital.sn,password123,admin
Fall,Ousmane,user851@hopital.sn,password123,admin
Ndiaye,Ibrahima,user852@hopital.sn,password123,medecin
Gueye,Cheikh,user853@hopital.sn,password123,admin
Kane,Cheikh,user854@hopital.sn,password123,medecin
Sarr,Fatou,user855@hopital.sn,password123,agent
Faye,Moussa,user856@hopital.sn,password123,agent
Ndiaye,Moussa,user857@hopital.sn,password123,medecin
Faye,Mariama,user858@hopital.sn,password123,admin
Diallo,Cheikh,user859@hopital.sn,password123,medecin
Sy,Mariama,user860@hopital.sn,password123,agent
Gueye,Khady,user861@hopital.sn,password123,agent
Gueye,Mariama,user862@hopital.sn,password123,medecin
Diop,Aminata,user863@hopital.sn,password123,admin
Sow,Fatou,user864@hopital.sn,password123,medecin
Faye,Awa,user865@hopital.sn,password123,agent
Sy,Abdoulaye,user866@hopital.sn,password123,medecin
Gueye,Mariama,user867@hopital.sn,password123,medecin
Sarr,Moussa,user868@hopital.sn,password123,admin
Sy,Cheikh,user869@hopital.sn,password123,agent
Fall,Ousmane,user870@hopital.sn,password123,admin
Ba,Oumar,user871@hopital.sn,password123,medecin
Faye,Khady,user872@hopital.sn,password123,medecin
Sy,Aminata,user873@hopital.sn,password123,medecin
Ndiaye,Mariama,user874@hopital.sn,password123,medecin
Gueye,Aminata,user875@hopital.sn,password123,agent
Kane,Cheikh,user876@hopital.sn,password123,medecin
Gueye,Abdoulaye,user877@hopital.sn,password123,admin
Ndiaye,Moussa,user878@hopital.sn,password123,agent
Sarr,Mamadou,user879@hopital.sn,password123,agent
Faye,Cheikh,user880@hopital.sn,password123,admin
Sarr,Mamadou,user881@hopital.sn,password123,admin
Sy,Abdoulaye,user882@hopital.sn,password123,admin
Diop,Awa,user883@hopital.sn,password123,agent
Faye,Cheikh,user884@hopital.sn,password123,medecin
Kane,Khady,user885@hopital.sn,password123,admin
Ndiaye,Oumar,user886@hopital.sn,password123,admin
Ndiaye,Aminata,user887@hopital.sn,password123,medecin
Gueye,Ibrahima,user888@hopital.sn,password123,medecin
Sarr,Cheikh,user889@hopital.sn,password123,agent
Ba,Moussa,user890@hopital.sn,password123,medecin
Diop,Mariama,user891@hopital.sn,password123,medecin
Faye,Awa,user892@hopital.sn,password123,agent
Sy,Mariama,user893@hopital.sn,password123,admin
Faye,Abdoulaye,user894@hopital.sn,password123,agent
Diallo,Aminata,user895@hopital.sn,password123,medecin
Gueye,Oumar,user896@hopital.sn,password123,admin
Diallo,Mariama,user897@hopital.sn,password123,agent
Gueye,Mamadou,user898@hopital.sn,password123,agent
Sy,Awa,user899@hopital.sn,password123,agent
Sy,Ousmane,user900@hopital.sn,password123,admin
Sy,Aminata,user901@hopital.sn,password123,admin
Gueye,Mamadou,user902@hopital.sn,password123,admin
Fall,Ousmane,user903@hopital.sn,password123,agent
Sow,Mariama,user904@hopital.sn,password123,admin
Kane,Khady,user905@hopital.sn,password123,agent
Diallo,Mariama,user906@hopital.sn,password123,agent
Ndiaye,Abdoulaye,user907@hopital.sn,password123,medecin
Ndiaye,Mamadou,user908@hopital.sn,password123,agent
Fall,Oumar,user909@hopital.sn,password123,admin
Gueye,Fatou,user910@hopital.sn,password123,medecin
Ba,Ousmane,user911@hopital.sn,password123,medecin
Fall,Cheikh,user912@hopital.sn,password123,admin
Gueye,Abdoulaye,user913@hopital.sn,password123,admin
Sy,Abdoulaye,user914@hopital.sn,password123,medecin
Diop,Khady,user915@hopital.sn,password123,agent
Sow,Abdoulaye,user916@hopital.sn,password123,medecin
Ba,Cheikh,user917@hopital.sn,password123,admin
Faye,Khady,user918@hopital.sn,password123,medecin
Sarr,Ibrahima,user919@hopital.sn,password123,medecin
Sy,Ibrahima,user920@hopital.sn,password123,agent
Ba,Mamadou,user921@hopital.sn,password123,medecin
Sow,Fatou,user922@hopital.sn,password123,medecin
Ndiaye,Mamadou,user923@hopital.sn,password123,admin
Gueye,Cheikh,user924@hopital.sn,password123,medecin
Fall,Moussa,user925@hopital.sn,password123,medecin
Sy,Aminata,user926@hopital.sn,password123,admin
Diallo,Khady,user927@hopital.sn,password123,agent
Ndiaye,Fatou,user928@hopital.sn,password123,medecin
Ndiaye,Mamadou,user929@hopital.sn,password123,agent
Sy,Moussa,user930@hopital.sn,password123,admin
Ndiaye,Moussa,user931@hopital.sn,password123,medecin
Sow,Mariama,user932@hopital.sn,password123,agent
Ba,Oumar,user933@hopital.sn,password123,admin
Kane,Moussa,user934@hopital.sn,password123,admin
Fall,Fatou,user935@hopital.sn,password123,agent
Fall,Mariama,user936@hopital.sn,password123,medecin
Ba,Mariama,user937@hopital.sn,password123,agent
Sy,Moussa,user938@hopital.sn,password123,agent
Kane,Mamadou,user939@hopital.sn,password123,admin
Gueye,Moussa,user940@hopital.sn,password123,admin
Ndiaye,Oumar,user941@hopital.sn,password123,medecin
Fall,Khady,user942@hopital.sn,password123,admin
Ba,Ousmane,user943@hopital.sn,password123,agent
Diop,Cheikh,user944@hopital.sn,password123,agent
Diop,Awa,user945@hopital.sn,password123,medecin
Ndiaye,Awa,user946@hopital.sn,password123,admin
Kane,Oumar,user947@hopital.sn,password123,medecin
Diop,Mamadou,user948@hopital.sn,password123,admin
Fall,Mariama,user949@hopital.sn,password123,admin
Kane,Awa,user950@hopital.sn,password123,agent
Sow,Awa,user951@hopital.sn,password123,medecin
Diallo,Mariama,user952@hopital.sn,password123,medecin
Diallo,Ibrahima,user953@hopital.sn,password123,admin
Sarr,Awa,user954@hopital.sn,password123,agent
Sy,Cheikh,user955@hopital.sn,password123,medecin
Kane,Fatou,user956@hopital.sn,password123,agent
Fall,Awa,user957@hopital.sn,password123,medecin
Sow,Khady,user958@hopital.sn,password123,agent
Diop,Khady,user959@hopital.sn,password123,medecin
Diop,Ibrahima,user960@hopital.sn,password123,agent
Sy,Fatou,user961@hopital.sn,password123,admin
Ndiaye,Aminata,user962@hopital.sn,password123,admin
Ba,Awa,user963@hopital.sn,password123,admin
Diop,Awa,user964@hopital.sn,password123,agent
Ndiaye,Abdoulaye,user965@hopital.sn,password123,admin
Diallo,Aminata,user966@hopital.sn,password123,medecin
Fall,Awa,user967@hopital.sn,password123,medecin
Sarr,Mamadou,user968@hopital.sn,password123,admin
Gueye,Oumar,user969@hopital.sn,password123,admin
Gueye,Mariama,user970@hopital.sn,password123,admin
Ba,Ousmane,user971@hopital.sn,password123,medecin
Sarr,Moussa,user972@hopital.sn,password123,medecin
Faye,Fatou,user973@hopital.sn,password123,agent
Ba,Moussa,user974@hopital.sn,password123,medecin
Kane,Mamadou,user975@hopital.sn,password123,agent
Kane,Mariama,user976@hopital.sn,password123,admin
Gueye,Abdoulaye,user977@hopital.sn,password123,medecin
Sow,Mamadou,user978@hopital.sn,password123,medecin
Sarr,Abdoulaye,user979@hopital.sn,password123,admin
Fall,Fatou,user980@hopital.sn,password123,agent
Ba,Aminata,user981@hopital.sn,password123,admin
Sy,Cheikh,user982@hopital.sn,password123,agent
Ba,Ibrahima,user983@hopital.sn,password123,medecin
Diop,Oumar,user984@hopital.sn,password123,admin
Diallo,Mamadou,user985@hopital.sn,password123,admin
Sy,Ousmane,user986@hopital.sn,password123,medecin
Gueye,Cheikh,user987@hopital.sn,password123,agent
Ndiaye,Ibrahima,user988@hopital.sn,password123,admin
Ndiaye,Awa,user989@hopital.sn,password123,admin
Gueye,Fatou,user990@hopital.sn,password123,agent
Faye,Abdoulaye,user991@hopital.sn,password123,agent
Ba,Fatou,user992@hopital.sn,password123,medecin
Ndiaye,Mamadou,user993@hopital.sn,password123,medecin
Sarr,Khady,user994@hopital.sn,password123,medecin
Fall,Abdoulaye,user995@hopital.sn,password123,admin
Sarr,Awa,user996@hopital.sn,password123,medecin
Sy,Abdoulaye,user997@hopital.sn,password123,medecin
Ndiaye,Oumar,user998@hopital.sn,password123,admin
Gueye,Ibrahima,user999@hopital.sn,password123,admin
Ndiaye,Ibrahima,user1000@hopital.sn,password123,agent
Kane,Aminata,user1001@hopital.sn,password123,agent
Gueye,Fatou,user1002@hopital.sn,password123,agent
Kane,Ibrahima,user1003@hopital.sn,password123,admin
Faye,Ousmane,user1004@hopital.sn,password123,medecin
Diop,Abdoulaye,user1005@hopital.sn,password123,admin
Fall,Mariama,user1006@hopital.sn,password123,medecin
Gueye,Fatou,user1007@hopital.sn,password123,admin
Ndiaye,Awa,user1008@hopital.sn,password123,admin
Sy,Ibrahima,user1009@hopital.sn,password123,admin
Faye,Ousmane,user1010@hopital.sn,password123,admin
Ba,Mamadou,user1011@hopital.sn,password123,medecin
Diop,Cheikh,user1012@hopital.sn,password123,agent
Gueye,Abdoulaye,user1013@hopital.sn,password123,admin
Diop,Khady,user1014@hopital.sn,password123,agent
Fall,Ousmane,user1015@hopital.sn,password123,agent
Gueye,Ousmane,user1016@hopital.sn,password123,admin
Sarr,Khady,user1017@hopital.sn,password123,admin
Ndiaye,Mariama,user1018@hopital.sn,password123,medecin
Gueye,Aminata,user1019@hopital.sn,password123,agent
Kane,Ousmane,user1020@hopital.sn,password123,agent
Kane,Ousmane,user1021@hopital.sn,password123,agent
Ba,Awa,user1022@hopital.sn,password123,admin
Ba,Abdoulaye,user1023@hopital.sn,password123,agent
Diallo,Abdoulaye,user1024@hopital.sn,password123,admin
Kane,Mariama,user1025@hopital.sn,password123,agent
Sow,Khady,user1026@hopital.sn,password123,agent
Sow,Khady,user1027@hopital.sn,password123,admin
Diallo,Abdoulaye,user1028@hopital.sn,password123,agent
Faye,Aminata,user1029@hopital.sn,password123,admin
Sy,Khady,user1030@hopital.sn,password123,admin
Sarr,Mamadou,user1031@hopital.sn,password123,medecin
Gueye,Aminata,user1032@hopital.sn,password123,medecin
Fall,Mariama,user1033@hopital.sn,password123,agent
Sy,Cheikh,user1034@hopital.sn,password123,admin
Diallo,Mamadou,user1035@hopital.sn,password123,agent
Ba,Awa,user1036@hopital.sn,password123,agent
Diop,Khady,user1037@hopital.sn,password123,admin
Gueye,Fatou,user1038@hopital.sn,password123,medecin
Gueye,Awa,user1039@hopital.sn,password123,medecin
Ba,Mamadou,user1040@hopital.sn,password123,medecin
Ndiaye,Ibrahima,user1041@hopital.sn,password123,agent
Gueye,Moussa,user1042@hopital.sn,password123,agent
Faye,Oumar,user1043@hopital.sn,password123,admin
Faye,Ousmane,user1044@hopital.sn,password123,admin
Sy,Cheikh,user1045@hopital.sn,password123,agent
Kane,Ibrahima,user1046@hopital.sn,password123,admin
Ba,Ibrahima,user1047@hopital.sn,password123,admin
Gueye,Khady,user1048@hopital.sn,password123,agent
Faye,Fatou,user1049@hopital.sn,password123,agent
Sarr,Cheikh,user1050@hopital.sn,password123,medecin
Diop,Cheikh,user1051@hopital.sn,password123,agent
Ba,Khady,user1052@hopital.sn,password123,agent
Sow,Mamadou,user1053@hopital.sn,password123,agent
Sow,Khady,user1054@hopital.sn,password123,medecin
Sow,Cheikh,user1055@hopital.sn,password123,medecin
Faye,Aminata,user1056@hopital.sn,password123,admin
Diallo,Abdoulaye,user1057@hopital.sn,password123,admin
Ndiaye,Khady,user1058@hopital.sn,password123,agent
Sy,Ibrahima,user1059@hopital.sn,password123,agent
Sarr,Ibrahima,user1060@hopital.sn,password123,admin
Sy,Awa,user1061@hopital.sn,password123,medecin
Sarr,Fatou,user1062@hopital.sn,password123,admin
Kane,Ibrahima,user1063@hopital.sn,password123,admin
Sarr,Cheikh,user1064@hopital.sn,password123,medecin
Diop,Fatou,user1065@hopital.sn,password123,agent
Sow,Awa,user1066@hopital.sn,password123,agent
Sow,Khady,user1067@hopital.sn,password123,agent
Ba,Oumar,user1068@hopital.sn,password123,agent
Ndiaye,Mamadou,user1069@hopital.sn,password123,medecin
Sow,Ibrahima,user1070@hopital.sn,password123,agent
Kane,Ousmane,user1071@hopital.sn,password123,agent
Kane,Oumar,user1072@hopital.sn,password123,admin
Sy,Abdoulaye,user1073@hopital.sn,password123,agent
Ndiaye,Fatou,user1074@hopital.sn,password123,admin
Sow,Mamadou,user1075@hopital.sn,password123,medecin
Faye,Ousmane,user1076@hopital.sn,password123,medecin
Fall,Ousmane,user1077@hopital.sn,password123,medecin
Ba,Aminata,user1078@hopital.sn,password123,admin
Diop,Fatou,user1079@hopital.sn,password123,admin
Kane,Mariama,user1080@hopital.sn,password123,medecin
Sarr,Khady,user1081@hopital.sn,password123,admin
Diop,Abdoulaye,user1082@hopital.sn,password123,medecin
Sow,Khady,user1083@hopital.sn,password123,agent
Diallo,Aminata,user1084@hopital.sn,password123,medecin
Ndiaye,Oumar,user1085@hopital.sn,password123,admin
Gueye,Cheikh,user1086@hopital.sn,password123,admin
Ndiaye,Ousmane,user1087@hopital.sn,password123,medecin
Sarr,Mariama,user1088@hopital.sn,password123,admin
Diop,Khady,user1089@hopital.sn,password123,agent
Diop,Ibrahima,user1090@hopital.sn,password123,agent
Sarr,Moussa,user1091@hopital.sn,password123,medecin
Gueye,Awa,user1092@hopital.sn,password123,agent
Fall,Ousmane,user1093@hopital.sn,password123,admin
Ba,Abdoulaye,user1094@hopital.sn,password123,agent
Diallo,Mariama,user1095@hopital.sn,password123,medecin
Sow,Mariama,user1096@hopital.sn,password123,medecin
Sarr,Mamadou,user1097@hopital.sn,password123,admin
Sarr,Oumar,user1098@hopital.sn,password123,medecin
Ndiaye,Aminata,user1099@hopital.sn,password123,medecin
Sarr,Fatou,user1100@hopital.sn,password123,agent
Fall,Cheikh,user1101@hopital.sn,password123,admin
Sarr,Mariama,user1102@hopital.sn,password123,medecin
Fall,Ousmane,user1103@hopital.sn,password123,admin
Ba,Ibrahima,user1104@hopital.sn,password123,admin
Sow,Mamadou,user1105@hopital.sn,password123,medecin
Ndiaye,Ousmane,user1106@hopital.sn,password123,agent
Kane,Ibrahima,user1107@hopital.sn,password123,medecin
Ba,Mariama,user1108@hopital.sn,password123,medecin
Sarr,Oumar,user1109@hopital.sn,password123,medecin
Faye,Mariama,user1110@hopital.sn,password123,medecin
Gueye,Aminata,user1111@hopital.sn,password123,medecin
Sy,Awa,user1112@hopital.sn,password123,medecin
Sow,Mariama,user1113@hopital.sn,password123,admin
Kane,Ousmane,user1114@hopital.sn,password123,medecin
Sarr,Khady,user1115@hopital.sn,password123,medecin
Faye,Moussa,user1116@hopital.sn,password123,medecin
Faye,Abdoulaye,user1117@hopital.sn,password123,admin
Gueye,Khady,user1118@hopital.sn,password123,medecin
Diop,Ibrahima,user1119@hopital.sn,password123,medecin
Gueye,Aminata,user1120@hopital.sn,password123,admin
Ba,Khady,user1121@hopital.sn,password123,agent
Fall,Fatou,user1122@hopital.sn,password123,agent
Kane,Fatou,user1123@hopital.sn,password123,agent
Ba,Aminata,user1124@hopital.sn,password123,admin
Fall,Awa,user1125@hopital.sn,password123,admin
Fall,Ousmane,user1126@hopital.sn,password123,medecin
Diallo,Fatou,user1127@hopital.sn,password123,medecin
Ba,Awa,user1128@hopital.sn,password123,agent
Sy,Mariama,user1129@hopital.sn,password123,medecin
Sy,Aminata,user1130@hopital.sn,password123,medecin
Diallo,Ibrahima,user1131@hopital.sn,password123,agent
Sow,Oumar,user1132@hopital.sn,password123,admin
Sarr,Oumar,user1133@hopital.sn,password123,medecin
Diallo,Aminata,user1134@hopital.sn,password123,medecin
Faye,Ousmane,user1135@hopital.sn,password123,agent
Diallo,Abdoulaye,user1136@hopital.sn,password123,medecin
Kane,Cheikh,user1137@hopital.sn,password123,agent
Kane,Moussa,user1138@hopital.sn,password123,agent
Fall,Oumar,user1139@hopital.sn,password123,agent
Sarr,Fatou,user1140@hopital.sn,password123,admin
Sarr,Aminata,user1141@hopital.sn,password123,admin
Sarr,Mariama,user1142@hopital.sn,password123,agent
Gueye,Cheikh,user1143@hopital.sn,password123,agent
Fall,Abdoulaye,user1144@hopital.sn,password123,medecin
Fall,Abdoulaye,user1145@hopital.sn,password123,agent
Faye,Cheikh,user1146@hopital.sn,password123,medecin
Diop,Khady,user1147@hopital.sn,password123,medecin
Gueye,Abdoulaye,user1148@hopital.sn,password123,medecin
Sy,Cheikh,user1149@hopital.sn,password123,admin
Kane,Abdoulaye,user1150@hopital.sn,password123,agent
Fall,Abdoulaye,user1151@hopital.sn,password123,agent
Ba,Khady,user1152@hopital.sn,password123,admin
Sy,Ousmane,user1153@hopital.sn,password123,admin
Ndiaye,Cheikh,user1154@hopital.sn,password123,agent
Kane,Awa,user1155@hopital.sn,password123,medecin
Sow,Aminata,user1156@hopital.sn,password123,medecin
Ndiaye,Awa,user1157@hopital.sn,password123,medecin
Gueye,Ibrahima,user1158@hopital.sn,password123,agent
Kane,Awa,user1159@hopital.sn,password123,medecin
Diallo,Oumar,user1160@hopital.sn,password123,medecin
Kane,Khady,user1161@hopital.sn,password123,admin
Ba,Khady,user1162@hopital.sn,password123,medecin
Faye,Mamadou,user1163@hopital.sn,password123,agent
Diop,Abdoulaye,user1164@hopital.sn,password123,agent
Sarr,Cheikh,user1165@hopital.sn,password123,agent
Diop,Ibrahima,user1166@hopital.sn,password123,admin
Fall,Awa,user1167@hopital.sn,password123,medecin
Sy,Mamadou,user1168@hopital.sn,password123,admin
Faye,Mariama,user1169@hopital.sn,password123,admin
Diallo,Fatou,user1170@hopital.sn,password123,admin
Diallo,Khady,user1171@hopital.sn,password123,admin
Ba,Ibrahima,user1172@hopital.sn,password123,medecin
Diop,Mamadou,user1173@hopital.sn,password123,admin
Sarr,Ousmane,user1174@hopital.sn,password123,agent
Kane,Mamadou,user1175@hopital.sn,password123,agent
Ndiaye,Khady,user1176@hopital.sn,password123,agent
Ba,Mamadou,user1177@hopital.sn,password123,admin
Diallo,Moussa,user1178@hopital.sn,password123,medecin
Sow,Abdoulaye,user1179@hopital.sn,password123,agent
Gueye,Aminata,user1180@hopital.sn,password123,agent
Fall,Aminata,user1181@hopital.sn,password123,agent
Gueye,Cheikh,user1182@hopital.sn,password123,agent
Diop,Khady,user1183@hopital.sn,password123,agent
Gueye,Moussa,user1184@hopital.sn,password123,agent
Sy,Fatou,user1185@hopital.sn,password123,agent
Diop,Awa,user1186@hopital.sn,password123,admin
Sow,Ibrahima,user1187@hopital.sn,password123,admin
Diop,Fatou,user1188@hopital.sn,password123,admin
Diop,Ousmane,user1189@hopital.sn,password123,medecin
Fall,Oumar,user1190@hopital.sn,password123,admin
Diallo,Awa,user1191@hopital.sn,password123,admin
Faye,Mariama,user1192@hopital.sn,password123,agent
Kane,Mamadou,user1193@hopital.sn,password123,agent
Diallo,Awa,user1194@hopital.sn,password123,admin
Faye,Ousmane,user1195@hopital.sn,password123,agent
Sy,Mamadou,user1196@hopital.sn,password123,agent
Sy,Moussa,user1197@hopital.sn,password123,admin
Sy,Cheikh,user1198@hopital.sn,password123,agent
Diallo,Mamadou,user1199@hopital.sn,password123,agent
Diallo,Awa,user1200@hopital.sn,password123,medecin
Gueye,Cheikh,user1201@hopital.sn,password123,agent
Diallo,Fatou,user1202@hopital.sn,password123,medecin
Sy,Abdoulaye,user1203@hopital.sn,password123,agent
Sy,Ibrahima,user1204@hopital.sn,password123,agent
Sy,Mariama,user1205@hopital.sn,password123,agent
Sow,Aminata,user1206@hopital.sn,password123,medecin
Sy,Ibrahima,user1207@hopital.sn,password123,agent
Sarr,Aminata,user1208@hopital.sn,password123,admin
Gueye,Abdoulaye,user1209@hopital.sn,password123,admin
Fall,Oumar,user1210@hopital.sn,password123,medecin
Ndiaye,Aminata,user1211@hopital.sn,password123,medecin
Gueye,Khady,user1212@hopital.sn,password123,admin
Ba,Ibrahima,user1213@hopital.sn,password123,agent
Diop,Mamadou,user1214@hopital.sn,password123,admin
Faye,Awa,user1215@hopital.sn,password123,admin
Sow,Mariama,user1216@hopital.sn,password123,medecin
Fall,Oumar,user1217@hopital.sn,password123,admin
Sy,Khady,user1218@hopital.sn,password123,admin
Faye,Awa,user1219@hopital.sn,password123,medecin
Fall,Oumar,user1220@hopital.sn,password123,agent
Fall,Aminata,user1221@hopital.sn,password123,medecin
Sy,Abdoulaye,user1222@hopital.sn,password123,agent
Diallo,Oumar,user1223@hopital.sn,password123,admin
Faye,Awa,user1224@hopital.sn,password123,agent
Kane,Cheikh,user1225@hopital.sn,password123,admin
Ba,Cheikh,user1226@hopital.sn,password123,medecin
Ndiaye,Awa,user1227@hopital.sn,password123,admin
Diop,Cheikh,user1228@hopital.sn,password123,agent
Sarr,Mariama,user1229@hopital.sn,password123,admin
Kane,Ousmane,user1230@hopital.sn,password123,agent
Kane,Moussa,user1231@hopital.sn,password123,admin
Fall,Aminata,user1232@hopital.sn,password123,agent
Sow,Mamadou,user1233@hopital.sn,password123,admin
Kane,Fatou,user1234@hopital.sn,password123,medecin
Ndiaye,Abdoulaye,user1235@hopital.sn,password123,agent
Sy,Ibrahima,user1236@hopital.sn,password123,medecin
Fall,Awa,user1237@hopital.sn,password123,agent
Fall,Mariama,user1238@hopital.sn,password123,admin
Sow,Moussa,user1239@hopital.sn,password123,agent
Ndiaye,Oumar,user1240@hopital.sn,password123,admin
Ba,Abdoulaye,user1241@hopital.sn,password123,agent
Sarr,Ibrahima,user1242@hopital.sn,password123,agent
Ndiaye,Ibrahima,user1243@hopital.sn,password123,medecin
Sy,Cheikh,user1244@hopital.sn,password123,agent
Fall,Aminata,user1245@hopital.sn,password123,admin
Ndiaye,Fatou,user1246@hopital.sn,password123,admin
Ba,Awa,user1247@hopital.sn,password123,medecin
Gueye,Abdoulaye,user1248@hopital.sn,password123,medecin
Diop,Mamadou,user1249@hopital.sn,password123,admin
Kane,Mamadou,user1250@hopital.sn,password123,medecin
Diallo,Oumar,user1251@hopital.sn,password123,medecin
Sarr,Mamadou,user1252@hopital.sn,password123,medecin
Sow,Moussa,user1253@hopital.sn,password123,admin
Faye,Oumar,user1254@hopital.sn,password123,agent
Sow,Khady,user1255@hopital.sn,password123,agent
Sy,Khady,user1256@hopital.sn,password123,agent
Ba,Ibrahima,user1257@hopital.sn,password123,agent
Diop,Abdoulaye,user1258@hopital.sn,password123,medecin
Ba,Aminata,user1259@hopital.sn,password123,medecin
Sy,Cheikh,user1260@hopital.sn,password123,medecin
Kane,Oumar,user1261@hopital.sn,password123,agent
Sy,Mamadou,user1262@hopital.sn,password123,medecin
Kane,Cheikh,user1263@hopital.sn,password123,admin
Sarr,Ibrahima,user1264@hopital.sn,password123,agent
Kane,Moussa,user1265@hopital.sn,password123,agent
Ba,Fatou,user1266@hopital.sn,password123,admin
Sow,Fatou,user1267@hopital.sn,password123,admin
Sarr,Aminata,user1268@hopital.sn,password123,agent
Ba,Cheikh,user1269@hopital.sn,password123,admin
Sy,Ousmane,user1270@hopital.sn,password123,admin
Diallo,Ousmane,user1271@hopital.sn,password123,agent
Fall,Ibrahima,user1272@hopital.sn,password123,admin
Diallo,Cheikh,user1273@hopital.sn,password123,admin
Sow,Aminata,user1274@hopital.sn,password123,agent
Sarr,Mamadou,user1275@hopital.sn,password123,medecin
Faye,Fatou,user1276@hopital.sn,password123,agent
Sow,Cheikh,user1277@hopital.sn,password123,agent
Sarr,Ousmane,user1278@hopital.sn,password123,agent
Diallo,Abdoulaye,user1279@hopital.sn,password123,agent
Gueye,Abdoulaye,user1280@hopital.sn,password123,admin
Sy,Ousmane,user1281@hopital.sn,password123,admin
Faye,Fatou,user1282@hopital.sn,password123,admin
Sarr,Mariama,user1283@hopital.sn,password123,admin
Sy,Cheikh,user1284@hopital.sn,password123,medecin
Faye,Aminata,user1285@hopital.sn,password123,agent
Diallo,Fatou,user1286@hopital.sn,password123,medecin
Sy,Khady,user1287@hopital.sn,password123,medecin
Ndiaye,Ibrahima,user1288@hopital.sn,password123,admin
Ba,Cheikh,user1289@hopital.sn,password123,medecin
Kane,Fatou,user1290@hopital.sn,password123,medecin
Diallo,Cheikh,user1291@hopital.sn,password123,agent
Faye,Mamadou,user1292@hopital.sn,password123,admin
Fall,Abdoulaye,user1293@hopital.sn,password123,agent
Ndiaye,Fatou,user1294@hopital.sn,password123,medecin
Faye,Moussa,user1295@hopital.sn,password123,agent
Ba,Ibrahima,user1296@hopital.sn,password123,agent
Ba,Khady,user1297@hopital.sn,password123,admin
Sow,Cheikh,user1298@hopital.sn,password123,medecin
Gueye,Moussa,user1299@hopital.sn,password123,medecin
Faye,Abdoulaye,user1300@hopital.sn,password123,agent
Gueye,Ousmane,user1301@hopital.sn,password123,agent
Fall,Abdoulaye,user1302@hopital.sn,password123,admin
Diop,Ousmane,user1303@hopital.sn,password123,medecin
Kane,Mariama,user1304@hopital.sn,password123,medecin
Kane,Mariama,user1305@hopital.sn,password123,agent
Sow,Khady,user1306@hopital.sn,password123,admin
Sow,Mariama,user1307@hopital.sn,password123,medecin
Sow,Mariama,user1308@hopital.sn,password123,admin
Ba,Moussa,user1309@hopital.sn,password123,agent
Kane,Aminata,user1310@hopital.sn,password123,agent
Ba,Moussa,user1311@hopital.sn,password123,medecin
Diop,Mariama,user1312@hopital.sn,password123,agent
Fall,Abdoulaye,user1313@hopital.sn,password123,admin
Faye,Oumar,user1314@hopital.sn,password123,admin
Sow,Cheikh,user1315@hopital.sn,password123,medecin
Gueye,Cheikh,user1316@hopital.sn,password123,admin
Diallo,Moussa,user1317@hopital.sn,password123,medecin
Sow,Ibrahima,user1318@hopital.sn,password123,admin
Sarr,Fatou,user1319@hopital.sn,password123,admin
Diallo,Aminata,user1320@hopital.sn,password123,agent
Kane,Fatou,user1321@hopital.sn,password123,admin
Sow,Ibrahima,user1322@hopital.sn,password123,medecin
Faye,Oumar,user1323@hopital.sn,password123,admin
Fall,Fatou,user1324@hopital.sn,password123,admin
Diop,Aminata,user1325@hopital.sn,password123,admin
Fall,Mamadou,user1326@hopital.sn,password123,medecin
Fall,Oumar,user1327@hopital.sn,password123,agent
Sarr,Ousmane,user1328@hopital.sn,password123,agent
Sarr,Awa,user1329@hopital.sn,password123,agent
Diallo,Awa,user1330@hopital.sn,password123,admin
Diallo,Ibrahima,user1331@hopital.sn,password123,medecin
Ndiaye,Ibrahima,user1332@hopital.sn,password123,admin
Diop,Aminata,user1333@hopital.sn,password123,agent
Sy,Abdoulaye,user1334@hopital.sn,password123,agent
Kane,Aminata,user1335@hopital.sn,password123,admin
Sow,Oumar,user1336@hopital.sn,password123,medecin
Gueye,Awa,user1337@hopital.sn,password123,admin
Ba,Aminata,user1338@hopital.sn,password123,admin
Gueye,Awa,user1339@hopital.sn,password123,agent
Kane,Aminata,user1340@hopital.sn,password123,admin
Diallo,Ibrahima,user1341@hopital.sn,password123,medecin
Kane,Ousmane,user1342@hopital.sn,password123,agent
Ba,Aminata,user1343@hopital.sn,password123,admin
Faye,Khady,user1344@hopital.sn,password123,agent
Diop,Ousmane,user1345@hopital.sn,password123,medecin
Sarr,Oumar,user1346@hopital.sn,password123,medecin
Fall,Moussa,user1347@hopital.sn,password123,agent
Sow,Ibrahima,user1348@hopital.sn,password123,agent
Faye,Ousmane,user1349@hopital.sn,password123,agent
Fall,Fatou,user1350@hopital.sn,password123,agent
Faye,Mariama,user1351@hopital.sn,password123,admin
Sy,Awa,user1352@hopital.sn,password123,medecin
Sy,Mamadou,user1353@hopital.sn,password123,medecin
Gueye,Cheikh,user1354@hopital.sn,password123,agent
Diop,Cheikh,user1355@hopital.sn,password123,agent
Fall,Moussa,user1356@hopital.sn,password123,medecin
Fall,Ousmane,user1357@hopital.sn,password123,admin
Sy,Awa,user1358@hopital.sn,password123,admin
Diallo,Moussa,user1359@hopital.sn,password123,admin
Ba,Khady,user1360@hopital.sn,password123,agent
Fall,Mariama,user1361@hopital.sn,password123,agent
Gueye,Mamadou,user1362@hopital.sn,password123,admin
Kane,Oumar,user1363@hopital.sn,password123,medecin
Ba,Khady,user1364@hopital.sn,password123,agent
Diallo,Fatou,user1365@hopital.sn,password123,admin
Diallo,Aminata,user1366@hopital.sn,password123,medecin
Ndiaye,Abdoulaye,user1367@hopital.sn,password123,medecin
Fall,Cheikh,user1368@hopital.sn,password123,medecin
Ba,Moussa,user1369@hopital.sn,password123,agent
Faye,Mariama,user1370@hopital.sn,password123,admin
Sarr,Fatou,user1371@hopital.sn,password123,admin
Gueye,Ousmane,user1372@hopital.sn,password123,admin
Diallo,Aminata,user1373@hopital.sn,password123,admin
Sarr,Aminata,user1374@hopital.sn,password123,medecin
Diop,Abdoulaye,user1375@hopital.sn,password123,admin
Faye,Aminata,user1376@hopital.sn,password123,medecin
Diop,Cheikh,user1377@hopital.sn,password123,agent
Fall,Fatou,user1378@hopital.sn,password123,agent
Diop,Ousmane,user1379@hopital.sn,password123,admin
Fall,Fatou,user1380@hopital.sn,password123,agent
Ba,Moussa,user1381@hopital.sn,password123,agent
Ba,Oumar,user1382@hopital.sn,password123,medecin
Fall,Abdoulaye,user1383@hopital.sn,password123,admin
Kane,Awa,user1384@hopital.sn,password123,admin
Sy,Moussa,user1385@hopital.sn,password123,admin
Diop,Mamadou,user1386@hopital.sn,password123,medecin
Ba,Ibrahima,user1387@hopital.sn,password123,medecin
Gueye,Aminata,user1388@hopital.sn,password123,medecin
Ndiaye,Awa,user1389@hopital.sn,password123,admin
Sow,Moussa,user1390@hopital.sn,password123,medecin
Sow,Mariama,user1391@hopital.sn,password123,admin
Sarr,Aminata,user1392@hopital.sn,password123,medecin
Kane,Cheikh,user1393@hopital.sn,password123,medecin
Ndiaye,Ousmane,user1394@hopital.sn,password123,admin
Fall,Mariama,user1395@hopital.sn,password123,medecin
Diallo,Aminata,user1396@hopital.sn,password123,agent
Ba,Oumar,user1397@hopital.sn,password123,admin
Gueye,Abdoulaye,user1398@hopital.sn,password123,agent
Sarr,Abdoulaye,user1399@hopital.sn,password123,medecin
Sy,Awa,user1400@hopital.sn,password123,agent
Kane,Moussa,user1401@hopital.sn,password123,agent
Sarr,Mamadou,user1402@hopital.sn,password123,admin
Sy,Aminata,user1403@hopital.sn,password123,medecin
Ba,Ousmane,user1404@hopital.sn,password123,admin
Sy,Mamadou,user1405@hopital.sn,password123,admin
Sarr,Mariama,user1406@hopital.sn,password123,admin
Diallo,Mamadou,user1407@hopital.sn,password123,agent
Gueye,Cheikh,user1408@hopital.sn,password123,agent
Sow,Khady,user1409@hopital.sn,password123,medecin
Diop,Moussa,user1410@hopital.sn,password123,agent
Sow,Moussa,user1411@hopital.sn,password123,agent
Ba,Oumar,user1412@hopital.sn,password123,agent
Faye,Ousmane,user1413@hopital.sn,password123,admin
Ba,Ousmane,user1414@hopital.sn,password123,agent
Sarr,Awa,user1415@hopital.sn,password123,agent
Fall,Cheikh,user1416@hopital.sn,password123,admin
Sow,Oumar,user1417@hopital.sn,password123,admin
Fall,Abdoulaye,user1418@hopital.sn,password123,agent
Faye,Abdoulaye,user1419@hopital.sn,password123,agent
Diop,Cheikh,user1420@hopital.sn,password123,agent
Sarr,Oumar,user1421@hopital.sn,password123,agent
Sow,Cheikh,user1422@hopital.sn,password123,agent
Sy,Cheikh,user1423@hopital.sn,password123,medecin
Fall,Aminata,user1424@hopital.sn,password123,agent
Faye,Khady,user1425@hopital.sn,password123,admin
Ndiaye,Ousmane,user1426@hopital.sn,password123,admin
Gueye,Awa,user1427@hopital.sn,password123,agent
Kane,Aminata,user1428@hopital.sn,password123,admin
Diop,Fatou,user1429@hopital.sn,password123,admin
Fall,Khady,user1430@hopital.sn,password123,agent
Ndiaye,Abdoulaye,user1431@hopital.sn,password123,admin
Sarr,Fatou,user1432@hopital.sn,password123,agent
Fall,Cheikh,user1433@hopital.sn,password123,admin
Faye,Mariama,user1434@hopital.sn,password123,medecin
Sarr,Fatou,user1435@hopital.sn,password123,agent
Faye,Cheikh,user1436@hopital.sn,password123,medecin
Sy,Mariama,user1437@hopital.sn,password123,admin
Sy,Mamadou,user1438@hopital.sn,password123,agent
Gueye,Abdoulaye,user1439@hopital.sn,password123,agent
Fall,Abdoulaye,user1440@hopital.sn,password123,medecin
Kane,Cheikh,user1441@hopital.sn,password123,admin
Ndiaye,Awa,user1442@hopital.sn,password123,admin
Sow,Mariama,user1443@hopital.sn,password123,medecin
Ba,Mariama,user1444@hopital.sn,password123,agent
Kane,Mamadou,user1445@hopital.sn,password123,agent
Kane,Abdoulaye,user1446@hopital.sn,password123,medecin
Diallo,Cheikh,user1447@hopital.sn,password123,admin
Diop,Ousmane,user1448@hopital.sn,password123,admin
Sow,Ousmane,user1449@hopital.sn,password123,medecin
Fall,Moussa,user1450@hopital.sn,password123,agent
Sy,Oumar,user1451@hopital.sn,password123,admin
Kane,Mariama,user1452@hopital.sn,password123,agent
Ba,Awa,user1453@hopital.sn,password123,agent
Ba,Abdoulaye,user1454@hopital.sn,password123,agent
Sarr,Mamadou,user1455@hopital.sn,password123,agent
Diallo,Mamadou,user1456@hopital.sn,password123,medecin
Kane,Abdoulaye,user1457@hopital.sn,password123,admin
Ndiaye,Aminata,user1458@hopital.sn,password123,admin
Ndiaye,Ibrahima,user1459@hopital.sn,password123,agent
Gueye,Ibrahima,user1460@hopital.sn,password123,agent
Diop,Mamadou,user1461@hopital.sn,password123,medecin
Ba,Khady,user1462@hopital.sn,password123,admin
Sow,Mamadou,user1463@hopital.sn,password123,admin
Sy,Oumar,user1464@hopital.sn,password123,medecin
Sy,Ibrahima,user1465@hopital.sn,password123,medecin
Faye,Moussa,user1466@hopital.sn,password123,admin
Sarr,Mamadou,user1467@hopital.sn,password123,agent
Fall,Abdoulaye,user1468@hopital.sn,password123,agent
Faye,Mamadou,user1469@hopital.sn,password123,agent
Fall,Abdoulaye,user1470@hopital.sn,password123,admin
Faye,Awa,user1471@hopital.sn,password123,admin
Faye,Abdoulaye,user1472@hopital.sn,password123,medecin
Faye,Khady,user1473@hopital.sn,password123,admin
Sy,Aminata,user1474@hopital.sn,password123,admin
Diallo,Ousmane,user1475@hopital.sn,password123,admin
Sow,Ibrahima,user1476@hopital.sn,password123,admin
Sow,Mamadou,user1477@hopital.sn,password123,medecin
Gueye,Khady,user1478@hopital.sn,password123,agent
Diallo,Awa,user1479@hopital.sn,password123,medecin
Sarr,Fatou,user1480@hopital.sn,password123,admin
Ba,Oumar,user1481@hopital.sn,password123,medecin
Sy,Mamadou,user1482@hopital.sn,password123,admin
Ndiaye,Moussa,user1483@hopital.sn,password123,admin
Sarr,Ousmane,user1484@hopital.sn,password123,agent
Sy,Oumar,user1485@hopital.sn,password123,admin
Kane,Abdoulaye,user1486@hopital.sn,password123,admin
Ba,Abdoulaye,user1487@hopital.sn,password123,medecin
Fall,Cheikh,user1488@hopital.sn,password123,admin
Ba,Ousmane,user1489@hopital.sn,password123,medecin
Gueye,Aminata,user1490@hopital.sn,password123,agent
Sy,Moussa,user1491@hopital.sn,password123,agent
Ba,Ousmane,user1492@hopital.sn,password123,admin
Sow,Abdoulaye,user1493@hopital.sn,password123,medecin
Diop,Abdoulaye,user1494@hopital.sn,password123,agent
Sy,Mamadou,user1495@hopital.sn,password123,agent
Diop,Aminata,user1496@hopital.sn,password123,medecin
Ba,Ousmane,user1497@hopital.sn,password123,agent
Sow,Moussa,user1498@hopital.sn,password123,medecin
Sow,Aminata,user1499@hopital.sn,password123,medecin
Sarr,Fatou,user1500@hopital.sn,password123,admin
Kane,Ousmane,user1501@hopital.sn,password123,admin
Gueye,Khady,user1502@hopital.sn,password123,admin
Fall,Aminata,user1503@hopital.sn,password123,agent
Diop,Ousmane,user1504@hopital.sn,password123,medecin
Sarr,Oumar,user1505@hopital.sn,password123,admin
Faye,Mamadou,user1506@hopital.sn,password123,agent
Sarr,Moussa,user1507@hopital.sn,password123,admin
Sow,Aminata,user1508@hopital.sn,password123,medecin
Ndiaye,Mariama,user1509@hopital.sn,password123,admin
Kane,Aminata,user1510@hopital.sn,password123,medecin
Gueye,Aminata,user1511@hopital.sn,password123,medecin
Ba,Aminata,user1512@hopital.sn,password123,admin
Gueye,Ousmane,user1513@hopital.sn,password123,agent
Ndiaye,Awa,user1514@hopital.sn,password123,agent
Ba,Ibrahima,user1515@hopital.sn,password123,admin
Faye,Moussa,user1516@hopital.sn,password123,agent
Sy,Moussa,user1517@hopital.sn,password123,agent
Kane,Oumar,user1518@hopital.sn,password123,admin
Gueye,Fatou,user1519@hopital.sn,password123,medecin
Faye,Khady,user1520@hopital.sn,password123,agent
Fall,Abdoulaye,user1521@hopital.sn,password123,agent
Ba,Mamadou,user1522@hopital.sn,password123,admin
Faye,Moussa,user1523@hopital.sn,password123,agent
Gueye,Khady,user1524@hopital.sn,password123,admin
Gueye,Ousmane,user1525@hopital.sn,password123,agent
Diop,Cheikh,user1526@hopital.sn,password123,admin
Gueye,Ousmane,user1527@hopital.sn,password123,medecin
Diallo,Moussa,user1528@hopital.sn,password123,agent
Ba,Mamadou,user1529@hopital.sn,password123,agent
Fall,Ibrahima,user1530@hopital.sn,password123,agent
Diallo,Moussa,user1531@hopital.sn,password123,admin
Diop,Ibrahima,user1532@hopital.sn,password123,agent
Sow,Ousmane,user1533@hopital.sn,password123,admin
Diop,Moussa,user1534@hopital.sn,password123,admin
Fall,Abdoulaye,user1535@hopital.sn,password123,agent
Ndiaye,Moussa,user1536@hopital.sn,password123,admin
Fall,Khady,user1537@hopital.sn,password123,agent
Sy,Mariama,user1538@hopital.sn,password123,agent
Diallo,Fatou,user1539@hopital.sn,password123,agent
Kane,Ibrahima,user1540@hopital.sn,password123,agent
Ba,Aminata,user1541@hopital.sn,password123,agent
Sy,Cheikh,user1542@hopital.sn,password123,medecin
Fall,Moussa,user1543@hopital.sn,password123,medecin
Ndiaye,Abdoulaye,user1544@hopital.sn,password123,agent
Diop,Oumar,user1545@hopital.sn,password123,medecin
Ba,Mamadou,user1546@hopital.sn,password123,agent
Sy,Abdoulaye,user1547@hopital.sn,password123,agent
Fall,Mamadou,user1548@hopital.sn,password123,medecin
Fall,Aminata,user1549@hopital.sn,password123,medecin
Diallo,Khady,user1550@hopital.sn,password123,agent
Ndiaye,Ibrahima,user1551@hopital.sn,password123,agent
Ba,Mariama,user1552@hopital.sn,password123,admin
Sarr,Moussa,user1553@hopital.sn,password123,admin
Diallo,Aminata,user1554@hopital.sn,password123,admin
Kane,Mamadou,user1555@hopital.sn,password123,agent
Sow,Oumar,user1556@hopital.sn,password123,admin
Gueye,Aminata,user1557@hopital.sn,password123,medecin
Sarr,Awa,user1558@hopital.sn,password123,agent
Sarr,Fatou,user1559@hopital.sn,password123,medecin
Ndiaye,Mariama,user1560@hopital.sn,password123,medecin
Ndiaye,Oumar,user1561@hopital.sn,password123,medecin
Ba,Ousmane,user1562@hopital.sn,password123,agent
Diop,Cheikh,user1563@hopital.sn,password123,agent
Sow,Aminata,user1564@hopital.sn,password123,admin
Fall,Mariama,user1565@hopital.sn,password123,medecin
Diallo,Mariama,user1566@hopital.sn,password123,medecin
Diop,Oumar,user1567@hopital.sn,password123,admin
Gueye,Cheikh,user1568@hopital.sn,password123,agent
Faye,Fatou,user1569@hopital.sn,password123,agent
Ba,Mamadou,user1570@hopital.sn,password123,agent
Ndiaye,Khady,user1571@hopital.sn,password123,agent
Faye,Ibrahima,user1572@hopital.sn,password123,admin
Ba,Ousmane,user1573@hopital.sn,password123,medecin
Sow,Ousmane,user1574@hopital.sn,password123,medecin
Gueye,Ibrahima,user1575@hopital.sn,password123,medecin
Ba,Khady,user1576@hopital.sn,password123,agent
Diallo,Khady,user1577@hopital.sn,password123,agent
Sarr,Aminata,user1578@hopital.sn,password123,medecin
Kane,Aminata,user1579@hopital.sn,password123,medecin
Faye,Mariama,user1580@hopital.sn,password123,admin
Ndiaye,Moussa,user1581@hopital.sn,password123,admin
Faye,Mamadou,user1582@hopital.sn,password123,admin
Ba,Mariama,user1583@hopital.sn,password123,medecin
Kane,Abdoulaye,user1584@hopital.sn,password123,agent
Diop,Cheikh,user1585@hopital.sn,password123,medecin
Sarr,Cheikh,user1586@hopital.sn,password123,medecin
Sarr,Ousmane,user1587@hopital.sn,password123,admin
Ba,Ousmane,user1588@hopital.sn,password123,agent
Ndiaye,Fatou,user1589@hopital.sn,password123,agent
Diop,Oumar,user1590@hopital.sn,password123,medecin
Fall,Aminata,user1591@hopital.sn,password123,medecin
Faye,Moussa,user1592@hopital.sn,password123,admin
Fall,Moussa,user1593@hopital.sn,password123,admin
Fall,Aminata,user1594@hopital.sn,password123,agent
Faye,Aminata,user1595@hopital.sn,password123,admin
Ndiaye,Mamadou,user1596@hopital.sn,password123,admin
Ndiaye,Ibrahima,user1597@hopital.sn,password123,medecin
Sy,Moussa,user1598@hopital.sn,password123,medecin
Sy,Awa,user1599@hopital.sn,password123,admin
Diallo,Fatou,user1600@hopital.sn,password123,agent
Diop,Awa,user1601@hopital.sn,password123,admin
Faye,Aminata,user1602@hopital.sn,password123,medecin
Diallo,Oumar,user1603@hopital.sn,password123,medecin
Fall,Oumar,user1604@hopital.sn,password123,agent
Gueye,Aminata,user1605@hopital.sn,password123,medecin
Sow,Ibrahima,user1606@hopital.sn,password123,agent
Gueye,Fatou,user1607@hopital.sn,password123,admin
Sarr,Cheikh,user1608@hopital.sn,password123,admin
Ndiaye,Ibrahima,user1609@hopital.sn,password123,medecin
Faye,Ibrahima,user1610@hopital.sn,password123,agent
Fall,Abdoulaye,user1611@hopital.sn,password123,admin
Sow,Ousmane,user1612@hopital.sn,password123,admin
Diallo,Cheikh,user1613@hopital.sn,password123,admin
Gueye,Ousmane,user1614@hopital.sn,password123,admin
Ndiaye,Khady,user1615@hopital.sn,password123,agent
Sy,Awa,user1616@hopital.sn,password123,agent
Diop,Awa,user1617@hopital.sn,password123,medecin
Diop,Abdoulaye,user1618@hopital.sn,password123,admin
Ndiaye,Khady,user1619@hopital.sn,password123,medecin
Diop,Ousmane,user1620@hopital.sn,password123,medecin
Sow,Mariama,user1621@hopital.sn,password123,medecin
Sow,Cheikh,user1622@hopital.sn,password123,medecin
Sarr,Khady,user1623@hopital.sn,password123,medecin
Ba,Ibrahima,user1624@hopital.sn,password123,agent
Sow,Mariama,user1625@hopital.sn,password123,agent
Ndiaye,Awa,user1626@hopital.sn,password123,agent
Diop,Abdoulaye,user1627@hopital.sn,password123,medecin
Kane,Ousmane,user1628@hopital.sn,password123,agent
Gueye,Moussa,user1629@hopital.sn,password123,agent
Fall,Aminata,user1630@hopital.sn,password123,agent
Ba,Abdoulaye,user1631@hopital.sn,password123,agent
Sow,Aminata,user1632@hopital.sn,password123,agent
Sy,Oumar,user1633@hopital.sn,password123,agent
Sy,Abdoulaye,user1634@hopital.sn,password123,agent
Sy,Abdoulaye,user1635@hopital.sn,password123,admin
Sow,Cheikh,user1636@hopital.sn,password123,admin
Ndiaye,Fatou,user1637@hopital.sn,password123,admin
Sarr,Mariama,user1638@hopital.sn,password123,agent
Sy,Ousmane,user1639@hopital.sn,password123,agent
Sarr,Aminata,user1640@hopital.sn,password123,medecin
Diallo,Awa,user1641@hopital.sn,password123,admin
Fall,Abdoulaye,user1642@hopital.sn,password123,medecin
Sy,Khady,user1643@hopital.sn,password123,medecin
Ba,Oumar,user1644@hopital.sn,password123,agent
Sarr,Ibrahima,user1645@hopital.sn,password123,admin
Ndiaye,Mariama,user1646@hopital.sn,password123,medecin
Sy,Mariama,user1647@hopital.sn,password123,admin
Diallo,Fatou,user1648@hopital.sn,password123,medecin
Gueye,Mariama,user1649@hopital.sn,password123,admin
Fall,Mariama,user1650@hopital.sn,password123,medecin
Gueye,Moussa,user1651@hopital.sn,password123,agent
Kane,Cheikh,user1652@hopital.sn,password123,agent
Kane,Aminata,user1653@hopital.sn,password123,admin
Ndiaye,Fatou,user1654@hopital.sn,password123,admin
Diallo,Khady,user1655@hopital.sn,password123,admin
Sy,Cheikh,user1656@hopital.sn,password123,agent
Kane,Mariama,user1657@hopital.sn,password123,medecin
Sow,Mamadou,user1658@hopital.sn,password123,admin
Sarr,Cheikh,user1659@hopital.sn,password123,agent
Fall,Khady,user1660@hopital.sn,password123,agent
Sy,Ousmane,user1661@hopital.sn,password123,admin
Gueye,Awa,user1662@hopital.sn,password123,medecin
Gueye,Abdoulaye,user1663@hopital.sn,password123,admin
Sarr,Khady,user1664@hopital.sn,password123,agent
Sy,Awa,user1665@hopital.sn,password123,admin
Ndiaye,Khady,user1666@hopital.sn,password123,agent
Sarr,Fatou,user1667@hopital.sn,password123,admin
Sy,Awa,user1668@hopital.sn,password123,admin
Ndiaye,Mamadou,user1669@hopital.sn,password123,agent
Gueye,Aminata,user1670@hopital.sn,password123,medecin
Sarr,Ousmane,user1671@hopital.sn,password123,medecin
Kane,Ousmane,user1672@hopital.sn,password123,agent
Diop,Awa,user1673@hopital.sn,password123,agent
Diallo,Oumar,user1674@hopital.sn,password123,admin
Ba,Abdoulaye,user1675@hopital.sn,password123,admin
Sarr,Khady,user1676@hopital.sn,password123,agent
Sarr,Ibrahima,user1677@hopital.sn,password123,admin
Ba,Mariama,user1678@hopital.sn,password123,admin
Sow,Awa,user1679@hopital.sn,password123,admin
Fall,Khady,user1680@hopital.sn,password123,medecin
Sarr,Khady,user1681@hopital.sn,password123,medecin
Faye,Ibrahima,user1682@hopital.sn,password123,medecin
Diallo,Oumar,user1683@hopital.sn,password123,agent
Ba,Mamadou,user1684@hopital.sn,password123,agent
Diop,Cheikh,user1685@hopital.sn,password123,medecin
Ba,Aminata,user1686@hopital.sn,password123,medecin
Ba,Cheikh,user1687@hopital.sn,password123,medecin
Sow,Aminata,user1688@hopital.sn,password123,agent
Sy,Aminata,user1689@hopital.sn,password123,medecin
Diallo,Cheikh,user1690@hopital.sn,password123,agent
Diop,Oumar,user1691@hopital.sn,password123,agent
Gueye,Fatou,user1692@hopital.sn,password123,medecin
Gueye,Aminata,user1693@hopital.sn,password123,agent
Sow,Cheikh,user1694@hopital.sn,password123,medecin
Ndiaye,Khady,user1695@hopital.sn,password123,agent
Diop,Ousmane,user1696@hopital.sn,password123,medecin
Ba,Mariama,user1697@hopital.sn,password123,admin
Ba,Ousmane,user1698@hopital.sn,password123,agent
Fall,Fatou,user1699@hopital.sn,password123,admin
Sarr,Ibrahima,user1700@hopital.sn,password123,medecin
Faye,Awa,user1701@hopital.sn,password123,admin
Diop,Ibrahima,user1702@hopital.sn,password123,admin
Diop,Khady,user1703@hopital.sn,password123,agent
Faye,Fatou,user1704@hopital.sn,password123,admin
Diallo,Ibrahima,user1705@hopital.sn,password123,admin
Sarr,Awa,user1706@hopital.sn,password123,medecin
Diallo,Moussa,user1707@hopital.sn,password123,medecin
Diop,Ousmane,user1708@hopital.sn,password123,admin
Ba,Ousmane,user1709@hopital.sn,password123,medecin
Faye,Ibrahima,user1710@hopital.sn,password123,admin
Faye,Ousmane,user1711@hopital.sn,password123,admin
Gueye,Moussa,user1712@hopital.sn,password123,agent
Sy,Aminata,user1713@hopital.sn,password123,medecin
Kane,Khady,user1714@hopital.sn,password123,medecin
Fall,Mariama,user1715@hopital.sn,password123,medecin
Gueye,Awa,user1716@hopital.sn,password123,agent
Diop,Mariama,user1717@hopital.sn,password123,admin
Diallo,Fatou,user1718@hopital.sn,password123,admin
Sow,Moussa,user1719@hopital.sn,password123,admin
Gueye,Khady,user1720@hopital.sn,password123,medecin
Sy,Aminata,user1721@hopital.sn,password123,agent
Ndiaye,Cheikh,user1722@hopital.sn,password123,admin
Ndiaye,Aminata,user1723@hopital.sn,password123,medecin
Ba,Moussa,user1724@hopital.sn,password123,medecin
Diallo,Mariama,user1725@hopital.sn,password123,admin
Faye,Khady,user1726@hopital.sn,password123,medecin
Sow,Ibrahima,user1727@hopital.sn,password123,medecin
Sow,Aminata,user1728@hopital.sn,password123,medecin
Ndiaye,Ibrahima,user1729@hopital.sn,password123,medecin
Faye,Ibrahima,user1730@hopital.sn,password123,agent
Gueye,Ibrahima,user1731@hopital.sn,password123,agent
Diop,Cheikh,user1732@hopital.sn,password123,admin
Sarr,Ousmane,user1733@hopital.sn,password123,medecin
Diop,Moussa,user1734@hopital.sn,password123,medecin
Sow,Aminata,user1735@hopital.sn,password123,medecin
Kane,Abdoulaye,user1736@hopital.sn,password123,admin
Ba,Oumar,user1737@hopital.sn,password123,medecin
Diop,Fatou,user1738@hopital.sn,password123,admin
Sarr,Awa,user1739@hopital.sn,password123,medecin
Sy,Awa,user1740@hopital.sn,password123,agent
Diallo,Cheikh,user1741@hopital.sn,password123,agent
Diallo,Ibrahima,user1742@hopital.sn,password123,admin
Diallo,Mariama,user1743@hopital.sn,password123,medecin
Diop,Mamadou,user1744@hopital.sn,password123,agent
Ndiaye,Cheikh,user1745@hopital.sn,password123,agent
Sy,Oumar,user1746@hopital.sn,password123,admin
Gueye,Oumar,user1747@hopital.sn,password123,medecin
Sy,Oumar,user1748@hopital.sn,password123,agent
Gueye,Ibrahima,user1749@hopital.sn,password123,medecin
Fall,Abdoulaye,user1750@hopital.sn,password123,admin
Ndiaye,Abdoulaye,user1751@hopital.sn,password123,medecin
Gueye,Mamadou,user1752@hopital.sn,password123,agent
Faye,Mariama,user1753@hopital.sn,password123,medecin
Fall,Ousmane,user1754@hopital.sn,password123,admin
Kane,Ibrahima,user1755@hopital.sn,password123,admin
Sarr,Ousmane,user1756@hopital.sn,password123,agent
Sarr,Cheikh,user1757@hopital.sn,password123,agent
Ndiaye,Cheikh,user1758@hopital.sn,password123,medecin
Fall,Fatou,user1759@hopital.sn,password123,medecin
Sarr,Khady,user1760@hopital.sn,password123,agent
Sy,Mamadou,user1761@hopital.sn,password123,admin
Sow,Abdoulaye,user1762@hopital.sn,password123,agent
Sow,Ousmane,user1763@hopital.sn,password123,admin
Gueye,Mamadou,user1764@hopital.sn,password123,agent
Ndiaye,Ousmane,user1765@hopital.sn,password123,admin
Ndiaye,Fatou,user1766@hopital.sn,password123,agent
Fall,Ibrahima,user1767@hopital.sn,password123,medecin
Diop,Fatou,user1768@hopital.sn,password123,admin
Ba,Mariama,user1769@hopital.sn,password123,admin
Sow,Oumar,user1770@hopital.sn,password123,medecin
Ndiaye,Oumar,user1771@hopital.sn,password123,agent
Sarr,Mamadou,user1772@hopital.sn,password123,admin
Ndiaye,Fatou,user1773@hopital.sn,password123,medecin
Ba,Abdoulaye,user1774@hopital.sn,password123,admin
Sow,Ibrahima,user1775@hopital.sn,password123,medecin
Kane,Moussa,user1776@hopital.sn,password123,agent
Diop,Oumar,user1777@hopital.sn,password123,medecin
Faye,Abdoulaye,user1778@hopital.sn,password123,agent
Kane,Abdoulaye,user1779@hopital.sn,password123,admin
Ndiaye,Oumar,user1780@hopital.sn,password123,admin
Sarr,Cheikh,user1781@hopital.sn,password123,admin
Gueye,Mariama,user1782@hopital.sn,password123,medecin
Faye,Oumar,user1783@hopital.sn,password123,agent
Gueye,Aminata,user1784@hopital.sn,password123,admin
Sy,Abdoulaye,user1785@hopital.sn,password123,agent
Diallo,Cheikh,user1786@hopital.sn,password123,agent
Ba,Ibrahima,user1787@hopital.sn,password123,agent
Gueye,Khady,user1788@hopital.sn,password123,agent
Sy,Awa,user1789@hopital.sn,password123,medecin
Sy,Mamadou,user1790@hopital.sn,password123,medecin
Diallo,Khady,user1791@hopital.sn,password123,admin
Gueye,Awa,user1792@hopital.sn,password123,medecin
Faye,Khady,user1793@hopital.sn,password123,agent
Fall,Ibrahima,user1794@hopital.sn,password123,admin
Fall,Ibrahima,user1795@hopital.sn,password123,agent
Gueye,Mariama,user1796@hopital.sn,password123,admin
Sy,Awa,user1797@hopital.sn,password123,admin
Ndiaye,Mamadou,user1798@hopital.sn,password123,agent
Fall,Fatou,user1799@hopital.sn,password123,admin
Gueye,Ousmane,user1800@hopital.sn,password123,admin
Ndiaye,Khady,user1801@hopital.sn,password123,admin
Ndiaye,Fatou,user1802@hopital.sn,password123,agent
Ndiaye,Mamadou,user1803@hopital.sn,password123,medecin
Diop,Moussa,user1804@hopital.sn,password123,agent
Sow,Moussa,user1805@hopital.sn,password123,medecin
Diop,Ibrahima,user1806@hopital.sn,password123,admin
Kane,Ousmane,user1807@hopital.sn,password123,admin
Sy,Mamadou,user1808@hopital.sn,password123,agent
Fall,Fatou,user1809@hopital.sn,password123,medecin
Fall,Abdoulaye,user1810@hopital.sn,password123,admin
Diallo,Ousmane,user1811@hopital.sn,password123,medecin
Diop,Ousmane,user1812@hopital.sn,password123,admin
Fall,Cheikh,user1813@hopital.sn,password123,admin
Sow,Fatou,user1814@hopital.sn,password123,agent
Diop,Cheikh,user1815@hopital.sn,password123,agent
Kane,Moussa,user1816@hopital.sn,password123,admin
Kane,Aminata,user1817@hopital.sn,password123,admin
Ba,Moussa,user1818@hopital.sn,password123,admin
Faye,Awa,user1819@hopital.sn,password123,agent
Sarr,Cheikh,user1820@hopital.sn,password123,medecin
Faye,Cheikh,user1821@hopital.sn,password123,medecin
Kane,Oumar,user1822@hopital.sn,password123,admin
Ba,Khady,user1823@hopital.sn,password123,admin
Diop,Fatou,user1824@hopital.sn,password123,admin
Faye,Abdoulaye,user1825@hopital.sn,password123,agent
Ba,Abdoulaye,user1826@hopital.sn,password123,agent
Sy,Ousmane,user1827@hopital.sn,password123,medecin
Kane,Awa,user1828@hopital.sn,password123,medecin
Fall,Fatou,user1829@hopital.sn,password123,medecin
Kane,Oumar,user1830@hopital.sn,password123,admin
Faye,Ousmane,user1831@hopital.sn,password123,admin
Diop,Awa,user1832@hopital.sn,password123,agent
Ba,Aminata,user1833@hopital.sn,password123,admin
Fall,Aminata,user1834@hopital.sn,password123,admin
Faye,Awa,user1835@hopital.sn,password123,medecin
Ba,Abdoulaye,user1836@hopital.sn,password123,agent
Gueye,Mamadou,user1837@hopital.sn,password123,agent
Sarr,Khady,user1838@hopital.sn,password123,medecin
Sarr,Fatou,user1839@hopital.sn,password123,medecin
Sarr,Awa,user1840@hopital.sn,password123,admin
Ba,Ibrahima,user1841@hopital.sn,password123,admin
Kane,Moussa,user1842@hopital.sn,password123,medecin
Diop,Moussa,user1843@hopital.sn,password123,medecin
Sy,Cheikh,user1844@hopital.sn,password123,admin
Sarr,Ibrahima,user1845@hopital.sn,password123,medecin
Sarr,Oumar,user1846@hopital.sn,password123,agent
Sow,Abdoulaye,user1847@hopital.sn,password123,agent
Sarr,Abdoulaye,user1848@hopital.sn,password123,admin
Ndiaye,Mamadou,user1849@hopital.sn,password123,agent
Sow,Moussa,user1850@hopital.sn,password123,agent
Gueye,Ousmane,user1851@hopital.sn,password123,admin
Sow,Awa,user1852@hopital.sn,password123,admin
Sarr,Khady,user1853@hopital.sn,password123,medecin
Sy,Mamadou,user1854@hopital.sn,password123,admin
Diop,Moussa,user1855@hopital.sn,password123,admin
Diop,Moussa,user1856@hopital.sn,password123,agent
Sarr,Mariama,user1857@hopital.sn,password123,admin
Kane,Awa,user1858@hopital.sn,password123,medecin
Diallo,Fatou,user1859@hopital.sn,password123,admin
Diallo,Fatou,user1860@hopital.sn,password123,admin
Sy,Moussa,user1861@hopital.sn,password123,admin
Kane,Cheikh,user1862@hopital.sn,password123,agent
Sow,Cheikh,user1863@hopital.sn,password123,medecin
Gueye,Oumar,user1864@hopital.sn,password123,agent
Diop,Awa,user1865@hopital.sn,password123,medecin
Sarr,Khady,user1866@hopital.sn,password123,medecin
Kane,Ibrahima,user1867@hopital.sn,password123,medecin
Faye,Awa,user1868@hopital.sn,password123,agent
Sy,Ousmane,user1869@hopital.sn,password123,admin
Sow,Mamadou,user1870@hopital.sn,password123,admin
Ndiaye,Ousmane,user1871@hopital.sn,password123,medecin
Sarr,Ousmane,user1872@hopital.sn,password123,admin
Ndiaye,Fatou,user1873@hopital.sn,password123,agent
Gueye,Aminata,user1874@hopital.sn,password123,admin
Kane,Abdoulaye,user1875@hopital.sn,password123,admin
Gueye,Oumar,user1876@hopital.sn,password123,medecin
Fall,Fatou,user1877@hopital.sn,password123,admin
Faye,Awa,user1878@hopital.sn,password123,agent
Fall,Mariama,user1879@hopital.sn,password123,admin
Fall,Cheikh,user1880@hopital.sn,password123,agent
Gueye,Mamadou,user1881@hopital.sn,password123,admin
Ba,Cheikh,user1882@hopital.sn,password123,admin
Sy,Khady,user1883@hopital.sn,password123,admin
Diallo,Fatou,user1884@hopital.sn,password123,agent
Faye,Abdoulaye,user1885@hopital.sn,password123,medecin
Fall,Abdoulaye,user1886@hopital.sn,password123,admin
Kane,Ibrahima,user1887@hopital.sn,password123,agent
Ndiaye,Ousmane,user1888@hopital.sn,password123,agent
Fall,Moussa,user1889@hopital.sn,password123,agent
Faye,Mariama,user1890@hopital.sn,password123,admin
Diallo,Abdoulaye,user1891@hopital.sn,password123,admin
Sow,Abdoulaye,user1892@hopital.sn,password123,admin
Sy,Awa,user1893@hopital.sn,password123,medecin
Ndiaye,Khady,user1894@hopital.sn,password123,medecin
Fall,Abdoulaye,user1895@hopital.sn,password123,agent
Sarr,Ibrahima,user1896@hopital.sn,password123,agent
Gueye,Khady,user1897@hopital.sn,password123,agent
Faye,Aminata,user1898@hopital.sn,password123,agent
Faye,Cheikh,user1899@hopital.sn,password123,admin
Diop,Fatou,user1900@hopital.sn,password123,medecin
Diallo,Fatou,user1901@hopital.sn,password123,admin
Kane,Ibrahima,user1902@hopital.sn,password123,agent
Sow,Cheikh,user1903@hopital.sn,password123,admin
Sarr,Fatou,user1904@hopital.sn,password123,medecin
Diallo,Fatou,user1905@hopital.sn,password123,medecin
Ndiaye,Moussa,user1906@hopital.sn,password123,medecin
Gueye,Mariama,user1907@hopital.sn,password123,medecin
Diallo,Aminata,user1908@hopital.sn,password123,medecin
Ba,Oumar,user1909@hopital.sn,password123,agent
Diallo,Awa,user1910@hopital.sn,password123,medecin
Ba,Moussa,user1911@hopital.sn,password123,agent
Sarr,Ousmane,user1912@hopital.sn,password123,medecin
Diallo,Cheikh,user1913@hopital.sn,password123,medecin
Diop,Khady,user1914@hopital.sn,password123,agent
Diop,Aminata,user1915@hopital.sn,password123,agent
Diallo,Aminata,user1916@hopital.sn,password123,medecin
Kane,Abdoulaye,user1917@hopital.sn,password123,admin
Diop,Moussa,user1918@hopital.sn,password123,admin
Diallo,Ousmane,user1919@hopital.sn,password123,agent
Diop,Oumar,user1920@hopital.sn,password123,agent
Gueye,Mariama,user1921@hopital.sn,password123,agent
Sarr,Oumar,user1922@hopital.sn,password123,admin
Sy,Cheikh,user1923@hopital.sn,password123,medecin
Fall,Aminata,user1924@hopital.sn,password123,agent
Sy,Khady,user1925@hopital.sn,password123,medecin
Gueye,Aminata,user1926@hopital.sn,password123,medecin
Sow,Moussa,user1927@hopital.sn,password123,agent
Kane,Moussa,user1928@hopital.sn,password123,agent
Diallo,Moussa,user1929@hopital.sn,password123,admin
Fall,Aminata,user1930@hopital.sn,password123,agent
Sy,Cheikh,user1931@hopital.sn,password123,agent
Faye,Cheikh,user1932@hopital.sn,password123,medecin
Fall,Oumar,user1933@hopital.sn,password123,agent
Ndiaye,Ibrahima,user1934@hopital.sn,password123,agent
Diallo,Aminata,user1935@hopital.sn,password123,agent
Fall,Mariama,user1936@hopital.sn,password123,medecin
Gueye,Aminata,user1937@hopital.sn,password123,medecin
Kane,Oumar,user1938@hopital.sn,password123,agent
Sarr,Cheikh,user1939@hopital.sn,password123,medecin
Diop,Moussa,user1940@hopital.sn,password123,admin
Diallo,Moussa,user1941@hopital.sn,password123,medecin
Sarr,Ousmane,user1942@hopital.sn,password123,agent
Gueye,Aminata,user1943@hopital.sn,password123,admin
Diallo,Khady,user1944@hopital.sn,password123,admin
Fall,Oumar,user1945@hopital.sn,password123,medecin
Kane,Ousmane,user1946@hopital.sn,password123,medecin
Faye,Aminata,user1947@hopital.sn,password123,medecin
Fall,Fatou,user1948@hopital.sn,password123,agent
Ba,Moussa,user1949@hopital.sn,password123,admin
Sarr,Fatou,user1950@hopital.sn,password123,agent
Fall,Ibrahima,user1951@hopital.sn,password123,agent
Sarr,Mariama,user1952@hopital.sn,password123,admin
Sy,Ibrahima,user1953@hopital.sn,password123,medecin
Ba,Oumar,user1954@hopital.sn,password123,admin
Ba,Ousmane,user1955@hopital.sn,password123,admin
Gueye,Aminata,user1956@hopital.sn,password123,medecin
Gueye,Abdoulaye,user1957@hopital.sn,password123,admin
Sow,Moussa,user1958@hopital.sn,password123,admin
Ba,Ousmane,user1959@hopital.sn,password123,admin
Sow,Mamadou,user1960@hopital.sn,password123,admin
Fall,Awa,user1961@hopital.sn,password123,medecin
Diop,Fatou,user1962@hopital.sn,password123,agent
Faye,Khady,user1963@hopital.sn,password123,medecin
Sarr,Cheikh,user1964@hopital.sn,password123,admin
Sy,Ibrahima,user1965@hopital.sn,password123,medecin
Diop,Aminata,user1966@hopital.sn,password123,agent
Ndiaye,Ousmane,user1967@hopital.sn,password123,medecin
Gueye,Cheikh,user1968@hopital.sn,password123,agent
Kane,Oumar,user1969@hopital.sn,password123,medecin
Diop,Cheikh,user1970@hopital.sn,password123,admin
Fall,Ousmane,user1971@hopital.sn,password123,admin
Fall,Awa,user1972@hopital.sn,password123,agent
Gueye,Cheikh,user1973@hopital.sn,password123,agent
Sy,Oumar,user1974@hopital.sn,password123,medecin
Ba,Mamadou,user1975@hopital.sn,password123,admin
Diop,Fatou,user1976@hopital.sn,password123,medecin
Ba,Mamadou,user1977@hopital.sn,password123,medecin
Ndiaye,Fatou,user1978@hopital.sn,password123,medecin
Sow,Awa,user1979@hopital.sn,password123,agent
Ndiaye,Oumar,user1980@hopital.sn,password123,admin
Diop,Khady,user1981@hopital.sn,password123,agent
Sarr,Khady,user1982@hopital.sn,password123,agent
Gueye,Aminata,user1983@hopital.sn,password123,agent
Faye,Fatou,user1984@hopital.sn,password123,medecin
Ba,Moussa,user1985@hopital.sn,password123,admin
Gueye,Mamadou,user1986@hopital.sn,password123,agent
Sy,Aminata,user1987@hopital.sn,password123,agent
Gueye,Ousmane,user1988@hopital.sn,password123,medecin
Sarr,Abdoulaye,user1989@hopital.sn,password123,admin
Ndiaye,Awa,user1990@hopital.sn,password123,medecin
Kane,Abdoulaye,user1991@hopital.sn,password123,agent
Fall,Mamadou,user1992@hopital.sn,password123,agent
Sow,Mamadou,user1993@hopital.sn,password123,agent
Fall,Moussa,user1994@hopital.sn,password123,admin
Sarr,Moussa,user1995@hopital.sn,password123,medecin
Faye,Fatou,user1996@hopital.sn,password123,agent
Sy,Fatou,user1997@hopital.sn,password123,medecin
Diallo,Moussa,user1998@hopital.sn,password123,admin
Fall,Fatou,user1999@hopital.sn,password123,medecin
Fall,Aminata,user2000@hopital.sn,password123,agent
Sow,Mariama,user2001@hopital.sn,password123,medecin
Diallo,Moussa,user2002@hopital.sn,password123,agent
Kane,Mariama,user2003@hopital.sn,password123,admin
Faye,Aminata,user2004@hopital.sn,password123,admin
Diop,Khady,user2005@hopital.sn,password123,admin
Sow,Oumar,user2006@hopital.sn,password123,agent
Faye,Moussa,user2007@hopital.sn,password123,medecin
Kane,Khady,user2008@hopital.sn,password123,medecin
Kane,Khady,user2009@hopital.sn,password123,agent
Gueye,Moussa,user2010@hopital.sn,password123,medecin
Kane,Mariama,user2011@hopital.sn,password123,admin
Ba,Mamadou,user2012@hopital.sn,password123,medecin
Sy,Oumar,user2013@hopital.sn,password123,admin
Ndiaye,Fatou,user2014@hopital.sn,password123,admin
Sow,Mamadou,user2015@hopital.sn,password123,agent
Faye,Cheikh,user2016@hopital.sn,password123,medecin
Diop,Awa,user2017@hopital.sn,password123,admin
Sow,Aminata,user2018@hopital.sn,password123,medecin
Gueye,Mamadou,user2019@hopital.sn,password123,medecin
Diop,Fatou,user2020@hopital.sn,password123,agent
Sy,Aminata,user2021@hopital.sn,password123,medecin
Sow,Mariama,user2022@hopital.sn,password123,admin
Diallo,Moussa,user2023@hopital.sn,password123,agent
Sy,Cheikh,user2024@hopital.sn,password123,agent
Gueye,Aminata,user2025@hopital.sn,password123,medecin
Fall,Fatou,user2026@hopital.sn,password123,medecin
Faye,Fatou,user2027@hopital.sn,password123,admin
Sy,Khady,user2028@hopital.sn,password123,medecin
Gueye,Fatou,user2029@hopital.sn,password123,agent
Diallo,Awa,user2030@hopital.sn,password123,medecin
Sy,Oumar,user2031@hopital.sn,password123,admin
Fall,Ibrahima,user2032@hopital.sn,password123,agent
Ndiaye,Ousmane,user2033@hopital.sn,password123,medecin
Sy,Aminata,user2034@hopital.sn,password123,admin
Ba,Ousmane,user2035@hopital.sn,password123,agent
Sarr,Mariama,user2036@hopital.sn,password123,agent
Sarr,Ibrahima,user2037@hopital.sn,password123,medecin
Sarr,Mariama,user2038@hopital.sn,password123,medecin
Fall,Aminata,user2039@hopital.sn,password123,admin
Ndiaye,Moussa,user2040@hopital.sn,password123,admin
Diop,Oumar,user2041@hopital.sn,password123,medecin
Diallo,Awa,user2042@hopital.sn,password123,medecin
Sarr,Cheikh,user2043@hopital.sn,password123,agent
Fall,Aminata,user2044@hopital.sn,password123,medecin
Sy,Aminata,user2045@hopital.sn,password123,admin
Ba,Ousmane,user2046@hopital.sn,password123,agent
Ndiaye,Awa,user2047@hopital.sn,password123,agent
Diop,Fatou,user2048@hopital.sn,password123,medecin
Sow,Fatou,user2049@hopital.sn,password123,agent
Sy,Cheikh,user2050@hopital.sn,password123,agent
Faye,Oumar,user2051@hopital.sn,password123,admin
Ba,Aminata,user2052@hopital.sn,password123,admin
Sy,Khady,user2053@hopital.sn,password123,agent
Diop,Ibrahima,user2054@hopital.sn,password123,admin
Gueye,Abdoulaye,user2055@hopital.sn,password123,agent
Kane,Ibrahima,user2056@hopital.sn,password123,medecin
Ba,Mamadou,user2057@hopital.sn,password123,agent
Fall,Mariama,user2058@hopital.sn,password123,medecin
Ndiaye,Ousmane,user2059@hopital.sn,password123,agent
Sow,Mamadou,user2060@hopital.sn,password123,admin
Ndiaye,Aminata,user2061@hopital.sn,password123,medecin
Faye,Khady,user2062@hopital.sn,password123,medecin
Sow,Ibrahima,user2063@hopital.sn,password123,agent
Kane,Moussa,user2064@hopital.sn,password123,agent
Diop,Ibrahima,user2065@hopital.sn,password123,medecin
Diop,Awa,user2066@hopital.sn,password123,agent
Sy,Awa,user2067@hopital.sn,password123,medecin
Ba,Abdoulaye,user2068@hopital.sn,password123,medecin
Gueye,Mamadou,user2069@hopital.sn,password123,admin
Fall,Awa,user2070@hopital.sn,password123,agent
Diallo,Mariama,user2071@hopital.sn,password123,admin
Kane,Abdoulaye,user2072@hopital.sn,password123,medecin
Sow,Oumar,user2073@hopital.sn,password123,medecin
Fall,Khady,user2074@hopital.sn,password123,medecin
Ba,Cheikh,user2075@hopital.sn,password123,medecin
Ndiaye,Mariama,user2076@hopital.sn,password123,admin
Diop,Oumar,user2077@hopital.sn,password123,medecin
Ba,Abdoulaye,user2078@hopital.sn,password123,admin
Ndiaye,Fatou,user2079@hopital.sn,password123,medecin
Sow,Ibrahima,user2080@hopital.sn,password123,admin
Gueye,Aminata,user2081@hopital.sn,password123,admin
Sow,Abdoulaye,user2082@hopital.sn,password123,agent
Sy,Ibrahima,user2083@hopital.sn,password123,medecin
Sow,Mamadou,user2084@hopital.sn,password123,agent
Kane,Fatou,user2085@hopital.sn,password123,medecin
Faye,Cheikh,user2086@hopital.sn,password123,medecin
Ndiaye,Fatou,user2087@hopital.sn,password123,admin
Sarr,Ibrahima,user2088@hopital.sn,password123,admin
Ba,Cheikh,user2089@hopital.sn,password123,agent
Kane,Moussa,user2090@hopital.sn,password123,admin
Faye,Ibrahima,user2091@hopital.sn,password123,admin
Diallo,Awa,user2092@hopital.sn,password123,medecin
Kane,Ousmane,user2093@hopital.sn,password123,admin
Fall,Abdoulaye,user2094@hopital.sn,password123,admin
Kane,Fatou,user2095@hopital.sn,password123,agent
Sarr,Moussa,user2096@hopital.sn,password123,agent
Ndiaye,Mariama,user2097@hopital.sn,password123,agent
Diop,Abdoulaye,user2098@hopital.sn,password123,admin
Sow,Ibrahima,user2099@hopital.sn,password123,agent
Fall,Mamadou,user2100@hopital.sn,password123,admin
Fall,Ibrahima,user2101@hopital.sn,password123,admin
Sarr,Abdoulaye,user2102@hopital.sn,password123,agent
Ndiaye,Moussa,user2103@hopital.sn,password123,medecin
Fall,Aminata,user2104@hopital.sn,password123,agent
Gueye,Mariama,user2105@hopital.sn,password123,agent
Gueye,Abdoulaye,user2106@hopital.sn,password123,admin
Kane,Awa,user2107@hopital.sn,password123,admin
Ndiaye,Cheikh,user2108@hopital.sn,password123,admin
Kane,Khady,user2109@hopital.sn,password123,medecin
Diallo,Khady,user2110@hopital.sn,password123,medecin
Ndiaye,Ibrahima,user2111@hopital.sn,password123,admin
Kane,Aminata,user2112@hopital.sn,password123,medecin
Diallo,Ibrahima,user2113@hopital.sn,password123,medecin
Sow,Cheikh,user2114@hopital.sn,password123,medecin
Ndiaye,Cheikh,user2115@hopital.sn,password123,admin
Sow,Ousmane,user2116@hopital.sn,password123,medecin
Sarr,Ousmane,user2117@hopital.sn,password123,admin
Sy,Mariama,user2118@hopital.sn,password123,admin
Diop,Ousmane,user2119@hopital.sn,password123,medecin
Diop,Oumar,user2120@hopital.sn,password123,medecin
Faye,Awa,user2121@hopital.sn,password123,admin
Kane,Abdoulaye,user2122@hopital.sn,password123,agent
Sow,Ousmane,user2123@hopital.sn,password123,admin
Sarr,Awa,user2124@hopital.sn,password123,admin
Kane,Oumar,user2125@hopital.sn,password123,admin
Sy,Moussa,user2126@hopital.sn,password123,medecin
Diop,Fatou,user2127@hopital.sn,password123,admin
Sow,Awa,user2128@hopital.sn,password123,agent
Ba,Mariama,user2129@hopital.sn,password123,agent
Ndiaye,Ibrahima,user2130@hopital.sn,password123,medecin
Faye,Abdoulaye,user2131@hopital.sn,password123,admin
Fall,Moussa,user2132@hopital.sn,password123,agent
Ndiaye,Oumar,user2133@hopital.sn,password123,agent
Ba,Abdoulaye,user2134@hopital.sn,password123,admin
Sow,Abdoulaye,user2135@hopital.sn,password123,agent
Faye,Cheikh,user2136@hopital.sn,password123,agent
Sarr,Oumar,user2137@hopital.sn,password123,admin
Fall,Khady,user2138@hopital.sn,password123,admin
Sarr,Aminata,user2139@hopital.sn,password123,medecin
Faye,Oumar,user2140@hopital.sn,password123,agent
Sarr,Khady,user2141@hopital.sn,password123,admin
Sarr,Khady,user2142@hopital.sn,password123,medecin
Diop,Aminata,user2143@hopital.sn,password123,admin
Ndiaye,Cheikh,user2144@hopital.sn,password123,medecin
Diop,Awa,user2145@hopital.sn,password123,admin
Sow,Cheikh,user2146@hopital.sn,password123,admin
Faye,Cheikh,user2147@hopital.sn,password123,medecin
Ba,Ousmane,user2148@hopital.sn,password123,medecin
Diallo,Mariama,user2149@hopital.sn,password123,agent
Diallo,Ousmane,user2150@hopital.sn,password123,medecin
Ba,Khady,user2151@hopital.sn,password123,medecin
Ndiaye,Ibrahima,user2152@hopital.sn,password123,agent
Sow,Oumar,user2153@hopital.sn,password123,agent
Ndiaye,Mamadou,user2154@hopital.sn,password123,agent
Gueye,Oumar,user2155@hopital.sn,password123,medecin
Faye,Mamadou,user2156@hopital.sn,password123,admin
Kane,Moussa,user2157@hopital.sn,password123,agent
Sow,Ibrahima,user2158@hopital.sn,password123,agent
Diop,Moussa,user2159@hopital.sn,password123,agent
Diallo,Awa,user2160@hopital.sn,password123,agent
Faye,Oumar,user2161@hopital.sn,password123,admin
Ndiaye,Awa,user2162@hopital.sn,password123,admin
Kane,Ousmane,user2163@hopital.sn,password123,medecin
Sy,Moussa,user2164@hopital.sn,password123,admin
Diop,Ousmane,user2165@hopital.sn,password123,admin
Gueye,Aminata,user2166@hopital.sn,password123,admin
Faye,Fatou,user2167@hopital.sn,password123,admin
Gueye,Awa,user2168@hopital.sn,password123,medecin
Gueye,Mariama,user2169@hopital.sn,password123,agent
Kane,Fatou,user2170@hopital.sn,password123,medecin
Ba,Mamadou,user2171@hopital.sn,password123,agent
Diallo,Oumar,user2172@hopital.sn,password123,medecin
Sarr,Mariama,user2173@hopital.sn,password123,agent
Fall,Abdoulaye,user2174@hopital.sn,password123,agent
Diop,Oumar,user2175@hopital.sn,password123,medecin
Diop,Ibrahima,user2176@hopital.sn,password123,medecin
Sy,Ousmane,user2177@hopital.sn,password123,agent
Faye,Awa,user2178@hopital.sn,password123,admin
Gueye,Abdoulaye,user2179@hopital.sn,password123,medecin
Diallo,Oumar,user2180@hopital.sn,password123,admin
Fall,Abdoulaye,user2181@hopital.sn,password123,medecin
Fall,Awa,user2182@hopital.sn,password123,medecin
Gueye,Cheikh,user2183@hopital.sn,password123,admin
Gueye,Khady,user2184@hopital.sn,password123,agent
Faye,Cheikh,user2185@hopital.sn,password123,admin
Kane,Fatou,user2186@hopital.sn,password123,medecin
Sow,Abdoulaye,user2187@hopital.sn,password123,admin
Sarr,Aminata,user2188@hopital.sn,password123,medecin
Fall,Khady,user2189@hopital.sn,password123,agent
Diop,Aminata,user2190@hopital.sn,password123,agent
Ba,Mamadou,user2191@hopital.sn,password123,medecin
Diallo,Aminata,user2192@hopital.sn,password123,agent
Sow,Fatou,user2193@hopital.sn,password123,admin
Faye,Oumar,user2194@hopital.sn,password123,agent
Fall,Cheikh,user2195@hopital.sn,password123,agent
Sarr,Fatou,user2196@hopital.sn,password123,agent
Faye,Ousmane,user2197@hopital.sn,password123,agent
Ba,Aminata,user2198@hopital.sn,password123,agent
Kane,Ousmane,user2199@hopital.sn,password123,medecin
Sow,Ibrahima,user2200@hopital.sn,password123,admin
Ba,Ibrahima,user2201@hopital.sn,password123,agent
Sy,Mamadou,user2202@hopital.sn,password123,admin
Kane,Abdoulaye,user2203@hopital.sn,password123,medecin
Sarr,Khady,user2204@hopital.sn,password123,agent
Sarr,Aminata,user2205@hopital.sn,password123,admin
Diallo,Khady,user2206@hopital.sn,password123,medecin
Diop,Fatou,user2207@hopital.sn,password123,agent
Ba,Fatou,user2208@hopital.sn,password123,medecin
Diallo,Moussa,user2209@hopital.sn,password123,medecin
Ndiaye,Abdoulaye,user2210@hopital.sn,password123,medecin
Ba,Ousmane,user2211@hopital.sn,password123,agent
Sarr,Ousmane,user2212@hopital.sn,password123,agent
Ndiaye,Oumar,user2213@hopital.sn,password123,admin
Diop,Ibrahima,user2214@hopital.sn,password123,agent
Kane,Mamadou,user2215@hopital.sn,password123,agent
Diallo,Mamadou,user2216@hopital.sn,password123,agent
Ba,Abdoulaye,user2217@hopital.sn,password123,medecin
Faye,Cheikh,user2218@hopital.sn,password123,admin
Faye,Mariama,user2219@hopital.sn,password123,admin
Sy,Oumar,user2220@hopital.sn,password123,admin
Diallo,Mamadou,user2221@hopital.sn,password123,admin
Diallo,Moussa,user2222@hopital.sn,password123,agent
Sarr,Oumar,user2223@hopital.sn,password123,medecin
Kane,Moussa,user2224@hopital.sn,password123,admin
Sy,Fatou,user2225@hopital.sn,password123,agent
Faye,Cheikh,user2226@hopital.sn,password123,admin
Sy,Khady,user2227@hopital.sn,password123,agent
Kane,Ousmane,user2228@hopital.sn,password123,admin
Diallo,Aminata,user2229@hopital.sn,password123,agent
Fall,Fatou,user2230@hopital.sn,password123,medecin
Ba,Awa,user2231@hopital.sn,password123,agent
Faye,Khady,user2232@hopital.sn,password123,agent
Faye,Aminata,user2233@hopital.sn,password123,admin
Sy,Cheikh,user2234@hopital.sn,password123,agent
Sy,Awa,user2235@hopital.sn,password123,medecin
Sow,Ibrahima,user2236@hopital.sn,password123,agent
Gueye,Oumar,user2237@hopital.sn,password123,admin
Sy,Fatou,user2238@hopital.sn,password123,medecin
Diallo,Cheikh,user2239@hopital.sn,password123,medecin
Sarr,Moussa,user2240@hopital.sn,password123,medecin
Sow,Abdoulaye,user2241@hopital.sn,password123,medecin
Sarr,Abdoulaye,user2242@hopital.sn,password123,agent
Diallo,Khady,user2243@hopital.sn,password123,agent
Diallo,Ibrahima,user2244@hopital.sn,password123,agent
Diallo,Mariama,user2245@hopital.sn,password123,agent
Kane,Mariama,user2246@hopital.sn,password123,medecin
Sow,Ibrahima,user2247@hopital.sn,password123,agent
Sow,Abdoulaye,user2248@hopital.sn,password123,admin
Sow,Awa,user2249@hopital.sn,password123,agent
Gueye,Cheikh,user2250@hopital.sn,password123,medecin
Kane,Cheikh,user2251@hopital.sn,password123,medecin
Sarr,Abdoulaye,user2252@hopital.sn,password123,medecin
Gueye,Ousmane,user2253@hopital.sn,password123,medecin
Sow,Ibrahima,user2254@hopital.sn,password123,agent
Faye,Aminata,user2255@hopital.sn,password123,medecin
Sarr,Oumar,user2256@hopital.sn,password123,agent
Sow,Ousmane,user2257@hopital.sn,password123,medecin
Ndiaye,Awa,user2258@hopital.sn,password123,agent
Ba,Awa,user2259@hopital.sn,password123,medecin
Diallo,Mamadou,user2260@hopital.sn,password123,agent
Ba,Fatou,user2261@hopital.sn,password123,medecin
Sy,Awa,user2262@hopital.sn,password123,agent
Diop,Aminata,user2263@hopital.sn,password123,admin
Sy,Awa,user2264@hopital.sn,password123,admin
Sarr,Mamadou,user2265@hopital.sn,password123,agent
Diop,Aminata,user2266@hopital.sn,password123,agent
Sarr,Fatou,user2267@hopital.sn,password123,medecin
Ndiaye,Khady,user2268@hopital.sn,password123,agent
Diallo,Ousmane,user2269@hopital.sn,password123,medecin
Gueye,Oumar,user2270@hopital.sn,password123,admin
Diop,Mariama,user2271@hopital.sn,password123,medecin
Sy,Oumar,user2272@hopital.sn,password123,agent
Kane,Oumar,user2273@hopital.sn,password123,medecin
Kane,Abdoulaye,user2274@hopital.sn,password123,agent
Sy,Ousmane,user2275@hopital.sn,password123,admin
Faye,Mariama,user2276@hopital.sn,password123,medecin
Kane,Mariama,user2277@hopital.sn,password123,admin
Sarr,Oumar,user2278@hopital.sn,password123,agent
Sow,Mariama,user2279@hopital.sn,password123,admin
Faye,Fatou,user2280@hopital.sn,password123,admin
Sy,Moussa,user2281@hopital.sn,password123,agent
Sow,Oumar,user2282@hopital.sn,password123,medecin
Gueye,Khady,user2283@hopital.sn,password123,medecin
Sy,Mariama,user2284@hopital.sn,password123,agent
Sarr,Khady,user2285@hopital.sn,password123,admin
Ndiaye,Aminata,user2286@hopital.sn,password123,agent
Diallo,Ibrahima,user2287@hopital.sn,password123,medecin
Ndiaye,Ibrahima,user2288@hopital.sn,password123,medecin
Sow,Oumar,user2289@hopital.sn,password123,agent
Sarr,Moussa,user2290@hopital.sn,password123,agent
Ba,Ibrahima,user2291@hopital.sn,password123,admin
Ndiaye,Mamadou,user2292@hopital.sn,password123,admin
Diallo,Mariama,user2293@hopital.sn,password123,agent
Diallo,Khady,user2294@hopital.sn,password123,agent
Gueye,Aminata,user2295@hopital.sn,password123,agent
Fall,Mamadou,user2296@hopital.sn,password123,agent
Sarr,Oumar,user2297@hopital.sn,password123,agent
Diop,Awa,user2298@hopital.sn,password123,medecin
Diop,Awa,user2299@hopital.sn,password123,medecin
Sy,Awa,user2300@hopital.sn,password123,medecin
Kane,Aminata,user2301@hopital.sn,password123,admin
Fall,Moussa,user2302@hopital.sn,password123,medecin
Gueye,Fatou,user2303@hopital.sn,password123,admin
Kane,Cheikh,user2304@hopital.sn,password123,admin
Kane,Moussa,user2305@hopital.sn,password123,agent
Diop,Moussa,user2306@hopital.sn,password123,agent
Faye,Ousmane,user2307@hopital.sn,password123,medecin
Ba,Oumar,user2308@hopital.sn,password123,admin
Kane,Ibrahima,user2309@hopital.sn,password123,admin
Sy,Aminata,user2310@hopital.sn,password123,agent
Sy,Awa,user2311@hopital.sn,password123,agent
Ndiaye,Fatou,user2312@hopital.sn,password123,medecin
Fall,Cheikh,user2313@hopital.sn,password123,admin
Diallo,Oumar,user2314@hopital.sn,password123,admin
Ba,Cheikh,user2315@hopital.sn,password123,medecin
Fall,Fatou,user2316@hopital.sn,password123,admin
Sarr,Mariama,user2317@hopital.sn,password123,agent
Kane,Cheikh,user2318@hopital.sn,password123,agent
Faye,Fatou,user2319@hopital.sn,password123,medecin
Sarr,Aminata,user2320@hopital.sn,password123,admin
Sy,Abdoulaye,user2321@hopital.sn,password123,agent
Ndiaye,Mariama,user2322@hopital.sn,password123,agent
Fall,Khady,user2323@hopital.sn,password123,admin
Ba,Abdoulaye,user2324@hopital.sn,password123,medecin
Sarr,Ousmane,user2325@hopital.sn,password123,admin
Sarr,Mariama,user2326@hopital.sn,password123,admin
Faye,Abdoulaye,user2327@hopital.sn,password123,medecin
Diop,Moussa,user2328@hopital.sn,password123,agent
Fall,Moussa,user2329@hopital.sn,password123,medecin
Diop,Khady,user2330@hopital.sn,password123,admin
Sow,Fatou,user2331@hopital.sn,password123,admin
Sow,Ousmane,user2332@hopital.sn,password123,agent
Kane,Ibrahima,user2333@hopital.sn,password123,medecin
Diop,Mariama,user2334@hopital.sn,password123,medecin
Sow,Awa,user2335@hopital.sn,password123,agent
Ba,Mamadou,user2336@hopital.sn,password123,agent
Ndiaye,Fatou,user2337@hopital.sn,password123,agent
Fall,Awa,user2338@hopital.sn,password123,admin
Diop,Ibrahima,user2339@hopital.sn,password123,admin
Sarr,Awa,user2340@hopital.sn,password123,medecin
Fall,Cheikh,user2341@hopital.sn,password123,admin
Diallo,Oumar,user2342@hopital.sn,password123,admin
Ndiaye,Moussa,user2343@hopital.sn,password123,medecin
Kane,Mariama,user2344@hopital.sn,password123,agent
Gueye,Awa,user2345@hopital.sn,password123,admin
Diop,Moussa,user2346@hopital.sn,password123,medecin
Ba,Abdoulaye,user2347@hopital.sn,password123,agent
Sow,Moussa,user2348@hopital.sn,password123,medecin
Diop,Awa,user2349@hopital.sn,password123,medecin
Diallo,Mariama,user2350@hopital.sn,password123,agent
Kane,Khady,user2351@hopital.sn,password123,medecin
Diallo,Mamadou,user2352@hopital.sn,password123,agent
Fall,Aminata,user2353@hopital.sn,password123,medecin
Kane,Fatou,user2354@hopital.sn,password123,medecin
Ba,Mamadou,user2355@hopital.sn,password123,medecin
Ba,Ousmane,user2356@hopital.sn,password123,agent
Ndiaye,Ousmane,user2357@hopital.sn,password123,medecin
Sarr,Khady,user2358@hopital.sn,password123,agent
Sarr,Khady,user2359@hopital.sn,password123,medecin
Sy,Oumar,user2360@hopital.sn,password123,agent
Sarr,Ibrahima,user2361@hopital.sn,password123,agent
Sarr,Moussa,user2362@hopital.sn,password123,agent
Kane,Awa,user2363@hopital.sn,password123,admin
Diop,Mariama,user2364@hopital.sn,password123,admin
Kane,Mariama,user2365@hopital.sn,password123,medecin
Sow,Ibrahima,user2366@hopital.sn,password123,agent
Diallo,Moussa,user2367@hopital.sn,password123,agent
Sarr,Aminata,user2368@hopital.sn,password123,medecin
Diop,Mamadou,user2369@hopital.sn,password123,medecin
Gueye,Ibrahima,user2370@hopital.sn,password123,admin
Sarr,Cheikh,user2371@hopital.sn,password123,agent
Diop,Awa,user2372@hopital.sn,password123,agent
Kane,Mamadou,user2373@hopital.sn,password123,medecin
Sarr,Aminata,user2374@hopital.sn,password123,agent
Diallo,Ibrahima,user2375@hopital.sn,password123,agent
Gueye,Abdoulaye,user2376@hopital.sn,password123,admin
Ndiaye,Moussa,user2377@hopital.sn,password123,medecin
Diallo,Abdoulaye,user2378@hopital.sn,password123,agent
Ba,Mariama,user2379@hopital.sn,password123,medecin
Gueye,Cheikh,user2380@hopital.sn,password123,admin
Sarr,Cheikh,user2381@hopital.sn,password123,agent
Diallo,Mariama,user2382@hopital.sn,password123,admin
Fall,Cheikh,user2383@hopital.sn,password123,medecin
Ndiaye,Khady,user2384@hopital.sn,password123,admin
Kane,Oumar,user2385@hopital.sn,password123,admin
Diop,Mariama,user2386@hopital.sn,password123,admin
Diop,Oumar,user2387@hopital.sn,password123,agent
Diallo,Cheikh,user2388@hopital.sn,password123,admin
Fall,Aminata,user2389@hopital.sn,password123,admin
Sy,Abdoulaye,user2390@hopital.sn,password123,agent
Sarr,Ibrahima,user2391@hopital.sn,password123,agent
Diop,Ibrahima,user2392@hopital.sn,password123,agent
Kane,Khady,user2393@hopital.sn,password123,admin
Diop,Oumar,user2394@hopital.sn,password123,admin
Gueye,Cheikh,user2395@hopital.sn,password123,agent
Diop,Oumar,user2396@hopital.sn,password123,admin
Sy,Oumar,user2397@hopital.sn,password123,agent
Ndiaye,Fatou,user2398@hopital.sn,password123,agent
Gueye,Aminata,user2399@hopital.sn,password123,admin
Fall,Awa,user2400@hopital.sn,password123,medecin
Diop,Awa,user2401@hopital.sn,password123,admin
Kane,Mamadou,user2402@hopital.sn,password123,medecin
Diallo,Cheikh,user2403@hopital.sn,password123,medecin
Kane,Fatou,user2404@hopital.sn,password123,admin
Ba,Fatou,user2405@hopital.sn,password123,agent
Diop,Mamadou,user2406@hopital.sn,password123,agent
Sarr,Aminata,user2407@hopital.sn,password123,medecin
Ndiaye,Aminata,user2408@hopital.sn,password123,agent
Kane,Cheikh,user2409@hopital.sn,password123,medecin
Ndiaye,Abdoulaye,user2410@hopital.sn,password123,admin
Sy,Khady,user2411@hopital.sn,password123,medecin
Ndiaye,Ousmane,user2412@hopital.sn,password123,admin
Diop,Khady,user2413@hopital.sn,password123,admin
Kane,Khady,user2414@hopital.sn,password123,agent
Diop,Mamadou,user2415@hopital.sn,password123,medecin
Ba,Oumar,user2416@hopital.sn,password123,admin
Gueye,Khady,user2417@hopital.sn,password123,admin
Sy,Ibrahima,user2418@hopital.sn,password123,admin
Diallo,Fatou,user2419@hopital.sn,password123,agent
Ndiaye,Khady,user2420@hopital.sn,password123,agent
Ndiaye,Ousmane,user2421@hopital.sn,password123,agent
Diallo,Cheikh,user2422@hopital.sn,password123,agent
Kane,Mamadou,user2423@hopital.sn,password123,agent
Sarr,Ousmane,user2424@hopital.sn,password123,admin
Diop,Aminata,user2425@hopital.sn,password123,agent
Sy,Oumar,user2426@hopital.sn,password123,admin
Sy,Fatou,user2427@hopital.sn,password123,agent
Kane,Aminata,user2428@hopital.sn,password123,admin
Gueye,Ibrahima,user2429@hopital.sn,password123,medecin
Sarr,Ousmane,user2430@hopital.sn,password123,admin
Kane,Fatou,user2431@hopital.sn,password123,admin
Sy,Awa,user2432@hopital.sn,password123,agent
Kane,Abdoulaye,user2433@hopital.sn,password123,admin
Diallo,Moussa,user2434@hopital.sn,password123,medecin
Fall,Awa,user2435@hopital.sn,password123,medecin
Kane,Mamadou,user2436@hopital.sn,password123,medecin
Diallo,Ousmane,user2437@hopital.sn,password123,admin
Gueye,Ibrahima,user2438@hopital.sn,password123,medecin
Gueye,Mamadou,user2439@hopital.sn,password123,medecin
Sy,Mariama,user2440@hopital.sn,password123,admin
Gueye,Mamadou,user2441@hopital.sn,password123,agent
Kane,Fatou,user2442@hopital.sn,password123,medecin
Sarr,Moussa,user2443@hopital.sn,password123,agent
Diop,Fatou,user2444@hopital.sn,password123,agent
Ndiaye,Moussa,user2445@hopital.sn,password123,agent
Sow,Ousmane,user2446@hopital.sn,password123,agent
Sow,Moussa,user2447@hopital.sn,password123,medecin
Gueye,Awa,user2448@hopital.sn,password123,admin
Sy,Cheikh,user2449@hopital.sn,password123,agent
Ba,Khady,user2450@hopital.sn,password123,admin
Sy,Mamadou,user2451@hopital.sn,password123,agent
Sy,Mamadou,user2452@hopital.sn,password123,admin
Fall,Aminata,user2453@hopital.sn,password123,medecin
Sarr,Awa,user2454@hopital.sn,password123,medecin
Diallo,Ousmane,user2455@hopital.sn,password123,agent
Sow,Cheikh,user2456@hopital.sn,password123,agent
Ba,Oumar,user2457@hopital.sn,password123,agent
Kane,Khady,user2458@hopital.sn,password123,medecin
Ba,Mariama,user2459@hopital.sn,password123,agent
Gueye,Moussa,user2460@hopital.sn,password123,medecin
Gueye,Aminata,user2461@hopital.sn,password123,admin
Diop,Abdoulaye,user2462@hopital.sn,password123,agent
Diallo,Fatou,user2463@hopital.sn,password123,agent
Diallo,Ousmane,user2464@hopital.sn,password123,medecin
Gueye,Fatou,user2465@hopital.sn,password123,admin
Sow,Mamadou,user2466@hopital.sn,password123,agent
Gueye,Aminata,user2467@hopital.sn,password123,admin
Ba,Moussa,user2468@hopital.sn,password123,medecin
Ndiaye,Khady,user2469@hopital.sn,password123,agent
Diallo,Mamadou,user2470@hopital.sn,password123,agent
Diop,Abdoulaye,user2471@hopital.sn,password123,medecin
Diallo,Khady,user2472@hopital.sn,password123,agent
Fall,Mamadou,user2473@hopital.sn,password123,admin
Diop,Mamadou,user2474@hopital.sn,password123,admin
Ndiaye,Mariama,user2475@hopital.sn,password123,admin
Sy,Fatou,user2476@hopital.sn,password123,admin
Ba,Awa,user2477@hopital.sn,password123,agent
Sow,Awa,user2478@hopital.sn,password123,admin
Sarr,Abdoulaye,user2479@hopital.sn,password123,medecin
Gueye,Moussa,user2480@hopital.sn,password123,admin
Kane,Cheikh,user2481@hopital.sn,password123,medecin
Sarr,Mamadou,user2482@hopital.sn,password123,agent
Gueye,Fatou,user2483@hopital.sn,password123,medecin
Kane,Oumar,user2484@hopital.sn,password123,admin
Sow,Ousmane,user2485@hopital.sn,password123,agent
Faye,Oumar,user2486@hopital.sn,password123,medecin
Kane,Khady,user2487@hopital.sn,password123,agent
Gueye,Ibrahima,user2488@hopital.sn,password123,admin
Ba,Aminata,user2489@hopital.sn,password123,agent
Gueye,Ibrahima,user2490@hopital.sn,password123,admin
Fall,Mariama,user2491@hopital.sn,password123,admin
Ndiaye,Mamadou,user2492@hopital.sn,password123,admin
Sow,Fatou,user2493@hopital.sn,password123,agent
Diallo,Moussa,user2494@hopital.sn,password123,admin
Ba,Khady,user2495@hopital.sn,password123,admin
Kane,Ibrahima,user2496@hopital.sn,password123,medecin
Gueye,Ibrahima,user2497@hopital.sn,password123,admin
Sy,Moussa,user2498@hopital.sn,password123,agent
Sow,Ousmane,user2499@hopital.sn,password123,medecin
Fall,Ousmane,user2500@hopital.sn,password123,medecin
Fall,Aminata,user2501@hopital.sn,password123,agent
Gueye,Abdoulaye,user2502@hopital.sn,password123,medecin
Gueye,Mariama,user2503@hopital.sn,password123,agent
Sow,Ibrahima,user2504@hopital.sn,password123,medecin
Sy,Fatou,user2505@hopital.sn,password123,medecin
Sarr,Fatou,user2506@hopital.sn,password123,medecin
Faye,Fatou,user2507@hopital.sn,password123,medecin
Fall,Abdoulaye,user2508@hopital.sn,password123,admin
Faye,Fatou,user2509@hopital.sn,password123,medecin
Diop,Mamadou,user2510@hopital.sn,password123,agent
Ba,Ousmane,user2511@hopital.sn,password123,admin
Ndiaye,Aminata,user2512@hopital.sn,password123,agent
Faye,Mariama,user2513@hopital.sn,password123,agent
Diallo,Awa,user2514@hopital.sn,password123,medecin
Sy,Ousmane,user2515@hopital.sn,password123,agent
Diallo,Fatou,user2516@hopital.sn,password123,medecin
Faye,Oumar,user2517@hopital.sn,password123,admin
Sow,Aminata,user2518@hopital.sn,password123,admin
Faye,Khady,user2519@hopital.sn,password123,agent
Sow,Abdoulaye,user2520@hopital.sn,password123,admin
Sow,Oumar,user2521@hopital.sn,password123,agent
Ba,Abdoulaye,user2522@hopital.sn,password123,medecin
Ndiaye,Moussa,user2523@hopital.sn,password123,medecin
Sarr,Ibrahima,user2524@hopital.sn,password123,agent
Ndiaye,Ibrahima,user2525@hopital.sn,password123,admin
Fall,Mamadou,user2526@hopital.sn,password123,admin
Gueye,Moussa,user2527@hopital.sn,password123,admin
Kane,Abdoulaye,user2528@hopital.sn,password123,admin
Ndiaye,Abdoulaye,user2529@hopital.sn,password123,agent
Sow,Fatou,user2530@hopital.sn,password123,agent
Kane,Ousmane,user2531@hopital.sn,password123,agent
Diallo,Khady,user2532@hopital.sn,password123,admin
Sarr,Awa,user2533@hopital.sn,password123,admin
Ndiaye,Oumar,user2534@hopital.sn,password123,medecin
Gueye,Ousmane,user2535@hopital.sn,password123,medecin
Faye,Cheikh,user2536@hopital.sn,password123,medecin
Sarr,Mamadou,user2537@hopital.sn,password123,admin
Sy,Mamadou,user2538@hopital.sn,password123,agent
Sarr,Khady,user2539@hopital.sn,password123,medecin
Sarr,Fatou,user2540@hopital.sn,password123,medecin
Sow,Awa,user2541@hopital.sn,password123,admin
Faye,Oumar,user2542@hopital.sn,password123,medecin
Ba,Khady,user2543@hopital.sn,password123,medecin
Faye,Ousmane,user2544@hopital.sn,password123,admin
Kane,Cheikh,user2545@hopital.sn,password123,medecin
Ndiaye,Oumar,user2546@hopital.sn,password123,agent
Sarr,Fatou,user2547@hopital.sn,password123,agent
Faye,Fatou,user2548@hopital.sn,password123,medecin
Sarr,Mariama,user2549@hopital.sn,password123,medecin
Diop,Mamadou,user2550@hopital.sn,password123,medecin
Fall,Ibrahima,user2551@hopital.sn,password123,medecin
Diop,Cheikh,user2552@hopital.sn,password123,admin
Diallo,Ousmane,user2553@hopital.sn,password123,medecin
Diallo,Ousmane,user2554@hopital.sn,password123,agent
Sarr,Cheikh,user2555@hopital.sn,password123,admin
Diop,Ousmane,user2556@hopital.sn,password123,admin
Ba,Fatou,user2557@hopital.sn,password123,agent
Kane,Mamadou,user2558@hopital.sn,password123,medecin
Faye,Moussa,user2559@hopital.sn,password123,agent
Sow,Oumar,user2560@hopital.sn,password123,admin
Ba,Ousmane,user2561@hopital.sn,password123,medecin
Diallo,Mariama,user2562@hopital.sn,password123,medecin
Sy,Abdoulaye,user2563@hopital.sn,password123,agent
Fall,Abdoulaye,user2564@hopital.sn,password123,agent
Sy,Cheikh,user2565@hopital.sn,password123,medecin
Faye,Mariama,user2566@hopital.sn,password123,agent
Diop,Ousmane,user2567@hopital.sn,password123,admin
Sy,Ousmane,user2568@hopital.sn,password123,admin
Sy,Ibrahima,user2569@hopital.sn,password123,agent
Sy,Aminata,user2570@hopital.sn,password123,medecin
Gueye,Mamadou,user2571@hopital.sn,password123,admin
Ndiaye,Mamadou,user2572@hopital.sn,password123,admin
Sarr,Mariama,user2573@hopital.sn,password123,medecin
Kane,Fatou,user2574@hopital.sn,password123,agent
Sow,Fatou,user2575@hopital.sn,password123,agent
Fall,Awa,user2576@hopital.sn,password123,agent
Gueye,Ibrahima,user2577@hopital.sn,password123,agent
Ba,Khady,user2578@hopital.sn,password123,medecin
Gueye,Ibrahima,user2579@hopital.sn,password123,admin
Ba,Oumar,user2580@hopital.sn,password123,agent
Kane,Mamadou,user2581@hopital.sn,password123,agent
Ndiaye,Ousmane,user2582@hopital.sn,password123,admin
Kane,Awa,user2583@hopital.sn,password123,agent
Kane,Ibrahima,user2584@hopital.sn,password123,medecin
Gueye,Abdoulaye,user2585@hopital.sn,password123,admin
Fall,Moussa,user2586@hopital.sn,password123,admin
Kane,Fatou,user2587@hopital.sn,password123,agent
Ba,Cheikh,user2588@hopital.sn,password123,admin
Diop,Awa,user2589@hopital.sn,password123,admin
Ndiaye,Cheikh,user2590@hopital.sn,password123,medecin
Diallo,Moussa,user2591@hopital.sn,password123,admin
Gueye,Ibrahima,user2592@hopital.sn,password123,medecin
Gueye,Awa,user2593@hopital.sn,password123,agent
Sy,Mariama,user2594@hopital.sn,password123,admin
Ba,Moussa,user2595@hopital.sn,password123,admin
Diop,Aminata,user2596@hopital.sn,password123,medecin
Fall,Moussa,user2597@hopital.sn,password123,agent
Ndiaye,Abdoulaye,user2598@hopital.sn,password123,medecin
Diallo,Cheikh,user2599@hopital.sn,password123,agent
Ndiaye,Fatou,user2600@hopital.sn,password123,agent
Sow,Mariama,user2601@hopital.sn,password123,agent
Faye,Mariama,user2602@hopital.sn,password123,admin
Ba,Oumar,user2603@hopital.sn,password123,admin
Ndiaye,Fatou,user2604@hopital.sn,password123,agent
Gueye,Oumar,user2605@hopital.sn,password123,agent
Ndiaye,Oumar,user2606@hopital.sn,password123,medecin
Fall,Awa,user2607@hopital.sn,password123,medecin
Gueye,Cheikh,user2608@hopital.sn,password123,medecin
Sow,Abdoulaye,user2609@hopital.sn,password123,admin
Faye,Awa,user2610@hopital.sn,password123,agent
Ndiaye,Awa,user2611@hopital.sn,password123,agent
Ba,Cheikh,user2612@hopital.sn,password123,admin
Fall,Ibrahima,user2613@hopital.sn,password123,agent
Sy,Awa,user2614@hopital.sn,password123,medecin
Sy,Mariama,user2615@hopital.sn,password123,medecin
Ndiaye,Abdoulaye,user2616@hopital.sn,password123,agent
Sy,Cheikh,user2617@hopital.sn,password123,agent
Faye,Oumar,user2618@hopital.sn,password123,admin
Sarr,Cheikh,user2619@hopital.sn,password123,admin
Faye,Khady,user2620@hopital.sn,password123,agent
Ba,Khady,user2621@hopital.sn,password123,medecin
Fall,Mamadou,user2622@hopital.sn,password123,admin
Ndiaye,Mamadou,user2623@hopital.sn,password123,medecin
Sy,Cheikh,user2624@hopital.sn,password123,admin
Sow,Ibrahima,user2625@hopital.sn,password123,agent
Ndiaye,Abdoulaye,user2626@hopital.sn,password123,agent
Sarr,Aminata,user2627@hopital.sn,password123,medecin
Fall,Abdoulaye,user2628@hopital.sn,password123,admin
Sow,Cheikh,user2629@hopital.sn,password123,medecin
Diallo,Ousmane,user2630@hopital.sn,password123,admin
Diallo,Oumar,user2631@hopital.sn,password123,medecin
Ndiaye,Mamadou,user2632@hopital.sn,password123,medecin
Sow,Awa,user2633@hopital.sn,password123,agent
Sy,Abdoulaye,user2634@hopital.sn,password123,admin
Faye,Fatou,user2635@hopital.sn,password123,agent
Sow,Aminata,user2636@hopital.sn,password123,admin
Gueye,Aminata,user2637@hopital.sn,password123,agent
Diop,Cheikh,user2638@hopital.sn,password123,medecin
Diallo,Fatou,user2639@hopital.sn,password123,admin
Sy,Abdoulaye,user2640@hopital.sn,password123,admin
Diop,Mariama,user2641@hopital.sn,password123,agent
Diallo,Moussa,user2642@hopital.sn,password123,medecin
Sarr,Ibrahima,user2643@hopital.sn,password123,admin
Kane,Khady,user2644@hopital.sn,password123,medecin
Kane,Abdoulaye,user2645@hopital.sn,password123,medecin
Faye,Khady,user2646@hopital.sn,password123,admin
Faye,Mariama,user2647@hopital.sn,password123,agent
Fall,Mamadou,user2648@hopital.sn,password123,agent
Gueye,Ousmane,user2649@hopital.sn,password123,admin
Diop,Mariama,user2650@hopital.sn,password123,agent
Kane,Fatou,user2651@hopital.sn,password123,medecin
Fall,Oumar,user2652@hopital.sn,password123,medecin
Ndiaye,Awa,user2653@hopital.sn,password123,medecin
Ndiaye,Cheikh,user2654@hopital.sn,password123,admin
Diop,Moussa,user2655@hopital.sn,password123,admin
Ndiaye,Abdoulaye,user2656@hopital.sn,password123,agent
Sy,Ousmane,user2657@hopital.sn,password123,agent
Ba,Cheikh,user2658@hopital.sn,password123,agent
Sarr,Oumar,user2659@hopital.sn,password123,admin
Diop,Abdoulaye,user2660@hopital.sn,password123,admin
Gueye,Mamadou,user2661@hopital.sn,password123,medecin
Faye,Oumar,user2662@hopital.sn,password123,agent
Gueye,Moussa,user2663@hopital.sn,password123,medecin
Diallo,Awa,user2664@hopital.sn,password123,agent
Sow,Ousmane,user2665@hopital.sn,password123,agent
Kane,Moussa,user2666@hopital.sn,password123,agent
Gueye,Mariama,user2667@hopital.sn,password123,agent
Diop,Mamadou,user2668@hopital.sn,password123,admin
Ndiaye,Fatou,user2669@hopital.sn,password123,medecin
Sarr,Mariama,user2670@hopital.sn,password123,agent
Faye,Moussa,user2671@hopital.sn,password123,admin
Ba,Ibrahima,user2672@hopital.sn,password123,admin
Sow,Khady,user2673@hopital.sn,password123,agent
Faye,Mariama,user2674@hopital.sn,password123,admin
Ba,Ibrahima,user2675@hopital.sn,password123,agent
Gueye,Oumar,user2676@hopital.sn,password123,agent
Fall,Moussa,user2677@hopital.sn,password123,medecin
Kane,Oumar,user2678@hopital.sn,password123,agent
Diop,Khady,user2679@hopital.sn,password123,admin
Diop,Abdoulaye,user2680@hopital.sn,password123,medecin
Fall,Cheikh,user2681@hopital.sn,password123,admin
Kane,Awa,user2682@hopital.sn,password123,medecin
Fall,Cheikh,user2683@hopital.sn,password123,admin
Sarr,Aminata,user2684@hopital.sn,password123,medecin
Ndiaye,Fatou,user2685@hopital.sn,password123,admin
Ba,Khady,user2686@hopital.sn,password123,admin
Sarr,Ibrahima,user2687@hopital.sn,password123,admin
Gueye,Ousmane,user2688@hopital.sn,password123,agent
Diop,Cheikh,user2689@hopital.sn,password123,medecin
Sy,Ibrahima,user2690@hopital.sn,password123,admin
Ndiaye,Mariama,user2691@hopital.sn,password123,admin
Faye,Mamadou,user2692@hopital.sn,password123,medecin
Sy,Oumar,user2693@hopital.sn,password123,agent
Gueye,Mamadou,user2694@hopital.sn,password123,admin
Faye,Fatou,user2695@hopital.sn,password123,admin
Sarr,Cheikh,user2696@hopital.sn,password123,agent
Diop,Ousmane,user2697@hopital.sn,password123,agent
Ndiaye,Aminata,user2698@hopital.sn,password123,agent
Sow,Oumar,user2699@hopital.sn,password123,medecin
Sy,Aminata,user2700@hopital.sn,password123,agent
Sy,Aminata,user2701@hopital.sn,password123,agent
Ndiaye,Cheikh,user2702@hopital.sn,password123,medecin
Diallo,Cheikh,user2703@hopital.sn,password123,medecin
Fall,Aminata,user2704@hopital.sn,password123,admin
Fall,Moussa,user2705@hopital.sn,password123,agent
Faye,Khady,user2706@hopital.sn,password123,admin
Sy,Aminata,user2707@hopital.sn,password123,admin
Fall,Ibrahima,user2708@hopital.sn,password123,medecin
Sow,Mariama,user2709@hopital.sn,password123,medecin
Kane,Oumar,user2710@hopital.sn,password123,medecin
Ba,Aminata,user2711@hopital.sn,password123,agent
Faye,Awa,user2712@hopital.sn,password123,agent
Sow,Fatou,user2713@hopital.sn,password123,admin
Kane,Abdoulaye,user2714@hopital.sn,password123,admin
Sow,Oumar,user2715@hopital.sn,password123,medecin
Kane,Mamadou,user2716@hopital.sn,password123,admin
Sy,Oumar,user2717@hopital.sn,password123,agent
Ba,Cheikh,user2718@hopital.sn,password123,admin
Ba,Moussa,user2719@hopital.sn,password123,agent
Ndiaye,Oumar,user2720@hopital.sn,password123,agent
Fall,Abdoulaye,user2721@hopital.sn,password123,medecin
Diallo,Oumar,user2722@hopital.sn,password123,admin
Faye,Cheikh,user2723@hopital.sn,password123,agent
Sarr,Mariama,user2724@hopital.sn,password123,admin
Diop,Abdoulaye,user2725@hopital.sn,password123,agent
Ndiaye,Mamadou,user2726@hopital.sn,password123,medecin
Diop,Ousmane,user2727@hopital.sn,password123,admin
Ndiaye,Mamadou,user2728@hopital.sn,password123,admin
Sy,Fatou,user2729@hopital.sn,password123,admin
Fall,Cheikh,user2730@hopital.sn,password123,agent
Diop,Khady,user2731@hopital.sn,password123,admin
Ndiaye,Cheikh,user2732@hopital.sn,password123,agent
Ndiaye,Mamadou,user2733@hopital.sn,password123,admin
Ba,Khady,user2734@hopital.sn,password123,admin
Ba,Abdoulaye,user2735@hopital.sn,password123,agent
Gueye,Abdoulaye,user2736@hopital.sn,password123,medecin
Sow,Aminata,user2737@hopital.sn,password123,agent
Faye,Ibrahima,user2738@hopital.sn,password123,agent
Kane,Ousmane,user2739@hopital.sn,password123,admin
Ndiaye,Aminata,user2740@hopital.sn,password123,admin
Diop,Ibrahima,user2741@hopital.sn,password123,medecin
Ba,Oumar,user2742@hopital.sn,password123,medecin
Diallo,Fatou,user2743@hopital.sn,password123,admin
Fall,Ibrahima,user2744@hopital.sn,password123,agent
Ndiaye,Fatou,user2745@hopital.sn,password123,medecin
Sarr,Fatou,user2746@hopital.sn,password123,medecin
Sow,Mamadou,user2747@hopital.sn,password123,admin
Gueye,Cheikh,user2748@hopital.sn,password123,medecin
Diallo,Mariama,user2749@hopital.sn,password123,agent
Ndiaye,Mamadou,user2750@hopital.sn,password123,medecin
Ba,Cheikh,user2751@hopital.sn,password123,admin
Sow,Mamadou,user2752@hopital.sn,password123,admin
Sow,Moussa,user2753@hopital.sn,password123,agent
Kane,Awa,user2754@hopital.sn,password123,agent
Diallo,Ibrahima,user2755@hopital.sn,password123,admin
Diop,Mamadou,user2756@hopital.sn,password123,agent
Ba,Aminata,user2757@hopital.sn,password123,agent
Kane,Fatou,user2758@hopital.sn,password123,medecin
Sarr,Oumar,user2759@hopital.sn,password123,admin
Fall,Khady,user2760@hopital.sn,password123,medecin
Ndiaye,Moussa,user2761@hopital.sn,password123,admin
Sy,Cheikh,user2762@hopital.sn,password123,agent
Faye,Cheikh,user2763@hopital.sn,password123,agent
Gueye,Ousmane,user2764@hopital.sn,password123,medecin
Sarr,Moussa,user2765@hopital.sn,password123,admin
Diop,Mamadou,user2766@hopital.sn,password123,medecin
Gueye,Awa,user2767@hopital.sn,password123,agent
Ba,Aminata,user2768@hopital.sn,password123,admin
Diallo,Cheikh,user2769@hopital.sn,password123,agent
Kane,Aminata,user2770@hopital.sn,password123,agent
Sarr,Oumar,user2771@hopital.sn,password123,medecin
Diop,Mamadou,user2772@hopital.sn,password123,medecin
Diop,Oumar,user2773@hopital.sn,password123,agent
Ba,Moussa,user2774@hopital.sn,password123,admin
Ba,Aminata,user2775@hopital.sn,password123,admin
Kane,Mariama,user2776@hopital.sn,password123,medecin
Sow,Khady,user2777@hopital.sn,password123,admin
Sow,Aminata,user2778@hopital.sn,password123,medecin
Gueye,Ousmane,user2779@hopital.sn,password123,admin
Diop,Khady,user2780@hopital.sn,password123,medecin
Ba,Mamadou,user2781@hopital.sn,password123,agent
Diallo,Moussa,user2782@hopital.sn,password123,admin
Sarr,Cheikh,user2783@hopital.sn,password123,admin
Diop,Abdoulaye,user2784@hopital.sn,password123,admin
Diallo,Abdoulaye,user2785@hopital.sn,password123,medecin
Sarr,Ibrahima,user2786@hopital.sn,password123,medecin
Gueye,Moussa,user2787@hopital.sn,password123,medecin
Kane,Khady,user2788@hopital.sn,password123,medecin
Diallo,Mamadou,user2789@hopital.sn,password123,admin
Faye,Cheikh,user2790@hopital.sn,password123,admin
Fall,Mariama,user2791@hopital.sn,password123,agent
Fall,Aminata,user2792@hopital.sn,password123,medecin
Sarr,Mamadou,user2793@hopital.sn,password123,medecin
Sow,Abdoulaye,user2794@hopital.sn,password123,admin
Sow,Khady,user2795@hopital.sn,password123,agent
Diop,Oumar,user2796@hopital.sn,password123,agent
Sy,Fatou,user2797@hopital.sn,password123,admin
Ndiaye,Khady,user2798@hopital.sn,password123,admin
Sarr,Cheikh,user2799@hopital.sn,password123,admin
Ba,Ibrahima,user2800@hopital.sn,password123,agent
Faye,Abdoulaye,user2801@hopital.sn,password123,agent
Ndiaye,Aminata,user2802@hopital.sn,password123,medecin
Ndiaye,Fatou,user2803@hopital.sn,password123,admin
Sarr,Aminata,user2804@hopital.sn,password123,agent
Sarr,Mamadou,user2805@hopital.sn,password123,admin
Sow,Aminata,user2806@hopital.sn,password123,medecin
Diop,Khady,user2807@hopital.sn,password123,medecin
Sow,Awa,user2808@hopital.sn,password123,medecin
Kane,Mariama,user2809@hopital.sn,password123,admin
Ba,Ousmane,user2810@hopital.sn,password123,agent
Ndiaye,Awa,user2811@hopital.sn,password123,agent
Sarr,Mamadou,user2812@hopital.sn,password123,agent
Sow,Awa,user2813@hopital.sn,password123,medecin
Ba,Mamadou,user2814@hopital.sn,password123,admin
Sow,Awa,user2815@hopital.sn,password123,admin
Ndiaye,Oumar,user2816@hopital.sn,password123,medecin
Ndiaye,Awa,user2817@hopital.sn,password123,medecin
Faye,Khady,user2818@hopital.sn,password123,agent
Diallo,Awa,user2819@hopital.sn,password123,medecin
Diallo,Awa,user2820@hopital.sn,password123,agent
Sy,Fatou,user2821@hopital.sn,password123,medecin
Gueye,Fatou,user2822@hopital.sn,password123,agent
Fall,Ousmane,user2823@hopital.sn,password123,medecin
Sarr,Mariama,user2824@hopital.sn,password123,agent
Ndiaye,Abdoulaye,user2825@hopital.sn,password123,admin
Diallo,Aminata,user2826@hopital.sn,password123,agent
Faye,Oumar,user2827@hopital.sn,password123,medecin
Sow,Mariama,user2828@hopital.sn,password123,medecin
Sow,Cheikh,user2829@hopital.sn,password123,agent
Sy,Fatou,user2830@hopital.sn,password123,medecin
Sy,Cheikh,user2831@hopital.sn,password123,admin
Ba,Ousmane,user2832@hopital.sn,password123,agent
Ndiaye,Oumar,user2833@hopital.sn,password123,agent
Kane,Awa,user2834@hopital.sn,password123,medecin
Ba,Ibrahima,user2835@hopital.sn,password123,admin
Sow,Mamadou,user2836@hopital.sn,password123,medecin
Ba,Mariama,user2837@hopital.sn,password123,agent
Ba,Awa,user2838@hopital.sn,password123,admin
Sy,Khady,user2839@hopital.sn,password123,agent
Gueye,Aminata,user2840@hopital.sn,password123,agent
Diallo,Fatou,user2841@hopital.sn,password123,admin
Gueye,Moussa,user2842@hopital.sn,password123,medecin
Sy,Moussa,user2843@hopital.sn,password123,medecin
Kane,Moussa,user2844@hopital.sn,password123,medecin
Ba,Awa,user2845@hopital.sn,password123,admin
Faye,Oumar,user2846@hopital.sn,password123,medecin
Ba,Awa,user2847@hopital.sn,password123,medecin
Sow,Mariama,user2848@hopital.sn,password123,medecin
Gueye,Aminata,user2849@hopital.sn,password123,admin
Ndiaye,Awa,user2850@hopital.sn,password123,admin
Sarr,Khady,user2851@hopital.sn,password123,agent
Fall,Moussa,user2852@hopital.sn,password123,admin
Sarr,Abdoulaye,user2853@hopital.sn,password123,admin
Faye,Awa,user2854@hopital.sn,password123,admin
Kane,Ousmane,user2855@hopital.sn,password123,admin
Fall,Awa,user2856@hopital.sn,password123,medecin
Sow,Mamadou,user2857@hopital.sn,password123,admin
Sow,Mariama,user2858@hopital.sn,password123,admin
Diallo,Mamadou,user2859@hopital.sn,password123,agent
Ndiaye,Abdoulaye,user2860@hopital.sn,password123,agent
Faye,Cheikh,user2861@hopital.sn,password123,medecin
Ba,Ousmane,user2862@hopital.sn,password123,agent
Kane,Mamadou,user2863@hopital.sn,password123,agent
Fall,Aminata,user2864@hopital.sn,password123,admin
Faye,Mariama,user2865@hopital.sn,password123,medecin
Sow,Mamadou,user2866@hopital.sn,password123,admin
Kane,Fatou,user2867@hopital.sn,password123,agent
Kane,Abdoulaye,user2868@hopital.sn,password123,medecin
Kane,Mariama,user2869@hopital.sn,password123,medecin
Diop,Ousmane,user2870@hopital.sn,password123,agent
Ba,Aminata,user2871@hopital.sn,password123,medecin
Ba,Fatou,user2872@hopital.sn,password123,admin
Sow,Awa,user2873@hopital.sn,password123,medecin
Diallo,Ousmane,user2874@hopital.sn,password123,medecin
Sow,Moussa,user2875@hopital.sn,password123,medecin
Gueye,Fatou,user2876@hopital.sn,password123,agent
Sow,Mamadou,user2877@hopital.sn,password123,admin
Faye,Mariama,user2878@hopital.sn,password123,medecin
Diallo,Khady,user2879@hopital.sn,password123,agent
Sy,Ousmane,user2880@hopital.sn,password123,agent
Ba,Cheikh,user2881@hopital.sn,password123,admin
Ba,Fatou,user2882@hopital.sn,password123,agent
Faye,Mariama,user2883@hopital.sn,password123,admin
Sow,Cheikh,user2884@hopital.sn,password123,agent
Faye,Khady,user2885@hopital.sn,password123,admin
Faye,Ibrahima,user2886@hopital.sn,password123,medecin
Gueye,Oumar,user2887@hopital.sn,password123,agent
Sow,Cheikh,user2888@hopital.sn,password123,medecin
Gueye,Ousmane,user2889@hopital.sn,password123,agent
Kane,Abdoulaye,user2890@hopital.sn,password123,medecin
Diop,Khady,user2891@hopital.sn,password123,medecin
Diallo,Aminata,user2892@hopital.sn,password123,medecin
Sarr,Mariama,user2893@hopital.sn,password123,medecin
Kane,Mariama,user2894@hopital.sn,password123,agent
Kane,Moussa,user2895@hopital.sn,password123,medecin
Sarr,Mamadou,user2896@hopital.sn,password123,medecin
Sow,Mariama,user2897@hopital.sn,password123,agent
Kane,Aminata,user2898@hopital.sn,password123,agent
Gueye,Cheikh,user2899@hopital.sn,password123,medecin
Fall,Aminata,user2900@hopital.sn,password123,agent
Fall,Ousmane,user2901@hopital.sn,password123,medecin
Sarr,Ousmane,user2902@hopital.sn,password123,agent
Gueye,Mariama,user2903@hopital.sn,password123,agent
Sarr,Fatou,user2904@hopital.sn,password123,agent
Kane,Mamadou,user2905@hopital.sn,password123,admin
Sy,Oumar,user2906@hopital.sn,password123,medecin
Ba,Ousmane,user2907@hopital.sn,password123,agent
Faye,Mariama,user2908@hopital.sn,password123,medecin
Faye,Ibrahima,user2909@hopital.sn,password123,admin
Gueye,Moussa,user2910@hopital.sn,password123,agent
Ba,Oumar,user2911@hopital.sn,password123,admin
Ndiaye,Aminata,user2912@hopital.sn,password123,medecin
Faye,Moussa,user2913@hopital.sn,password123,agent
Sarr,Abdoulaye,user2914@hopital.sn,password123,medecin
Ba,Ousmane,user2915@hopital.sn,password123,admin
Fall,Aminata,user2916@hopital.sn,password123,agent
Faye,Ibrahima,user2917@hopital.sn,password123,medecin
Sow,Awa,user2918@hopital.sn,password123,agent
Gueye,Aminata,user2919@hopital.sn,password123,admin
Sarr,Mamadou,user2920@hopital.sn,password123,agent
Sow,Oumar,user2921@hopital.sn,password123,admin
Kane,Moussa,user2922@hopital.sn,password123,agent
Ba,Moussa,user2923@hopital.sn,password123,agent
Faye,Awa,user2924@hopital.sn,password123,medecin
Sow,Cheikh,user2925@hopital.sn,password123,agent
Diop,Oumar,user2926@hopital.sn,password123,agent
Kane,Ousmane,user2927@hopital.sn,password123,medecin
Sow,Khady,user2928@hopital.sn,password123,admin
Gueye,Cheikh,user2929@hopital.sn,password123,medecin
Sarr,Abdoulaye,user2930@hopital.sn,password123,medecin
Gueye,Oumar,user2931@hopital.sn,password123,agent
Sy,Cheikh,user2932@hopital.sn,password123,admin
Kane,Ibrahima,user2933@hopital.sn,password123,agent
Gueye,Aminata,user2934@hopital.sn,password123,agent
Diallo,Mariama,user2935@hopital.sn,password123,medecin
Fall,Abdoulaye,user2936@hopital.sn,password123,agent
Ndiaye,Ibrahima,user2937@hopital.sn,password123,admin
Ba,Moussa,user2938@hopital.sn,password123,agent
Gueye,Moussa,user2939@hopital.sn,password123,admin
Diop,Mamadou,user2940@hopital.sn,password123,agent
Sow,Aminata,user2941@hopital.sn,password123,medecin
Fall,Awa,user2942@hopital.sn,password123,admin
Sow,Cheikh,user2943@hopital.sn,password123,admin
Ndiaye,Aminata,user2944@hopital.sn,password123,admin
Fall,Aminata,user2945@hopital.sn,password123,agent
Sy,Abdoulaye,user2946@hopital.sn,password123,admin
Gueye,Awa,user2947@hopital.sn,password123,agent
Diallo,Awa,user2948@hopital.sn,password123,admin
Ndiaye,Awa,user2949@hopital.sn,password123,agent
Ndiaye,Aminata,user2950@hopital.sn,password123,agent
Ba,Mamadou,user2951@hopital.sn,password123,admin
Sow,Oumar,user2952@hopital.sn,password123,medecin
Sow,Fatou,user2953@hopital.sn,password123,agent
Faye,Cheikh,user2954@hopital.sn,password123,admin
Sarr,Ousmane,user2955@hopital.sn,password123,admin
Kane,Oumar,user2956@hopital.sn,password123,medecin
Fall,Ibrahima,user2957@hopital.sn,password123,admin
Diop,Oumar,user2958@hopital.sn,password123,admin
Gueye,Mariama,user2959@hopital.sn,password123,admin
Diop,Oumar,user2960@hopital.sn,password123,medecin
Diop,Moussa,user2961@hopital.sn,password123,agent
Ndiaye,Khady,user2962@hopital.sn,password123,agent
Kane,Oumar,user2963@hopital.sn,password123,medecin
Ndiaye,Abdoulaye,user2964@hopital.sn,password123,admin
Fall,Moussa,user2965@hopital.sn,password123,medecin
Gueye,Abdoulaye,user2966@hopital.sn,password123,admin
Sarr,Moussa,user2967@hopital.sn,password123,admin
Faye,Cheikh,user2968@hopital.sn,password123,agent
Fall,Mariama,user2969@hopital.sn,password123,medecin
Diallo,Oumar,user2970@hopital.sn,password123,admin
Sy,Ousmane,user2971@hopital.sn,password123,agent
Sy,Abdoulaye,user2972@hopital.sn,password123,admin
Ndiaye,Moussa,user2973@hopital.sn,password123,admin
Kane,Mariama,user2974@hopital.sn,password123,agent
Kane,Aminata,user2975@hopital.sn,password123,medecin
Sarr,Aminata,user2976@hopital.sn,password123,admin
Gueye,Oumar,user2977@hopital.sn,password123,admin
Ndiaye,Awa,user2978@hopital.sn,password123,admin
Kane,Abdoulaye,user2979@hopital.sn,password123,medecin
Diallo,Moussa,user2980@hopital.sn,password123,medecin
Kane,Mamadou,user2981@hopital.sn,password123,admin
Sy,Abdoulaye,user2982@hopital.sn,password123,admin
Diop,Mariama,user2983@hopital.sn,password123,agent
Fall,Aminata,user2984@hopital.sn,password123,admin
Sy,Awa,user2985@hopital.sn,password123,admin
Faye,Mamadou,user2986@hopital.sn,password123,admin
Fall,Mariama,user2987@hopital.sn,password123,medecin
Gueye,Abdoulaye,user2988@hopital.sn,password123,medecin
Kane,Cheikh,user2989@hopital.sn,password123,medecin
Fall,Mariama,user2990@hopital.sn,password123,medecin
Sow,Ibrahima,user2991@hopital.sn,password123,agent
Kane,Khady,user2992@hopital.sn,password123,medecin
Faye,Aminata,user2993@hopital.sn,password123,medecin
Diop,Mariama,user2994@hopital.sn,password123,medecin
Diallo,Khady,user2995@hopital.sn,password123,agent
Sow,Moussa,user2996@hopital.sn,password123,admin
Ndiaye,Khady,user2997@hopital.sn,password123,medecin
Ba,Ibrahima,user2998@hopital.sn,password123,agent
Diallo,Cheikh,user2999@hopital.sn,password123,agent
Ndiaye,Ousmane,user3000@hopital.sn,password123,medecin
Faye,Mamadou,user3001@hopital.sn,password123,agent
Sow,Aminata,user3002@hopital.sn,password123,agent
Sy,Awa,user3003@hopital.sn,password123,medecin
Ndiaye,Mariama,user3004@hopital.sn,password123,admin
Gueye,Mamadou,user3005@hopital.sn,password123,agent
Gueye,Mariama,user3006@hopital.sn,password123,admin
Ba,Cheikh,user3007@hopital.sn,password123,admin
Ndiaye,Abdoulaye,user3008@hopital.sn,password123,admin
Faye,Moussa,user3009@hopital.sn,password123,admin
Kane,Ousmane,user3010@hopital.sn,password123,agent
Sow,Awa,user3011@hopital.sn,password123,admin
Sy,Abdoulaye,user3012@hopital.sn,password123,agent
Sarr,Mariama,user3013@hopital.sn,password123,agent
Ndiaye,Cheikh,user3014@hopital.sn,password123,admin
Sow,Aminata,user3015@hopital.sn,password123,admin
Sarr,Moussa,user3016@hopital.sn,password123,medecin
Faye,Mamadou,user3017@hopital.sn,password123,medecin
Ndiaye,Abdoulaye,user3018@hopital.sn,password123,agent
Sarr,Cheikh,user3019@hopital.sn,password123,medecin
Ba,Ibrahima,user3020@hopital.sn,password123,admin
Ba,Mamadou,user3021@hopital.sn,password123,agent
Diallo,Aminata,user3022@hopital.sn,password123,agent
Kane,Oumar,user3023@hopital.sn,password123,admin
Gueye,Ousmane,user3024@hopital.sn,password123,medecin
Sarr,Ibrahima,user3025@hopital.sn,password123,medecin
Ndiaye,Oumar,user3026@hopital.sn,password123,medecin
Sy,Mamadou,user3027@hopital.sn,password123,agent
Diallo,Fatou,user3028@hopital.sn,password123,medecin
Diop,Moussa,user3029@hopital.sn,password123,agent
Gueye,Moussa,user3030@hopital.sn,password123,agent
Gueye,Moussa,user3031@hopital.sn,password123,medecin
Diop,Aminata,user3032@hopital.sn,password123,admin
Ndiaye,Oumar,user3033@hopital.sn,password123,admin
Sow,Moussa,user3034@hopital.sn,password123,agent
Sy,Aminata,user3035@hopital.sn,password123,agent
Fall,Aminata,user3036@hopital.sn,password123,agent
Sarr,Aminata,user3037@hopital.sn,password123,admin
Fall,Abdoulaye,user3038@hopital.sn,password123,medecin
Ba,Ousmane,user3039@hopital.sn,password123,admin
Sy,Ousmane,user3040@hopital.sn,password123,medecin
Ba,Mamadou,user3041@hopital.sn,password123,agent
Faye,Awa,user3042@hopital.sn,password123,medecin
Gueye,Ousmane,user3043@hopital.sn,password123,medecin
Diallo,Mamadou,user3044@hopital.sn,password123,agent
Fall,Mamadou,user3045@hopital.sn,password123,admin
Sow,Cheikh,user3046@hopital.sn,password123,agent
Ba,Mamadou,user3047@hopital.sn,password123,medecin
Sow,Cheikh,user3048@hopital.sn,password123,admin
Diop,Ousmane,user3049@hopital.sn,password123,admin
Kane,Aminata,user3050@hopital.sn,password123,medecin
Diop,Khady,user3051@hopital.sn,password123,medecin
Ndiaye,Oumar,user3052@hopital.sn,password123,medecin
Sarr,Ousmane,user3053@hopital.sn,password123,agent
Faye,Mamadou,user3054@hopital.sn,password123,admin
Sow,Ibrahima,user3055@hopital.sn,password123,medecin
Kane,Fatou,user3056@hopital.sn,password123,medecin
Gueye,Cheikh,user3057@hopital.sn,password123,medecin
Ndiaye,Fatou,user3058@hopital.sn,password123,admin
Diallo,Moussa,user3059@hopital.sn,password123,admin
Sow,Cheikh,user3060@hopital.sn,password123,agent
Diallo,Mariama,user3061@hopital.sn,password123,admin
Sow,Abdoulaye,user3062@hopital.sn,password123,medecin
Kane,Aminata,user3063@hopital.sn,password123,admin
Ba,Abdoulaye,user3064@hopital.sn,password123,agent
Sarr,Aminata,user3065@hopital.sn,password123,admin
Sarr,Abdoulaye,user3066@hopital.sn,password123,agent
Sarr,Ibrahima,user3067@hopital.sn,password123,agent
Kane,Ibrahima,user3068@hopital.sn,password123,admin
Kane,Fatou,user3069@hopital.sn,password123,medecin
Ndiaye,Aminata,user3070@hopital.sn,password123,agent
Kane,Aminata,user3071@hopital.sn,password123,agent
Fall,Cheikh,user3072@hopital.sn,password123,admin
Ba,Awa,user3073@hopital.sn,password123,admin
Ba,Cheikh,user3074@hopital.sn,password123,medecin
Diallo,Khady,user3075@hopital.sn,password123,agent
Diop,Fatou,user3076@hopital.sn,password123,admin
Gueye,Cheikh,user3077@hopital.sn,password123,admin
Ba,Oumar,user3078@hopital.sn,password123,medecin
Fall,Mamadou,user3079@hopital.sn,password123,medecin
Diop,Ibrahima,user3080@hopital.sn,password123,admin
Ndiaye,Ousmane,user3081@hopital.sn,password123,agent
Ndiaye,Cheikh,user3082@hopital.sn,password123,medecin
Sow,Ousmane,user3083@hopital.sn,password123,agent
Diop,Awa,user3084@hopital.sn,password123,admin
Sow,Cheikh,user3085@hopital.sn,password123,medecin
Ndiaye,Moussa,user3086@hopital.sn,password123,admin
Sy,Abdoulaye,user3087@hopital.sn,password123,medecin
Fall,Mariama,user3088@hopital.sn,password123,agent
Sarr,Abdoulaye,user3089@hopital.sn,password123,medecin
Sow,Mamadou,user3090@hopital.sn,password123,admin
Ba,Mariama,user3091@hopital.sn,password123,agent
Sow,Fatou,user3092@hopital.sn,password123,agent
Diallo,Mamadou,user3093@hopital.sn,password123,admin
Sarr,Awa,user3094@hopital.sn,password123,medecin
Ba,Moussa,user3095@hopital.sn,password123,medecin
Faye,Oumar,user3096@hopital.sn,password123,admin
Ba,Oumar,user3097@hopital.sn,password123,medecin
Fall,Awa,user3098@hopital.sn,password123,agent
Diallo,Cheikh,user3099@hopital.sn,password123,admin
Gueye,Khady,user3100@hopital.sn,password123,admin
Sarr,Aminata,user3101@hopital.sn,password123,admin
Diallo,Oumar,user3102@hopital.sn,password123,admin
Faye,Moussa,user3103@hopital.sn,password123,admin
Sarr,Cheikh,user3104@hopital.sn,password123,agent
Diop,Aminata,user3105@hopital.sn,password123,agent
Diop,Ousmane,user3106@hopital.sn,password123,medecin
Sy,Abdoulaye,user3107@hopital.sn,password123,agent
Kane,Abdoulaye,user3108@hopital.sn,password123,admin
Sow,Khady,user3109@hopital.sn,password123,medecin
Fall,Cheikh,user3110@hopital.sn,password123,agent
Faye,Khady,user3111@hopital.sn,password123,agent
Sy,Abdoulaye,user3112@hopital.sn,password123,agent
Fall,Cheikh,user3113@hopital.sn,password123,admin
Sy,Mamadou,user3114@hopital.sn,password123,medecin
Fall,Ousmane,user3115@hopital.sn,password123,medecin
Ndiaye,Ibrahima,user3116@hopital.sn,password123,medecin
Sarr,Abdoulaye,user3117@hopital.sn,password123,medecin
Ndiaye,Cheikh,user3118@hopital.sn,password123,admin
Sow,Cheikh,user3119@hopital.sn,password123,medecin
Sarr,Moussa,user3120@hopital.sn,password123,admin
Ndiaye,Khady,user3121@hopital.sn,password123,admin
Fall,Abdoulaye,user3122@hopital.sn,password123,admin
Sow,Fatou,user3123@hopital.sn,password123,medecin
Fall,Fatou,user3124@hopital.sn,password123,admin
Sy,Mariama,user3125@hopital.sn,password123,admin
Sy,Fatou,user3126@hopital.sn,password123,medecin
Fall,Oumar,user3127@hopital.sn,password123,agent
Kane,Khady,user3128@hopital.sn,password123,agent
Diop,Awa,user3129@hopital.sn,password123,medecin
Sow,Moussa,user3130@hopital.sn,password123,agent
Faye,Oumar,user3131@hopital.sn,password123,medecin
Diallo,Mamadou,user3132@hopital.sn,password123,agent
Ndiaye,Oumar,user3133@hopital.sn,password123,agent
Sy,Ousmane,user3134@hopital.sn,password123,agent
Diop,Oumar,user3135@hopital.sn,password123,admin
Diop,Abdoulaye,user3136@hopital.sn,password123,admin
Sy,Fatou,user3137@hopital.sn,password123,admin
Sow,Awa,user3138@hopital.sn,password123,agent
Ndiaye,Khady,user3139@hopital.sn,password123,medecin
Sow,Cheikh,user3140@hopital.sn,password123,medecin
Sy,Mariama,user3141@hopital.sn,password123,agent
Ndiaye,Ibrahima,user3142@hopital.sn,password123,admin
Diallo,Mamadou,user3143@hopital.sn,password123,admin
Kane,Moussa,user3144@hopital.sn,password123,admin
Sy,Mamadou,user3145@hopital.sn,password123,medecin
Ndiaye,Mariama,user3146@hopital.sn,password123,medecin
Sarr,Awa,user3147@hopital.sn,password123,agent
Sy,Abdoulaye,user3148@hopital.sn,password123,admin
Ba,Oumar,user3149@hopital.sn,password123,admin
Ba,Khady,user3150@hopital.sn,password123,admin
Faye,Khady,user3151@hopital.sn,password123,medecin
Kane,Mariama,user3152@hopital.sn,password123,admin
Kane,Ousmane,user3153@hopital.sn,password123,medecin
Diop,Awa,user3154@hopital.sn,password123,agent
Gueye,Awa,user3155@hopital.sn,password123,medecin
Gueye,Ibrahima,user3156@hopital.sn,password123,admin
Fall,Khady,user3157@hopital.sn,password123,agent
Faye,Mariama,user3158@hopital.sn,password123,medecin
Gueye,Moussa,user3159@hopital.sn,password123,admin
Sow,Aminata,user3160@hopital.sn,password123,agent
Gueye,Moussa,user3161@hopital.sn,password123,medecin
Fall,Fatou,user3162@hopital.sn,password123,agent
Kane,Mamadou,user3163@hopital.sn,password123,admin
Sy,Ousmane,user3164@hopital.sn,password123,medecin
Kane,Fatou,user3165@hopital.sn,password123,agent
Sow,Fatou,user3166@hopital.sn,password123,admin
Kane,Fatou,user3167@hopital.sn,password123,admin
Diop,Mariama,user3168@hopital.sn,password123,medecin
Diop,Ibrahima,user3169@hopital.sn,password123,medecin
Kane,Mariama,user3170@hopital.sn,password123,admin
Sarr,Fatou,user3171@hopital.sn,password123,agent
Sow,Mamadou,user3172@hopital.sn,password123,admin
Kane,Aminata,user3173@hopital.sn,password123,medecin
Gueye,Oumar,user3174@hopital.sn,password123,medecin
Sy,Ibrahima,user3175@hopital.sn,password123,agent
Sarr,Khady,user3176@hopital.sn,password123,admin
Ba,Abdoulaye,user3177@hopital.sn,password123,agent
Gueye,Abdoulaye,user3178@hopital.sn,password123,admin
Sarr,Abdoulaye,user3179@hopital.sn,password123,medecin
Ndiaye,Awa,user3180@hopital.sn,password123,medecin
Sarr,Aminata,user3181@hopital.sn,password123,agent
Fall,Ibrahima,user3182@hopital.sn,password123,medecin
Gueye,Mariama,user3183@hopital.sn,password123,medecin
Gueye,Aminata,user3184@hopital.sn,password123,medecin
Sarr,Awa,user3185@hopital.sn,password123,admin
Sow,Abdoulaye,user3186@hopital.sn,password123,agent
Gueye,Fatou,user3187@hopital.sn,password123,agent
Sy,Khady,user3188@hopital.sn,password123,agent
Faye,Ibrahima,user3189@hopital.sn,password123,agent
Sy,Cheikh,user3190@hopital.sn,password123,agent
Sarr,Fatou,user3191@hopital.sn,password123,medecin
Gueye,Awa,user3192@hopital.sn,password123,medecin
Gueye,Awa,user3193@hopital.sn,password123,medecin
Sarr,Mariama,user3194@hopital.sn,password123,agent
Diop,Aminata,user3195@hopital.sn,password123,admin
Kane,Aminata,user3196@hopital.sn,password123,agent
Gueye,Mariama,user3197@hopital.sn,password123,admin
Gueye,Mamadou,user3198@hopital.sn,password123,agent
Sy,Awa,user3199@hopital.sn,password123,admin
Fall,Ibrahima,user3200@hopital.sn,password123,medecin
Ba,Cheikh,user3201@hopital.sn,password123,medecin
Sow,Oumar,user3202@hopital.sn,password123,medecin
Sy,Aminata,user3203@hopital.sn,password123,admin
Diop,Khady,user3204@hopital.sn,password123,admin
Fall,Cheikh,user3205@hopital.sn,password123,medecin
Gueye,Aminata,user3206@hopital.sn,password123,admin
Faye,Oumar,user3207@hopital.sn,password123,agent
Diallo,Mariama,user3208@hopital.sn,password123,medecin
Kane,Ibrahima,user3209@hopital.sn,password123,agent
Ba,Cheikh,user3210@hopital.sn,password123,admin
Ba,Fatou,user3211@hopital.sn,password123,agent
Faye,Mariama,user3212@hopital.sn,password123,medecin
Sy,Cheikh,user3213@hopital.sn,password123,admin
Ba,Abdoulaye,user3214@hopital.sn,password123,medecin
Ba,Moussa,user3215@hopital.sn,password123,admin
Sy,Moussa,user3216@hopital.sn,password123,medecin
Diallo,Mamadou,user3217@hopital.sn,password123,medecin
Faye,Cheikh,user3218@hopital.sn,password123,agent
Fall,Awa,user3219@hopital.sn,password123,admin
Sarr,Abdoulaye,user3220@hopital.sn,password123,agent
Sow,Khady,user3221@hopital.sn,password123,admin
Fall,Ibrahima,user3222@hopital.sn,password123,medecin
Diop,Awa,user3223@hopital.sn,password123,admin
Sy,Oumar,user3224@hopital.sn,password123,admin
Fall,Mariama,user3225@hopital.sn,password123,admin
Diop,Abdoulaye,user3226@hopital.sn,password123,admin
Diop,Ousmane,user3227@hopital.sn,password123,agent
Diop,Moussa,user3228@hopital.sn,password123,agent
Diop,Ibrahima,user3229@hopital.sn,password123,medecin
Sy,Cheikh,user3230@hopital.sn,password123,admin
Diop,Fatou,user3231@hopital.sn,password123,admin
Faye,Awa,user3232@hopital.sn,password123,agent
Fall,Oumar,user3233@hopital.sn,password123,admin
Fall,Fatou,user3234@hopital.sn,password123,admin
Sow,Abdoulaye,user3235@hopital.sn,password123,agent
Ba,Ousmane,user3236@hopital.sn,password123,agent
Faye,Awa,user3237@hopital.sn,password123,agent
Kane,Ousmane,user3238@hopital.sn,password123,medecin
Ba,Awa,user3239@hopital.sn,password123,admin
Diop,Aminata,user3240@hopital.sn,password123,agent
Faye,Moussa,user3241@hopital.sn,password123,agent
Fall,Mariama,user3242@hopital.sn,password123,admin
Diop,Ousmane,user3243@hopital.sn,password123,medecin
Ndiaye,Oumar,user3244@hopital.sn,password123,admin
Sarr,Ibrahima,user3245@hopital.sn,password123,admin
Sarr,Cheikh,user3246@hopital.sn,password123,agent
Diallo,Khady,user3247@hopital.sn,password123,agent
Faye,Abdoulaye,user3248@hopital.sn,password123,agent
Sarr,Ousmane,user3249@hopital.sn,password123,admin
Sy,Awa,user3250@hopital.sn,password123,agent
Sow,Aminata,user3251@hopital.sn,password123,agent
Ndiaye,Ibrahima,user3252@hopital.sn,password123,admin
Kane,Cheikh,user3253@hopital.sn,password123,agent
Sow,Awa,user3254@hopital.sn,password123,agent
Faye,Abdoulaye,user3255@hopital.sn,password123,agent
Sarr,Mariama,user3256@hopital.sn,password123,admin
Diop,Cheikh,user3257@hopital.sn,password123,admin
Sy,Oumar,user3258@hopital.sn,password123,admin
Sy,Awa,user3259@hopital.sn,password123,admin
Diallo,Oumar,user3260@hopital.sn,password123,agent
Sarr,Mamadou,user3261@hopital.sn,password123,admin
Faye,Moussa,user3262@hopital.sn,password123,medecin
Kane,Mariama,user3263@hopital.sn,password123,medecin
Sow,Khady,user3264@hopital.sn,password123,agent
Gueye,Mamadou,user3265@hopital.sn,password123,admin
Sy,Mamadou,user3266@hopital.sn,password123,admin
Sow,Abdoulaye,user3267@hopital.sn,password123,admin
Ba,Khady,user3268@hopital.sn,password123,medecin
Ndiaye,Oumar,user3269@hopital.sn,password123,agent
Sarr,Khady,user3270@hopital.sn,password123,medecin
Sow,Cheikh,user3271@hopital.sn,password123,medecin
Ba,Cheikh,user3272@hopital.sn,password123,agent
Diallo,Mariama,user3273@hopital.sn,password123,medecin
Fall,Moussa,user3274@hopital.sn,password123,agent
Gueye,Mariama,user3275@hopital.sn,password123,agent
Sarr,Khady,user3276@hopital.sn,password123,agent
Sow,Moussa,user3277@hopital.sn,password123,agent
Faye,Oumar,user3278@hopital.sn,password123,admin
Sow,Cheikh,user3279@hopital.sn,password123,agent
Gueye,Mamadou,user3280@hopital.sn,password123,admin
Sarr,Ibrahima,user3281@hopital.sn,password123,admin
Kane,Aminata,user3282@hopital.sn,password123,admin
Kane,Aminata,user3283@hopital.sn,password123,medecin
Fall,Mariama,user3284@hopital.sn,password123,admin
Gueye,Cheikh,user3285@hopital.sn,password123,admin
Fall,Mamadou,user3286@hopital.sn,password123,agent
Ba,Mariama,user3287@hopital.sn,password123,agent
Sow,Cheikh,user3288@hopital.sn,password123,agent
Sow,Ousmane,user3289@hopital.sn,password123,medecin
Ndiaye,Cheikh,user3290@hopital.sn,password123,agent
Fall,Ousmane,user3291@hopital.sn,password123,agent
Gueye,Abdoulaye,user3292@hopital.sn,password123,medecin
Ba,Abdoulaye,user3293@hopital.sn,password123,admin
Sarr,Ibrahima,user3294@hopital.sn,password123,medecin
Gueye,Abdoulaye,user3295@hopital.sn,password123,agent
Sow,Ousmane,user3296@hopital.sn,password123,medecin
Sow,Cheikh,user3297@hopital.sn,password123,agent
Ndiaye,Moussa,user3298@hopital.sn,password123,agent
Gueye,Aminata,user3299@hopital.sn,password123,agent
Sy,Abdoulaye,user3300@hopital.sn,password123,admin
Ba,Ibrahima,user3301@hopital.sn,password123,admin
Ndiaye,Ousmane,user3302@hopital.sn,password123,admin
Sarr,Abdoulaye,user3303@hopital.sn,password123,admin
Diallo,Aminata,user3304@hopital.sn,password123,agent
Kane,Khady,user3305@hopital.sn,password123,medecin
Gueye,Ibrahima,user3306@hopital.sn,password123,medecin
Ndiaye,Moussa,user3307@hopital.sn,password123,admin
Fall,Mariama,user3308@hopital.sn,password123,admin
Sy,Moussa,user3309@hopital.sn,password123,admin
Diop,Oumar,user3310@hopital.sn,password123,medecin
Ba,Oumar,user3311@hopital.sn,password123,agent
Diop,Abdoulaye,user3312@hopital.sn,password123,admin
Diallo,Abdoulaye,user3313@hopital.sn,password123,agent
Fall,Khady,user3314@hopital.sn,password123,agent
Sarr,Awa,user3315@hopital.sn,password123,medecin
Sarr,Ousmane,user3316@hopital.sn,password123,medecin
Faye,Moussa,user3317@hopital.sn,password123,admin
Kane,Fatou,user3318@hopital.sn,password123,medecin
Gueye,Fatou,user3319@hopital.sn,password123,medecin
Fall,Moussa,user3320@hopital.sn,password123,admin
Diallo,Oumar,user3321@hopital.sn,password123,medecin
Kane,Awa,user3322@hopital.sn,password123,medecin
Gueye,Oumar,user3323@hopital.sn,password123,medecin
Ndiaye,Fatou,user3324@hopital.sn,password123,medecin
Diop,Khady,user3325@hopital.sn,password123,admin
Ba,Aminata,user3326@hopital.sn,password123,admin
Diop,Ousmane,user3327@hopital.sn,password123,admin
Sy,Mamadou,user3328@hopital.sn,password123,agent
Fall,Mamadou,user3329@hopital.sn,password123,admin
Sow,Aminata,user3330@hopital.sn,password123,agent
Sow,Ousmane,user3331@hopital.sn,password123,agent
Sy,Fatou,user3332@hopital.sn,password123,agent
Fall,Awa,user3333@hopital.sn,password123,admin
Sy,Awa,user3334@hopital.sn,password123,agent
Gueye,Aminata,user3335@hopital.sn,password123,agent
Sarr,Khady,user3336@hopital.sn,password123,medecin
Fall,Khady,user3337@hopital.sn,password123,medecin
Fall,Khady,user3338@hopital.sn,password123,admin
Faye,Khady,user3339@hopital.sn,password123,admin
Faye,Cheikh,user3340@hopital.sn,password123,medecin
Sarr,Khady,user3341@hopital.sn,password123,admin
Faye,Cheikh,user3342@hopital.sn,password123,admin
Ndiaye,Abdoulaye,user3343@hopital.sn,password123,admin
Diallo,Ousmane,user3344@hopital.sn,password123,medecin
Kane,Khady,user3345@hopital.sn,password123,admin
Ndiaye,Awa,user3346@hopital.sn,password123,agent
Sy,Mariama,user3347@hopital.sn,password123,agent
Faye,Mamadou,user3348@hopital.sn,password123,medecin
Sow,Oumar,user3349@hopital.sn,password123,admin
Diop,Fatou,user3350@hopital.sn,password123,admin
Sow,Mamadou,user3351@hopital.sn,password123,agent
Fall,Awa,user3352@hopital.sn,password123,agent
Fall,Cheikh,user3353@hopital.sn,password123,admin
Sy,Aminata,user3354@hopital.sn,password123,medecin
Ndiaye,Abdoulaye,user3355@hopital.sn,password123,admin
Sarr,Abdoulaye,user3356@hopital.sn,password123,medecin
Sy,Mamadou,user3357@hopital.sn,password123,agent
Diallo,Mariama,user3358@hopital.sn,password123,admin
Diallo,Mariama,user3359@hopital.sn,password123,admin
Sarr,Fatou,user3360@hopital.sn,password123,medecin
Gueye,Mariama,user3361@hopital.sn,password123,medecin
Ba,Moussa,user3362@hopital.sn,password123,medecin
Ndiaye,Cheikh,user3363@hopital.sn,password123,medecin
Ndiaye,Fatou,user3364@hopital.sn,password123,agent
Gueye,Cheikh,user3365@hopital.sn,password123,agent
Fall,Cheikh,user3366@hopital.sn,password123,admin
Ndiaye,Moussa,user3367@hopital.sn,password123,medecin
Fall,Khady,user3368@hopital.sn,password123,agent
Diop,Khady,user3369@hopital.sn,password123,medecin
Sarr,Ousmane,user3370@hopital.sn,password123,medecin
Gueye,Ibrahima,user3371@hopital.sn,password123,medecin
Kane,Awa,user3372@hopital.sn,password123,admin
Gueye,Aminata,user3373@hopital.sn,password123,agent
Sy,Moussa,user3374@hopital.sn,password123,medecin
Diop,Ousmane,user3375@hopital.sn,password123,agent
Gueye,Awa,user3376@hopital.sn,password123,medecin
Sarr,Mamadou,user3377@hopital.sn,password123,medecin
Fall,Abdoulaye,user3378@hopital.sn,password123,medecin
Ba,Khady,user3379@hopital.sn,password123,agent
Diop,Oumar,user3380@hopital.sn,password123,admin
Faye,Mamadou,user3381@hopital.sn,password123,admin
Kane,Cheikh,user3382@hopital.sn,password123,agent
Sy,Moussa,user3383@hopital.sn,password123,admin
Diop,Moussa,user3384@hopital.sn,password123,agent
Diop,Cheikh,user3385@hopital.sn,password123,admin
Fall,Moussa,user3386@hopital.sn,password123,agent
Sy,Khady,user3387@hopital.sn,password123,agent
Ba,Aminata,user3388@hopital.sn,password123,admin
Ba,Fatou,user3389@hopital.sn,password123,agent
Diop,Ibrahima,user3390@hopital.sn,password123,agent
Diallo,Awa,user3391@hopital.sn,password123,admin
Ba,Khady,user3392@hopital.sn,password123,medecin
Ndiaye,Ibrahima,user3393@hopital.sn,password123,agent
Diallo,Cheikh,user3394@hopital.sn,password123,agent
Sow,Cheikh,user3395@hopital.sn,password123,agent
Sow,Fatou,user3396@hopital.sn,password123,medecin
Ndiaye,Khady,user3397@hopital.sn,password123,agent
Ba,Moussa,user3398@hopital.sn,password123,agent
Sy,Oumar,user3399@hopital.sn,password123,admin
Faye,Oumar,user3400@hopital.sn,password123,medecin
Faye,Fatou,user3401@hopital.sn,password123,admin
Fall,Awa,user3402@hopital.sn,password123,admin
Sarr,Fatou,user3403@hopital.sn,password123,medecin
Sy,Cheikh,user3404@hopital.sn,password123,medecin
Diallo,Awa,user3405@hopital.sn,password123,agent
Sarr,Abdoulaye,user3406@hopital.sn,password123,medecin
Fall,Abdoulaye,user3407@hopital.sn,password123,medecin
Sow,Khady,user3408@hopital.sn,password123,medecin
Diop,Ousmane,user3409@hopital.sn,password123,admin
Sy,Khady,user3410@hopital.sn,password123,medecin
Sarr,Ibrahima,user3411@hopital.sn,password123,admin
Sow,Khady,user3412@hopital.sn,password123,medecin
Sow,Khady,user3413@hopital.sn,password123,medecin
Ndiaye,Oumar,user3414@hopital.sn,password123,agent
Sow,Abdoulaye,user3415@hopital.sn,password123,agent
Faye,Awa,user3416@hopital.sn,password123,agent
Fall,Oumar,user3417@hopital.sn,password123,medecin
Sarr,Fatou,user3418@hopital.sn,password123,admin
Ba,Mariama,user3419@hopital.sn,password123,medecin
Ba,Abdoulaye,user3420@hopital.sn,password123,medecin
Faye,Aminata,user3421@hopital.sn,password123,agent
Sy,Ousmane,user3422@hopital.sn,password123,agent
Diallo,Mamadou,user3423@hopital.sn,password123,admin
Diop,Ibrahima,user3424@hopital.sn,password123,medecin
Sy,Oumar,user3425@hopital.sn,password123,admin
Diop,Abdoulaye,user3426@hopital.sn,password123,agent
Diop,Mamadou,user3427@hopital.sn,password123,admin
Sow,Aminata,user3428@hopital.sn,password123,agent
Sow,Mamadou,user3429@hopital.sn,password123,medecin
Diallo,Cheikh,user3430@hopital.sn,password123,admin
Kane,Abdoulaye,user3431@hopital.sn,password123,agent
Sarr,Oumar,user3432@hopital.sn,password123,medecin
Kane,Moussa,user3433@hopital.sn,password123,medecin
Gueye,Cheikh,user3434@hopital.sn,password123,medecin
Kane,Oumar,user3435@hopital.sn,password123,agent
Ba,Moussa,user3436@hopital.sn,password123,agent
Sy,Awa,user3437@hopital.sn,password123,medecin
Sy,Abdoulaye,user3438@hopital.sn,password123,admin
Sy,Aminata,user3439@hopital.sn,password123,agent
Ndiaye,Khady,user3440@hopital.sn,password123,medecin
Gueye,Ibrahima,user3441@hopital.sn,password123,agent
Faye,Awa,user3442@hopital.sn,password123,admin
Sow,Mamadou,user3443@hopital.sn,password123,admin
Fall,Khady,user3444@hopital.sn,password123,admin
Gueye,Mamadou,user3445@hopital.sn,password123,medecin
Fall,Mamadou,user3446@hopital.sn,password123,admin
Ba,Fatou,user3447@hopital.sn,password123,medecin
Diallo,Mamadou,user3448@hopital.sn,password123,agent
Sow,Mariama,user3449@hopital.sn,password123,medecin
Kane,Fatou,user3450@hopital.sn,password123,admin
Kane,Abdoulaye,user3451@hopital.sn,password123,agent
Ba,Aminata,user3452@hopital.sn,password123,admin
Kane,Oumar,user3453@hopital.sn,password123,agent
Sow,Awa,user3454@hopital.sn,password123,agent
Sow,Oumar,user3455@hopital.sn,password123,admin
Diop,Fatou,user3456@hopital.sn,password123,agent
Diop,Oumar,user3457@hopital.sn,password123,medecin
Sarr,Oumar,user3458@hopital.sn,password123,agent
Fall,Mamadou,user3459@hopital.sn,password123,admin
Diallo,Mamadou,user3460@hopital.sn,password123,admin
Diop,Moussa,user3461@hopital.sn,password123,agent
Faye,Cheikh,user3462@hopital.sn,password123,medecin
Diop,Oumar,user3463@hopital.sn,password123,admin
Sow,Ousmane,user3464@hopital.sn,password123,agent
Faye,Aminata,user3465@hopital.sn,password123,medecin
Faye,Aminata,user3466@hopital.sn,password123,admin
Kane,Ibrahima,user3467@hopital.sn,password123,admin
Diallo,Khady,user3468@hopital.sn,password123,agent
Kane,Ibrahima,user3469@hopital.sn,password123,agent
Kane,Moussa,user3470@hopital.sn,password123,medecin
Kane,Mamadou,user3471@hopital.sn,password123,agent
Diop,Cheikh,user3472@hopital.sn,password123,admin
Diallo,Moussa,user3473@hopital.sn,password123,medecin
Fall,Awa,user3474@hopital.sn,password123,admin
Gueye,Cheikh,user3475@hopital.sn,password123,medecin
Diallo,Khady,user3476@hopital.sn,password123,admin
Ndiaye,Ibrahima,user3477@hopital.sn,password123,admin
Sy,Khady,user3478@hopital.sn,password123,agent
Diop,Moussa,user3479@hopital.sn,password123,agent
Ba,Moussa,user3480@hopital.sn,password123,medecin
Sow,Oumar,user3481@hopital.sn,password123,agent
Gueye,Abdoulaye,user3482@hopital.sn,password123,agent
Gueye,Awa,user3483@hopital.sn,password123,agent
Diallo,Ibrahima,user3484@hopital.sn,password123,medecin
Diallo,Ibrahima,user3485@hopital.sn,password123,medecin
Sarr,Awa,user3486@hopital.sn,password123,agent
Diop,Cheikh,user3487@hopital.sn,password123,admin
Gueye,Fatou,user3488@hopital.sn,password123,admin
Ba,Fatou,user3489@hopital.sn,password123,admin
Sarr,Awa,user3490@hopital.sn,password123,agent
Sarr,Oumar,user3491@hopital.sn,password123,agent
Ndiaye,Aminata,user3492@hopital.sn,password123,medecin
Diop,Awa,user3493@hopital.sn,password123,agent
Ndiaye,Awa,user3494@hopital.sn,password123,admin
Sow,Ousmane,user3495@hopital.sn,password123,admin
Diallo,Ousmane,user3496@hopital.sn,password123,admin
Fall,Mariama,user3497@hopital.sn,password123,medecin
Sow,Oumar,user3498@hopital.sn,password123,admin
Kane,Moussa,user3499@hopital.sn,password123,medecin
Kane,Mamadou,user3500@hopital.sn,password123,admin
Sarr,Cheikh,user3501@hopital.sn,password123,admin
Gueye,Abdoulaye,user3502@hopital.sn,password123,admin
Sy,Moussa,user3503@hopital.sn,password123,admin
Kane,Ibrahima,user3504@hopital.sn,password123,medecin
Ndiaye,Oumar,user3505@hopital.sn,password123,admin
Sow,Khady,user3506@hopital.sn,password123,medecin
Diallo,Fatou,user3507@hopital.sn,password123,agent
Sow,Oumar,user3508@hopital.sn,password123,agent
Sarr,Khady,user3509@hopital.sn,password123,agent
Sy,Mamadou,user3510@hopital.sn,password123,admin
Kane,Moussa,user3511@hopital.sn,password123,agent
Faye,Mariama,user3512@hopital.sn,password123,medecin
Sarr,Ousmane,user3513@hopital.sn,password123,medecin
Diop,Cheikh,user3514@hopital.sn,password123,medecin
Sarr,Ousmane,user3515@hopital.sn,password123,admin
Sy,Abdoulaye,user3516@hopital.sn,password123,admin
Sarr,Aminata,user3517@hopital.sn,password123,agent
Faye,Oumar,user3518@hopital.sn,password123,medecin
Sarr,Fatou,user3519@hopital.sn,password123,medecin
Sarr,Abdoulaye,user3520@hopital.sn,password123,admin
Ndiaye,Ibrahima,user3521@hopital.sn,password123,admin
Sow,Cheikh,user3522@hopital.sn,password123,medecin
Diallo,Mariama,user3523@hopital.sn,password123,medecin
Sarr,Aminata,user3524@hopital.sn,password123,admin
Faye,Khady,user3525@hopital.sn,password123,admin
Diallo,Khady,user3526@hopital.sn,password123,agent
Faye,Moussa,user3527@hopital.sn,password123,admin
Sarr,Mamadou,user3528@hopital.sn,password123,medecin
Diallo,Abdoulaye,user3529@hopital.sn,password123,medecin
Diop,Ousmane,user3530@hopital.sn,password123,agent
Diallo,Cheikh,user3531@hopital.sn,password123,agent
Ba,Mariama,user3532@hopital.sn,password123,admin
Diallo,Moussa,user3533@hopital.sn,password123,admin
Diop,Khady,user3534@hopital.sn,password123,admin
Sow,Cheikh,user3535@hopital.sn,password123,admin
Diallo,Awa,user3536@hopital.sn,password123,agent
Gueye,Mariama,user3537@hopital.sn,password123,admin
Diallo,Cheikh,user3538@hopital.sn,password123,agent
Faye,Awa,user3539@hopital.sn,password123,admin
Ba,Ousmane,user3540@hopital.sn,password123,medecin
Sarr,Fatou,user3541@hopital.sn,password123,medecin
Gueye,Mamadou,user3542@hopital.sn,password123,medecin
Gueye,Awa,user3543@hopital.sn,password123,admin
Ba,Ousmane,user3544@hopital.sn,password123,admin
Ba,Awa,user3545@hopital.sn,password123,agent
Sarr,Aminata,user3546@hopital.sn,password123,agent
Fall,Ousmane,user3547@hopital.sn,password123,admin
Ba,Moussa,user3548@hopital.sn,password123,admin
Fall,Mamadou,user3549@hopital.sn,password123,admin
Sy,Awa,user3550@hopital.sn,password123,medecin
Sy,Moussa,user3551@hopital.sn,password123,medecin
Sarr,Ibrahima,user3552@hopital.sn,password123,medecin
Diop,Awa,user3553@hopital.sn,password123,admin
Faye,Cheikh,user3554@hopital.sn,password123,agent
Ndiaye,Mariama,user3555@hopital.sn,password123,medecin
Sy,Aminata,user3556@hopital.sn,password123,medecin
Diop,Ousmane,user3557@hopital.sn,password123,medecin
Diallo,Awa,user3558@hopital.sn,password123,agent
Faye,Aminata,user3559@hopital.sn,password123,medecin
Diallo,Fatou,user3560@hopital.sn,password123,agent
Fall,Ibrahima,user3561@hopital.sn,password123,admin
Ba,Moussa,user3562@hopital.sn,password123,medecin
Ndiaye,Mariama,user3563@hopital.sn,password123,admin
Fall,Awa,user3564@hopital.sn,password123,admin
Sow,Cheikh,user3565@hopital.sn,password123,admin
Kane,Cheikh,user3566@hopital.sn,password123,agent
Fall,Fatou,user3567@hopital.sn,password123,agent
Fall,Cheikh,user3568@hopital.sn,password123,agent
Ndiaye,Aminata,user3569@hopital.sn,password123,medecin
Kane,Mamadou,user3570@hopital.sn,password123,admin
Kane,Oumar,user3571@hopital.sn,password123,agent
Ndiaye,Khady,user3572@hopital.sn,password123,admin
Diop,Abdoulaye,user3573@hopital.sn,password123,agent
Ndiaye,Khady,user3574@hopital.sn,password123,admin
Sarr,Abdoulaye,user3575@hopital.sn,password123,admin
Gueye,Awa,user3576@hopital.sn,password123,admin
Sow,Oumar,user3577@hopital.sn,password123,agent
Fall,Abdoulaye,user3578@hopital.sn,password123,medecin
Ndiaye,Awa,user3579@hopital.sn,password123,medecin
Faye,Cheikh,user3580@hopital.sn,password123,admin
Diallo,Aminata,user3581@hopital.sn,password123,agent
Kane,Oumar,user3582@hopital.sn,password123,medecin
Sarr,Aminata,user3583@hopital.sn,password123,agent
Faye,Khady,user3584@hopital.sn,password123,medecin
Gueye,Cheikh,user3585@hopital.sn,password123,agent
Sy,Moussa,user3586@hopital.sn,password123,agent
Sow,Awa,user3587@hopital.sn,password123,agent
Ndiaye,Ibrahima,user3588@hopital.sn,password123,agent
Ba,Ousmane,user3589@hopital.sn,password123,agent
Faye,Khady,user3590@hopital.sn,password123,agent
Diop,Mamadou,user3591@hopital.sn,password123,admin
Sow,Ibrahima,user3592@hopital.sn,password123,agent
Gueye,Awa,user3593@hopital.sn,password123,agent
Sy,Khady,user3594@hopital.sn,password123,admin
Ba,Ousmane,user3595@hopital.sn,password123,admin
Sarr,Ibrahima,user3596@hopital.sn,password123,medecin
Sarr,Aminata,user3597@hopital.sn,password123,agent
Sarr,Awa,user3598@hopital.sn,password123,admin
Sow,Awa,user3599@hopital.sn,password123,agent
Diallo,Ibrahima,user3600@hopital.sn,password123,agent
Fall,Aminata,user3601@hopital.sn,password123,medecin
Ndiaye,Mamadou,user3602@hopital.sn,password123,admin
Fall,Abdoulaye,user3603@hopital.sn,password123,agent
Sow,Khady,user3604@hopital.sn,password123,medecin
Kane,Mamadou,user3605@hopital.sn,password123,agent
Kane,Aminata,user3606@hopital.sn,password123,agent
Fall,Ousmane,user3607@hopital.sn,password123,admin
Fall,Ibrahima,user3608@hopital.sn,password123,admin
Kane,Mamadou,user3609@hopital.sn,password123,agent
Sy,Mamadou,user3610@hopital.sn,password123,agent
Kane,Moussa,user3611@hopital.sn,password123,medecin
Sarr,Abdoulaye,user3612@hopital.sn,password123,agent
Sow,Mamadou,user3613@hopital.sn,password123,admin
Sow,Abdoulaye,user3614@hopital.sn,password123,admin
Sarr,Moussa,user3615@hopital.sn,password123,medecin
Fall,Oumar,user3616@hopital.sn,password123,admin
Sarr,Awa,user3617@hopital.sn,password123,agent
Kane,Abdoulaye,user3618@hopital.sn,password123,medecin
Sy,Mamadou,user3619@hopital.sn,password123,agent
Diallo,Abdoulaye,user3620@hopital.sn,password123,agent
Ndiaye,Cheikh,user3621@hopital.sn,password123,medecin
Gueye,Abdoulaye,user3622@hopital.sn,password123,agent
Fall,Moussa,user3623@hopital.sn,password123,admin
Diop,Abdoulaye,user3624@hopital.sn,password123,agent
Sow,Cheikh,user3625@hopital.sn,password123,admin
Diallo,Khady,user3626@hopital.sn,password123,medecin
Ba,Mariama,user3627@hopital.sn,password123,admin
Kane,Moussa,user3628@hopital.sn,password123,admin
Ba,Mariama,user3629@hopital.sn,password123,agent
Faye,Awa,user3630@hopital.sn,password123,admin
Ba,Moussa,user3631@hopital.sn,password123,medecin
Diop,Aminata,user3632@hopital.sn,password123,agent
Fall,Abdoulaye,user3633@hopital.sn,password123,medecin
Faye,Oumar,user3634@hopital.sn,password123,medecin
Kane,Fatou,user3635@hopital.sn,password123,admin
Fall,Abdoulaye,user3636@hopital.sn,password123,agent
Sow,Mamadou,user3637@hopital.sn,password123,medecin
Kane,Ousmane,user3638@hopital.sn,password123,medecin
Kane,Abdoulaye,user3639@hopital.sn,password123,agent
Sy,Abdoulaye,user3640@hopital.sn,password123,agent
Sy,Oumar,user3641@hopital.sn,password123,admin
Ba,Ibrahima,user3642@hopital.sn,password123,admin
Ba,Aminata,user3643@hopital.sn,password123,admin
Diallo,Moussa,user3644@hopital.sn,password123,admin
Diallo,Aminata,user3645@hopital.sn,password123,agent
Diallo,Ousmane,user3646@hopital.sn,password123,admin
Faye,Aminata,user3647@hopital.sn,password123,admin
Sarr,Mariama,user3648@hopital.sn,password123,medecin
Faye,Moussa,user3649@hopital.sn,password123,agent
Gueye,Aminata,user3650@hopital.sn,password123,agent
Diop,Khady,user3651@hopital.sn,password123,agent
Diop,Khady,user3652@hopital.sn,password123,medecin
Ba,Aminata,user3653@hopital.sn,password123,medecin
Fall,Mariama,user3654@hopital.sn,password123,admin
Fall,Mamadou,user3655@hopital.sn,password123,agent
Faye,Ousmane,user3656@hopital.sn,password123,agent
Sy,Awa,user3657@hopital.sn,password123,admin
Diop,Khady,user3658@hopital.sn,password123,medecin
Kane,Mariama,user3659@hopital.sn,password123,agent
Gueye,Aminata,user3660@hopital.sn,password123,medecin
Sow,Moussa,user3661@hopital.sn,password123,medecin
Ndiaye,Mamadou,user3662@hopital.sn,password123,medecin
Diop,Ibrahima,user3663@hopital.sn,password123,admin
Sow,Fatou,user3664@hopital.sn,password123,admin
Gueye,Cheikh,user3665@hopital.sn,password123,agent
Gueye,Cheikh,user3666@hopital.sn,password123,admin
Sarr,Abdoulaye,user3667@hopital.sn,password123,medecin
Faye,Khady,user3668@hopital.sn,password123,medecin
Ba,Abdoulaye,user3669@hopital.sn,password123,admin
Sy,Abdoulaye,user3670@hopital.sn,password123,medecin
Faye,Mamadou,user3671@hopital.sn,password123,admin
Ndiaye,Abdoulaye,user3672@hopital.sn,password123,admin
Sy,Aminata,user3673@hopital.sn,password123,medecin
Sy,Cheikh,user3674@hopital.sn,password123,admin
Gueye,Oumar,user3675@hopital.sn,password123,medecin
Sy,Awa,user3676@hopital.sn,password123,medecin
Ba,Abdoulaye,user3677@hopital.sn,password123,medecin
Gueye,Mamadou,user3678@hopital.sn,password123,admin
Sarr,Mariama,user3679@hopital.sn,password123,admin
Diallo,Ibrahima,user3680@hopital.sn,password123,admin
Fall,Ousmane,user3681@hopital.sn,password123,agent
Ndiaye,Khady,user3682@hopital.sn,password123,medecin
Sarr,Oumar,user3683@hopital.sn,password123,medecin
Faye,Aminata,user3684@hopital.sn,password123,agent
Sarr,Oumar,user3685@hopital.sn,password123,agent
Diallo,Ousmane,user3686@hopital.sn,password123,admin
Sy,Mariama,user3687@hopital.sn,password123,agent
Sarr,Moussa,user3688@hopital.sn,password123,agent
Ndiaye,Ibrahima,user3689@hopital.sn,password123,medecin
Fall,Cheikh,user3690@hopital.sn,password123,medecin
Faye,Moussa,user3691@hopital.sn,password123,admin
Gueye,Aminata,user3692@hopital.sn,password123,admin
Kane,Aminata,user3693@hopital.sn,password123,agent
Kane,Ousmane,user3694@hopital.sn,password123,agent
Diop,Ousmane,user3695@hopital.sn,password123,medecin
Ndiaye,Khady,user3696@hopital.sn,password123,agent
Sarr,Aminata,user3697@hopital.sn,password123,medecin
Ba,Awa,user3698@hopital.sn,password123,admin
Faye,Mamadou,user3699@hopital.sn,password123,agent
Sy,Aminata,user3700@hopital.sn,password123,admin
Sow,Aminata,user3701@hopital.sn,password123,medecin
Fall,Cheikh,user3702@hopital.sn,password123,medecin
Faye,Mariama,user3703@hopital.sn,password123,agent
Sy,Abdoulaye,user3704@hopital.sn,password123,admin
Sy,Moussa,user3705@hopital.sn,password123,medecin
Diop,Awa,user3706@hopital.sn,password123,admin
Diop,Awa,user3707@hopital.sn,password123,agent
Sy,Cheikh,user3708@hopital.sn,password123,admin
Diop,Moussa,user3709@hopital.sn,password123,agent
Ndiaye,Khady,user3710@hopital.sn,password123,agent
Diop,Awa,user3711@hopital.sn,password123,agent
Diop,Ibrahima,user3712@hopital.sn,password123,medecin
Sow,Mariama,user3713@hopital.sn,password123,medecin
Faye,Mariama,user3714@hopital.sn,password123,medecin
Kane,Moussa,user3715@hopital.sn,password123,agent
Diop,Aminata,user3716@hopital.sn,password123,medecin
Diop,Abdoulaye,user3717@hopital.sn,password123,agent
Kane,Fatou,user3718@hopital.sn,password123,agent
Diop,Cheikh,user3719@hopital.sn,password123,agent
Ndiaye,Cheikh,user3720@hopital.sn,password123,medecin
Ba,Ousmane,user3721@hopital.sn,password123,medecin
Kane,Ousmane,user3722@hopital.sn,password123,medecin
Ba,Fatou,user3723@hopital.sn,password123,agent
Ndiaye,Fatou,user3724@hopital.sn,password123,agent
Sow,Oumar,user3725@hopital.sn,password123,admin
Fall,Cheikh,user3726@hopital.sn,password123,medecin
Gueye,Awa,user3727@hopital.sn,password123,medecin
Fall,Cheikh,user3728@hopital.sn,password123,medecin
Ba,Awa,user3729@hopital.sn,password123,medecin
Gueye,Ousmane,user3730@hopital.sn,password123,medecin
Faye,Fatou,user3731@hopital.sn,password123,admin
Sarr,Ousmane,user3732@hopital.sn,password123,agent
Fall,Ibrahima,user3733@hopital.sn,password123,medecin
Diop,Mamadou,user3734@hopital.sn,password123,admin
Ba,Mamadou,user3735@hopital.sn,password123,agent
Ba,Khady,user3736@hopital.sn,password123,agent
Fall,Khady,user3737@hopital.sn,password123,medecin
Sow,Aminata,user3738@hopital.sn,password123,admin
Faye,Aminata,user3739@hopital.sn,password123,medecin
Diallo,Oumar,user3740@hopital.sn,password123,medecin
Ndiaye,Mamadou,user3741@hopital.sn,password123,medecin
Sow,Awa,user3742@hopital.sn,password123,agent
Fall,Ousmane,user3743@hopital.sn,password123,medecin
Diallo,Aminata,user3744@hopital.sn,password123,medecin
Gueye,Ousmane,user3745@hopital.sn,password123,medecin
Sow,Aminata,user3746@hopital.sn,password123,medecin
Diop,Aminata,user3747@hopital.sn,password123,agent
Sy,Mariama,user3748@hopital.sn,password123,admin
Sy,Moussa,user3749@hopital.sn,password123,agent
Sarr,Abdoulaye,user3750@hopital.sn,password123,agent
Gueye,Ibrahima,user3751@hopital.sn,password123,agent
Gueye,Cheikh,user3752@hopital.sn,password123,agent
Ndiaye,Awa,user3753@hopital.sn,password123,admin
Sarr,Fatou,user3754@hopital.sn,password123,admin
Sarr,Ibrahima,user3755@hopital.sn,password123,agent
Sow,Moussa,user3756@hopital.sn,password123,admin
Kane,Oumar,user3757@hopital.sn,password123,admin
Sy,Ibrahima,user3758@hopital.sn,password123,agent
Kane,Awa,user3759@hopital.sn,password123,agent
Ndiaye,Aminata,user3760@hopital.sn,password123,agent
Sow,Oumar,user3761@hopital.sn,password123,agent
Fall,Khady,user3762@hopital.sn,password123,agent
Kane,Ibrahima,user3763@hopital.sn,password123,agent
Faye,Mamadou,user3764@hopital.sn,password123,admin
Ndiaye,Aminata,user3765@hopital.sn,password123,agent
Fall,Mamadou,user3766@hopital.sn,password123,agent
Gueye,Khady,user3767@hopital.sn,password123,medecin
Sy,Fatou,user3768@hopital.sn,password123,medecin
Faye,Fatou,user3769@hopital.sn,password123,agent
Ba,Abdoulaye,user3770@hopital.sn,password123,admin
Ba,Mariama,user3771@hopital.sn,password123,admin
Fall,Mamadou,user3772@hopital.sn,password123,admin
Diop,Khady,user3773@hopital.sn,password123,medecin
Ba,Mamadou,user3774@hopital.sn,password123,medecin
Gueye,Fatou,user3775@hopital.sn,password123,admin
Sow,Awa,user3776@hopital.sn,password123,admin
Diop,Abdoulaye,user3777@hopital.sn,password123,admin
Gueye,Fatou,user3778@hopital.sn,password123,medecin
Diop,Ousmane,user3779@hopital.sn,password123,admin
Ba,Mamadou,user3780@hopital.sn,password123,admin
Diop,Cheikh,user3781@hopital.sn,password123,medecin
Ndiaye,Ibrahima,user3782@hopital.sn,password123,agent
Kane,Abdoulaye,user3783@hopital.sn,password123,agent
Sow,Oumar,user3784@hopital.sn,password123,medecin
Diop,Fatou,user3785@hopital.sn,password123,agent
Sy,Ousmane,user3786@hopital.sn,password123,agent
Ba,Ibrahima,user3787@hopital.sn,password123,agent
Sarr,Moussa,user3788@hopital.sn,password123,admin
Diallo,Khady,user3789@hopital.sn,password123,medecin
Faye,Oumar,user3790@hopital.sn,password123,medecin
Sy,Moussa,user3791@hopital.sn,password123,medecin
Ba,Oumar,user3792@hopital.sn,password123,agent
Diop,Oumar,user3793@hopital.sn,password123,admin
Diop,Aminata,user3794@hopital.sn,password123,medecin
Sarr,Fatou,user3795@hopital.sn,password123,medecin
Gueye,Mamadou,user3796@hopital.sn,password123,medecin
Sarr,Cheikh,user3797@hopital.sn,password123,admin
Faye,Oumar,user3798@hopital.sn,password123,agent
Sy,Awa,user3799@hopital.sn,password123,admin
Kane,Aminata,user3800@hopital.sn,password123,admin
Sarr,Oumar,user3801@hopital.sn,password123,agent
Diop,Khady,user3802@hopital.sn,password123,agent
Faye,Oumar,user3803@hopital.sn,password123,agent
Ndiaye,Abdoulaye,user3804@hopital.sn,password123,agent
Kane,Mamadou,user3805@hopital.sn,password123,medecin
Fall,Abdoulaye,user3806@hopital.sn,password123,agent
Faye,Aminata,user3807@hopital.sn,password123,admin
Ba,Mariama,user3808@hopital.sn,password123,agent
Ndiaye,Abdoulaye,user3809@hopital.sn,password123,admin
Sy,Fatou,user3810@hopital.sn,password123,medecin
Diop,Ousmane,user3811@hopital.sn,password123,agent
Kane,Abdoulaye,user3812@hopital.sn,password123,medecin
Kane,Fatou,user3813@hopital.sn,password123,admin
Gueye,Mariama,user3814@hopital.sn,password123,medecin
Diop,Cheikh,user3815@hopital.sn,password123,admin
Gueye,Moussa,user3816@hopital.sn,password123,admin
Sy,Oumar,user3817@hopital.sn,password123,agent
Diop,Khady,user3818@hopital.sn,password123,agent
Diop,Awa,user3819@hopital.sn,password123,agent
Sarr,Khady,user3820@hopital.sn,password123,admin
Ba,Abdoulaye,user3821@hopital.sn,password123,agent
Diallo,Aminata,user3822@hopital.sn,password123,admin
Kane,Khady,user3823@hopital.sn,password123,admin
Ndiaye,Khady,user3824@hopital.sn,password123,admin
Kane,Moussa,user3825@hopital.sn,password123,agent
Kane,Cheikh,user3826@hopital.sn,password123,agent
Kane,Mamadou,user3827@hopital.sn,password123,admin
Sy,Aminata,user3828@hopital.sn,password123,admin
Diop,Khady,user3829@hopital.sn,password123,agent
Sy,Cheikh,user3830@hopital.sn,password123,agent
Diop,Mariama,user3831@hopital.sn,password123,admin
Ndiaye,Abdoulaye,user3832@hopital.sn,password123,agent
Diop,Ousmane,user3833@hopital.sn,password123,admin
Sarr,Abdoulaye,user3834@hopital.sn,password123,agent
Sow,Ibrahima,user3835@hopital.sn,password123,medecin
Sy,Mamadou,user3836@hopital.sn,password123,medecin
Sow,Moussa,user3837@hopital.sn,password123,agent
Ndiaye,Aminata,user3838@hopital.sn,password123,medecin
Sarr,Fatou,user3839@hopital.sn,password123,admin
Fall,Ibrahima,user3840@hopital.sn,password123,agent
Diop,Moussa,user3841@hopital.sn,password123,medecin
Fall,Moussa,user3842@hopital.sn,password123,admin
Gueye,Ousmane,user3843@hopital.sn,password123,admin
Faye,Cheikh,user3844@hopital.sn,password123,medecin
Sarr,Awa,user3845@hopital.sn,password123,medecin
Diallo,Awa,user3846@hopital.sn,password123,admin
Fall,Aminata,user3847@hopital.sn,password123,agent
Faye,Moussa,user3848@hopital.sn,password123,admin
Sarr,Cheikh,user3849@hopital.sn,password123,admin
Gueye,Mariama,user3850@hopital.sn,password123,medecin
Kane,Awa,user3851@hopital.sn,password123,agent
Fall,Aminata,user3852@hopital.sn,password123,admin
Diallo,Cheikh,user3853@hopital.sn,password123,medecin
Diallo,Cheikh,user3854@hopital.sn,password123,medecin
Sarr,Abdoulaye,user3855@hopital.sn,password123,medecin
Sarr,Cheikh,user3856@hopital.sn,password123,admin
Kane,Abdoulaye,user3857@hopital.sn,password123,agent
Ndiaye,Aminata,user3858@hopital.sn,password123,agent
Diop,Ibrahima,user3859@hopital.sn,password123,admin
Fall,Awa,user3860@hopital.sn,password123,agent
Diop,Mariama,user3861@hopital.sn,password123,medecin
Diallo,Awa,user3862@hopital.sn,password123,admin
Sow,Ibrahima,user3863@hopital.sn,password123,medecin
Ndiaye,Abdoulaye,user3864@hopital.sn,password123,agent
Ndiaye,Cheikh,user3865@hopital.sn,password123,medecin
Ba,Aminata,user3866@hopital.sn,password123,agent
Diallo,Awa,user3867@hopital.sn,password123,admin
Ba,Cheikh,user3868@hopital.sn,password123,admin
Diallo,Aminata,user3869@hopital.sn,password123,medecin
Fall,Moussa,user3870@hopital.sn,password123,medecin
Gueye,Moussa,user3871@hopital.sn,password123,medecin
Sow,Cheikh,user3872@hopital.sn,password123,agent
Ndiaye,Khady,user3873@hopital.sn,password123,medecin
Kane,Khady,user3874@hopital.sn,password123,agent
Ndiaye,Cheikh,user3875@hopital.sn,password123,medecin
Ndiaye,Moussa,user3876@hopital.sn,password123,medecin
Fall,Mariama,user3877@hopital.sn,password123,medecin
Ndiaye,Awa,user3878@hopital.sn,password123,admin
Sow,Cheikh,user3879@hopital.sn,password123,admin
Ba,Moussa,user3880@hopital.sn,password123,admin
Kane,Ibrahima,user3881@hopital.sn,password123,admin
Ndiaye,Ibrahima,user3882@hopital.sn,password123,medecin
Diallo,Fatou,user3883@hopital.sn,password123,agent
Sow,Awa,user3884@hopital.sn,password123,agent
Ba,Oumar,user3885@hopital.sn,password123,admin
Kane,Oumar,user3886@hopital.sn,password123,admin
Ba,Mariama,user3887@hopital.sn,password123,admin
Sy,Abdoulaye,user3888@hopital.sn,password123,admin
Sow,Oumar,user3889@hopital.sn,password123,admin
Ba,Ousmane,user3890@hopital.sn,password123,admin
Kane,Cheikh,user3891@hopital.sn,password123,admin
Diop,Mamadou,user3892@hopital.sn,password123,admin
Faye,Oumar,user3893@hopital.sn,password123,admin
Fall,Fatou,user3894@hopital.sn,password123,medecin
Faye,Oumar,user3895@hopital.sn,password123,medecin
Ba,Ibrahima,user3896@hopital.sn,password123,medecin
Gueye,Moussa,user3897@hopital.sn,password123,medecin
Kane,Oumar,user3898@hopital.sn,password123,admin
Kane,Ibrahima,user3899@hopital.sn,password123,medecin
Sy,Moussa,user3900@hopital.sn,password123,agent
Sy,Ibrahima,user3901@hopital.sn,password123,agent
Kane,Aminata,user3902@hopital.sn,password123,medecin
Diallo,Abdoulaye,user3903@hopital.sn,password123,admin
Sarr,Fatou,user3904@hopital.sn,password123,agent
Sarr,Ibrahima,user3905@hopital.sn,password123,agent
Diallo,Awa,user3906@hopital.sn,password123,agent
Diallo,Abdoulaye,user3907@hopital.sn,password123,agent
Ba,Ibrahima,user3908@hopital.sn,password123,agent
Gueye,Oumar,user3909@hopital.sn,password123,agent
Diallo,Awa,user3910@hopital.sn,password123,agent
Gueye,Mariama,user3911@hopital.sn,password123,agent
Diop,Mamadou,user3912@hopital.sn,password123,medecin
Sow,Awa,user3913@hopital.sn,password123,medecin
Sarr,Aminata,user3914@hopital.sn,password123,medecin
Fall,Fatou,user3915@hopital.sn,password123,admin
Diallo,Awa,user3916@hopital.sn,password123,agent
Sy,Mariama,user3917@hopital.sn,password123,agent
Sarr,Mamadou,user3918@hopital.sn,password123,medecin
Sow,Aminata,user3919@hopital.sn,password123,medecin
Gueye,Aminata,user3920@hopital.sn,password123,medecin
Kane,Ibrahima,user3921@hopital.sn,password123,medecin
Diop,Oumar,user3922@hopital.sn,password123,admin
Gueye,Cheikh,user3923@hopital.sn,password123,agent
Sy,Moussa,user3924@hopital.sn,password123,agent
Diop,Ousmane,user3925@hopital.sn,password123,medecin
Diop,Khady,user3926@hopital.sn,password123,agent
Sarr,Abdoulaye,user3927@hopital.sn,password123,medecin
Sarr,Aminata,user3928@hopital.sn,password123,agent
Fall,Khady,user3929@hopital.sn,password123,admin
Kane,Ibrahima,user3930@hopital.sn,password123,admin
Kane,Moussa,user3931@hopital.sn,password123,medecin
Fall,Mamadou,user3932@hopital.sn,password123,agent
Sy,Fatou,user3933@hopital.sn,password123,agent
Sy,Oumar,user3934@hopital.sn,password123,admin
Fall,Ibrahima,user3935@hopital.sn,password123,admin
Sy,Moussa,user3936@hopital.sn,password123,admin
Faye,Aminata,user3937@hopital.sn,password123,medecin
Sy,Mariama,user3938@hopital.sn,password123,agent
Gueye,Abdoulaye,user3939@hopital.sn,password123,medecin
Kane,Ibrahima,user3940@hopital.sn,password123,medecin
Ba,Khady,user3941@hopital.sn,password123,medecin
Faye,Moussa,user3942@hopital.sn,password123,agent
Sarr,Moussa,user3943@hopital.sn,password123,agent
Diop,Awa,user3944@hopital.sn,password123,admin
Ndiaye,Aminata,user3945@hopital.sn,password123,admin
Kane,Ousmane,user3946@hopital.sn,password123,admin
Sow,Abdoulaye,user3947@hopital.sn,password123,agent
Diop,Cheikh,user3948@hopital.sn,password123,medecin
Fall,Moussa,user3949@hopital.sn,password123,medecin
Diop,Oumar,user3950@hopital.sn,password123,admin
Ndiaye,Awa,user3951@hopital.sn,password123,agent
Ba,Awa,user3952@hopital.sn,password123,admin
Ba,Ousmane,user3953@hopital.sn,password123,agent
Faye,Abdoulaye,user3954@hopital.sn,password123,admin
Ba,Mariama,user3955@hopital.sn,password123,agent
Ba,Ibrahima,user3956@hopital.sn,password123,medecin
Sarr,Mamadou,user3957@hopital.sn,password123,agent
Diallo,Ousmane,user3958@hopital.sn,password123,medecin
Sow,Ibrahima,user3959@hopital.sn,password123,medecin
Sarr,Ousmane,user3960@hopital.sn,password123,admin
Ba,Oumar,user3961@hopital.sn,password123,medecin
Fall,Ousmane,user3962@hopital.sn,password123,admin
Diallo,Ousmane,user3963@hopital.sn,password123,medecin
Gueye,Abdoulaye,user3964@hopital.sn,password123,agent
Sy,Fatou,user3965@hopital.sn,password123,agent
Faye,Awa,user3966@hopital.sn,password123,admin
Kane,Abdoulaye,user3967@hopital.sn,password123,agent
Sy,Khady,user3968@hopital.sn,password123,medecin
Ba,Moussa,user3969@hopital.sn,password123,medecin
Diallo,Cheikh,user3970@hopital.sn,password123,medecin
Gueye,Ousmane,user3971@hopital.sn,password123,agent
Faye,Fatou,user3972@hopital.sn,password123,admin
Diallo,Oumar,user3973@hopital.sn,password123,agent
Kane,Khady,user3974@hopital.sn,password123,medecin
Diallo,Ousmane,user3975@hopital.sn,password123,agent
Sy,Ibrahima,user3976@hopital.sn,password123,medecin
Gueye,Aminata,user3977@hopital.sn,password123,medecin
Ndiaye,Moussa,user3978@hopital.sn,password123,agent
Sy,Mariama,user3979@hopital.sn,password123,medecin
Kane,Moussa,user3980@hopital.sn,password123,medecin
Ba,Abdoulaye,user3981@hopital.sn,password123,agent
Ndiaye,Aminata,user3982@hopital.sn,password123,agent
Sow,Mamadou,user3983@hopital.sn,password123,medecin
Ndiaye,Ibrahima,user3984@hopital.sn,password123,medecin
Sow,Khady,user3985@hopital.sn,password123,admin
Faye,Ibrahima,user3986@hopital.sn,password123,agent
Diop,Cheikh,user3987@hopital.sn,password123,medecin
Ndiaye,Oumar,user3988@hopital.sn,password123,agent
Diop,Mamadou,user3989@hopital.sn,password123,admin
Sy,Aminata,user3990@hopital.sn,password123,admin
Diallo,Ibrahima,user3991@hopital.sn,password123,agent
Ndiaye,Abdoulaye,user3992@hopital.sn,password123,agent
Kane,Moussa,user3993@hopital.sn,password123,admin
Fall,Mamadou,user3994@hopital.sn,password123,agent
Gueye,Aminata,user3995@hopital.sn,password123,medecin
Sow,Ibrahima,user3996@hopital.sn,password123,agent
Ba,Awa,user3997@hopital.sn,password123,agent
Ndiaye,Mamadou,user3998@hopital.sn,password123,medecin
Sy,Cheikh,user3999@hopital.sn,password123,medecin
Sy,Mamadou,user4000@hopital.sn,password123,agent
Sarr,Fatou,user4001@hopital.sn,password123,admin
Ba,Moussa,user4002@hopital.sn,password123,agent
Kane,Mamadou,user4003@hopital.sn,password123,agent
Ba,Ibrahima,user4004@hopital.sn,password123,medecin
Faye,Mariama,user4005@hopital.sn,password123,agent
Sow,Ibrahima,user4006@hopital.sn,password123,admin
Sarr,Cheikh,user4007@hopital.sn,password123,agent
Fall,Ibrahima,user4008@hopital.sn,password123,admin
Diop,Abdoulaye,user4009@hopital.sn,password123,agent
Sow,Awa,user4010@hopital.sn,password123,agent
Ba,Oumar,user4011@hopital.sn,password123,medecin
Faye,Abdoulaye,user4012@hopital.sn,password123,medecin
Fall,Mamadou,user4013@hopital.sn,password123,agent
Sarr,Aminata,user4014@hopital.sn,password123,agent
Kane,Aminata,user4015@hopital.sn,password123,agent
Diop,Mariama,user4016@hopital.sn,password123,agent
Faye,Aminata,user4017@hopital.sn,password123,agent
Sow,Cheikh,user4018@hopital.sn,password123,medecin
Diallo,Abdoulaye,user4019@hopital.sn,password123,medecin
Kane,Oumar,user4020@hopital.sn,password123,medecin
Ndiaye,Fatou,user4021@hopital.sn,password123,admin
Ndiaye,Ibrahima,user4022@hopital.sn,password123,medecin
Ba,Aminata,user4023@hopital.sn,password123,medecin
Diop,Cheikh,user4024@hopital.sn,password123,admin
Faye,Oumar,user4025@hopital.sn,password123,medecin
Sow,Ibrahima,user4026@hopital.sn,password123,medecin
Fall,Cheikh,user4027@hopital.sn,password123,medecin
Ndiaye,Ousmane,user4028@hopital.sn,password123,medecin
Kane,Ibrahima,user4029@hopital.sn,password123,admin
Diop,Khady,user4030@hopital.sn,password123,medecin
Sow,Mariama,user4031@hopital.sn,password123,agent
Sy,Ousmane,user4032@hopital.sn,password123,medecin
Sow,Ousmane,user4033@hopital.sn,password123,admin
Sy,Khady,user4034@hopital.sn,password123,admin
Fall,Moussa,user4035@hopital.sn,password123,agent
Faye,Aminata,user4036@hopital.sn,password123,medecin
Sarr,Abdoulaye,user4037@hopital.sn,password123,admin
Kane,Cheikh,user4038@hopital.sn,password123,admin
Kane,Fatou,user4039@hopital.sn,password123,medecin
Sy,Ibrahima,user4040@hopital.sn,password123,agent
Gueye,Abdoulaye,user4041@hopital.sn,password123,medecin
Sow,Awa,user4042@hopital.sn,password123,medecin
Sy,Oumar,user4043@hopital.sn,password123,agent
Sy,Awa,user4044@hopital.sn,password123,admin
Diop,Mariama,user4045@hopital.sn,password123,agent
Sow,Abdoulaye,user4046@hopital.sn,password123,agent
Faye,Ibrahima,user4047@hopital.sn,password123,agent
Sy,Cheikh,user4048@hopital.sn,password123,admin
Kane,Cheikh,user4049@hopital.sn,password123,agent
Sow,Abdoulaye,user4050@hopital.sn,password123,agent
Sy,Mariama,user4051@hopital.sn,password123,medecin
Sow,Mariama,user4052@hopital.sn,password123,medecin
Ba,Cheikh,user4053@hopital.sn,password123,admin
Ndiaye,Awa,user4054@hopital.sn,password123,agent
Gueye,Fatou,user4055@hopital.sn,password123,agent
Sow,Fatou,user4056@hopital.sn,password123,medecin
Fall,Cheikh,user4057@hopital.sn,password123,agent
Sarr,Mariama,user4058@hopital.sn,password123,agent
Faye,Moussa,user4059@hopital.sn,password123,medecin
Gueye,Mariama,user4060@hopital.sn,password123,admin
Diallo,Mariama,user4061@hopital.sn,password123,admin
Kane,Ibrahima,user4062@hopital.sn,password123,medecin
Ndiaye,Abdoulaye,user4063@hopital.sn,password123,admin
Ndiaye,Cheikh,user4064@hopital.sn,password123,admin
Sow,Ibrahima,user4065@hopital.sn,password123,admin
Fall,Mariama,user4066@hopital.sn,password123,agent
Faye,Ibrahima,user4067@hopital.sn,password123,admin
Diallo,Cheikh,user4068@hopital.sn,password123,admin
Fall,Mariama,user4069@hopital.sn,password123,medecin
Diop,Mariama,user4070@hopital.sn,password123,agent
Sy,Oumar,user4071@hopital.sn,password123,admin
Sy,Mariama,user4072@hopital.sn,password123,admin
Sow,Khady,user4073@hopital.sn,password123,agent
Fall,Awa,user4074@hopital.sn,password123,admin
Faye,Awa,user4075@hopital.sn,password123,agent
Sarr,Aminata,user4076@hopital.sn,password123,agent
Faye,Aminata,user4077@hopital.sn,password123,admin
Sow,Abdoulaye,user4078@hopital.sn,password123,admin
Gueye,Mamadou,user4079@hopital.sn,password123,agent
Sow,Ibrahima,user4080@hopital.sn,password123,medecin
Sy,Oumar,user4081@hopital.sn,password123,agent
Diallo,Ibrahima,user4082@hopital.sn,password123,admin
Faye,Cheikh,user4083@hopital.sn,password123,agent
Fall,Mariama,user4084@hopital.sn,password123,admin
Sow,Khady,user4085@hopital.sn,password123,admin
Diallo,Oumar,user4086@hopital.sn,password123,medecin
Ba,Oumar,user4087@hopital.sn,password123,agent
Fall,Ibrahima,user4088@hopital.sn,password123,agent
Diallo,Oumar,user4089@hopital.sn,password123,medecin
Sy,Oumar,user4090@hopital.sn,password123,medecin
Sow,Khady,user4091@hopital.sn,password123,medecin
Sarr,Fatou,user4092@hopital.sn,password123,admin
Kane,Cheikh,user4093@hopital.sn,password123,agent
Gueye,Mamadou,user4094@hopital.sn,password123,medecin
Sarr,Awa,user4095@hopital.sn,password123,admin
Sarr,Ousmane,user4096@hopital.sn,password123,medecin
Gueye,Oumar,user4097@hopital.sn,password123,agent
Faye,Fatou,user4098@hopital.sn,password123,admin
Faye,Oumar,user4099@hopital.sn,password123,agent
Faye,Awa,user4100@hopital.sn,password123,medecin
Sow,Awa,user4101@hopital.sn,password123,agent
Sy,Abdoulaye,user4102@hopital.sn,password123,medecin
Gueye,Khady,user4103@hopital.sn,password123,agent
Ndiaye,Aminata,user4104@hopital.sn,password123,agent
Diop,Ousmane,user4105@hopital.sn,password123,agent
Gueye,Ibrahima,user4106@hopital.sn,password123,admin
Sarr,Oumar,user4107@hopital.sn,password123,admin
Fall,Mamadou,user4108@hopital.sn,password123,medecin
Ba,Awa,user4109@hopital.sn,password123,medecin
Fall,Abdoulaye,user4110@hopital.sn,password123,agent
Sy,Ousmane,user4111@hopital.sn,password123,admin
Gueye,Awa,user4112@hopital.sn,password123,medecin
Ba,Awa,user4113@hopital.sn,password123,admin
Ba,Moussa,user4114@hopital.sn,password123,medecin
Sow,Mamadou,user4115@hopital.sn,password123,medecin
Ndiaye,Ousmane,user4116@hopital.sn,password123,admin
Kane,Mariama,user4117@hopital.sn,password123,agent
Ndiaye,Aminata,user4118@hopital.sn,password123,medecin
Sow,Awa,user4119@hopital.sn,password123,admin
Gueye,Ousmane,user4120@hopital.sn,password123,medecin
Ndiaye,Awa,user4121@hopital.sn,password123,admin
Faye,Ousmane,user4122@hopital.sn,password123,agent
Kane,Mariama,user4123@hopital.sn,password123,medecin
Sy,Khady,user4124@hopital.sn,password123,medecin
Diop,Ousmane,user4125@hopital.sn,password123,admin
Ba,Moussa,user4126@hopital.sn,password123,medecin
Sy,Awa,user4127@hopital.sn,password123,admin
Ba,Oumar,user4128@hopital.sn,password123,agent
Diop,Oumar,user4129@hopital.sn,password123,medecin
Diallo,Khady,user4130@hopital.sn,password123,medecin
Fall,Ousmane,user4131@hopital.sn,password123,admin
Fall,Oumar,user4132@hopital.sn,password123,medecin
Sow,Abdoulaye,user4133@hopital.sn,password123,admin
Sow,Oumar,user4134@hopital.sn,password123,agent
Kane,Ibrahima,user4135@hopital.sn,password123,agent
Sow,Ibrahima,user4136@hopital.sn,password123,agent
Fall,Khady,user4137@hopital.sn,password123,admin
Gueye,Abdoulaye,user4138@hopital.sn,password123,agent
Gueye,Awa,user4139@hopital.sn,password123,agent
Sarr,Ibrahima,user4140@hopital.sn,password123,agent
Kane,Aminata,user4141@hopital.sn,password123,agent
Ba,Aminata,user4142@hopital.sn,password123,admin
Diallo,Ibrahima,user4143@hopital.sn,password123,medecin
Sow,Ibrahima,user4144@hopital.sn,password123,medecin
Fall,Fatou,user4145@hopital.sn,password123,medecin
Diop,Fatou,user4146@hopital.sn,password123,admin
Ndiaye,Mamadou,user4147@hopital.sn,password123,medecin
Sow,Mariama,user4148@hopital.sn,password123,medecin
Sy,Khady,user4149@hopital.sn,password123,medecin
Kane,Ibrahima,user4150@hopital.sn,password123,admin
Kane,Moussa,user4151@hopital.sn,password123,agent
Ba,Awa,user4152@hopital.sn,password123,admin
Ba,Mariama,user4153@hopital.sn,password123,admin
Gueye,Moussa,user4154@hopital.sn,password123,medecin
Diallo,Abdoulaye,user4155@hopital.sn,password123,admin
Diallo,Oumar,user4156@hopital.sn,password123,agent
Ndiaye,Abdoulaye,user4157@hopital.sn,password123,medecin
Sy,Cheikh,user4158@hopital.sn,password123,admin
Sow,Oumar,user4159@hopital.sn,password123,agent
Sarr,Oumar,user4160@hopital.sn,password123,admin
Fall,Moussa,user4161@hopital.sn,password123,agent
Kane,Aminata,user4162@hopital.sn,password123,admin
Ba,Fatou,user4163@hopital.sn,password123,admin
Diop,Cheikh,user4164@hopital.sn,password123,admin
Kane,Fatou,user4165@hopital.sn,password123,agent
Sow,Oumar,user4166@hopital.sn,password123,agent
Gueye,Mariama,user4167@hopital.sn,password123,admin
Sarr,Ousmane,user4168@hopital.sn,password123,admin
Sow,Ibrahima,user4169@hopital.sn,password123,agent
Kane,Ibrahima,user4170@hopital.sn,password123,medecin
Ba,Aminata,user4171@hopital.sn,password123,medecin
Sarr,Awa,user4172@hopital.sn,password123,admin
Ndiaye,Mariama,user4173@hopital.sn,password123,medecin
Ndiaye,Cheikh,user4174@hopital.sn,password123,admin
Faye,Mariama,user4175@hopital.sn,password123,admin
Ndiaye,Cheikh,user4176@hopital.sn,password123,admin
Faye,Ousmane,user4177@hopital.sn,password123,agent
Diop,Aminata,user4178@hopital.sn,password123,admin
Kane,Mamadou,user4179@hopital.sn,password123,medecin
Faye,Cheikh,user4180@hopital.sn,password123,agent
Faye,Cheikh,user4181@hopital.sn,password123,medecin
Kane,Moussa,user4182@hopital.sn,password123,agent
Kane,Abdoulaye,user4183@hopital.sn,password123,medecin
Sy,Aminata,user4184@hopital.sn,password123,agent
Ba,Ousmane,user4185@hopital.sn,password123,agent
Sow,Ousmane,user4186@hopital.sn,password123,agent
Diallo,Cheikh,user4187@hopital.sn,password123,medecin
Ndiaye,Ibrahima,user4188@hopital.sn,password123,agent
Ba,Fatou,user4189@hopital.sn,password123,medecin
Sarr,Aminata,user4190@hopital.sn,password123,medecin
Diop,Mariama,user4191@hopital.sn,password123,agent
Sarr,Abdoulaye,user4192@hopital.sn,password123,agent
Gueye,Awa,user4193@hopital.sn,password123,admin
Kane,Oumar,user4194@hopital.sn,password123,medecin
Ndiaye,Ibrahima,user4195@hopital.sn,password123,medecin
Sarr,Abdoulaye,user4196@hopital.sn,password123,medecin
Sow,Ibrahima,user4197@hopital.sn,password123,admin
Fall,Fatou,user4198@hopital.sn,password123,admin
Kane,Cheikh,user4199@hopital.sn,password123,admin
Diallo,Ousmane,user4200@hopital.sn,password123,agent
Fall,Oumar,user4201@hopital.sn,password123,agent
Sarr,Ousmane,user4202@hopital.sn,password123,agent
Gueye,Awa,user4203@hopital.sn,password123,admin
Diallo,Oumar,user4204@hopital.sn,password123,admin
Fall,Oumar,user4205@hopital.sn,password123,agent
Ndiaye,Ousmane,user4206@hopital.sn,password123,agent
Diallo,Mariama,user4207@hopital.sn,password123,agent
Sarr,Oumar,user4208@hopital.sn,password123,admin
Kane,Aminata,user4209@hopital.sn,password123,medecin
Sarr,Moussa,user4210@hopital.sn,password123,agent
Gueye,Abdoulaye,user4211@hopital.sn,password123,medecin
Sarr,Abdoulaye,user4212@hopital.sn,password123,agent
Kane,Khady,user4213@hopital.sn,password123,agent
Faye,Cheikh,user4214@hopital.sn,password123,admin
Gueye,Ousmane,user4215@hopital.sn,password123,medecin
Diop,Ousmane,user4216@hopital.sn,password123,admin
Diop,Cheikh,user4217@hopital.sn,password123,agent
Sarr,Mamadou,user4218@hopital.sn,password123,medecin
Gueye,Awa,user4219@hopital.sn,password123,agent
Sow,Fatou,user4220@hopital.sn,password123,agent
Gueye,Abdoulaye,user4221@hopital.sn,password123,admin
Gueye,Khady,user4222@hopital.sn,password123,medecin
Diallo,Ousmane,user4223@hopital.sn,password123,agent
Ndiaye,Aminata,user4224@hopital.sn,password123,agent
Diop,Oumar,user4225@hopital.sn,password123,agent
Sarr,Moussa,user4226@hopital.sn,password123,medecin
Ba,Aminata,user4227@hopital.sn,password123,admin
Fall,Aminata,user4228@hopital.sn,password123,agent
Ndiaye,Ousmane,user4229@hopital.sn,password123,admin
Sow,Mamadou,user4230@hopital.sn,password123,agent
Gueye,Aminata,user4231@hopital.sn,password123,medecin
Diop,Oumar,user4232@hopital.sn,password123,medecin
Diallo,Cheikh,user4233@hopital.sn,password123,medecin
Ndiaye,Cheikh,user4234@hopital.sn,password123,agent
Diallo,Fatou,user4235@hopital.sn,password123,medecin
Sarr,Mariama,user4236@hopital.sn,password123,agent
Ndiaye,Ibrahima,user4237@hopital.sn,password123,medecin
Sarr,Ibrahima,user4238@hopital.sn,password123,admin
Ndiaye,Aminata,user4239@hopital.sn,password123,agent
Gueye,Fatou,user4240@hopital.sn,password123,admin
Diallo,Awa,user4241@hopital.sn,password123,admin
Sow,Cheikh,user4242@hopital.sn,password123,agent
Ndiaye,Abdoulaye,user4243@hopital.sn,password123,medecin
Diop,Fatou,user4244@hopital.sn,password123,admin
Ba,Abdoulaye,user4245@hopital.sn,password123,medecin
Kane,Awa,user4246@hopital.sn,password123,medecin
Gueye,Ibrahima,user4247@hopital.sn,password123,admin
Gueye,Fatou,user4248@hopital.sn,password123,medecin
Diop,Abdoulaye,user4249@hopital.sn,password123,agent
Diallo,Abdoulaye,user4250@hopital.sn,password123,medecin
Faye,Awa,user4251@hopital.sn,password123,agent
Faye,Ibrahima,user4252@hopital.sn,password123,medecin
Faye,Ousmane,user4253@hopital.sn,password123,agent
Fall,Moussa,user4254@hopital.sn,password123,agent
Sow,Abdoulaye,user4255@hopital.sn,password123,medecin
Kane,Fatou,user4256@hopital.sn,password123,medecin
Kane,Mariama,user4257@hopital.sn,password123,medecin
Kane,Oumar,user4258@hopital.sn,password123,agent
Sarr,Fatou,user4259@hopital.sn,password123,admin
Gueye,Fatou,user4260@hopital.sn,password123,admin
Kane,Ousmane,user4261@hopital.sn,password123,agent
Diop,Khady,user4262@hopital.sn,password123,agent
Fall,Mariama,user4263@hopital.sn,password123,medecin
Diop,Abdoulaye,user4264@hopital.sn,password123,medecin
Kane,Ibrahima,user4265@hopital.sn,password123,agent
Ba,Aminata,user4266@hopital.sn,password123,agent
Ndiaye,Oumar,user4267@hopital.sn,password123,medecin
Ba,Oumar,user4268@hopital.sn,password123,admin
Sarr,Mamadou,user4269@hopital.sn,password123,medecin
Sy,Abdoulaye,user4270@hopital.sn,password123,medecin
Sy,Ousmane,user4271@hopital.sn,password123,admin
Sow,Cheikh,user4272@hopital.sn,password123,agent
Faye,Khady,user4273@hopital.sn,password123,medecin
Sy,Mamadou,user4274@hopital.sn,password123,admin
Sy,Oumar,user4275@hopital.sn,password123,medecin
Faye,Abdoulaye,user4276@hopital.sn,password123,medecin
Faye,Ousmane,user4277@hopital.sn,password123,medecin
Sow,Awa,user4278@hopital.sn,password123,medecin
Sow,Mariama,user4279@hopital.sn,password123,medecin
Diallo,Aminata,user4280@hopital.sn,password123,admin
Sow,Mamadou,user4281@hopital.sn,password123,admin
Faye,Ibrahima,user4282@hopital.sn,password123,admin
Faye,Ibrahima,user4283@hopital.sn,password123,agent
Ba,Fatou,user4284@hopital.sn,password123,medecin
Sy,Aminata,user4285@hopital.sn,password123,admin
Sow,Mariama,user4286@hopital.sn,password123,admin
Faye,Oumar,user4287@hopital.sn,password123,admin
Ndiaye,Moussa,user4288@hopital.sn,password123,medecin
Sarr,Cheikh,user4289@hopital.sn,password123,medecin
Sy,Mamadou,user4290@hopital.sn,password123,admin
Ba,Cheikh,user4291@hopital.sn,password123,agent
Diallo,Awa,user4292@hopital.sn,password123,medecin
Sow,Moussa,user4293@hopital.sn,password123,medecin
Faye,Aminata,user4294@hopital.sn,password123,agent
Gueye,Awa,user4295@hopital.sn,password123,agent
Ndiaye,Abdoulaye,user4296@hopital.sn,password123,agent
Diallo,Moussa,user4297@hopital.sn,password123,medecin
Kane,Awa,user4298@hopital.sn,password123,medecin
Sarr,Fatou,user4299@hopital.sn,password123,medecin
Ndiaye,Abdoulaye,user4300@hopital.sn,password123,agent
Sow,Mariama,user4301@hopital.sn,password123,medecin
Ndiaye,Fatou,user4302@hopital.sn,password123,agent
Fall,Fatou,user4303@hopital.sn,password123,medecin
Kane,Abdoulaye,user4304@hopital.sn,password123,medecin
Fall,Ousmane,user4305@hopital.sn,password123,medecin
Sarr,Oumar,user4306@hopital.sn,password123,admin
Fall,Abdoulaye,user4307@hopital.sn,password123,admin
Sy,Oumar,user4308@hopital.sn,password123,medecin
Sow,Aminata,user4309@hopital.sn,password123,admin
Diop,Ibrahima,user4310@hopital.sn,password123,medecin
Gueye,Fatou,user4311@hopital.sn,password123,admin
Gueye,Mamadou,user4312@hopital.sn,password123,medecin
Gueye,Oumar,user4313@hopital.sn,password123,admin
Sow,Oumar,user4314@hopital.sn,password123,medecin
Gueye,Mariama,user4315@hopital.sn,password123,admin
Gueye,Abdoulaye,user4316@hopital.sn,password123,medecin
Sow,Mamadou,user4317@hopital.sn,password123,admin
Ndiaye,Mariama,user4318@hopital.sn,password123,medecin
Fall,Ousmane,user4319@hopital.sn,password123,agent
Gueye,Ibrahima,user4320@hopital.sn,password123,admin
Faye,Mamadou,user4321@hopital.sn,password123,medecin
Ndiaye,Khady,user4322@hopital.sn,password123,medecin
Faye,Oumar,user4323@hopital.sn,password123,admin
Sow,Cheikh,user4324@hopital.sn,password123,admin
Sy,Fatou,user4325@hopital.sn,password123,medecin
Kane,Abdoulaye,user4326@hopital.sn,password123,admin
Sy,Oumar,user4327@hopital.sn,password123,medecin
Diallo,Ibrahima,user4328@hopital.sn,password123,agent
Sy,Ousmane,user4329@hopital.sn,password123,agent
Ndiaye,Aminata,user4330@hopital.sn,password123,medecin
Fall,Oumar,user4331@hopital.sn,password123,agent
Kane,Ibrahima,user4332@hopital.sn,password123,admin
Kane,Abdoulaye,user4333@hopital.sn,password123,medecin
Ba,Cheikh,user4334@hopital.sn,password123,agent
Sow,Khady,user4335@hopital.sn,password123,agent
Diop,Mamadou,user4336@hopital.sn,password123,medecin
Ba,Mariama,user4337@hopital.sn,password123,agent
Sarr,Moussa,user4338@hopital.sn,password123,medecin
Ndiaye,Awa,user4339@hopital.sn,password123,medecin
Gueye,Cheikh,user4340@hopital.sn,password123,admin
Sy,Khady,user4341@hopital.sn,password123,admin
Diallo,Oumar,user4342@hopital.sn,password123,medecin
Ba,Awa,user4343@hopital.sn,password123,medecin
Fall,Fatou,user4344@hopital.sn,password123,medecin
Kane,Moussa,user4345@hopital.sn,password123,admin
Sarr,Ousmane,user4346@hopital.sn,password123,admin
Sow,Aminata,user4347@hopital.sn,password123,agent
Faye,Mariama,user4348@hopital.sn,password123,agent
Sarr,Oumar,user4349@hopital.sn,password123,agent
Sy,Oumar,user4350@hopital.sn,password123,medecin
Fall,Mamadou,user4351@hopital.sn,password123,agent
Diallo,Aminata,user4352@hopital.sn,password123,agent
Gueye,Mariama,user4353@hopital.sn,password123,medecin
Diallo,Oumar,user4354@hopital.sn,password123,admin
Kane,Mamadou,user4355@hopital.sn,password123,medecin
Kane,Moussa,user4356@hopital.sn,password123,admin
Diop,Cheikh,user4357@hopital.sn,password123,admin
Fall,Awa,user4358@hopital.sn,password123,admin
Sy,Oumar,user4359@hopital.sn,password123,medecin
Ba,Cheikh,user4360@hopital.sn,password123,agent
Sy,Khady,user4361@hopital.sn,password123,agent
Ndiaye,Mariama,user4362@hopital.sn,password123,agent
Fall,Awa,user4363@hopital.sn,password123,medecin
Faye,Ibrahima,user4364@hopital.sn,password123,admin
Sarr,Oumar,user4365@hopital.sn,password123,agent
Ba,Oumar,user4366@hopital.sn,password123,agent
Sow,Mariama,user4367@hopital.sn,password123,medecin
Ndiaye,Khady,user4368@hopital.sn,password123,agent
Sarr,Oumar,user4369@hopital.sn,password123,medecin
Sy,Mamadou,user4370@hopital.sn,password123,admin
Diallo,Ibrahima,user4371@hopital.sn,password123,agent
Kane,Khady,user4372@hopital.sn,password123,agent
Gueye,Ousmane,user4373@hopital.sn,password123,medecin
Gueye,Cheikh,user4374@hopital.sn,password123,admin
Gueye,Abdoulaye,user4375@hopital.sn,password123,medecin
Faye,Oumar,user4376@hopital.sn,password123,agent
Faye,Mamadou,user4377@hopital.sn,password123,medecin
Diallo,Cheikh,user4378@hopital.sn,password123,agent
Diallo,Moussa,user4379@hopital.sn,password123,admin
Sarr,Mariama,user4380@hopital.sn,password123,admin
Sy,Ibrahima,user4381@hopital.sn,password123,medecin
Ndiaye,Oumar,user4382@hopital.sn,password123,medecin
Kane,Abdoulaye,user4383@hopital.sn,password123,medecin
Ndiaye,Khady,user4384@hopital.sn,password123,agent
Sy,Mamadou,user4385@hopital.sn,password123,admin
Sarr,Mariama,user4386@hopital.sn,password123,agent
Sarr,Mariama,user4387@hopital.sn,password123,agent
Faye,Awa,user4388@hopital.sn,password123,admin
Gueye,Aminata,user4389@hopital.sn,password123,admin
Gueye,Mariama,user4390@hopital.sn,password123,agent
Ndiaye,Ousmane,user4391@hopital.sn,password123,medecin
Fall,Fatou,user4392@hopital.sn,password123,admin
Sow,Awa,user4393@hopital.sn,password123,medecin
Sow,Oumar,user4394@hopital.sn,password123,admin
Ndiaye,Ibrahima,user4395@hopital.sn,password123,medecin
Ba,Khady,user4396@hopital.sn,password123,admin
Fall,Ousmane,user4397@hopital.sn,password123,admin
Ndiaye,Fatou,user4398@hopital.sn,password123,agent
Sarr,Ousmane,user4399@hopital.sn,password123,admin
Gueye,Moussa,user4400@hopital.sn,password123,medecin
Ndiaye,Aminata,user4401@hopital.sn,password123,agent
Sarr,Ousmane,user4402@hopital.sn,password123,admin
Ba,Ousmane,user4403@hopital.sn,password123,agent
Faye,Ousmane,user4404@hopital.sn,password123,admin
Ndiaye,Awa,user4405@hopital.sn,password123,agent
Sarr,Aminata,user4406@hopital.sn,password123,admin
Sarr,Abdoulaye,user4407@hopital.sn,password123,agent
Ndiaye,Fatou,user4408@hopital.sn,password123,admin
Sarr,Khady,user4409@hopital.sn,password123,medecin
Gueye,Mariama,user4410@hopital.sn,password123,agent
Sy,Aminata,user4411@hopital.sn,password123,admin
Ba,Aminata,user4412@hopital.sn,password123,agent
Kane,Moussa,user4413@hopital.sn,password123,admin
Diallo,Fatou,user4414@hopital.sn,password123,medecin
Diop,Khady,user4415@hopital.sn,password123,admin
Diallo,Ousmane,user4416@hopital.sn,password123,agent
Gueye,Abdoulaye,user4417@hopital.sn,password123,agent
Ndiaye,Khady,user4418@hopital.sn,password123,admin
Fall,Mariama,user4419@hopital.sn,password123,medecin
Kane,Ousmane,user4420@hopital.sn,password123,medecin
Fall,Mamadou,user4421@hopital.sn,password123,admin
Sow,Khady,user4422@hopital.sn,password123,medecin
Ba,Oumar,user4423@hopital.sn,password123,admin
Sarr,Ousmane,user4424@hopital.sn,password123,medecin
Sow,Abdoulaye,user4425@hopital.sn,password123,agent
Kane,Cheikh,user4426@hopital.sn,password123,medecin
Fall,Oumar,user4427@hopital.sn,password123,medecin
Faye,Cheikh,user4428@hopital.sn,password123,medecin
Ba,Khady,user4429@hopital.sn,password123,agent
Kane,Ousmane,user4430@hopital.sn,password123,medecin
Kane,Ibrahima,user4431@hopital.sn,password123,agent
Fall,Abdoulaye,user4432@hopital.sn,password123,medecin
Ndiaye,Fatou,user4433@hopital.sn,password123,admin
Ndiaye,Ousmane,user4434@hopital.sn,password123,agent
Sow,Mariama,user4435@hopital.sn,password123,medecin
Ba,Mamadou,user4436@hopital.sn,password123,agent
Fall,Mariama,user4437@hopital.sn,password123,medecin
Kane,Mariama,user4438@hopital.sn,password123,agent
Sy,Khady,user4439@hopital.sn,password123,agent
Sow,Awa,user4440@hopital.sn,password123,medecin
Diallo,Awa,user4441@hopital.sn,password123,agent
Ndiaye,Ousmane,user4442@hopital.sn,password123,medecin
Kane,Fatou,user4443@hopital.sn,password123,admin
Ndiaye,Ousmane,user4444@hopital.sn,password123,admin
Diallo,Aminata,user4445@hopital.sn,password123,medecin
Ndiaye,Oumar,user4446@hopital.sn,password123,admin
Diallo,Mariama,user4447@hopital.sn,password123,admin
Faye,Oumar,user4448@hopital.sn,password123,medecin
Sow,Khady,user4449@hopital.sn,password123,medecin
Diallo,Aminata,user4450@hopital.sn,password123,admin
Diop,Oumar,user4451@hopital.sn,password123,medecin
Diop,Abdoulaye,user4452@hopital.sn,password123,admin
Sarr,Ousmane,user4453@hopital.sn,password123,admin
Sy,Oumar,user4454@hopital.sn,password123,admin
Sy,Ibrahima,user4455@hopital.sn,password123,medecin
Gueye,Mariama,user4456@hopital.sn,password123,agent
Ba,Cheikh,user4457@hopital.sn,password123,agent
Faye,Abdoulaye,user4458@hopital.sn,password123,medecin
Ndiaye,Cheikh,user4459@hopital.sn,password123,medecin
Sy,Moussa,user4460@hopital.sn,password123,admin
Fall,Mamadou,user4461@hopital.sn,password123,admin
Sarr,Mamadou,user4462@hopital.sn,password123,agent
Sow,Aminata,user4463@hopital.sn,password123,admin
Fall,Ousmane,user4464@hopital.sn,password123,medecin
Ba,Oumar,user4465@hopital.sn,password123,admin
Sarr,Ousmane,user4466@hopital.sn,password123,agent
Ba,Aminata,user4467@hopital.sn,password123,admin
Sarr,Mariama,user4468@hopital.sn,password123,medecin
Kane,Aminata,user4469@hopital.sn,password123,agent
Sow,Abdoulaye,user4470@hopital.sn,password123,agent
Kane,Fatou,user4471@hopital.sn,password123,agent
Ba,Mariama,user4472@hopital.sn,password123,agent
Fall,Moussa,user4473@hopital.sn,password123,agent
Sarr,Moussa,user4474@hopital.sn,password123,agent
Gueye,Aminata,user4475@hopital.sn,password123,agent
Sarr,Abdoulaye,user4476@hopital.sn,password123,admin
Diop,Cheikh,user4477@hopital.sn,password123,agent
Ndiaye,Mariama,user4478@hopital.sn,password123,agent
Fall,Aminata,user4479@hopital.sn,password123,agent
Gueye,Abdoulaye,user4480@hopital.sn,password123,agent
Gueye,Mamadou,user4481@hopital.sn,password123,medecin
Gueye,Ibrahima,user4482@hopital.sn,password123,medecin
Diop,Fatou,user4483@hopital.sn,password123,admin
Sarr,Awa,user4484@hopital.sn,password123,agent
Diallo,Awa,user4485@hopital.sn,password123,agent
Diallo,Abdoulaye,user4486@hopital.sn,password123,medecin
Faye,Aminata,user4487@hopital.sn,password123,medecin
Faye,Ousmane,user4488@hopital.sn,password123,admin
Faye,Ousmane,user4489@hopital.sn,password123,admin
Sy,Ibrahima,user4490@hopital.sn,password123,agent
Ndiaye,Khady,user4491@hopital.sn,password123,medecin
Sarr,Mariama,user4492@hopital.sn,password123,admin
Kane,Khady,user4493@hopital.sn,password123,admin
Sow,Khady,user4494@hopital.sn,password123,admin
Faye,Abdoulaye,user4495@hopital.sn,password123,admin
Gueye,Oumar,user4496@hopital.sn,password123,admin
Ndiaye,Oumar,user4497@hopital.sn,password123,medecin
Faye,Ibrahima,user4498@hopital.sn,password123,admin
Fall,Moussa,user4499@hopital.sn,password123,admin
Faye,Khady,user4500@hopital.sn,password123,admin
Diop,Khady,user4501@hopital.sn,password123,agent
Ba,Moussa,user4502@hopital.sn,password123,medecin
Fall,Awa,user4503@hopital.sn,password123,admin
Sy,Oumar,user4504@hopital.sn,password123,agent
Sow,Aminata,user4505@hopital.sn,password123,agent
Ndiaye,Ibrahima,user4506@hopital.sn,password123,admin
Diallo,Khady,user4507@hopital.sn,password123,admin
Fall,Ibrahima,user4508@hopital.sn,password123,agent
Diop,Aminata,user4509@hopital.sn,password123,admin
Diallo,Ousmane,user4510@hopital.sn,password123,agent
Ndiaye,Fatou,user4511@hopital.sn,password123,admin
Diop,Awa,user4512@hopital.sn,password123,medecin
Sarr,Awa,user4513@hopital.sn,password123,medecin
Sow,Abdoulaye,user4514@hopital.sn,password123,agent
Sy,Abdoulaye,user4515@hopital.sn,password123,medecin
Fall,Mariama,user4516@hopital.sn,password123,agent
Gueye,Mamadou,user4517@hopital.sn,password123,medecin
Diallo,Awa,user4518@hopital.sn,password123,medecin
Sarr,Moussa,user4519@hopital.sn,password123,medecin
Sarr,Abdoulaye,user4520@hopital.sn,password123,medecin
Ndiaye,Awa,user4521@hopital.sn,password123,medecin
Sow,Fatou,user4522@hopital.sn,password123,agent
Sarr,Fatou,user4523@hopital.sn,password123,admin
Ndiaye,Oumar,user4524@hopital.sn,password123,medecin
Sow,Mariama,user4525@hopital.sn,password123,admin
Sy,Awa,user4526@hopital.sn,password123,admin
Ndiaye,Aminata,user4527@hopital.sn,password123,medecin
Diop,Mariama,user4528@hopital.sn,password123,admin
Kane,Aminata,user4529@hopital.sn,password123,admin
Kane,Mamadou,user4530@hopital.sn,password123,agent
Sarr,Khady,user4531@hopital.sn,password123,medecin
Fall,Mamadou,user4532@hopital.sn,password123,admin
Sow,Ousmane,user4533@hopital.sn,password123,admin
Faye,Oumar,user4534@hopital.sn,password123,medecin
Sarr,Oumar,user4535@hopital.sn,password123,medecin
Ba,Oumar,user4536@hopital.sn,password123,admin
Diop,Ibrahima,user4537@hopital.sn,password123,medecin
Ba,Fatou,user4538@hopital.sn,password123,agent
Sow,Ousmane,user4539@hopital.sn,password123,admin
Diallo,Cheikh,user4540@hopital.sn,password123,agent
Sow,Aminata,user4541@hopital.sn,password123,medecin
Diop,Moussa,user4542@hopital.sn,password123,agent
Diallo,Abdoulaye,user4543@hopital.sn,password123,agent
Diallo,Ousmane,user4544@hopital.sn,password123,agent
Sarr,Aminata,user4545@hopital.sn,password123,admin
Ndiaye,Moussa,user4546@hopital.sn,password123,medecin
Ba,Cheikh,user4547@hopital.sn,password123,agent
Gueye,Fatou,user4548@hopital.sn,password123,medecin
Diop,Ousmane,user4549@hopital.sn,password123,medecin
Sow,Khady,user4550@hopital.sn,password123,agent
Fall,Ousmane,user4551@hopital.sn,password123,admin
Ba,Khady,user4552@hopital.sn,password123,medecin
Ndiaye,Ousmane,user4553@hopital.sn,password123,admin
Diop,Khady,user4554@hopital.sn,password123,agent
Kane,Mariama,user4555@hopital.sn,password123,admin
Gueye,Ousmane,user4556@hopital.sn,password123,medecin
Faye,Oumar,user4557@hopital.sn,password123,medecin
Gueye,Moussa,user4558@hopital.sn,password123,medecin
Sow,Abdoulaye,user4559@hopital.sn,password123,admin
Ba,Ibrahima,user4560@hopital.sn,password123,medecin
Ndiaye,Ousmane,user4561@hopital.sn,password123,admin
Kane,Cheikh,user4562@hopital.sn,password123,admin
Sy,Moussa,user4563@hopital.sn,password123,medecin
Diop,Mariama,user4564@hopital.sn,password123,admin
Kane,Mamadou,user4565@hopital.sn,password123,admin
Sow,Moussa,user4566@hopital.sn,password123,admin
Faye,Fatou,user4567@hopital.sn,password123,medecin
Sarr,Mariama,user4568@hopital.sn,password123,admin
Fall,Fatou,user4569@hopital.sn,password123,medecin
Sarr,Oumar,user4570@hopital.sn,password123,agent
Fall,Cheikh,user4571@hopital.sn,password123,agent
Diop,Mariama,user4572@hopital.sn,password123,agent
Diallo,Ibrahima,user4573@hopital.sn,password123,medecin
Sarr,Mariama,user4574@hopital.sn,password123,medecin
Ba,Abdoulaye,user4575@hopital.sn,password123,admin
Sow,Moussa,user4576@hopital.sn,password123,agent
Ndiaye,Oumar,user4577@hopital.sn,password123,agent
Sarr,Mamadou,user4578@hopital.sn,password123,admin
Fall,Mariama,user4579@hopital.sn,password123,medecin
Ba,Khady,user4580@hopital.sn,password123,admin
Sy,Khady,user4581@hopital.sn,password123,agent
Diallo,Cheikh,user4582@hopital.sn,password123,medecin
Gueye,Mariama,user4583@hopital.sn,password123,admin
Ndiaye,Moussa,user4584@hopital.sn,password123,agent
Kane,Moussa,user4585@hopital.sn,password123,agent
Ba,Mariama,user4586@hopital.sn,password123,admin
Ba,Ousmane,user4587@hopital.sn,password123,medecin
Sarr,Aminata,user4588@hopital.sn,password123,admin
Sy,Abdoulaye,user4589@hopital.sn,password123,medecin
Sarr,Ousmane,user4590@hopital.sn,password123,agent
Kane,Mamadou,user4591@hopital.sn,password123,medecin
Diallo,Ibrahima,user4592@hopital.sn,password123,agent
Faye,Ibrahima,user4593@hopital.sn,password123,medecin
Sy,Cheikh,user4594@hopital.sn,password123,admin
Ndiaye,Fatou,user4595@hopital.sn,password123,agent
Sy,Ibrahima,user4596@hopital.sn,password123,agent
Faye,Ibrahima,user4597@hopital.sn,password123,agent
Kane,Ibrahima,user4598@hopital.sn,password123,medecin
Sy,Moussa,user4599@hopital.sn,password123,medecin
Ba,Cheikh,user4600@hopital.sn,password123,admin
Diop,Mamadou,user4601@hopital.sn,password123,medecin
Fall,Khady,user4602@hopital.sn,password123,admin
Fall,Ibrahima,user4603@hopital.sn,password123,agent
Sy,Mariama,user4604@hopital.sn,password123,agent
Faye,Khady,user4605@hopital.sn,password123,admin
Diop,Khady,user4606@hopital.sn,password123,admin
Fall,Mariama,user4607@hopital.sn,password123,admin
Kane,Aminata,user4608@hopital.sn,password123,admin
Ba,Cheikh,user4609@hopital.sn,password123,agent
Diop,Khady,user4610@hopital.sn,password123,admin
Faye,Khady,user4611@hopital.sn,password123,admin
Ndiaye,Ibrahima,user4612@hopital.sn,password123,agent
Fall,Mariama,user4613@hopital.sn,password123,admin
Diallo,Moussa,user4614@hopital.sn,password123,medecin
Kane,Abdoulaye,user4615@hopital.sn,password123,medecin
Sarr,Moussa,user4616@hopital.sn,password123,agent
Gueye,Abdoulaye,user4617@hopital.sn,password123,admin
Ndiaye,Oumar,user4618@hopital.sn,password123,agent
Diallo,Cheikh,user4619@hopital.sn,password123,admin
Sarr,Aminata,user4620@hopital.sn,password123,agent
Ndiaye,Awa,user4621@hopital.sn,password123,admin
Fall,Ibrahima,user4622@hopital.sn,password123,admin
Gueye,Oumar,user4623@hopital.sn,password123,medecin
Diallo,Oumar,user4624@hopital.sn,password123,medecin
Gueye,Ibrahima,user4625@hopital.sn,password123,admin
Kane,Ibrahima,user4626@hopital.sn,password123,agent
Ba,Ibrahima,user4627@hopital.sn,password123,agent
Sow,Cheikh,user4628@hopital.sn,password123,agent
Ba,Fatou,user4629@hopital.sn,password123,admin
Ba,Awa,user4630@hopital.sn,password123,admin
Diop,Mamadou,user4631@hopital.sn,password123,medecin
Diallo,Mamadou,user4632@hopital.sn,password123,medecin
Diallo,Awa,user4633@hopital.sn,password123,admin
Faye,Moussa,user4634@hopital.sn,password123,admin
Ba,Cheikh,user4635@hopital.sn,password123,admin
Ndiaye,Khady,user4636@hopital.sn,password123,agent
Diallo,Awa,user4637@hopital.sn,password123,medecin
Sow,Ousmane,user4638@hopital.sn,password123,agent
Ba,Khady,user4639@hopital.sn,password123,medecin
Gueye,Moussa,user4640@hopital.sn,password123,medecin
Gueye,Awa,user4641@hopital.sn,password123,medecin
Diallo,Awa,user4642@hopital.sn,password123,admin
Faye,Cheikh,user4643@hopital.sn,password123,admin
Diallo,Khady,user4644@hopital.sn,password123,agent
Ndiaye,Fatou,user4645@hopital.sn,password123,admin
Ba,Oumar,user4646@hopital.sn,password123,admin
Gueye,Aminata,user4647@hopital.sn,password123,medecin
Sow,Cheikh,user4648@hopital.sn,password123,agent
Diallo,Moussa,user4649@hopital.sn,password123,agent
Ba,Ousmane,user4650@hopital.sn,password123,admin
Faye,Mariama,user4651@hopital.sn,password123,agent
Diallo,Cheikh,user4652@hopital.sn,password123,medecin
Diallo,Cheikh,user4653@hopital.sn,password123,admin
Diop,Aminata,user4654@hopital.sn,password123,agent
Kane,Awa,user4655@hopital.sn,password123,medecin
Diallo,Abdoulaye,user4656@hopital.sn,password123,medecin
Sy,Fatou,user4657@hopital.sn,password123,admin
Ndiaye,Mariama,user4658@hopital.sn,password123,medecin
Diop,Ibrahima,user4659@hopital.sn,password123,admin
Sow,Ousmane,user4660@hopital.sn,password123,medecin
Sy,Ousmane,user4661@hopital.sn,password123,admin
Sow,Abdoulaye,user4662@hopital.sn,password123,admin
Diop,Oumar,user4663@hopital.sn,password123,medecin
Ndiaye,Ousmane,user4664@hopital.sn,password123,agent
Diop,Ibrahima,user4665@hopital.sn,password123,admin
Diop,Cheikh,user4666@hopital.sn,password123,admin
Diallo,Ousmane,user4667@hopital.sn,password123,admin
Gueye,Aminata,user4668@hopital.sn,password123,medecin
Faye,Aminata,user4669@hopital.sn,password123,agent
Sarr,Abdoulaye,user4670@hopital.sn,password123,agent
Faye,Fatou,user4671@hopital.sn,password123,medecin
Faye,Aminata,user4672@hopital.sn,password123,medecin
Sarr,Oumar,user4673@hopital.sn,password123,admin
Kane,Aminata,user4674@hopital.sn,password123,agent
Sy,Oumar,user4675@hopital.sn,password123,admin
Ndiaye,Awa,user4676@hopital.sn,password123,admin
Sarr,Khady,user4677@hopital.sn,password123,medecin
Sy,Cheikh,user4678@hopital.sn,password123,admin
Kane,Ousmane,user4679@hopital.sn,password123,medecin
Ndiaye,Mariama,user4680@hopital.sn,password123,agent
Ndiaye,Khady,user4681@hopital.sn,password123,admin
Gueye,Moussa,user4682@hopital.sn,password123,medecin
Gueye,Mariama,user4683@hopital.sn,password123,medecin
Kane,Abdoulaye,user4684@hopital.sn,password123,admin
Sow,Mariama,user4685@hopital.sn,password123,admin
Diop,Oumar,user4686@hopital.sn,password123,agent
Fall,Mamadou,user4687@hopital.sn,password123,agent
Diallo,Aminata,user4688@hopital.sn,password123,admin
Sy,Mamadou,user4689@hopital.sn,password123,admin
Kane,Ibrahima,user4690@hopital.sn,password123,agent
Kane,Oumar,user4691@hopital.sn,password123,admin
Diop,Ousmane,user4692@hopital.sn,password123,medecin
Kane,Khady,user4693@hopital.sn,password123,agent
Gueye,Awa,user4694@hopital.sn,password123,admin
Ba,Khady,user4695@hopital.sn,password123,medecin
Ndiaye,Ousmane,user4696@hopital.sn,password123,admin
Ndiaye,Moussa,user4697@hopital.sn,password123,medecin
Ndiaye,Ibrahima,user4698@hopital.sn,password123,agent
Sy,Ibrahima,user4699@hopital.sn,password123,admin
Ba,Khady,user4700@hopital.sn,password123,admin
Sow,Awa,user4701@hopital.sn,password123,admin
Diallo,Fatou,user4702@hopital.sn,password123,agent
Sy,Khady,user4703@hopital.sn,password123,admin
Ndiaye,Fatou,user4704@hopital.sn,password123,medecin
Gueye,Cheikh,user4705@hopital.sn,password123,medecin
Kane,Aminata,user4706@hopital.sn,password123,admin
Sarr,Fatou,user4707@hopital.sn,password123,agent
Gueye,Oumar,user4708@hopital.sn,password123,admin
Diop,Ousmane,user4709@hopital.sn,password123,agent
Gueye,Ousmane,user4710@hopital.sn,password123,admin
Sarr,Awa,user4711@hopital.sn,password123,medecin
Sy,Cheikh,user4712@hopital.sn,password123,medecin
Fall,Oumar,user4713@hopital.sn,password123,admin
Faye,Mamadou,user4714@hopital.sn,password123,agent
Fall,Oumar,user4715@hopital.sn,password123,admin
Sy,Fatou,user4716@hopital.sn,password123,admin
Sarr,Moussa,user4717@hopital.sn,password123,medecin
Gueye,Fatou,user4718@hopital.sn,password123,medecin
Sy,Moussa,user4719@hopital.sn,password123,agent
Ba,Mariama,user4720@hopital.sn,password123,admin
Sow,Aminata,user4721@hopital.sn,password123,agent
Sarr,Oumar,user4722@hopital.sn,password123,agent
Fall,Mamadou,user4723@hopital.sn,password123,admin
Fall,Aminata,user4724@hopital.sn,password123,admin
Fall,Khady,user4725@hopital.sn,password123,medecin
Diallo,Khady,user4726@hopital.sn,password123,admin
Diop,Oumar,user4727@hopital.sn,password123,medecin
Fall,Ibrahima,user4728@hopital.sn,password123,medecin
Gueye,Mamadou,user4729@hopital.sn,password123,medecin
Faye,Awa,user4730@hopital.sn,password123,agent
Faye,Cheikh,user4731@hopital.sn,password123,agent
Diop,Ousmane,user4732@hopital.sn,password123,admin
Diallo,Khady,user4733@hopital.sn,password123,medecin
Gueye,Awa,user4734@hopital.sn,password123,admin
Sy,Aminata,user4735@hopital.sn,password123,medecin
Sow,Mariama,user4736@hopital.sn,password123,agent
Kane,Ousmane,user4737@hopital.sn,password123,medecin
Sy,Mariama,user4738@hopital.sn,password123,admin
Sarr,Moussa,user4739@hopital.sn,password123,admin
Ba,Ousmane,user4740@hopital.sn,password123,medecin
Sarr,Ibrahima,user4741@hopital.sn,password123,admin
Ndiaye,Ibrahima,user4742@hopital.sn,password123,medecin
Sow,Cheikh,user4743@hopital.sn,password123,admin
Ndiaye,Ibrahima,user4744@hopital.sn,password123,admin
Sarr,Awa,user4745@hopital.sn,password123,agent
Gueye,Aminata,user4746@hopital.sn,password123,agent
Diop,Aminata,user4747@hopital.sn,password123,medecin
Faye,Abdoulaye,user4748@hopital.sn,password123,admin
Ndiaye,Awa,user4749@hopital.sn,password123,admin
Sy,Oumar,user4750@hopital.sn,password123,medecin
Sow,Abdoulaye,user4751@hopital.sn,password123,medecin
Diop,Mariama,user4752@hopital.sn,password123,agent
Diop,Abdoulaye,user4753@hopital.sn,password123,agent
Faye,Mamadou,user4754@hopital.sn,password123,medecin
Sow,Abdoulaye,user4755@hopital.sn,password123,agent
Ndiaye,Mamadou,user4756@hopital.sn,password123,agent
Ba,Ousmane,user4757@hopital.sn,password123,admin
Sy,Mariama,user4758@hopital.sn,password123,agent
Sarr,Khady,user4759@hopital.sn,password123,admin
Sarr,Abdoulaye,user4760@hopital.sn,password123,admin
Sow,Ousmane,user4761@hopital.sn,password123,admin
Fall,Fatou,user4762@hopital.sn,password123,medecin
Fall,Fatou,user4763@hopital.sn,password123,medecin
Sow,Ousmane,user4764@hopital.sn,password123,medecin
Sy,Khady,user4765@hopital.sn,password123,agent
Fall,Moussa,user4766@hopital.sn,password123,medecin
Diallo,Abdoulaye,user4767@hopital.sn,password123,admin
Ba,Aminata,user4768@hopital.sn,password123,agent
Sow,Moussa,user4769@hopital.sn,password123,agent
Sy,Cheikh,user4770@hopital.sn,password123,agent
Ndiaye,Mamadou,user4771@hopital.sn,password123,medecin
Ndiaye,Mamadou,user4772@hopital.sn,password123,agent
Diop,Cheikh,user4773@hopital.sn,password123,admin
Sow,Khady,user4774@hopital.sn,password123,medecin
Ba,Fatou,user4775@hopital.sn,password123,medecin
Fall,Khady,user4776@hopital.sn,password123,agent
Sy,Cheikh,user4777@hopital.sn,password123,admin
Diop,Aminata,user4778@hopital.sn,password123,medecin
Ndiaye,Mariama,user4779@hopital.sn,password123,admin
Fall,Khady,user4780@hopital.sn,password123,medecin
Sow,Moussa,user4781@hopital.sn,password123,agent
Faye,Fatou,user4782@hopital.sn,password123,admin
Diop,Oumar,user4783@hopital.sn,password123,agent
Ndiaye,Ousmane,user4784@hopital.sn,password123,medecin
Fall,Fatou,user4785@hopital.sn,password123,agent
Kane,Moussa,user4786@hopital.sn,password123,medecin
Fall,Cheikh,user4787@hopital.sn,password123,agent
Gueye,Ousmane,user4788@hopital.sn,password123,admin
Kane,Oumar,user4789@hopital.sn,password123,agent
Faye,Moussa,user4790@hopital.sn,password123,admin
Ba,Mariama,user4791@hopital.sn,password123,admin
Sy,Fatou,user4792@hopital.sn,password123,admin
Sarr,Ibrahima,user4793@hopital.sn,password123,agent
Ndiaye,Abdoulaye,user4794@hopital.sn,password123,agent
Diallo,Ousmane,user4795@hopital.sn,password123,agent
Gueye,Aminata,user4796@hopital.sn,password123,agent
Diop,Mamadou,user4797@hopital.sn,password123,admin
Diop,Mamadou,user4798@hopital.sn,password123,admin
Fall,Moussa,user4799@hopital.sn,password123,agent
Diop,Fatou,user4800@hopital.sn,password123,admin
Sow,Ibrahima,user4801@hopital.sn,password123,agent
Diallo,Khady,user4802@hopital.sn,password123,agent
Diop,Cheikh,user4803@hopital.sn,password123,medecin
Faye,Khady,user4804@hopital.sn,password123,agent
Ndiaye,Cheikh,user4805@hopital.sn,password123,agent
Sarr,Cheikh,user4806@hopital.sn,password123,medecin
Diop,Awa,user4807@hopital.sn,password123,agent
Ndiaye,Abdoulaye,user4808@hopital.sn,password123,admin
Gueye,Oumar,user4809@hopital.sn,password123,medecin
Sarr,Fatou,user4810@hopital.sn,password123,medecin
Diallo,Abdoulaye,user4811@hopital.sn,password123,admin
Diop,Oumar,user4812@hopital.sn,password123,admin
Faye,Ousmane,user4813@hopital.sn,password123,admin
Gueye,Ousmane,user4814@hopital.sn,password123,medecin
Ndiaye,Mariama,user4815@hopital.sn,password123,agent
Ndiaye,Mariama,user4816@hopital.sn,password123,admin
Ba,Fatou,user4817@hopital.sn,password123,admin
Fall,Mamadou,user4818@hopital.sn,password123,admin
Fall,Abdoulaye,user4819@hopital.sn,password123,agent
Kane,Moussa,user4820@hopital.sn,password123,agent
Sow,Fatou,user4821@hopital.sn,password123,admin
Sy,Ibrahima,user4822@hopital.sn,password123,agent
Sarr,Aminata,user4823@hopital.sn,password123,admin
Sy,Cheikh,user4824@hopital.sn,password123,admin
Sy,Abdoulaye,user4825@hopital.sn,password123,agent
Gueye,Cheikh,user4826@hopital.sn,password123,admin
Sow,Ousmane,user4827@hopital.sn,password123,agent
Fall,Ousmane,user4828@hopital.sn,password123,admin
Gueye,Fatou,user4829@hopital.sn,password123,admin
Fall,Mamadou,user4830@hopital.sn,password123,admin
Gueye,Moussa,user4831@hopital.sn,password123,admin
Diop,Awa,user4832@hopital.sn,password123,medecin
Sy,Khady,user4833@hopital.sn,password123,medecin
Diallo,Oumar,user4834@hopital.sn,password123,admin
Sow,Oumar,user4835@hopital.sn,password123,admin
Faye,Mamadou,user4836@hopital.sn,password123,admin
Fall,Awa,user4837@hopital.sn,password123,medecin
Diallo,Moussa,user4838@hopital.sn,password123,agent
Ndiaye,Ousmane,user4839@hopital.sn,password123,medecin
Diop,Moussa,user4840@hopital.sn,password123,agent
Ba,Awa,user4841@hopital.sn,password123,agent
Diallo,Mamadou,user4842@hopital.sn,password123,medecin
Sy,Aminata,user4843@hopital.sn,password123,admin
Kane,Fatou,user4844@hopital.sn,password123,admin
Diop,Abdoulaye,user4845@hopital.sn,password123,medecin
Ndiaye,Ibrahima,user4846@hopital.sn,password123,agent
Sy,Abdoulaye,user4847@hopital.sn,password123,admin
Ndiaye,Moussa,user4848@hopital.sn,password123,medecin
Faye,Mariama,user4849@hopital.sn,password123,admin
Ba,Mamadou,user4850@hopital.sn,password123,admin
Sy,Moussa,user4851@hopital.sn,password123,admin
Diallo,Mamadou,user4852@hopital.sn,password123,medecin
Sarr,Oumar,user4853@hopital.sn,password123,agent
Sow,Mariama,user4854@hopital.sn,password123,admin
Diop,Ousmane,user4855@hopital.sn,password123,agent
Sy,Khady,user4856@hopital.sn,password123,medecin
Diop,Mamadou,user4857@hopital.sn,password123,agent
Diallo,Moussa,user4858@hopital.sn,password123,admin
Diallo,Cheikh,user4859@hopital.sn,password123,medecin
Sy,Khady,user4860@hopital.sn,password123,agent
Sarr,Ibrahima,user4861@hopital.sn,password123,agent
Faye,Mariama,user4862@hopital.sn,password123,admin
Kane,Ousmane,user4863@hopital.sn,password123,medecin
Gueye,Aminata,user4864@hopital.sn,password123,agent
Diop,Moussa,user4865@hopital.sn,password123,medecin
Kane,Oumar,user4866@hopital.sn,password123,admin
Faye,Mamadou,user4867@hopital.sn,password123,admin
Faye,Mamadou,user4868@hopital.sn,password123,medecin
Sy,Mariama,user4869@hopital.sn,password123,admin
Ba,Oumar,user4870@hopital.sn,password123,admin
Ndiaye,Ibrahima,user4871@hopital.sn,password123,medecin
Ba,Mariama,user4872@hopital.sn,password123,medecin
Faye,Cheikh,user4873@hopital.sn,password123,admin
Kane,Cheikh,user4874@hopital.sn,password123,agent
Gueye,Awa,user4875@hopital.sn,password123,agent
Gueye,Abdoulaye,user4876@hopital.sn,password123,agent
Diallo,Abdoulaye,user4877@hopital.sn,password123,medecin
Ndiaye,Abdoulaye,user4878@hopital.sn,password123,agent
Ndiaye,Ibrahima,user4879@hopital.sn,password123,admin
Faye,Awa,user4880@hopital.sn,password123,medecin
Kane,Moussa,user4881@hopital.sn,password123,medecin
Diop,Ibrahima,user4882@hopital.sn,password123,agent
Sy,Oumar,user4883@hopital.sn,password123,admin
Ba,Khady,user4884@hopital.sn,password123,medecin
Gueye,Oumar,user4885@hopital.sn,password123,agent
Sarr,Cheikh,user4886@hopital.sn,password123,admin
Ndiaye,Moussa,user4887@hopital.sn,password123,admin
Kane,Abdoulaye,user4888@hopital.sn,password123,medecin
Ba,Awa,user4889@hopital.sn,password123,admin
Sow,Mamadou,user4890@hopital.sn,password123,admin
Ba,Mamadou,user4891@hopital.sn,password123,admin
Ba,Moussa,user4892@hopital.sn,password123,medecin
Sy,Ousmane,user4893@hopital.sn,password123,agent
Diop,Ibrahima,user4894@hopital.sn,password123,admin
Diop,Awa,user4895@hopital.sn,password123,admin
Gueye,Ousmane,user4896@hopital.sn,password123,medecin
Fall,Fatou,user4897@hopital.sn,password123,medecin
Fall,Mamadou,user4898@hopital.sn,password123,admin
Fall,Cheikh,user4899@hopital.sn,password123,agent
Faye,Moussa,user4900@hopital.sn,password123,agent
Sarr,Cheikh,user4901@hopital.sn,password123,agent
Ba,Aminata,user4902@hopital.sn,password123,medecin
Kane,Moussa,user4903@hopital.sn,password123,medecin
Sarr,Moussa,user4904@hopital.sn,password123,admin
Fall,Mariama,user4905@hopital.sn,password123,medecin
Kane,Abdoulaye,user4906@hopital.sn,password123,medecin
Sarr,Abdoulaye,user4907@hopital.sn,password123,medecin
Ba,Khady,user4908@hopital.sn,password123,admin
Diop,Mamadou,user4909@hopital.sn,password123,admin
Ba,Khady,user4910@hopital.sn,password123,medecin
Sow,Khady,user4911@hopital.sn,password123,admin
Faye,Awa,user4912@hopital.sn,password123,admin
Diallo,Awa,user4913@hopital.sn,password123,medecin
Fall,Aminata,user4914@hopital.sn,password123,agent
Fall,Ibrahima,user4915@hopital.sn,password123,agent
Ba,Khady,user4916@hopital.sn,password123,agent
Sy,Moussa,user4917@hopital.sn,password123,admin
Sy,Oumar,user4918@hopital.sn,password123,agent
Gueye,Aminata,user4919@hopital.sn,password123,admin
Faye,Aminata,user4920@hopital.sn,password123,agent
Ndiaye,Aminata,user4921@hopital.sn,password123,admin
Sy,Khady,user4922@hopital.sn,password123,admin
Sow,Awa,user4923@hopital.sn,password123,admin
Kane,Fatou,user4924@hopital.sn,password123,admin
Ba,Ibrahima,user4925@hopital.sn,password123,admin
Sy,Ibrahima,user4926@hopital.sn,password123,agent
Kane,Aminata,user4927@hopital.sn,password123,agent
Diallo,Ibrahima,user4928@hopital.sn,password123,agent
Sow,Khady,user4929@hopital.sn,password123,agent
Fall,Awa,user4930@hopital.sn,password123,agent
Kane,Ibrahima,user4931@hopital.sn,password123,admin
Ndiaye,Aminata,user4932@hopital.sn,password123,medecin
Diallo,Mariama,user4933@hopital.sn,password123,medecin
Diop,Abdoulaye,user4934@hopital.sn,password123,medecin
Faye,Aminata,user4935@hopital.sn,password123,agent
Gueye,Mamadou,user4936@hopital.sn,password123,medecin
Ba,Ibrahima,user4937@hopital.sn,password123,medecin
Kane,Mariama,user4938@hopital.sn,password123,medecin
Sow,Fatou,user4939@hopital.sn,password123,medecin
Ba,Moussa,user4940@hopital.sn,password123,admin
Diallo,Cheikh,user4941@hopital.sn,password123,agent
Fall,Fatou,user4942@hopital.sn,password123,admin
Faye,Oumar,user4943@hopital.sn,password123,agent
Sarr,Khady,user4944@hopital.sn,password123,admin
Sarr,Oumar,user4945@hopital.sn,password123,medecin
Kane,Mariama,user4946@hopital.sn,password123,medecin
Ba,Abdoulaye,user4947@hopital.sn,password123,agent
Ndiaye,Fatou,user4948@hopital.sn,password123,agent
Ndiaye,Khady,user4949@hopital.sn,password123,agent
Sow,Cheikh,user4950@hopital.sn,password123,agent
Faye,Ousmane,user4951@hopital.sn,password123,agent
Gueye,Oumar,user4952@hopital.sn,password123,admin
Fall,Ibrahima,user4953@hopital.sn,password123,admin
Fall,Cheikh,user4954@hopital.sn,password123,agent
Ndiaye,Ibrahima,user4955@hopital.sn,password123,admin
Sy,Ibrahima,user4956@hopital.sn,password123,admin
Ndiaye,Cheikh,user4957@hopital.sn,password123,agent
Fall,Oumar,user4958@hopital.sn,password123,agent
Ndiaye,Oumar,user4959@hopital.sn,password123,admin
Kane,Khady,user4960@hopital.sn,password123,agent
Sow,Awa,user4961@hopital.sn,password123,admin
Sarr,Cheikh,user4962@hopital.sn,password123,medecin
Gueye,Abdoulaye,user4963@hopital.sn,password123,agent
Faye,Cheikh,user4964@hopital.sn,password123,medecin
Sarr,Fatou,user4965@hopital.sn,password123,admin
Faye,Oumar,user4966@hopital.sn,password123,medecin
Ba,Fatou,user4967@hopital.sn,password123,medecin
Gueye,Ousmane,user4968@hopital.sn,password123,admin
Sarr,Oumar,user4969@hopital.sn,password123,medecin
Sy,Aminata,user4970@hopital.sn,password123,medecin
Diop,Ibrahima,user4971@hopital.sn,password123,agent
Kane,Ousmane,user4972@hopital.sn,password123,agent
Gueye,Cheikh,user4973@hopital.sn,password123,medecin
Ndiaye,Cheikh,user4974@hopital.sn,password123,agent
Diop,Cheikh,user4975@hopital.sn,password123,admin
Sy,Ibrahima,user4976@hopital.sn,password123,medecin
Sarr,Mamadou,user4977@hopital.sn,password123,agent
Sow,Moussa,user4978@hopital.sn,password123,agent
Gueye,Mariama,user4979@hopital.sn,password123,admin
Sow,Mamadou,user4980@hopital.sn,password123,medecin
Ndiaye,Abdoulaye,user4981@hopital.sn,password123,agent
Ndiaye,Moussa,user4982@hopital.sn,password123,admin
Kane,Abdoulaye,user4983@hopital.sn,password123,admin
Faye,Ousmane,user4984@hopital.sn,password123,agent
Fall,Ousmane,user4985@hopital.sn,password123,medecin
Ndiaye,Ibrahima,user4986@hopital.sn,password123,medecin
Ba,Fatou,user4987@hopital.sn,password123,medecin
Sarr,Ousmane,user4988@hopital.sn,password123,admin
Sarr,Ousmane,user4989@hopital.sn,password123,medecin
Fall,Oumar,user4990@hopital.sn,password123,medecin
Faye,Ibrahima,user4991@hopital.sn,password123,medecin
Ndiaye,Moussa,user4992@hopital.sn,password123,admin
Sy,Ousmane,user4993@hopital.sn,password123,admin
Diop,Moussa,user4994@hopital.sn,password123,agent
Ba,Aminata,user4995@hopital.sn,password123,agent
Diallo,Moussa,user4996@hopital.sn,password123,agent
Sow,Awa,user4997@hopital.sn,password123,admin
Diop,Khady,user4998@hopital.sn,password123,medecin
Diallo,Mariama,user4999@hopital.sn,password123,admin
Faye,Khady,user5000@hopital.sn,password123,admin
Diallo,Mamadou,user5001@hopital.sn,password123,admin
Sy,Mamadou,user5002@hopital.sn,password123,medecin
Sarr,Mamadou,user5003@hopital.sn,password123,admin
Faye,Mariama,user5004@hopital.sn,password123,medecin
Diop,Mamadou,user5005@hopital.sn,password123,admin
Diallo,Oumar,user5006@hopital.sn,password123,agent
Kane,Awa,user5007@hopital.sn,password123,medecin
Ndiaye,Aminata,user5008@hopital.sn,password123,admin
Kane,Fatou,user5009@hopital.sn,password123,medecin
Kane,Khady,user5010@hopital.sn,password123,medecin
Gueye,Mariama,user5011@hopital.sn,password123,admin
Sy,Khady,user5012@hopital.sn,password123,medecin
Sow,Oumar,user5013@hopital.sn,password123,agent
Diop,Mamadou,user5014@hopital.sn,password123,medecin
Sow,Cheikh,user5015@hopital.sn,password123,agent
Ba,Cheikh,user5016@hopital.sn,password123,admin
Diop,Khady,user5017@hopital.sn,password123,agent
Ba,Khady,user5018@hopital.sn,password123,agent
Diallo,Oumar,user5019@hopital.sn,password123,admin
Ba,Mamadou,user5020@hopital.sn,password123,agent
Sow,Ousmane,user5021@hopital.sn,password123,agent
Sy,Fatou,user5022@hopital.sn,password123,medecin
Sy,Cheikh,user5023@hopital.sn,password123,admin
Faye,Fatou,user5024@hopital.sn,password123,agent
Kane,Cheikh,user5025@hopital.sn,password123,medecin
Kane,Awa,user5026@hopital.sn,password123,admin
Diallo,Moussa,user5027@hopital.sn,password123,admin
Sow,Oumar,user5028@hopital.sn,password123,agent
Kane,Abdoulaye,user5029@hopital.sn,password123,agent
Fall,Oumar,user5030@hopital.sn,password123,medecin
Diallo,Ousmane,user5031@hopital.sn,password123,medecin
Fall,Fatou,user5032@hopital.sn,password123,medecin
Kane,Mariama,user5033@hopital.sn,password123,admin
Sow,Cheikh,user5034@hopital.sn,password123,admin
Sow,Khady,user5035@hopital.sn,password123,medecin
Fall,Khady,user5036@hopital.sn,password123,medecin
Sy,Aminata,user5037@hopital.sn,password123,admin
Faye,Oumar,user5038@hopital.sn,password123,medecin
Gueye,Aminata,user5039@hopital.sn,password123,admin
Sarr,Khady,user5040@hopital.sn,password123,agent
Diop,Abdoulaye,user5041@hopital.sn,password123,admin
Ndiaye,Aminata,user5042@hopital.sn,password123,medecin
Sy,Oumar,user5043@hopital.sn,password123,admin
Kane,Moussa,user5044@hopital.sn,password123,medecin
Fall,Ousmane,user5045@hopital.sn,password123,medecin
Kane,Khady,user5046@hopital.sn,password123,medecin
Sy,Moussa,user5047@hopital.sn,password123,medecin
Sy,Awa,user5048@hopital.sn,password123,admin
Sow,Oumar,user5049@hopital.sn,password123,admin
Sarr,Mariama,user5050@hopital.sn,password123,medecin
Ba,Oumar,user5051@hopital.sn,password123,admin
Sarr,Mamadou,user5052@hopital.sn,password123,agent
Ndiaye,Fatou,user5053@hopital.sn,password123,agent
Sow,Mariama,user5054@hopital.sn,password123,medecin
Sarr,Fatou,user5055@hopital.sn,password123,medecin
Kane,Fatou,user5056@hopital.sn,password123,agent
Ba,Awa,user5057@hopital.sn,password123,medecin
Gueye,Ousmane,user5058@hopital.sn,password123,medecin
Sy,Cheikh,user5059@hopital.sn,password123,agent
Diallo,Aminata,user5060@hopital.sn,password123,admin
Kane,Abdoulaye,user5061@hopital.sn,password123,agent
Kane,Aminata,user5062@hopital.sn,password123,medecin
Fall,Abdoulaye,user5063@hopital.sn,password123,agent
Diallo,Mariama,user5064@hopital.sn,password123,medecin
Sarr,Oumar,user5065@hopital.sn,password123,medecin
Sow,Oumar,user5066@hopital.sn,password123,admin
Fall,Khady,user5067@hopital.sn,password123,medecin
Fall,Moussa,user5068@hopital.sn,password123,agent
Ndiaye,Oumar,user5069@hopital.sn,password123,agent
Diop,Mariama,user5070@hopital.sn,password123,medecin
Ndiaye,Mariama,user5071@hopital.sn,password123,medecin
Diop,Awa,user5072@hopital.sn,password123,admin
Gueye,Ousmane,user5073@hopital.sn,password123,admin
Sow,Mariama,user5074@hopital.sn,password123,medecin
Sow,Khady,user5075@hopital.sn,password123,medecin
Diop,Awa,user5076@hopital.sn,password123,admin
Diallo,Fatou,user5077@hopital.sn,password123,admin
Sow,Aminata,user5078@hopital.sn,password123,medecin
Faye,Mariama,user5079@hopital.sn,password123,agent
Sow,Mamadou,user5080@hopital.sn,password123,medecin
Ba,Mamadou,user5081@hopital.sn,password123,medecin
Diallo,Awa,user5082@hopital.sn,password123,medecin
Ndiaye,Aminata,user5083@hopital.sn,password123,medecin
Gueye,Awa,user5084@hopital.sn,password123,admin
Ba,Awa,user5085@hopital.sn,password123,medecin
Ba,Khady,user5086@hopital.sn,password123,admin
Diallo,Abdoulaye,user5087@hopital.sn,password123,admin
Kane,Ousmane,user5088@hopital.sn,password123,admin
Gueye,Mamadou,user5089@hopital.sn,password123,medecin
Diallo,Mamadou,user5090@hopital.sn,password123,medecin
Diop,Oumar,user5091@hopital.sn,password123,agent
Sow,Abdoulaye,user5092@hopital.sn,password123,agent
Diallo,Aminata,user5093@hopital.sn,password123,medecin
Faye,Oumar,user5094@hopital.sn,password123,medecin
Faye,Mamadou,user5095@hopital.sn,password123,medecin
Ndiaye,Ousmane,user5096@hopital.sn,password123,agent
Diop,Mamadou,user5097@hopital.sn,password123,admin
Diallo,Awa,user5098@hopital.sn,password123,medecin
Ba,Ousmane,user5099@hopital.sn,password123,agent
Kane,Ibrahima,user5100@hopital.sn,password123,agent
Diop,Khady,user5101@hopital.sn,password123,admin
Sy,Awa,user5102@hopital.sn,password123,admin
Sarr,Moussa,user5103@hopital.sn,password123,medecin
Ndiaye,Mariama,user5104@hopital.sn,password123,admin
Faye,Abdoulaye,user5105@hopital.sn,password123,admin
Sy,Ibrahima,user5106@hopital.sn,password123,medecin
Gueye,Mariama,user5107@hopital.sn,password123,medecin
Kane,Fatou,user5108@hopital.sn,password123,agent
Kane,Awa,user5109@hopital.sn,password123,admin
Diallo,Oumar,user5110@hopital.sn,password123,medecin
Ndiaye,Ibrahima,user5111@hopital.sn,password123,admin
Diallo,Khady,user5112@hopital.sn,password123,agent
Sy,Moussa,user5113@hopital.sn,password123,agent
Sow,Moussa,user5114@hopital.sn,password123,agent
Sarr,Oumar,user5115@hopital.sn,password123,agent
Gueye,Aminata,user5116@hopital.sn,password123,medecin
Faye,Mamadou,user5117@hopital.sn,password123,admin
Fall,Khady,user5118@hopital.sn,password123,medecin
Fall,Mariama,user5119@hopital.sn,password123,admin
Fall,Fatou,user5120@hopital.sn,password123,medecin
Kane,Fatou,user5121@hopital.sn,password123,admin
Diop,Mamadou,user5122@hopital.sn,password123,medecin
Faye,Moussa,user5123@hopital.sn,password123,medecin
Ba,Moussa,user5124@hopital.sn,password123,medecin
Kane,Abdoulaye,user5125@hopital.sn,password123,agent
Sarr,Ibrahima,user5126@hopital.sn,password123,agent
Faye,Cheikh,user5127@hopital.sn,password123,admin
Ndiaye,Mamadou,user5128@hopital.sn,password123,admin
Diallo,Cheikh,user5129@hopital.sn,password123,medecin
Faye,Awa,user5130@hopital.sn,password123,medecin
Diop,Abdoulaye,user5131@hopital.sn,password123,agent
Diallo,Ousmane,user5132@hopital.sn,password123,agent
Fall,Mariama,user5133@hopital.sn,password123,agent
Ndiaye,Ibrahima,user5134@hopital.sn,password123,agent
Kane,Abdoulaye,user5135@hopital.sn,password123,admin
Sarr,Khady,user5136@hopital.sn,password123,admin
Diop,Oumar,user5137@hopital.sn,password123,admin
Ba,Ousmane,user5138@hopital.sn,password123,admin
Gueye,Khady,user5139@hopital.sn,password123,agent
Ba,Awa,user5140@hopital.sn,password123,medecin
Sow,Mamadou,user5141@hopital.sn,password123,medecin
Sow,Cheikh,user5142@hopital.sn,password123,admin
Diallo,Awa,user5143@hopital.sn,password123,medecin
Kane,Aminata,user5144@hopital.sn,password123,agent
Diallo,Fatou,user5145@hopital.sn,password123,medecin
Sow,Fatou,user5146@hopital.sn,password123,agent
Sow,Aminata,user5147@hopital.sn,password123,admin
Kane,Ibrahima,user5148@hopital.sn,password123,agent
Diallo,Cheikh,user5149@hopital.sn,password123,agent
Sarr,Moussa,user5150@hopital.sn,password123,agent
Sarr,Khady,user5151@hopital.sn,password123,medecin
Diop,Aminata,user5152@hopital.sn,password123,agent
Diallo,Cheikh,user5153@hopital.sn,password123,agent
Gueye,Cheikh,user5154@hopital.sn,password123,admin
Diop,Ousmane,user5155@hopital.sn,password123,agent
Diallo,Mamadou,user5156@hopital.sn,password123,admin
Gueye,Mariama,user5157@hopital.sn,password123,medecin
Sy,Moussa,user5158@hopital.sn,password123,admin
Ba,Ibrahima,user5159@hopital.sn,password123,medecin
Faye,Moussa,user5160@hopital.sn,password123,admin
Sarr,Cheikh,user5161@hopital.sn,password123,medecin
Faye,Mamadou,user5162@hopital.sn,password123,medecin
Gueye,Oumar,user5163@hopital.sn,password123,agent
Sy,Awa,user5164@hopital.sn,password123,admin
Fall,Ousmane,user5165@hopital.sn,password123,medecin
Faye,Khady,user5166@hopital.sn,password123,medecin
Ndiaye,Mariama,user5167@hopital.sn,password123,admin
Ba,Oumar,user5168@hopital.sn,password123,medecin
Sarr,Aminata,user5169@hopital.sn,password123,agent
Sow,Mamadou,user5170@hopital.sn,password123,admin
Gueye,Abdoulaye,user5171@hopital.sn,password123,agent
Sy,Mariama,user5172@hopital.sn,password123,admin
Ba,Fatou,user5173@hopital.sn,password123,medecin
Diallo,Awa,user5174@hopital.sn,password123,agent
Gueye,Ousmane,user5175@hopital.sn,password123,medecin
Faye,Mariama,user5176@hopital.sn,password123,agent
Diop,Cheikh,user5177@hopital.sn,password123,agent
Gueye,Oumar,user5178@hopital.sn,password123,medecin
Fall,Ousmane,user5179@hopital.sn,password123,admin
Ba,Awa,user5180@hopital.sn,password123,agent
Sy,Fatou,user5181@hopital.sn,password123,admin
Diallo,Oumar,user5182@hopital.sn,password123,agent
Sow,Abdoulaye,user5183@hopital.sn,password123,agent
Kane,Khady,user5184@hopital.sn,password123,agent
Gueye,Ousmane,user5185@hopital.sn,password123,admin
Sy,Ibrahima,user5186@hopital.sn,password123,admin
Diallo,Mariama,user5187@hopital.sn,password123,admin
Ndiaye,Fatou,user5188@hopital.sn,password123,admin
Fall,Oumar,user5189@hopital.sn,password123,medecin
Faye,Cheikh,user5190@hopital.sn,password123,admin
Sarr,Ibrahima,user5191@hopital.sn,password123,admin
Gueye,Mariama,user5192@hopital.sn,password123,medecin
Gueye,Aminata,user5193@hopital.sn,password123,medecin
Diop,Ousmane,user5194@hopital.sn,password123,medecin
Sy,Oumar,user5195@hopital.sn,password123,admin
Diallo,Cheikh,user5196@hopital.sn,password123,agent
Ndiaye,Aminata,user5197@hopital.sn,password123,agent
Fall,Ousmane,user5198@hopital.sn,password123,medecin
Fall,Aminata,user5199@hopital.sn,password123,admin
Faye,Awa,user5200@hopital.sn,password123,medecin
Kane,Khady,user5201@hopital.sn,password123,admin
Ndiaye,Khady,user5202@hopital.sn,password123,agent
Diop,Mamadou,user5203@hopital.sn,password123,medecin
Diop,Cheikh,user5204@hopital.sn,password123,medecin
Ndiaye,Oumar,user5205@hopital.sn,password123,agent
Sarr,Fatou,user5206@hopital.sn,password123,admin
Ba,Awa,user5207@hopital.sn,password123,admin
Diop,Oumar,user5208@hopital.sn,password123,agent
Sy,Ousmane,user5209@hopital.sn,password123,agent
Faye,Mamadou,user5210@hopital.sn,password123,medecin
Ba,Aminata,user5211@hopital.sn,password123,agent
Sow,Oumar,user5212@hopital.sn,password123,medecin
Faye,Khady,user5213@hopital.sn,password123,agent
Sarr,Khady,user5214@hopital.sn,password123,agent
Ndiaye,Ibrahima,user5215@hopital.sn,password123,medecin
Diop,Abdoulaye,user5216@hopital.sn,password123,medecin
Fall,Abdoulaye,user5217@hopital.sn,password123,medecin
Sy,Mamadou,user5218@hopital.sn,password123,admin
Diallo,Ousmane,user5219@hopital.sn,password123,agent
Fall,Oumar,user5220@hopital.sn,password123,medecin
Ndiaye,Mamadou,user5221@hopital.sn,password123,admin
Sarr,Khady,user5222@hopital.sn,password123,agent
Sy,Aminata,user5223@hopital.sn,password123,admin
Gueye,Ibrahima,user5224@hopital.sn,password123,medecin
Ndiaye,Khady,user5225@hopital.sn,password123,medecin
Gueye,Cheikh,user5226@hopital.sn,password123,agent
Sow,Ousmane,user5227@hopital.sn,password123,admin
Ba,Ousmane,user5228@hopital.sn,password123,agent
Sow,Mamadou,user5229@hopital.sn,password123,admin
Fall,Ibrahima,user5230@hopital.sn,password123,admin
Fall,Oumar,user5231@hopital.sn,password123,medecin
Faye,Khady,user5232@hopital.sn,password123,agent
Diallo,Mamadou,user5233@hopital.sn,password123,agent
Faye,Aminata,user5234@hopital.sn,password123,medecin
Ba,Awa,user5235@hopital.sn,password123,admin
Sow,Awa,user5236@hopital.sn,password123,medecin
Faye,Abdoulaye,user5237@hopital.sn,password123,medecin
Ba,Fatou,user5238@hopital.sn,password123,medecin
Sarr,Awa,user5239@hopital.sn,password123,admin
Diallo,Abdoulaye,user5240@hopital.sn,password123,agent
Ba,Moussa,user5241@hopital.sn,password123,agent
Sow,Moussa,user5242@hopital.sn,password123,admin
Sarr,Oumar,user5243@hopital.sn,password123,agent
Fall,Mamadou,user5244@hopital.sn,password123,agent
Gueye,Aminata,user5245@hopital.sn,password123,medecin
Diop,Moussa,user5246@hopital.sn,password123,medecin
Sy,Abdoulaye,user5247@hopital.sn,password123,admin
Diop,Ousmane,user5248@hopital.sn,password123,admin
Sarr,Fatou,user5249@hopital.sn,password123,admin
Diallo,Mamadou,user5250@hopital.sn,password123,admin
Sow,Ibrahima,user5251@hopital.sn,password123,medecin
Ba,Khady,user5252@hopital.sn,password123,medecin
Ba,Mamadou,user5253@hopital.sn,password123,medecin
Gueye,Fatou,user5254@hopital.sn,password123,medecin
Gueye,Ibrahima,user5255@hopital.sn,password123,medecin
Sy,Khady,user5256@hopital.sn,password123,agent
Sow,Aminata,user5257@hopital.sn,password123,agent
Diop,Abdoulaye,user5258@hopital.sn,password123,agent
Faye,Fatou,user5259@hopital.sn,password123,admin
Diop,Oumar,user5260@hopital.sn,password123,admin
Diallo,Ibrahima,user5261@hopital.sn,password123,admin
Sow,Oumar,user5262@hopital.sn,password123,agent
Sow,Moussa,user5263@hopital.sn,password123,admin
Diallo,Ibrahima,user5264@hopital.sn,password123,admin
Diallo,Abdoulaye,user5265@hopital.sn,password123,medecin
Sarr,Moussa,user5266@hopital.sn,password123,admin
Sarr,Mariama,user5267@hopital.sn,password123,agent
Diop,Abdoulaye,user5268@hopital.sn,password123,medecin
Kane,Oumar,user5269@hopital.sn,password123,medecin
Ba,Ibrahima,user5270@hopital.sn,password123,admin
Ba,Ibrahima,user5271@hopital.sn,password123,admin
Faye,Oumar,user5272@hopital.sn,password123,medecin
Kane,Mariama,user5273@hopital.sn,password123,medecin
Sy,Aminata,user5274@hopital.sn,password123,medecin
Sarr,Fatou,user5275@hopital.sn,password123,medecin
Sarr,Ousmane,user5276@hopital.sn,password123,agent
Fall,Khady,user5277@hopital.sn,password123,admin
Sarr,Mariama,user5278@hopital.sn,password123,medecin
Sarr,Ibrahima,user5279@hopital.sn,password123,agent
Gueye,Ibrahima,user5280@hopital.sn,password123,agent
Sy,Khady,user5281@hopital.sn,password123,agent
Sy,Ibrahima,user5282@hopital.sn,password123,agent
Gueye,Fatou,user5283@hopital.sn,password123,admin
Sow,Fatou,user5284@hopital.sn,password123,admin
Sow,Mamadou,user5285@hopital.sn,password123,admin
Fall,Abdoulaye,user5286@hopital.sn,password123,medecin
Ndiaye,Ousmane,user5287@hopital.sn,password123,agent
Ndiaye,Khady,user5288@hopital.sn,password123,medecin
Fall,Aminata,user5289@hopital.sn,password123,medecin
Ndiaye,Khady,user5290@hopital.sn,password123,medecin
Diop,Moussa,user5291@hopital.sn,password123,agent
Ba,Awa,user5292@hopital.sn,password123,medecin
Fall,Abdoulaye,user5293@hopital.sn,password123,admin
Sy,Abdoulaye,user5294@hopital.sn,password123,admin
Sy,Ibrahima,user5295@hopital.sn,password123,agent
Ndiaye,Mariama,user5296@hopital.sn,password123,medecin
Faye,Aminata,user5297@hopital.sn,password123,medecin
Sy,Abdoulaye,user5298@hopital.sn,password123,medecin
Gueye,Mamadou,user5299@hopital.sn,password123,agent
Sow,Fatou,user5300@hopital.sn,password123,admin
Diallo,Moussa,user5301@hopital.sn,password123,medecin
Faye,Ibrahima,user5302@hopital.sn,password123,agent
Kane,Cheikh,user5303@hopital.sn,password123,admin
Faye,Ousmane,user5304@hopital.sn,password123,admin
Ba,Abdoulaye,user5305@hopital.sn,password123,medecin
Diallo,Abdoulaye,user5306@hopital.sn,password123,agent
Diop,Moussa,user5307@hopital.sn,password123,admin
Fall,Abdoulaye,user5308@hopital.sn,password123,agent
Sow,Mamadou,user5309@hopital.sn,password123,medecin
Ba,Moussa,user5310@hopital.sn,password123,admin
Ba,Ibrahima,user5311@hopital.sn,password123,admin
Sow,Ousmane,user5312@hopital.sn,password123,agent
Diallo,Ousmane,user5313@hopital.sn,password123,medecin
Faye,Aminata,user5314@hopital.sn,password123,agent
Kane,Abdoulaye,user5315@hopital.sn,password123,admin
Ba,Mamadou,user5316@hopital.sn,password123,admin
Ba,Fatou,user5317@hopital.sn,password123,medecin
Sarr,Ibrahima,user5318@hopital.sn,password123,agent
Sarr,Aminata,user5319@hopital.sn,password123,agent
Sarr,Mariama,user5320@hopital.sn,password123,agent
Fall,Moussa,user5321@hopital.sn,password123,agent
Sarr,Awa,user5322@hopital.sn,password123,agent
Sow,Awa,user5323@hopital.sn,password123,agent
Sow,Ousmane,user5324@hopital.sn,password123,agent
Kane,Moussa,user5325@hopital.sn,password123,medecin
Fall,Ousmane,user5326@hopital.sn,password123,agent
Sy,Aminata,user5327@hopital.sn,password123,agent
Diop,Ousmane,user5328@hopital.sn,password123,agent
Fall,Awa,user5329@hopital.sn,password123,agent
Faye,Ousmane,user5330@hopital.sn,password123,admin
Faye,Ousmane,user5331@hopital.sn,password123,admin
Fall,Awa,user5332@hopital.sn,password123,admin
Ba,Moussa,user5333@hopital.sn,password123,admin
Sow,Abdoulaye,user5334@hopital.sn,password123,medecin
Ndiaye,Khady,user5335@hopital.sn,password123,medecin
Diallo,Mariama,user5336@hopital.sn,password123,admin
Faye,Cheikh,user5337@hopital.sn,password123,medecin
Faye,Ibrahima,user5338@hopital.sn,password123,agent
Diallo,Moussa,user5339@hopital.sn,password123,agent
Sow,Cheikh,user5340@hopital.sn,password123,agent
Gueye,Cheikh,user5341@hopital.sn,password123,medecin
Sarr,Aminata,user5342@hopital.sn,password123,agent
Sy,Mariama,user5343@hopital.sn,password123,medecin
Ba,Cheikh,user5344@hopital.sn,password123,medecin
Ndiaye,Cheikh,user5345@hopital.sn,password123,medecin
Gueye,Khady,user5346@hopital.sn,password123,agent
Fall,Fatou,user5347@hopital.sn,password123,agent
Kane,Fatou,user5348@hopital.sn,password123,agent
Sy,Ibrahima,user5349@hopital.sn,password123,agent
Kane,Fatou,user5350@hopital.sn,password123,medecin
Gueye,Mamadou,user5351@hopital.sn,password123,admin
Sow,Awa,user5352@hopital.sn,password123,agent
Diop,Mamadou,user5353@hopital.sn,password123,agent
Fall,Awa,user5354@hopital.sn,password123,admin
Gueye,Moussa,user5355@hopital.sn,password123,medecin
Kane,Oumar,user5356@hopital.sn,password123,agent
Kane,Moussa,user5357@hopital.sn,password123,agent
Sy,Awa,user5358@hopital.sn,password123,medecin
Ba,Awa,user5359@hopital.sn,password123,medecin
Diop,Abdoulaye,user5360@hopital.sn,password123,admin
Faye,Ousmane,user5361@hopital.sn,password123,medecin
Gueye,Mamadou,user5362@hopital.sn,password123,agent
Diop,Abdoulaye,user5363@hopital.sn,password123,admin
Diallo,Fatou,user5364@hopital.sn,password123,agent
Ba,Cheikh,user5365@hopital.sn,password123,admin
Ndiaye,Mamadou,user5366@hopital.sn,password123,medecin
Faye,Mamadou,user5367@hopital.sn,password123,admin
Fall,Khady,user5368@hopital.sn,password123,agent
Ba,Oumar,user5369@hopital.sn,password123,medecin
Gueye,Cheikh,user5370@hopital.sn,password123,admin
Fall,Khady,user5371@hopital.sn,password123,agent
Diallo,Abdoulaye,user5372@hopital.sn,password123,agent
Diop,Khady,user5373@hopital.sn,password123,agent
Faye,Oumar,user5374@hopital.sn,password123,admin
Sy,Oumar,user5375@hopital.sn,password123,agent
Fall,Aminata,user5376@hopital.sn,password123,agent
Fall,Cheikh,user5377@hopital.sn,password123,medecin
Sow,Ibrahima,user5378@hopital.sn,password123,agent
Fall,Ibrahima,user5379@hopital.sn,password123,agent
Ndiaye,Ousmane,user5380@hopital.sn,password123,medecin
Fall,Cheikh,user5381@hopital.sn,password123,admin
Fall,Mariama,user5382@hopital.sn,password123,admin
Faye,Fatou,user5383@hopital.sn,password123,agent
Sow,Mamadou,user5384@hopital.sn,password123,agent
Sarr,Moussa,user5385@hopital.sn,password123,agent
Sy,Cheikh,user5386@hopital.sn,password123,medecin
Sow,Moussa,user5387@hopital.sn,password123,medecin
Fall,Ousmane,user5388@hopital.sn,password123,medecin
Ba,Cheikh,user5389@hopital.sn,password123,medecin
Gueye,Cheikh,user5390@hopital.sn,password123,medecin
Gueye,Abdoulaye,user5391@hopital.sn,password123,agent
Ba,Fatou,user5392@hopital.sn,password123,admin
Sy,Khady,user5393@hopital.sn,password123,agent
Sarr,Moussa,user5394@hopital.sn,password123,agent
Sow,Moussa,user5395@hopital.sn,password123,admin
Kane,Ibrahima,user5396@hopital.sn,password123,admin
Fall,Fatou,user5397@hopital.sn,password123,admin
Ndiaye,Oumar,user5398@hopital.sn,password123,medecin
Ba,Mamadou,user5399@hopital.sn,password123,admin
Ndiaye,Abdoulaye,user5400@hopital.sn,password123,medecin
Fall,Oumar,user5401@hopital.sn,password123,admin
Fall,Khady,user5402@hopital.sn,password123,admin
Fall,Fatou,user5403@hopital.sn,password123,agent
Fall,Ousmane,user5404@hopital.sn,password123,agent
Sarr,Abdoulaye,user5405@hopital.sn,password123,medecin
Sow,Ibrahima,user5406@hopital.sn,password123,agent
Kane,Cheikh,user5407@hopital.sn,password123,admin
Faye,Ousmane,user5408@hopital.sn,password123,admin
Diop,Ousmane,user5409@hopital.sn,password123,medecin
Ndiaye,Moussa,user5410@hopital.sn,password123,admin
Diop,Ibrahima,user5411@hopital.sn,password123,medecin
Fall,Ibrahima,user5412@hopital.sn,password123,medecin
Faye,Moussa,user5413@hopital.sn,password123,agent
Sy,Abdoulaye,user5414@hopital.sn,password123,agent
Diop,Oumar,user5415@hopital.sn,password123,admin
Fall,Awa,user5416@hopital.sn,password123,medecin
Ndiaye,Aminata,user5417@hopital.sn,password123,agent
Diop,Ibrahima,user5418@hopital.sn,password123,agent
Faye,Aminata,user5419@hopital.sn,password123,medecin
Sy,Abdoulaye,user5420@hopital.sn,password123,medecin
Diallo,Abdoulaye,user5421@hopital.sn,password123,medecin
Sy,Fatou,user5422@hopital.sn,password123,medecin
Diop,Aminata,user5423@hopital.sn,password123,medecin
Gueye,Moussa,user5424@hopital.sn,password123,agent
Fall,Awa,user5425@hopital.sn,password123,medecin
Fall,Aminata,user5426@hopital.sn,password123,agent
Ba,Awa,user5427@hopital.sn,password123,agent
Ndiaye,Abdoulaye,user5428@hopital.sn,password123,admin
Fall,Ousmane,user5429@hopital.sn,password123,medecin
Fall,Aminata,user5430@hopital.sn,password123,agent
Gueye,Aminata,user5431@hopital.sn,password123,agent
Ba,Mariama,user5432@hopital.sn,password123,admin
Ndiaye,Fatou,user5433@hopital.sn,password123,admin
Sarr,Ousmane,user5434@hopital.sn,password123,admin
Sarr,Khady,user5435@hopital.sn,password123,admin
Sarr,Awa,user5436@hopital.sn,password123,medecin
Gueye,Mariama,user5437@hopital.sn,password123,medecin
Sy,Mariama,user5438@hopital.sn,password123,agent
Sow,Mamadou,user5439@hopital.sn,password123,agent
Fall,Cheikh,user5440@hopital.sn,password123,agent
Sarr,Khady,user5441@hopital.sn,password123,admin
Sarr,Mariama,user5442@hopital.sn,password123,agent
Faye,Ibrahima,user5443@hopital.sn,password123,agent
Ba,Awa,user5444@hopital.sn,password123,medecin
Ndiaye,Cheikh,user5445@hopital.sn,password123,medecin
Kane,Oumar,user5446@hopital.sn,password123,admin
Kane,Awa,user5447@hopital.sn,password123,medecin
Diop,Moussa,user5448@hopital.sn,password123,medecin
Kane,Moussa,user5449@hopital.sn,password123,admin
Ba,Khady,user5450@hopital.sn,password123,admin
Faye,Mariama,user5451@hopital.sn,password123,medecin
Faye,Abdoulaye,user5452@hopital.sn,password123,agent
Diallo,Awa,user5453@hopital.sn,password123,medecin
Diop,Awa,user5454@hopital.sn,password123,medecin
Sow,Mariama,user5455@hopital.sn,password123,agent
Ndiaye,Moussa,user5456@hopital.sn,password123,admin
Diallo,Ousmane,user5457@hopital.sn,password123,medecin
Diallo,Ibrahima,user5458@hopital.sn,password123,medecin
Sow,Fatou,user5459@hopital.sn,password123,medecin
Kane,Mariama,user5460@hopital.sn,password123,medecin
Gueye,Awa,user5461@hopital.sn,password123,medecin
Sow,Oumar,user5462@hopital.sn,password123,medecin
Sarr,Cheikh,user5463@hopital.sn,password123,agent
Sy,Aminata,user5464@hopital.sn,password123,medecin
Sarr,Khady,user5465@hopital.sn,password123,medecin
Diop,Fatou,user5466@hopital.sn,password123,agent
Fall,Fatou,user5467@hopital.sn,password123,agent
Sow,Mariama,user5468@hopital.sn,password123,medecin
Sy,Ibrahima,user5469@hopital.sn,password123,admin
Sow,Ibrahima,user5470@hopital.sn,password123,agent
Faye,Ousmane,user5471@hopital.sn,password123,admin
Faye,Ibrahima,user5472@hopital.sn,password123,medecin
Ndiaye,Ibrahima,user5473@hopital.sn,password123,medecin
Fall,Mariama,user5474@hopital.sn,password123,medecin
Sow,Khady,user5475@hopital.sn,password123,medecin
Gueye,Fatou,user5476@hopital.sn,password123,agent
Fall,Abdoulaye,user5477@hopital.sn,password123,agent
Ndiaye,Awa,user5478@hopital.sn,password123,agent
Diallo,Ousmane,user5479@hopital.sn,password123,medecin
Ba,Awa,user5480@hopital.sn,password123,agent
Sy,Ibrahima,user5481@hopital.sn,password123,agent
Ba,Oumar,user5482@hopital.sn,password123,medecin
Sarr,Cheikh,user5483@hopital.sn,password123,admin
Diop,Abdoulaye,user5484@hopital.sn,password123,agent
Fall,Mariama,user5485@hopital.sn,password123,admin
Ndiaye,Oumar,user5486@hopital.sn,password123,agent
Sow,Abdoulaye,user5487@hopital.sn,password123,admin
Kane,Abdoulaye,user5488@hopital.sn,password123,medecin
Sarr,Ousmane,user5489@hopital.sn,password123,medecin
Sy,Oumar,user5490@hopital.sn,password123,agent
Sow,Khady,user5491@hopital.sn,password123,medecin
Ndiaye,Aminata,user5492@hopital.sn,password123,admin
Faye,Aminata,user5493@hopital.sn,password123,medecin
Ndiaye,Awa,user5494@hopital.sn,password123,medecin
Sarr,Moussa,user5495@hopital.sn,password123,agent
Faye,Moussa,user5496@hopital.sn,password123,medecin
Kane,Aminata,user5497@hopital.sn,password123,agent
Faye,Aminata,user5498@hopital.sn,password123,agent
Sy,Ousmane,user5499@hopital.sn,password123,admin
Faye,Fatou,user5500@hopital.sn,password123,agent
Sarr,Mariama,user5501@hopital.sn,password123,admin
Sy,Aminata,user5502@hopital.sn,password123,admin
Gueye,Mariama,user5503@hopital.sn,password123,admin
Diop,Awa,user5504@hopital.sn,password123,medecin
Ba,Ousmane,user5505@hopital.sn,password123,medecin
Fall,Khady,user5506@hopital.sn,password123,agent
Fall,Ousmane,user5507@hopital.sn,password123,agent
Diallo,Oumar,user5508@hopital.sn,password123,medecin
Sow,Mariama,user5509@hopital.sn,password123,admin
Kane,Mamadou,user5510@hopital.sn,password123,medecin
Sarr,Ibrahima,user5511@hopital.sn,password123,medecin
Sy,Ibrahima,user5512@hopital.sn,password123,admin
Ba,Oumar,user5513@hopital.sn,password123,medecin
Sow,Moussa,user5514@hopital.sn,password123,agent
Kane,Khady,user5515@hopital.sn,password123,agent
Kane,Moussa,user5516@hopital.sn,password123,admin
Gueye,Ibrahima,user5517@hopital.sn,password123,admin
Ndiaye,Mariama,user5518@hopital.sn,password123,admin
Sy,Aminata,user5519@hopital.sn,password123,medecin
Gueye,Mariama,user5520@hopital.sn,password123,admin
Kane,Aminata,user5521@hopital.sn,password123,agent
Diop,Mamadou,user5522@hopital.sn,password123,agent
Kane,Oumar,user5523@hopital.sn,password123,admin
Gueye,Moussa,user5524@hopital.sn,password123,agent
Kane,Mamadou,user5525@hopital.sn,password123,agent
Ba,Abdoulaye,user5526@hopital.sn,password123,admin
Faye,Ousmane,user5527@hopital.sn,password123,admin
Sow,Ibrahima,user5528@hopital.sn,password123,agent
Gueye,Moussa,user5529@hopital.sn,password123,medecin
Gueye,Cheikh,user5530@hopital.sn,password123,medecin
Fall,Ousmane,user5531@hopital.sn,password123,agent
Diallo,Awa,user5532@hopital.sn,password123,agent
Sow,Mariama,user5533@hopital.sn,password123,admin
Sy,Mamadou,user5534@hopital.sn,password123,medecin
Faye,Awa,user5535@hopital.sn,password123,agent
Gueye,Ousmane,user5536@hopital.sn,password123,medecin
Ndiaye,Khady,user5537@hopital.sn,password123,agent
Sarr,Fatou,user5538@hopital.sn,password123,agent
Sarr,Moussa,user5539@hopital.sn,password123,medecin
Sow,Mariama,user5540@hopital.sn,password123,agent
Sow,Mariama,user5541@hopital.sn,password123,agent
Ndiaye,Fatou,user5542@hopital.sn,password123,medecin
Sow,Moussa,user5543@hopital.sn,password123,medecin
Diallo,Awa,user5544@hopital.sn,password123,agent
Fall,Moussa,user5545@hopital.sn,password123,admin
Gueye,Mariama,user5546@hopital.sn,password123,admin
Sarr,Aminata,user5547@hopital.sn,password123,agent
Fall,Abdoulaye,user5548@hopital.sn,password123,medecin
Diallo,Fatou,user5549@hopital.sn,password123,medecin
Kane,Khady,user5550@hopital.sn,password123,admin
Ba,Mamadou,user5551@hopital.sn,password123,admin
Ba,Ousmane,user5552@hopital.sn,password123,medecin
Sarr,Cheikh,user5553@hopital.sn,password123,medecin
Gueye,Fatou,user5554@hopital.sn,password123,admin
Sarr,Fatou,user5555@hopital.sn,password123,admin
Faye,Ibrahima,user5556@hopital.sn,password123,agent
Diallo,Fatou,user5557@hopital.sn,password123,agent
Sarr,Oumar,user5558@hopital.sn,password123,medecin
Diop,Abdoulaye,user5559@hopital.sn,password123,agent
Sarr,Cheikh,user5560@hopital.sn,password123,agent
Ndiaye,Khady,user5561@hopital.sn,password123,admin
Faye,Oumar,user5562@hopital.sn,password123,medecin
Sy,Aminata,user5563@hopital.sn,password123,medecin
Sarr,Abdoulaye,user5564@hopital.sn,password123,agent
Sarr,Ibrahima,user5565@hopital.sn,password123,agent
Diop,Aminata,user5566@hopital.sn,password123,agent
Diallo,Khady,user5567@hopital.sn,password123,medecin
Diallo,Cheikh,user5568@hopital.sn,password123,agent
Ndiaye,Awa,user5569@hopital.sn,password123,medecin
Sow,Awa,user5570@hopital.sn,password123,admin
Sarr,Awa,user5571@hopital.sn,password123,medecin
Gueye,Awa,user5572@hopital.sn,password123,admin
Kane,Mariama,user5573@hopital.sn,password123,agent
Sow,Moussa,user5574@hopital.sn,password123,medecin
Sow,Abdoulaye,user5575@hopital.sn,password123,medecin
Kane,Fatou,user5576@hopital.sn,password123,admin
Sy,Moussa,user5577@hopital.sn,password123,agent
Ba,Khady,user5578@hopital.sn,password123,agent
Ba,Oumar,user5579@hopital.sn,password123,agent
Diallo,Awa,user5580@hopital.sn,password123,medecin
Ba,Oumar,user5581@hopital.sn,password123,admin
Gueye,Fatou,user5582@hopital.sn,password123,medecin
Fall,Abdoulaye,user5583@hopital.sn,password123,agent
Diop,Fatou,user5584@hopital.sn,password123,agent
Sy,Ousmane,user5585@hopital.sn,password123,admin
Diallo,Oumar,user5586@hopital.sn,password123,agent
Ba,Moussa,user5587@hopital.sn,password123,medecin
Ndiaye,Ousmane,user5588@hopital.sn,password123,medecin
Sarr,Moussa,user5589@hopital.sn,password123,admin
Faye,Cheikh,user5590@hopital.sn,password123,medecin
Ndiaye,Mamadou,user5591@hopital.sn,password123,admin
Diop,Fatou,user5592@hopital.sn,password123,medecin
Gueye,Aminata,user5593@hopital.sn,password123,admin
Diallo,Moussa,user5594@hopital.sn,password123,medecin
Ba,Fatou,user5595@hopital.sn,password123,agent
Ndiaye,Ibrahima,user5596@hopital.sn,password123,agent
Sarr,Ousmane,user5597@hopital.sn,password123,agent
Kane,Moussa,user5598@hopital.sn,password123,agent
Kane,Awa,user5599@hopital.sn,password123,agent
Ndiaye,Moussa,user5600@hopital.sn,password123,agent
Ndiaye,Aminata,user5601@hopital.sn,password123,agent
Sarr,Mamadou,user5602@hopital.sn,password123,admin
Gueye,Cheikh,user5603@hopital.sn,password123,medecin
Sarr,Abdoulaye,user5604@hopital.sn,password123,admin
Sarr,Mamadou,user5605@hopital.sn,password123,admin
Gueye,Awa,user5606@hopital.sn,password123,admin
Sy,Moussa,user5607@hopital.sn,password123,admin
Gueye,Ibrahima,user5608@hopital.sn,password123,medecin
Diallo,Abdoulaye,user5609@hopital.sn,password123,agent
Kane,Ousmane,user5610@hopital.sn,password123,medecin
Ndiaye,Ousmane,user5611@hopital.sn,password123,agent
Ndiaye,Oumar,user5612@hopital.sn,password123,agent
Sarr,Fatou,user5613@hopital.sn,password123,agent
Gueye,Ousmane,user5614@hopital.sn,password123,medecin
Kane,Abdoulaye,user5615@hopital.sn,password123,medecin
Fall,Ibrahima,user5616@hopital.sn,password123,admin
Faye,Ibrahima,user5617@hopital.sn,password123,agent
Ndiaye,Mamadou,user5618@hopital.sn,password123,agent
Diop,Mamadou,user5619@hopital.sn,password123,admin
Faye,Mamadou,user5620@hopital.sn,password123,agent
Kane,Ibrahima,user5621@hopital.sn,password123,admin
Ndiaye,Mariama,user5622@hopital.sn,password123,admin
Diop,Mamadou,user5623@hopital.sn,password123,agent
Ndiaye,Oumar,user5624@hopital.sn,password123,agent
Sy,Mariama,user5625@hopital.sn,password123,agent
Kane,Awa,user5626@hopital.sn,password123,agent
Gueye,Fatou,user5627@hopital.sn,password123,admin
Diallo,Awa,user5628@hopital.sn,password123,admin
Diop,Moussa,user5629@hopital.sn,password123,medecin
Ba,Oumar,user5630@hopital.sn,password123,agent
Diallo,Mamadou,user5631@hopital.sn,password123,medecin
Sarr,Mamadou,user5632@hopital.sn,password123,agent
Ba,Moussa,user5633@hopital.sn,password123,admin
Kane,Cheikh,user5634@hopital.sn,password123,medecin
Gueye,Awa,user5635@hopital.sn,password123,admin
Diallo,Abdoulaye,user5636@hopital.sn,password123,admin
Sarr,Oumar,user5637@hopital.sn,password123,agent
Faye,Mariama,user5638@hopital.sn,password123,admin
Sy,Mamadou,user5639@hopital.sn,password123,agent
Sow,Oumar,user5640@hopital.sn,password123,medecin
Diallo,Mamadou,user5641@hopital.sn,password123,medecin
Diop,Fatou,user5642@hopital.sn,password123,admin
Gueye,Moussa,user5643@hopital.sn,password123,admin
Diop,Fatou,user5644@hopital.sn,password123,admin
Sy,Fatou,user5645@hopital.sn,password123,medecin
Kane,Fatou,user5646@hopital.sn,password123,admin
Sarr,Awa,user5647@hopital.sn,password123,admin
Sarr,Moussa,user5648@hopital.sn,password123,agent
Sow,Moussa,user5649@hopital.sn,password123,medecin
Sarr,Mariama,user5650@hopital.sn,password123,admin
Ba,Fatou,user5651@hopital.sn,password123,medecin
Ndiaye,Cheikh,user5652@hopital.sn,password123,admin
Sarr,Aminata,user5653@hopital.sn,password123,admin
Sy,Oumar,user5654@hopital.sn,password123,agent
Ndiaye,Mamadou,user5655@hopital.sn,password123,medecin
Gueye,Mamadou,user5656@hopital.sn,password123,medecin
Sy,Ibrahima,user5657@hopital.sn,password123,admin
Gueye,Abdoulaye,user5658@hopital.sn,password123,admin
Kane,Mamadou,user5659@hopital.sn,password123,admin
Fall,Cheikh,user5660@hopital.sn,password123,agent
Kane,Aminata,user5661@hopital.sn,password123,medecin
Sarr,Oumar,user5662@hopital.sn,password123,agent
Diallo,Cheikh,user5663@hopital.sn,password123,medecin
Fall,Fatou,user5664@hopital.sn,password123,medecin
Ba,Mariama,user5665@hopital.sn,password123,admin
Gueye,Oumar,user5666@hopital.sn,password123,medecin
Gueye,Mamadou,user5667@hopital.sn,password123,medecin
Sow,Ibrahima,user5668@hopital.sn,password123,agent
Kane,Fatou,user5669@hopital.sn,password123,agent
Ndiaye,Fatou,user5670@hopital.sn,password123,agent
Sarr,Cheikh,user5671@hopital.sn,password123,agent
Sy,Ousmane,user5672@hopital.sn,password123,agent
Diallo,Ousmane,user5673@hopital.sn,password123,admin
Gueye,Oumar,user5674@hopital.sn,password123,medecin
Gueye,Mariama,user5675@hopital.sn,password123,agent
Sarr,Moussa,user5676@hopital.sn,password123,agent
Diallo,Fatou,user5677@hopital.sn,password123,agent
Ndiaye,Ibrahima,user5678@hopital.sn,password123,agent
Sarr,Mariama,user5679@hopital.sn,password123,admin
Sy,Oumar,user5680@hopital.sn,password123,admin
Sarr,Mariama,user5681@hopital.sn,password123,medecin
Fall,Ibrahima,user5682@hopital.sn,password123,agent
Diop,Mariama,user5683@hopital.sn,password123,medecin
Sow,Moussa,user5684@hopital.sn,password123,medecin
Diop,Khady,user5685@hopital.sn,password123,medecin
Diallo,Aminata,user5686@hopital.sn,password123,agent
Kane,Abdoulaye,user5687@hopital.sn,password123,agent
Ndiaye,Mariama,user5688@hopital.sn,password123,admin
Faye,Ibrahima,user5689@hopital.sn,password123,admin
Diallo,Ousmane,user5690@hopital.sn,password123,admin
Diop,Abdoulaye,user5691@hopital.sn,password123,agent
Sarr,Abdoulaye,user5692@hopital.sn,password123,medecin
Diallo,Mariama,user5693@hopital.sn,password123,admin
Sarr,Khady,user5694@hopital.sn,password123,medecin
Gueye,Khady,user5695@hopital.sn,password123,admin
Sarr,Fatou,user5696@hopital.sn,password123,agent
Fall,Oumar,user5697@hopital.sn,password123,medecin
Diop,Fatou,user5698@hopital.sn,password123,agent
Diallo,Oumar,user5699@hopital.sn,password123,medecin
Sarr,Moussa,user5700@hopital.sn,password123,agent
Diop,Aminata,user5701@hopital.sn,password123,agent
Sarr,Abdoulaye,user5702@hopital.sn,password123,medecin
Ba,Fatou,user5703@hopital.sn,password123,agent
Diallo,Cheikh,user5704@hopital.sn,password123,agent
Diallo,Ibrahima,user5705@hopital.sn,password123,admin
Diallo,Awa,user5706@hopital.sn,password123,medecin
Faye,Awa,user5707@hopital.sn,password123,agent
Faye,Awa,user5708@hopital.sn,password123,agent
Gueye,Cheikh,user5709@hopital.sn,password123,medecin
Ba,Aminata,user5710@hopital.sn,password123,medecin
Diallo,Ibrahima,user5711@hopital.sn,password123,medecin
Ndiaye,Oumar,user5712@hopital.sn,password123,medecin
Sarr,Oumar,user5713@hopital.sn,password123,agent
Ndiaye,Fatou,user5714@hopital.sn,password123,medecin
Fall,Khady,user5715@hopital.sn,password123,agent
Fall,Ousmane,user5716@hopital.sn,password123,agent
Ba,Abdoulaye,user5717@hopital.sn,password123,medecin
Ba,Cheikh,user5718@hopital.sn,password123,medecin
Ba,Moussa,user5719@hopital.sn,password123,medecin
Kane,Fatou,user5720@hopital.sn,password123,medecin
Ndiaye,Fatou,user5721@hopital.sn,password123,medecin
Diallo,Khady,user5722@hopital.sn,password123,medecin
Sarr,Cheikh,user5723@hopital.sn,password123,agent
Kane,Mamadou,user5724@hopital.sn,password123,agent
Sy,Oumar,user5725@hopital.sn,password123,admin
Ndiaye,Mariama,user5726@hopital.sn,password123,admin
Ba,Moussa,user5727@hopital.sn,password123,admin
Ndiaye,Mamadou,user5728@hopital.sn,password123,admin
Ba,Ibrahima,user5729@hopital.sn,password123,admin
Gueye,Cheikh,user5730@hopital.sn,password123,admin
Ba,Ibrahima,user5731@hopital.sn,password123,agent
Gueye,Abdoulaye,user5732@hopital.sn,password123,medecin
Sow,Moussa,user5733@hopital.sn,password123,medecin
Diallo,Awa,user5734@hopital.sn,password123,admin
Gueye,Awa,user5735@hopital.sn,password123,medecin
Diallo,Ibrahima,user5736@hopital.sn,password123,agent
Ndiaye,Oumar,user5737@hopital.sn,password123,admin
Diallo,Oumar,user5738@hopital.sn,password123,medecin
Gueye,Aminata,user5739@hopital.sn,password123,medecin
Kane,Mamadou,user5740@hopital.sn,password123,medecin
Sow,Ousmane,user5741@hopital.sn,password123,admin
Fall,Abdoulaye,user5742@hopital.sn,password123,admin
Kane,Abdoulaye,user5743@hopital.sn,password123,admin
Diallo,Oumar,user5744@hopital.sn,password123,agent
Sarr,Ousmane,user5745@hopital.sn,password123,agent
Gueye,Khady,user5746@hopital.sn,password123,medecin
Kane,Mamadou,user5747@hopital.sn,password123,admin
Diallo,Oumar,user5748@hopital.sn,password123,medecin
Diop,Abdoulaye,user5749@hopital.sn,password123,agent
Sow,Moussa,user5750@hopital.sn,password123,medecin
Sarr,Aminata,user5751@hopital.sn,password123,admin
Sy,Mamadou,user5752@hopital.sn,password123,agent
Sow,Aminata,user5753@hopital.sn,password123,medecin
Gueye,Ousmane,user5754@hopital.sn,password123,medecin
Faye,Khady,user5755@hopital.sn,password123,medecin
Ndiaye,Moussa,user5756@hopital.sn,password123,medecin
Faye,Aminata,user5757@hopital.sn,password123,medecin
Kane,Fatou,user5758@hopital.sn,password123,agent
Sow,Abdoulaye,user5759@hopital.sn,password123,admin
Faye,Moussa,user5760@hopital.sn,password123,medecin
Sow,Abdoulaye,user5761@hopital.sn,password123,admin
Sy,Ousmane,user5762@hopital.sn,password123,medecin
Ba,Ousmane,user5763@hopital.sn,password123,agent
Faye,Fatou,user5764@hopital.sn,password123,admin
Ba,Oumar,user5765@hopital.sn,password123,agent
Sow,Aminata,user5766@hopital.sn,password123,agent
Sow,Oumar,user5767@hopital.sn,password123,admin
Kane,Cheikh,user5768@hopital.sn,password123,medecin
Sow,Fatou,user5769@hopital.sn,password123,medecin
Sarr,Khady,user5770@hopital.sn,password123,admin
Diop,Abdoulaye,user5771@hopital.sn,password123,medecin
Fall,Cheikh,user5772@hopital.sn,password123,admin
Ba,Khady,user5773@hopital.sn,password123,medecin
Ndiaye,Ousmane,user5774@hopital.sn,password123,agent
Fall,Oumar,user5775@hopital.sn,password123,medecin
Faye,Cheikh,user5776@hopital.sn,password123,agent
Gueye,Mariama,user5777@hopital.sn,password123,medecin
Sow,Fatou,user5778@hopital.sn,password123,medecin
Sy,Moussa,user5779@hopital.sn,password123,admin
Diallo,Moussa,user5780@hopital.sn,password123,agent
Fall,Ousmane,user5781@hopital.sn,password123,medecin
Kane,Mariama,user5782@hopital.sn,password123,medecin
Sy,Oumar,user5783@hopital.sn,password123,admin
Faye,Khady,user5784@hopital.sn,password123,agent
Sarr,Mariama,user5785@hopital.sn,password123,admin
Sarr,Mamadou,user5786@hopital.sn,password123,medecin
Gueye,Awa,user5787@hopital.sn,password123,medecin
Fall,Ousmane,user5788@hopital.sn,password123,admin
Gueye,Ousmane,user5789@hopital.sn,password123,medecin
Kane,Mamadou,user5790@hopital.sn,password123,medecin
Ba,Moussa,user5791@hopital.sn,password123,medecin
Faye,Aminata,user5792@hopital.sn,password123,medecin
Gueye,Awa,user5793@hopital.sn,password123,medecin
Sarr,Cheikh,user5794@hopital.sn,password123,agent
Diallo,Moussa,user5795@hopital.sn,password123,medecin
Kane,Mariama,user5796@hopital.sn,password123,admin
Sow,Abdoulaye,user5797@hopital.sn,password123,medecin
Sarr,Ousmane,user5798@hopital.sn,password123,admin
Ba,Moussa,user5799@hopital.sn,password123,agent
Sow,Fatou,user5800@hopital.sn,password123,agent
Ba,Cheikh,user5801@hopital.sn,password123,medecin
Kane,Aminata,user5802@hopital.sn,password123,agent
Diop,Ibrahima,user5803@hopital.sn,password123,admin
Ba,Oumar,user5804@hopital.sn,password123,admin
Sarr,Awa,user5805@hopital.sn,password123,medecin
Fall,Mariama,user5806@hopital.sn,password123,agent
Ndiaye,Cheikh,user5807@hopital.sn,password123,admin
Diop,Mamadou,user5808@hopital.sn,password123,medecin
Sy,Mariama,user5809@hopital.sn,password123,agent
Diallo,Oumar,user5810@hopital.sn,password123,admin
Ndiaye,Mamadou,user5811@hopital.sn,password123,admin
Kane,Mamadou,user5812@hopital.sn,password123,medecin
Sarr,Moussa,user5813@hopital.sn,password123,agent
Diop,Fatou,user5814@hopital.sn,password123,admin
Gueye,Ibrahima,user5815@hopital.sn,password123,admin
Diallo,Aminata,user5816@hopital.sn,password123,medecin
Ndiaye,Abdoulaye,user5817@hopital.sn,password123,admin
Faye,Khady,user5818@hopital.sn,password123,admin
Faye,Abdoulaye,user5819@hopital.sn,password123,agent
Ba,Fatou,user5820@hopital.sn,password123,admin
Diop,Cheikh,user5821@hopital.sn,password123,agent
Faye,Abdoulaye,user5822@hopital.sn,password123,admin
Diallo,Khady,user5823@hopital.sn,password123,medecin
Sarr,Ousmane,user5824@hopital.sn,password123,agent
Sy,Moussa,user5825@hopital.sn,password123,admin
Ba,Abdoulaye,user5826@hopital.sn,password123,agent
Kane,Mariama,user5827@hopital.sn,password123,medecin
Gueye,Oumar,user5828@hopital.sn,password123,agent
Sy,Khady,user5829@hopital.sn,password123,agent
Ndiaye,Moussa,user5830@hopital.sn,password123,medecin
Ba,Moussa,user5831@hopital.sn,password123,admin
Ba,Aminata,user5832@hopital.sn,password123,admin
Kane,Abdoulaye,user5833@hopital.sn,password123,medecin
Faye,Aminata,user5834@hopital.sn,password123,agent
Sarr,Abdoulaye,user5835@hopital.sn,password123,medecin
Fall,Mariama,user5836@hopital.sn,password123,agent
Ndiaye,Oumar,user5837@hopital.sn,password123,agent
Sy,Ousmane,user5838@hopital.sn,password123,agent
Faye,Mariama,user5839@hopital.sn,password123,agent
Ba,Cheikh,user5840@hopital.sn,password123,medecin
Diallo,Moussa,user5841@hopital.sn,password123,medecin
Ndiaye,Awa,user5842@hopital.sn,password123,agent
Fall,Cheikh,user5843@hopital.sn,password123,admin
Fall,Aminata,user5844@hopital.sn,password123,admin
Ndiaye,Fatou,user5845@hopital.sn,password123,medecin
Diallo,Cheikh,user5846@hopital.sn,password123,admin
Ba,Fatou,user5847@hopital.sn,password123,agent
Diallo,Fatou,user5848@hopital.sn,password123,medecin
Ndiaye,Moussa,user5849@hopital.sn,password123,medecin
Faye,Ibrahima,user5850@hopital.sn,password123,medecin
Sarr,Khady,user5851@hopital.sn,password123,agent
Gueye,Ousmane,user5852@hopital.sn,password123,medecin
Ba,Khady,user5853@hopital.sn,password123,admin
Ndiaye,Abdoulaye,user5854@hopital.sn,password123,admin
Ba,Cheikh,user5855@hopital.sn,password123,agent
Kane,Oumar,user5856@hopital.sn,password123,admin
Gueye,Abdoulaye,user5857@hopital.sn,password123,admin
Ndiaye,Khady,user5858@hopital.sn,password123,agent
Fall,Aminata,user5859@hopital.sn,password123,agent
Diop,Cheikh,user5860@hopital.sn,password123,admin
Gueye,Ousmane,user5861@hopital.sn,password123,medecin
Sow,Ousmane,user5862@hopital.sn,password123,admin
Diop,Mamadou,user5863@hopital.sn,password123,medecin
Diop,Ousmane,user5864@hopital.sn,password123,medecin
Ndiaye,Aminata,user5865@hopital.sn,password123,medecin
Diallo,Aminata,user5866@hopital.sn,password123,admin
Diallo,Abdoulaye,user5867@hopital.sn,password123,admin
Ba,Aminata,user5868@hopital.sn,password123,medecin
Diallo,Cheikh,user5869@hopital.sn,password123,agent
Ndiaye,Cheikh,user5870@hopital.sn,password123,admin
Sow,Fatou,user5871@hopital.sn,password123,agent
Faye,Moussa,user5872@hopital.sn,password123,agent
Diallo,Aminata,user5873@hopital.sn,password123,agent
Sow,Fatou,user5874@hopital.sn,password123,admin
Diallo,Khady,user5875@hopital.sn,password123,medecin
Faye,Cheikh,user5876@hopital.sn,password123,agent
Ndiaye,Cheikh,user5877@hopital.sn,password123,admin
Sarr,Ibrahima,user5878@hopital.sn,password123,admin
Sow,Aminata,user5879@hopital.sn,password123,agent
Ba,Moussa,user5880@hopital.sn,password123,agent
Diallo,Abdoulaye,user5881@hopital.sn,password123,agent
Ndiaye,Fatou,user5882@hopital.sn,password123,medecin
Diallo,Moussa,user5883@hopital.sn,password123,agent
Faye,Moussa,user5884@hopital.sn,password123,medecin
Ndiaye,Mariama,user5885@hopital.sn,password123,admin
Sy,Mariama,user5886@hopital.sn,password123,medecin
Gueye,Khady,user5887@hopital.sn,password123,admin
Sy,Oumar,user5888@hopital.sn,password123,admin
Diop,Awa,user5889@hopital.sn,password123,agent
Sy,Oumar,user5890@hopital.sn,password123,admin
Gueye,Aminata,user5891@hopital.sn,password123,medecin
Sow,Moussa,user5892@hopital.sn,password123,admin
Sow,Oumar,user5893@hopital.sn,password123,admin
Diop,Aminata,user5894@hopital.sn,password123,admin
Fall,Moussa,user5895@hopital.sn,password123,admin
Diallo,Oumar,user5896@hopital.sn,password123,admin
Sy,Khady,user5897@hopital.sn,password123,medecin
Sarr,Cheikh,user5898@hopital.sn,password123,agent
Sow,Khady,user5899@hopital.sn,password123,agent
Sow,Fatou,user5900@hopital.sn,password123,admin
Ndiaye,Oumar,user5901@hopital.sn,password123,agent
Faye,Oumar,user5902@hopital.sn,password123,medecin
Sow,Ibrahima,user5903@hopital.sn,password123,agent
Fall,Khady,user5904@hopital.sn,password123,admin
Kane,Moussa,user5905@hopital.sn,password123,medecin
Gueye,Mariama,user5906@hopital.sn,password123,agent
Fall,Awa,user5907@hopital.sn,password123,admin
Ba,Mamadou,user5908@hopital.sn,password123,medecin
Sy,Awa,user5909@hopital.sn,password123,agent
Ba,Khady,user5910@hopital.sn,password123,medecin
Kane,Oumar,user5911@hopital.sn,password123,admin
Diallo,Khady,user5912@hopital.sn,password123,agent
Gueye,Aminata,user5913@hopital.sn,password123,agent
Sow,Ousmane,user5914@hopital.sn,password123,agent
Diallo,Cheikh,user5915@hopital.sn,password123,medecin
Sow,Abdoulaye,user5916@hopital.sn,password123,admin
Sy,Fatou,user5917@hopital.sn,password123,medecin
Faye,Fatou,user5918@hopital.sn,password123,admin
Fall,Mariama,user5919@hopital.sn,password123,agent
Sarr,Aminata,user5920@hopital.sn,password123,medecin
Sarr,Cheikh,user5921@hopital.sn,password123,admin
Sarr,Fatou,user5922@hopital.sn,password123,agent
Kane,Oumar,user5923@hopital.sn,password123,admin
Sy,Khady,user5924@hopital.sn,password123,admin
Sow,Fatou,user5925@hopital.sn,password123,agent
Sow,Oumar,user5926@hopital.sn,password123,agent
Sarr,Mamadou,user5927@hopital.sn,password123,medecin
Sarr,Aminata,user5928@hopital.sn,password123,medecin
Diop,Ousmane,user5929@hopital.sn,password123,medecin
Fall,Mariama,user5930@hopital.sn,password123,admin
Fall,Mariama,user5931@hopital.sn,password123,agent
Sarr,Ibrahima,user5932@hopital.sn,password123,medecin
Ba,Awa,user5933@hopital.sn,password123,agent
Ba,Abdoulaye,user5934@hopital.sn,password123,admin
Fall,Awa,user5935@hopital.sn,password123,admin
Diallo,Mamadou,user5936@hopital.sn,password123,admin
Ba,Abdoulaye,user5937@hopital.sn,password123,admin
Sy,Oumar,user5938@hopital.sn,password123,medecin
Sy,Mamadou,user5939@hopital.sn,password123,medecin
Kane,Oumar,user5940@hopital.sn,password123,admin
Faye,Moussa,user5941@hopital.sn,password123,medecin
Sy,Awa,user5942@hopital.sn,password123,admin
Sow,Moussa,user5943@hopital.sn,password123,agent
Fall,Mariama,user5944@hopital.sn,password123,admin
Sow,Abdoulaye,user5945@hopital.sn,password123,medecin
Sarr,Aminata,user5946@hopital.sn,password123,admin
Kane,Mariama,user5947@hopital.sn,password123,agent
Ndiaye,Awa,user5948@hopital.sn,password123,medecin
Kane,Moussa,user5949@hopital.sn,password123,medecin
Sow,Mariama,user5950@hopital.sn,password123,medecin
Ba,Abdoulaye,user5951@hopital.sn,password123,admin
Ba,Ousmane,user5952@hopital.sn,password123,medecin
Fall,Ibrahima,user5953@hopital.sn,password123,agent
Diop,Awa,user5954@hopital.sn,password123,admin
Gueye,Cheikh,user5955@hopital.sn,password123,admin
Ndiaye,Oumar,user5956@hopital.sn,password123,admin
Faye,Mariama,user5957@hopital.sn,password123,admin
Diop,Fatou,user5958@hopital.sn,password123,admin
Diop,Oumar,user5959@hopital.sn,password123,agent
Sy,Abdoulaye,user5960@hopital.sn,password123,admin
Sarr,Awa,user5961@hopital.sn,password123,medecin
Gueye,Mariama,user5962@hopital.sn,password123,admin
Sy,Ibrahima,user5963@hopital.sn,password123,agent
Faye,Abdoulaye,user5964@hopital.sn,password123,agent
Ba,Cheikh,user5965@hopital.sn,password123,medecin
Kane,Ousmane,user5966@hopital.sn,password123,admin
Faye,Ibrahima,user5967@hopital.sn,password123,admin
Ba,Mariama,user5968@hopital.sn,password123,medecin
Fall,Ousmane,user5969@hopital.sn,password123,admin
Fall,Mariama,user5970@hopital.sn,password123,agent
Diop,Mariama,user5971@hopital.sn,password123,admin
Sow,Oumar,user5972@hopital.sn,password123,admin
Faye,Fatou,user5973@hopital.sn,password123,agent
Faye,Moussa,user5974@hopital.sn,password123,admin
Gueye,Ousmane,user5975@hopital.sn,password123,admin
Ba,Abdoulaye,user5976@hopital.sn,password123,agent
Ndiaye,Abdoulaye,user5977@hopital.sn,password123,admin
Diop,Abdoulaye,user5978@hopital.sn,password123,admin
Ndiaye,Cheikh,user5979@hopital.sn,password123,medecin
Fall,Moussa,user5980@hopital.sn,password123,agent
Ba,Moussa,user5981@hopital.sn,password123,admin
Gueye,Cheikh,user5982@hopital.sn,password123,admin
Fall,Ousmane,user5983@hopital.sn,password123,medecin
Sarr,Abdoulaye,user5984@hopital.sn,password123,medecin
Diop,Oumar,user5985@hopital.sn,password123,admin
Gueye,Aminata,user5986@hopital.sn,password123,admin
Sy,Mamadou,user5987@hopital.sn,password123,agent
Diop,Fatou,user5988@hopital.sn,password123,agent
Faye,Ousmane,user5989@hopital.sn,password123,medecin
Ba,Mamadou,user5990@hopital.sn,password123,admin
Faye,Ibrahima,user5991@hopital.sn,password123,agent
Diop,Awa,user5992@hopital.sn,password123,medecin
Gueye,Khady,user5993@hopital.sn,password123,admin
Diallo,Mamadou,user5994@hopital.sn,password123,admin
Sow,Mariama,user5995@hopital.sn,password123,agent
Ndiaye,Abdoulaye,user5996@hopital.sn,password123,medecin
Fall,Moussa,user5997@hopital.sn,password123,medecin
Diop,Awa,user5998@hopital.sn,password123,agent
Ba,Oumar,user5999@hopital.sn,password123,agent
Sow,Oumar,user6000@hopital.sn,password123,admin
Fall,Ousmane,user6001@hopital.sn,password123,admin
Ndiaye,Ousmane,user6002@hopital.sn,password123,medecin
Kane,Fatou,user6003@hopital.sn,password123,agent
Gueye,Cheikh,user6004@hopital.sn,password123,agent
Fall,Ibrahima,user6005@hopital.sn,password123,agent
Ndiaye,Abdoulaye,user6006@hopital.sn,password123,admin
Faye,Abdoulaye,user6007@hopital.sn,password123,admin
Ndiaye,Ousmane,user6008@hopital.sn,password123,admin
Ndiaye,Moussa,user6009@hopital.sn,password123,admin
Sow,Oumar,user6010@hopital.sn,password123,admin
Diallo,Oumar,user6011@hopital.sn,password123,medecin
Ba,Oumar,user6012@hopital.sn,password123,agent
Faye,Mamadou,user6013@hopital.sn,password123,medecin
Ba,Khady,user6014@hopital.sn,password123,admin
Kane,Ousmane,user6015@hopital.sn,password123,medecin
Diop,Awa,user6016@hopital.sn,password123,medecin
Faye,Oumar,user6017@hopital.sn,password123,agent
Faye,Moussa,user6018@hopital.sn,password123,medecin
Diop,Mariama,user6019@hopital.sn,password123,admin
Faye,Aminata,user6020@hopital.sn,password123,agent
Sow,Aminata,user6021@hopital.sn,password123,agent
Faye,Cheikh,user6022@hopital.sn,password123,agent
Sow,Abdoulaye,user6023@hopital.sn,password123,medecin
Ndiaye,Ibrahima,user6024@hopital.sn,password123,agent
Sow,Awa,user6025@hopital.sn,password123,admin
Fall,Khady,user6026@hopital.sn,password123,medecin
Ndiaye,Ousmane,user6027@hopital.sn,password123,medecin
Gueye,Cheikh,user6028@hopital.sn,password123,medecin
Gueye,Khady,user6029@hopital.sn,password123,medecin
Ndiaye,Moussa,user6030@hopital.sn,password123,admin
Faye,Mariama,user6031@hopital.sn,password123,agent
Diallo,Mariama,user6032@hopital.sn,password123,medecin
Sarr,Cheikh,user6033@hopital.sn,password123,agent
Sarr,Moussa,user6034@hopital.sn,password123,agent
Kane,Oumar,user6035@hopital.sn,password123,admin
Ba,Aminata,user6036@hopital.sn,password123,agent
Gueye,Fatou,user6037@hopital.sn,password123,medecin
Faye,Aminata,user6038@hopital.sn,password123,agent
Gueye,Moussa,user6039@hopital.sn,password123,agent
Sy,Ibrahima,user6040@hopital.sn,password123,admin
Ndiaye,Moussa,user6041@hopital.sn,password123,medecin
Ba,Oumar,user6042@hopital.sn,password123,medecin
Diop,Abdoulaye,user6043@hopital.sn,password123,agent
Fall,Ibrahima,user6044@hopital.sn,password123,agent
Sy,Aminata,user6045@hopital.sn,password123,admin
Diallo,Ibrahima,user6046@hopital.sn,password123,medecin
Diallo,Abdoulaye,user6047@hopital.sn,password123,medecin
Diop,Awa,user6048@hopital.sn,password123,agent
Ba,Ibrahima,user6049@hopital.sn,password123,agent
Diallo,Moussa,user6050@hopital.sn,password123,agent
Ndiaye,Khady,user6051@hopital.sn,password123,medecin
Fall,Fatou,user6052@hopital.sn,password123,agent
Gueye,Cheikh,user6053@hopital.sn,password123,medecin
Ba,Oumar,user6054@hopital.sn,password123,agent
Ndiaye,Aminata,user6055@hopital.sn,password123,medecin
Diop,Cheikh,user6056@hopital.sn,password123,admin
Diop,Abdoulaye,user6057@hopital.sn,password123,admin
Sarr,Mariama,user6058@hopital.sn,password123,agent
Diop,Mamadou,user6059@hopital.sn,password123,medecin
Ndiaye,Oumar,user6060@hopital.sn,password123,admin
Ndiaye,Ibrahima,user6061@hopital.sn,password123,agent
Diop,Aminata,user6062@hopital.sn,password123,admin
Sy,Awa,user6063@hopital.sn,password123,medecin
Ba,Mariama,user6064@hopital.sn,password123,agent
Faye,Awa,user6065@hopital.sn,password123,agent
Ba,Cheikh,user6066@hopital.sn,password123,admin
Kane,Moussa,user6067@hopital.sn,password123,agent
Sy,Mariama,user6068@hopital.sn,password123,agent
Fall,Mariama,user6069@hopital.sn,password123,agent
Kane,Aminata,user6070@hopital.sn,password123,agent
Ba,Moussa,user6071@hopital.sn,password123,admin
Gueye,Khady,user6072@hopital.sn,password123,admin
Ba,Moussa,user6073@hopital.sn,password123,agent
Faye,Ousmane,user6074@hopital.sn,password123,agent
Sow,Ibrahima,user6075@hopital.sn,password123,admin
Faye,Khady,user6076@hopital.sn,password123,medecin
Fall,Aminata,user6077@hopital.sn,password123,admin
Sow,Moussa,user6078@hopital.sn,password123,admin
Fall,Cheikh,user6079@hopital.sn,password123,medecin
Ba,Fatou,user6080@hopital.sn,password123,agent
Fall,Ousmane,user6081@hopital.sn,password123,admin
Sow,Ousmane,user6082@hopital.sn,password123,admin
Ba,Awa,user6083@hopital.sn,password123,admin
Sarr,Awa,user6084@hopital.sn,password123,admin
Faye,Ibrahima,user6085@hopital.sn,password123,admin
Ndiaye,Awa,user6086@hopital.sn,password123,medecin
Sy,Abdoulaye,user6087@hopital.sn,password123,medecin
Sarr,Ousmane,user6088@hopital.sn,password123,admin
Sarr,Fatou,user6089@hopital.sn,password123,agent
Diop,Khady,user6090@hopital.sn,password123,agent
Diop,Fatou,user6091@hopital.sn,password123,admin
Ba,Mamadou,user6092@hopital.sn,password123,agent
Sarr,Abdoulaye,user6093@hopital.sn,password123,medecin
Diallo,Moussa,user6094@hopital.sn,password123,agent
Sy,Awa,user6095@hopital.sn,password123,agent
Faye,Khady,user6096@hopital.sn,password123,admin
Sow,Mamadou,user6097@hopital.sn,password123,agent
Sy,Cheikh,user6098@hopital.sn,password123,medecin
Gueye,Fatou,user6099@hopital.sn,password123,agent
Sow,Khady,user6100@hopital.sn,password123,medecin
Sow,Khady,user6101@hopital.sn,password123,admin
Sarr,Cheikh,user6102@hopital.sn,password123,medecin
Fall,Fatou,user6103@hopital.sn,password123,agent
Kane,Cheikh,user6104@hopital.sn,password123,agent
Diop,Moussa,user6105@hopital.sn,password123,admin
Gueye,Oumar,user6106@hopital.sn,password123,admin
Faye,Fatou,user6107@hopital.sn,password123,medecin
Ndiaye,Moussa,user6108@hopital.sn,password123,medecin
Gueye,Mariama,user6109@hopital.sn,password123,agent
Sy,Ousmane,user6110@hopital.sn,password123,agent
Diop,Aminata,user6111@hopital.sn,password123,admin
Diallo,Mamadou,user6112@hopital.sn,password123,medecin
Kane,Mamadou,user6113@hopital.sn,password123,medecin
Diallo,Mariama,user6114@hopital.sn,password123,admin
Faye,Ibrahima,user6115@hopital.sn,password123,admin
Ba,Mariama,user6116@hopital.sn,password123,agent
Diallo,Oumar,user6117@hopital.sn,password123,agent
Ndiaye,Cheikh,user6118@hopital.sn,password123,agent
Diop,Mariama,user6119@hopital.sn,password123,medecin
Sarr,Moussa,user6120@hopital.sn,password123,agent
Sy,Ibrahima,user6121@hopital.sn,password123,agent
Faye,Fatou,user6122@hopital.sn,password123,agent
Faye,Khady,user6123@hopital.sn,password123,admin
Diop,Khady,user6124@hopital.sn,password123,agent
Faye,Awa,user6125@hopital.sn,password123,agent
Diop,Mariama,user6126@hopital.sn,password123,admin
Fall,Mariama,user6127@hopital.sn,password123,medecin
Diop,Fatou,user6128@hopital.sn,password123,agent
Fall,Mamadou,user6129@hopital.sn,password123,admin
Diallo,Abdoulaye,user6130@hopital.sn,password123,agent
Diop,Khady,user6131@hopital.sn,password123,admin
Fall,Mamadou,user6132@hopital.sn,password123,agent
Gueye,Oumar,user6133@hopital.sn,password123,admin
Diallo,Abdoulaye,user6134@hopital.sn,password123,admin
Faye,Abdoulaye,user6135@hopital.sn,password123,admin
Faye,Khady,user6136@hopital.sn,password123,admin
Ndiaye,Cheikh,user6137@hopital.sn,password123,medecin
Gueye,Fatou,user6138@hopital.sn,password123,medecin
Sow,Mariama,user6139@hopital.sn,password123,medecin
Fall,Moussa,user6140@hopital.sn,password123,medecin
Sow,Mamadou,user6141@hopital.sn,password123,agent
Diallo,Cheikh,user6142@hopital.sn,password123,agent
Sy,Oumar,user6143@hopital.sn,password123,agent
Fall,Fatou,user6144@hopital.sn,password123,admin
Ba,Mariama,user6145@hopital.sn,password123,agent
Sy,Ibrahima,user6146@hopital.sn,password123,agent
Faye,Moussa,user6147@hopital.sn,password123,agent
Faye,Khady,user6148@hopital.sn,password123,agent
Sow,Oumar,user6149@hopital.sn,password123,agent
Kane,Mariama,user6150@hopital.sn,password123,medecin
Sow,Moussa,user6151@hopital.sn,password123,agent
Fall,Mariama,user6152@hopital.sn,password123,agent
Sy,Fatou,user6153@hopital.sn,password123,medecin
Kane,Awa,user6154@hopital.sn,password123,admin
Diallo,Oumar,user6155@hopital.sn,password123,agent
Ba,Ousmane,user6156@hopital.sn,password123,agent
Faye,Awa,user6157@hopital.sn,password123,admin
Ndiaye,Mamadou,user6158@hopital.sn,password123,admin
Gueye,Mariama,user6159@hopital.sn,password123,agent
Gueye,Ousmane,user6160@hopital.sn,password123,admin
Gueye,Mariama,user6161@hopital.sn,password123,admin
Diallo,Aminata,user6162@hopital.sn,password123,medecin
Ba,Fatou,user6163@hopital.sn,password123,admin
Sy,Khady,user6164@hopital.sn,password123,agent
Fall,Oumar,user6165@hopital.sn,password123,admin
Sy,Mariama,user6166@hopital.sn,password123,medecin
Kane,Aminata,user6167@hopital.sn,password123,admin
Ba,Fatou,user6168@hopital.sn,password123,agent
Diallo,Mariama,user6169@hopital.sn,password123,medecin
Faye,Awa,user6170@hopital.sn,password123,medecin
Faye,Aminata,user6171@hopital.sn,password123,medecin
Ndiaye,Fatou,user6172@hopital.sn,password123,medecin
Sow,Aminata,user6173@hopital.sn,password123,medecin
Sy,Awa,user6174@hopital.sn,password123,medecin
Sow,Mamadou,user6175@hopital.sn,password123,admin
Diallo,Abdoulaye,user6176@hopital.sn,password123,medecin
Gueye,Mamadou,user6177@hopital.sn,password123,admin
Ndiaye,Abdoulaye,user6178@hopital.sn,password123,agent
Sow,Mamadou,user6179@hopital.sn,password123,agent
Sow,Ibrahima,user6180@hopital.sn,password123,agent
Sow,Abdoulaye,user6181@hopital.sn,password123,agent
Sow,Aminata,user6182@hopital.sn,password123,admin
Gueye,Abdoulaye,user6183@hopital.sn,password123,medecin
Sarr,Cheikh,user6184@hopital.sn,password123,admin
Ba,Moussa,user6185@hopital.sn,password123,admin
Kane,Moussa,user6186@hopital.sn,password123,medecin
Sarr,Mariama,user6187@hopital.sn,password123,admin
Fall,Ousmane,user6188@hopital.sn,password123,agent
Fall,Mariama,user6189@hopital.sn,password123,agent
Sarr,Ousmane,user6190@hopital.sn,password123,admin
Ndiaye,Moussa,user6191@hopital.sn,password123,agent
Ba,Fatou,user6192@hopital.sn,password123,medecin
Diop,Mariama,user6193@hopital.sn,password123,medecin
Fall,Oumar,user6194@hopital.sn,password123,agent
Sarr,Khady,user6195@hopital.sn,password123,agent
Sarr,Ibrahima,user6196@hopital.sn,password123,agent
Diallo,Aminata,user6197@hopital.sn,password123,agent
Sy,Cheikh,user6198@hopital.sn,password123,medecin
Ndiaye,Ousmane,user6199@hopital.sn,password123,agent
Kane,Oumar,user6200@hopital.sn,password123,medecin
Diallo,Ousmane,user6201@hopital.sn,password123,admin
Sarr,Oumar,user6202@hopital.sn,password123,agent
Sy,Cheikh,user6203@hopital.sn,password123,agent
Kane,Fatou,user6204@hopital.sn,password123,medecin
Diop,Cheikh,user6205@hopital.sn,password123,admin
Faye,Awa,user6206@hopital.sn,password123,medecin
Faye,Abdoulaye,user6207@hopital.sn,password123,admin
Fall,Ibrahima,user6208@hopital.sn,password123,admin
Kane,Khady,user6209@hopital.sn,password123,agent
Sy,Mamadou,user6210@hopital.sn,password123,admin
Faye,Ibrahima,user6211@hopital.sn,password123,agent
Faye,Fatou,user6212@hopital.sn,password123,agent
Ba,Awa,user6213@hopital.sn,password123,medecin
Gueye,Moussa,user6214@hopital.sn,password123,medecin
Diallo,Mamadou,user6215@hopital.sn,password123,agent
Diop,Ibrahima,user6216@hopital.sn,password123,admin
Fall,Abdoulaye,user6217@hopital.sn,password123,agent
Faye,Awa,user6218@hopital.sn,password123,medecin
Diallo,Ibrahima,user6219@hopital.sn,password123,agent
Ba,Awa,user6220@hopital.sn,password123,medecin
Kane,Moussa,user6221@hopital.sn,password123,agent
Kane,Abdoulaye,user6222@hopital.sn,password123,medecin
Sarr,Mariama,user6223@hopital.sn,password123,medecin
Diallo,Fatou,user6224@hopital.sn,password123,admin
Ndiaye,Cheikh,user6225@hopital.sn,password123,medecin
Sarr,Fatou,user6226@hopital.sn,password123,agent
Ba,Cheikh,user6227@hopital.sn,password123,medecin
Gueye,Khady,user6228@hopital.sn,password123,admin
Ba,Fatou,user6229@hopital.sn,password123,agent
Diallo,Ibrahima,user6230@hopital.sn,password123,agent
Sy,Ibrahima,user6231@hopital.sn,password123,medecin
Faye,Awa,user6232@hopital.sn,password123,admin
Fall,Moussa,user6233@hopital.sn,password123,medecin
Sarr,Oumar,user6234@hopital.sn,password123,medecin
Diallo,Fatou,user6235@hopital.sn,password123,agent
Diallo,Moussa,user6236@hopital.sn,password123,medecin
Diop,Aminata,user6237@hopital.sn,password123,medecin
Diop,Awa,user6238@hopital.sn,password123,medecin
Diallo,Oumar,user6239@hopital.sn,password123,medecin
Diallo,Oumar,user6240@hopital.sn,password123,medecin
Ndiaye,Abdoulaye,user6241@hopital.sn,password123,admin
Sarr,Abdoulaye,user6242@hopital.sn,password123,medecin
Ndiaye,Cheikh,user6243@hopital.sn,password123,admin
Fall,Abdoulaye,user6244@hopital.sn,password123,medecin
Ndiaye,Abdoulaye,user6245@hopital.sn,password123,agent
Diop,Khady,user6246@hopital.sn,password123,agent
Fall,Oumar,user6247@hopital.sn,password123,admin
Sy,Awa,user6248@hopital.sn,password123,admin
Kane,Ibrahima,user6249@hopital.sn,password123,medecin
Sy,Oumar,user6250@hopital.sn,password123,agent
Fall,Aminata,user6251@hopital.sn,password123,agent
Ba,Mamadou,user6252@hopital.sn,password123,admin
Ba,Khady,user6253@hopital.sn,password123,agent
Ndiaye,Mariama,user6254@hopital.sn,password123,medecin
Faye,Moussa,user6255@hopital.sn,password123,medecin
Ndiaye,Moussa,user6256@hopital.sn,password123,medecin
Sarr,Mariama,user6257@hopital.sn,password123,agent
Diallo,Awa,user6258@hopital.sn,password123,agent
Sy,Fatou,user6259@hopital.sn,password123,admin
Gueye,Cheikh,user6260@hopital.sn,password123,admin
Gueye,Aminata,user6261@hopital.sn,password123,agent
Sarr,Aminata,user6262@hopital.sn,password123,medecin
Kane,Aminata,user6263@hopital.sn,password123,medecin
Diop,Moussa,user6264@hopital.sn,password123,agent
Faye,Moussa,user6265@hopital.sn,password123,medecin
Gueye,Oumar,user6266@hopital.sn,password123,admin
Faye,Khady,user6267@hopital.sn,password123,medecin
Diop,Oumar,user6268@hopital.sn,password123,medecin
Fall,Oumar,user6269@hopital.sn,password123,medecin
Faye,Cheikh,user6270@hopital.sn,password123,agent
Ba,Mariama,user6271@hopital.sn,password123,medecin
Fall,Fatou,user6272@hopital.sn,password123,agent
Kane,Fatou,user6273@hopital.sn,password123,admin
Sow,Abdoulaye,user6274@hopital.sn,password123,admin
Diop,Oumar,user6275@hopital.sn,password123,agent
Diallo,Mariama,user6276@hopital.sn,password123,admin
Sarr,Abdoulaye,user6277@hopital.sn,password123,agent
Ba,Moussa,user6278@hopital.sn,password123,agent
Sow,Oumar,user6279@hopital.sn,password123,medecin
Sarr,Abdoulaye,user6280@hopital.sn,password123,admin
Kane,Aminata,user6281@hopital.sn,password123,medecin
Ba,Aminata,user6282@hopital.sn,password123,medecin
Kane,Cheikh,user6283@hopital.sn,password123,admin
Sarr,Awa,user6284@hopital.sn,password123,agent
Ba,Mariama,user6285@hopital.sn,password123,admin
Fall,Abdoulaye,user6286@hopital.sn,password123,medecin
Gueye,Fatou,user6287@hopital.sn,password123,agent
Ndiaye,Aminata,user6288@hopital.sn,password123,admin
Diop,Ousmane,user6289@hopital.sn,password123,agent
Sow,Awa,user6290@hopital.sn,password123,admin
Diallo,Awa,user6291@hopital.sn,password123,medecin
Sy,Abdoulaye,user6292@hopital.sn,password123,medecin
Ndiaye,Cheikh,user6293@hopital.sn,password123,medecin
Sy,Aminata,user6294@hopital.sn,password123,agent
Ndiaye,Mamadou,user6295@hopital.sn,password123,admin
Ndiaye,Khady,user6296@hopital.sn,password123,medecin
Ndiaye,Mamadou,user6297@hopital.sn,password123,medecin
Ndiaye,Moussa,user6298@hopital.sn,password123,medecin
Diop,Awa,user6299@hopital.sn,password123,agent
Ndiaye,Oumar,user6300@hopital.sn,password123,admin
Sarr,Ibrahima,user6301@hopital.sn,password123,medecin
Faye,Ibrahima,user6302@hopital.sn,password123,agent
Sow,Ibrahima,user6303@hopital.sn,password123,admin
Faye,Khady,user6304@hopital.sn,password123,agent
Faye,Cheikh,user6305@hopital.sn,password123,agent
Diop,Khady,user6306@hopital.sn,password123,medecin
Gueye,Fatou,user6307@hopital.sn,password123,agent
Ba,Fatou,user6308@hopital.sn,password123,medecin
Sow,Ibrahima,user6309@hopital.sn,password123,admin
Sy,Fatou,user6310@hopital.sn,password123,agent
Diop,Aminata,user6311@hopital.sn,password123,agent
Gueye,Oumar,user6312@hopital.sn,password123,medecin
Diop,Moussa,user6313@hopital.sn,password123,medecin
Kane,Aminata,user6314@hopital.sn,password123,admin
Fall,Abdoulaye,user6315@hopital.sn,password123,medecin
Sow,Abdoulaye,user6316@hopital.sn,password123,agent
Ba,Awa,user6317@hopital.sn,password123,medecin
Gueye,Mariama,user6318@hopital.sn,password123,agent
Kane,Mamadou,user6319@hopital.sn,password123,medecin
Diop,Fatou,user6320@hopital.sn,password123,medecin
Fall,Khady,user6321@hopital.sn,password123,agent
Ndiaye,Abdoulaye,user6322@hopital.sn,password123,medecin
Sow,Fatou,user6323@hopital.sn,password123,admin
Gueye,Mariama,user6324@hopital.sn,password123,medecin
Diop,Fatou,user6325@hopital.sn,password123,admin
Sow,Ousmane,user6326@hopital.sn,password123,admin
Kane,Mariama,user6327@hopital.sn,password123,medecin
Sy,Mamadou,user6328@hopital.sn,password123,admin
Sy,Fatou,user6329@hopital.sn,password123,agent
Diallo,Abdoulaye,user6330@hopital.sn,password123,medecin
Sarr,Mamadou,user6331@hopital.sn,password123,medecin
Faye,Aminata,user6332@hopital.sn,password123,medecin
Gueye,Mariama,user6333@hopital.sn,password123,medecin
Kane,Moussa,user6334@hopital.sn,password123,agent
Ba,Abdoulaye,user6335@hopital.sn,password123,admin
Gueye,Aminata,user6336@hopital.sn,password123,admin
Sow,Moussa,user6337@hopital.sn,password123,admin
Ndiaye,Ousmane,user6338@hopital.sn,password123,medecin
Gueye,Mariama,user6339@hopital.sn,password123,agent
Diop,Moussa,user6340@hopital.sn,password123,medecin
Diallo,Cheikh,user6341@hopital.sn,password123,agent
Diop,Cheikh,user6342@hopital.sn,password123,admin
Ba,Awa,user6343@hopital.sn,password123,agent
Faye,Fatou,user6344@hopital.sn,password123,medecin
Diop,Mariama,user6345@hopital.sn,password123,agent
Fall,Khady,user6346@hopital.sn,password123,agent
Sarr,Mamadou,user6347@hopital.sn,password123,medecin
Ba,Moussa,user6348@hopital.sn,password123,medecin
Sow,Khady,user6349@hopital.sn,password123,medecin
Sow,Aminata,user6350@hopital.sn,password123,medecin
Kane,Cheikh,user6351@hopital.sn,password123,agent
Diop,Aminata,user6352@hopital.sn,password123,medecin
Sy,Moussa,user6353@hopital.sn,password123,medecin
Kane,Mariama,user6354@hopital.sn,password123,agent
Faye,Ibrahima,user6355@hopital.sn,password123,agent
Sow,Khady,user6356@hopital.sn,password123,medecin
Faye,Awa,user6357@hopital.sn,password123,admin
Sy,Mamadou,user6358@hopital.sn,password123,admin
Diop,Khady,user6359@hopital.sn,password123,medecin
Sarr,Abdoulaye,user6360@hopital.sn,password123,medecin
Diallo,Ibrahima,user6361@hopital.sn,password123,medecin
Diallo,Khady,user6362@hopital.sn,password123,agent
Faye,Abdoulaye,user6363@hopital.sn,password123,medecin
Diop,Ousmane,user6364@hopital.sn,password123,medecin
Ndiaye,Aminata,user6365@hopital.sn,password123,agent
Sy,Aminata,user6366@hopital.sn,password123,admin
Ndiaye,Mamadou,user6367@hopital.sn,password123,agent
Fall,Ibrahima,user6368@hopital.sn,password123,agent
Kane,Mamadou,user6369@hopital.sn,password123,agent
Gueye,Mariama,user6370@hopital.sn,password123,agent
Fall,Fatou,user6371@hopital.sn,password123,medecin
Ba,Ousmane,user6372@hopital.sn,password123,admin
Gueye,Mariama,user6373@hopital.sn,password123,agent
Fall,Ibrahima,user6374@hopital.sn,password123,admin
Ba,Khady,user6375@hopital.sn,password123,agent
Fall,Khady,user6376@hopital.sn,password123,medecin
Faye,Fatou,user6377@hopital.sn,password123,medecin
Fall,Abdoulaye,user6378@hopital.sn,password123,medecin
Kane,Cheikh,user6379@hopital.sn,password123,agent
Ndiaye,Cheikh,user6380@hopital.sn,password123,admin
Gueye,Abdoulaye,user6381@hopital.sn,password123,medecin
Kane,Fatou,user6382@hopital.sn,password123,medecin
Ndiaye,Oumar,user6383@hopital.sn,password123,medecin
Faye,Ibrahima,user6384@hopital.sn,password123,medecin
Ndiaye,Mamadou,user6385@hopital.sn,password123,admin
Faye,Mamadou,user6386@hopital.sn,password123,medecin
Sow,Aminata,user6387@hopital.sn,password123,medecin
Gueye,Ibrahima,user6388@hopital.sn,password123,admin
Ndiaye,Abdoulaye,user6389@hopital.sn,password123,medecin
Sarr,Khady,user6390@hopital.sn,password123,admin
Gueye,Oumar,user6391@hopital.sn,password123,medecin
Ba,Abdoulaye,user6392@hopital.sn,password123,agent
Sy,Fatou,user6393@hopital.sn,password123,agent
Fall,Aminata,user6394@hopital.sn,password123,agent
Gueye,Abdoulaye,user6395@hopital.sn,password123,admin
Sy,Oumar,user6396@hopital.sn,password123,admin
Ba,Aminata,user6397@hopital.sn,password123,admin
Sarr,Mamadou,user6398@hopital.sn,password123,admin
Gueye,Awa,user6399@hopital.sn,password123,medecin
Diallo,Cheikh,user6400@hopital.sn,password123,agent
Ndiaye,Oumar,user6401@hopital.sn,password123,agent
Ndiaye,Awa,user6402@hopital.sn,password123,agent
Diop,Mariama,user6403@hopital.sn,password123,medecin
Kane,Ousmane,user6404@hopital.sn,password123,agent
Diop,Aminata,user6405@hopital.sn,password123,admin
Kane,Fatou,user6406@hopital.sn,password123,agent
Kane,Mamadou,user6407@hopital.sn,password123,admin
Sow,Khady,user6408@hopital.sn,password123,agent
Diallo,Ibrahima,user6409@hopital.sn,password123,agent
Sow,Mariama,user6410@hopital.sn,password123,admin
Kane,Abdoulaye,user6411@hopital.sn,password123,admin
Sow,Moussa,user6412@hopital.sn,password123,agent
Kane,Mariama,user6413@hopital.sn,password123,medecin
Fall,Khady,user6414@hopital.sn,password123,admin
Gueye,Ibrahima,user6415@hopital.sn,password123,medecin
Faye,Ibrahima,user6416@hopital.sn,password123,admin
Ndiaye,Fatou,user6417@hopital.sn,password123,admin
Ndiaye,Awa,user6418@hopital.sn,password123,admin
Kane,Fatou,user6419@hopital.sn,password123,medecin
Gueye,Cheikh,user6420@hopital.sn,password123,admin
Fall,Ibrahima,user6421@hopital.sn,password123,admin
Fall,Abdoulaye,user6422@hopital.sn,password123,agent
Ba,Ousmane,user6423@hopital.sn,password123,admin
Diallo,Awa,user6424@hopital.sn,password123,agent
Ndiaye,Moussa,user6425@hopital.sn,password123,medecin
Diallo,Moussa,user6426@hopital.sn,password123,agent
Sy,Ousmane,user6427@hopital.sn,password123,admin
Diop,Ousmane,user6428@hopital.sn,password123,medecin
Diop,Fatou,user6429@hopital.sn,password123,admin
Sy,Ibrahima,user6430@hopital.sn,password123,medecin
Ndiaye,Fatou,user6431@hopital.sn,password123,admin
Faye,Oumar,user6432@hopital.sn,password123,medecin
Diop,Oumar,user6433@hopital.sn,password123,agent
Sy,Mariama,user6434@hopital.sn,password123,admin
Ba,Mariama,user6435@hopital.sn,password123,agent
Diallo,Awa,user6436@hopital.sn,password123,admin
Gueye,Awa,user6437@hopital.sn,password123,medecin
Gueye,Abdoulaye,user6438@hopital.sn,password123,admin
Diallo,Aminata,user6439@hopital.sn,password123,agent
Sy,Awa,user6440@hopital.sn,password123,admin
Sy,Abdoulaye,user6441@hopital.sn,password123,medecin
Faye,Aminata,user6442@hopital.sn,password123,agent
Ba,Mamadou,user6443@hopital.sn,password123,medecin
Gueye,Fatou,user6444@hopital.sn,password123,agent
Faye,Ousmane,user6445@hopital.sn,password123,admin
Diallo,Fatou,user6446@hopital.sn,password123,medecin
Ndiaye,Fatou,user6447@hopital.sn,password123,admin
Sarr,Fatou,user6448@hopital.sn,password123,medecin
Kane,Oumar,user6449@hopital.sn,password123,admin
Sow,Ousmane,user6450@hopital.sn,password123,medecin
Sy,Fatou,user6451@hopital.sn,password123,agent
Sarr,Abdoulaye,user6452@hopital.sn,password123,agent
Diop,Awa,user6453@hopital.sn,password123,medecin
Ba,Mamadou,user6454@hopital.sn,password123,medecin
Fall,Fatou,user6455@hopital.sn,password123,medecin
Sow,Ousmane,user6456@hopital.sn,password123,medecin
Diop,Cheikh,user6457@hopital.sn,password123,agent
Ba,Mamadou,user6458@hopital.sn,password123,admin
Ndiaye,Aminata,user6459@hopital.sn,password123,admin
Sarr,Oumar,user6460@hopital.sn,password123,agent
Sarr,Ousmane,user6461@hopital.sn,password123,agent
Sow,Awa,user6462@hopital.sn,password123,medecin
Sow,Abdoulaye,user6463@hopital.sn,password123,medecin
Gueye,Ibrahima,user6464@hopital.sn,password123,admin
Sy,Abdoulaye,user6465@hopital.sn,password123,agent
Diallo,Aminata,user6466@hopital.sn,password123,agent
Sow,Fatou,user6467@hopital.sn,password123,agent
Fall,Awa,user6468@hopital.sn,password123,admin
Kane,Fatou,user6469@hopital.sn,password123,medecin
Ba,Khady,user6470@hopital.sn,password123,medecin
Sy,Mamadou,user6471@hopital.sn,password123,agent
Diallo,Awa,user6472@hopital.sn,password123,agent
Sarr,Khady,user6473@hopital.sn,password123,admin
Ndiaye,Aminata,user6474@hopital.sn,password123,admin
Sarr,Fatou,user6475@hopital.sn,password123,admin
Sow,Cheikh,user6476@hopital.sn,password123,medecin
Ndiaye,Ousmane,user6477@hopital.sn,password123,medecin
Fall,Abdoulaye,user6478@hopital.sn,password123,agent
Sy,Oumar,user6479@hopital.sn,password123,admin
Faye,Mariama,user6480@hopital.sn,password123,admin
Sarr,Aminata,user6481@hopital.sn,password123,admin
Ndiaye,Mariama,user6482@hopital.sn,password123,agent
Diop,Moussa,user6483@hopital.sn,password123,agent
Ba,Ousmane,user6484@hopital.sn,password123,admin
Diallo,Fatou,user6485@hopital.sn,password123,medecin
Fall,Mamadou,user6486@hopital.sn,password123,agent
Sarr,Moussa,user6487@hopital.sn,password123,medecin
Gueye,Oumar,user6488@hopital.sn,password123,medecin
Sy,Awa,user6489@hopital.sn,password123,agent
Sarr,Fatou,user6490@hopital.sn,password123,medecin
Faye,Mamadou,user6491@hopital.sn,password123,agent
Kane,Awa,user6492@hopital.sn,password123,medecin
Faye,Ibrahima,user6493@hopital.sn,password123,admin
Sy,Ousmane,user6494@hopital.sn,password123,medecin
Fall,Awa,user6495@hopital.sn,password123,medecin
Ba,Khady,user6496@hopital.sn,password123,admin
Ba,Abdoulaye,user6497@hopital.sn,password123,agent
Sy,Khady,user6498@hopital.sn,password123,medecin
Fall,Aminata,user6499@hopital.sn,password123,agent
Kane,Fatou,user6500@hopital.sn,password123,agent
Sarr,Mariama,user6501@hopital.sn,password123,agent
Ndiaye,Fatou,user6502@hopital.sn,password123,medecin
Gueye,Awa,user6503@hopital.sn,password123,medecin
Sy,Fatou,user6504@hopital.sn,password123,agent
Sy,Ibrahima,user6505@hopital.sn,password123,admin
Sow,Moussa,user6506@hopital.sn,password123,agent
Fall,Aminata,user6507@hopital.sn,password123,medecin
Fall,Mamadou,user6508@hopital.sn,password123,agent
Sow,Khady,user6509@hopital.sn,password123,admin
Kane,Abdoulaye,user6510@hopital.sn,password123,admin
Sarr,Ibrahima,user6511@hopital.sn,password123,agent
Ba,Khady,user6512@hopital.sn,password123,agent
Sarr,Moussa,user6513@hopital.sn,password123,admin
Sow,Cheikh,user6514@hopital.sn,password123,medecin
Sy,Khady,user6515@hopital.sn,password123,medecin
Ba,Ousmane,user6516@hopital.sn,password123,admin
Fall,Khady,user6517@hopital.sn,password123,medecin
Diallo,Awa,user6518@hopital.sn,password123,medecin
Kane,Aminata,user6519@hopital.sn,password123,medecin
Ba,Moussa,user6520@hopital.sn,password123,agent
Faye,Oumar,user6521@hopital.sn,password123,medecin
Sarr,Oumar,user6522@hopital.sn,password123,admin
Sy,Ousmane,user6523@hopital.sn,password123,medecin
Ba,Aminata,user6524@hopital.sn,password123,admin
Ndiaye,Khady,user6525@hopital.sn,password123,agent
Ndiaye,Cheikh,user6526@hopital.sn,password123,agent
Diallo,Mamadou,user6527@hopital.sn,password123,agent
Faye,Ousmane,user6528@hopital.sn,password123,agent
Faye,Mamadou,user6529@hopital.sn,password123,agent
Diop,Ibrahima,user6530@hopital.sn,password123,agent
Sarr,Mariama,user6531@hopital.sn,password123,medecin
Sy,Ibrahima,user6532@hopital.sn,password123,agent
Sow,Ousmane,user6533@hopital.sn,password123,medecin
Faye,Khady,user6534@hopital.sn,password123,medecin
Diop,Mariama,user6535@hopital.sn,password123,admin
Sow,Moussa,user6536@hopital.sn,password123,admin
Diop,Moussa,user6537@hopital.sn,password123,admin
Fall,Fatou,user6538@hopital.sn,password123,medecin
Diop,Aminata,user6539@hopital.sn,password123,agent
Sy,Moussa,user6540@hopital.sn,password123,medecin
Ndiaye,Oumar,user6541@hopital.sn,password123,medecin
Sarr,Awa,user6542@hopital.sn,password123,agent
Ndiaye,Awa,user6543@hopital.sn,password123,agent
Faye,Fatou,user6544@hopital.sn,password123,agent
Faye,Ousmane,user6545@hopital.sn,password123,admin
Gueye,Ibrahima,user6546@hopital.sn,password123,admin
Sarr,Awa,user6547@hopital.sn,password123,medecin
Gueye,Khady,user6548@hopital.sn,password123,agent
Sarr,Fatou,user6549@hopital.sn,password123,agent
Sarr,Abdoulaye,user6550@hopital.sn,password123,agent
Gueye,Moussa,user6551@hopital.sn,password123,admin
Diop,Ousmane,user6552@hopital.sn,password123,agent
Sy,Mamadou,user6553@hopital.sn,password123,medecin
Gueye,Ibrahima,user6554@hopital.sn,password123,agent
Sy,Ousmane,user6555@hopital.sn,password123,agent
Diallo,Khady,user6556@hopital.sn,password123,admin
Kane,Khady,user6557@hopital.sn,password123,medecin
Gueye,Ousmane,user6558@hopital.sn,password123,medecin
Ba,Ibrahima,user6559@hopital.sn,password123,agent
Sow,Fatou,user6560@hopital.sn,password123,agent
Sarr,Aminata,user6561@hopital.sn,password123,admin
Sow,Oumar,user6562@hopital.sn,password123,agent
Ba,Moussa,user6563@hopital.sn,password123,admin
Sarr,Oumar,user6564@hopital.sn,password123,admin
Kane,Aminata,user6565@hopital.sn,password123,medecin
Sarr,Ousmane,user6566@hopital.sn,password123,admin
Sy,Abdoulaye,user6567@hopital.sn,password123,agent
Ba,Moussa,user6568@hopital.sn,password123,agent
Sow,Aminata,user6569@hopital.sn,password123,agent
Gueye,Khady,user6570@hopital.sn,password123,admin
Ndiaye,Khady,user6571@hopital.sn,password123,medecin
Gueye,Moussa,user6572@hopital.sn,password123,agent
Diallo,Oumar,user6573@hopital.sn,password123,medecin
Sarr,Fatou,user6574@hopital.sn,password123,medecin
Ba,Mamadou,user6575@hopital.sn,password123,admin
Faye,Oumar,user6576@hopital.sn,password123,admin
Ba,Cheikh,user6577@hopital.sn,password123,medecin
Faye,Abdoulaye,user6578@hopital.sn,password123,admin
Sow,Oumar,user6579@hopital.sn,password123,admin
Gueye,Abdoulaye,user6580@hopital.sn,password123,admin
Diallo,Fatou,user6581@hopital.sn,password123,medecin
Sow,Moussa,user6582@hopital.sn,password123,medecin
Sy,Aminata,user6583@hopital.sn,password123,agent
Kane,Moussa,user6584@hopital.sn,password123,admin
Sy,Khady,user6585@hopital.sn,password123,medecin
Fall,Ibrahima,user6586@hopital.sn,password123,medecin
Sy,Abdoulaye,user6587@hopital.sn,password123,agent
Diop,Awa,user6588@hopital.sn,password123,admin
Gueye,Mamadou,user6589@hopital.sn,password123,medecin
Sy,Ibrahima,user6590@hopital.sn,password123,admin
Gueye,Ousmane,user6591@hopital.sn,password123,medecin
Ndiaye,Abdoulaye,user6592@hopital.sn,password123,admin
Sy,Fatou,user6593@hopital.sn,password123,medecin
Kane,Abdoulaye,user6594@hopital.sn,password123,admin
Ba,Oumar,user6595@hopital.sn,password123,agent
Faye,Khady,user6596@hopital.sn,password123,admin
Faye,Mariama,user6597@hopital.sn,password123,admin
Diallo,Oumar,user6598@hopital.sn,password123,medecin
Diop,Moussa,user6599@hopital.sn,password123,admin
Kane,Ousmane,user6600@hopital.sn,password123,admin
Diop,Awa,user6601@hopital.sn,password123,admin
Ba,Mariama,user6602@hopital.sn,password123,agent
Sy,Khady,user6603@hopital.sn,password123,admin
Sow,Oumar,user6604@hopital.sn,password123,admin
Diop,Ousmane,user6605@hopital.sn,password123,agent
Sarr,Fatou,user6606@hopital.sn,password123,agent
Gueye,Ousmane,user6607@hopital.sn,password123,agent
Sy,Khady,user6608@hopital.sn,password123,admin
Gueye,Cheikh,user6609@hopital.sn,password123,admin
Sy,Ibrahima,user6610@hopital.sn,password123,agent
Faye,Khady,user6611@hopital.sn,password123,agent
Faye,Aminata,user6612@hopital.sn,password123,agent
Gueye,Ibrahima,user6613@hopital.sn,password123,medecin
Faye,Moussa,user6614@hopital.sn,password123,medecin
Gueye,Aminata,user6615@hopital.sn,password123,admin
Ba,Aminata,user6616@hopital.sn,password123,agent
Diop,Awa,user6617@hopital.sn,password123,agent
Sy,Mariama,user6618@hopital.sn,password123,admin
Diop,Ousmane,user6619@hopital.sn,password123,medecin
Diallo,Ousmane,user6620@hopital.sn,password123,admin
Sow,Mamadou,user6621@hopital.sn,password123,admin
Fall,Abdoulaye,user6622@hopital.sn,password123,medecin
Sarr,Ibrahima,user6623@hopital.sn,password123,admin
Ba,Fatou,user6624@hopital.sn,password123,agent
Sow,Moussa,user6625@hopital.sn,password123,admin
Diop,Mamadou,user6626@hopital.sn,password123,agent
Fall,Mariama,user6627@hopital.sn,password123,medecin
Ndiaye,Ibrahima,user6628@hopital.sn,password123,agent
Diop,Fatou,user6629@hopital.sn,password123,admin
Sow,Aminata,user6630@hopital.sn,password123,medecin
Gueye,Ibrahima,user6631@hopital.sn,password123,admin
Diop,Khady,user6632@hopital.sn,password123,admin
Diallo,Oumar,user6633@hopital.sn,password123,medecin
Kane,Abdoulaye,user6634@hopital.sn,password123,admin
Diallo,Awa,user6635@hopital.sn,password123,medecin
Sy,Oumar,user6636@hopital.sn,password123,admin
Sarr,Abdoulaye,user6637@hopital.sn,password123,medecin
Diallo,Awa,user6638@hopital.sn,password123,admin
Sy,Moussa,user6639@hopital.sn,password123,agent
Kane,Khady,user6640@hopital.sn,password123,agent
Sarr,Ibrahima,user6641@hopital.sn,password123,agent
Sy,Cheikh,user6642@hopital.sn,password123,admin
Fall,Ousmane,user6643@hopital.sn,password123,medecin
Sy,Aminata,user6644@hopital.sn,password123,medecin
Sow,Moussa,user6645@hopital.sn,password123,admin
Gueye,Mamadou,user6646@hopital.sn,password123,agent
Ba,Ibrahima,user6647@hopital.sn,password123,agent
Diallo,Ibrahima,user6648@hopital.sn,password123,agent
Ndiaye,Moussa,user6649@hopital.sn,password123,admin
Ba,Fatou,user6650@hopital.sn,password123,admin
Ba,Aminata,user6651@hopital.sn,password123,medecin
Sarr,Ibrahima,user6652@hopital.sn,password123,medecin
Sarr,Fatou,user6653@hopital.sn,password123,admin
Fall,Aminata,user6654@hopital.sn,password123,admin
Ba,Moussa,user6655@hopital.sn,password123,medecin
Diop,Abdoulaye,user6656@hopital.sn,password123,medecin
Diallo,Aminata,user6657@hopital.sn,password123,agent
Kane,Aminata,user6658@hopital.sn,password123,agent
Sarr,Ibrahima,user6659@hopital.sn,password123,admin
Sarr,Abdoulaye,user6660@hopital.sn,password123,admin
Gueye,Aminata,user6661@hopital.sn,password123,medecin
Sow,Ibrahima,user6662@hopital.sn,password123,medecin
Sy,Fatou,user6663@hopital.sn,password123,agent
Fall,Fatou,user6664@hopital.sn,password123,medecin
Sow,Oumar,user6665@hopital.sn,password123,medecin
Sow,Cheikh,user6666@hopital.sn,password123,agent
Ba,Khady,user6667@hopital.sn,password123,agent
Ba,Awa,user6668@hopital.sn,password123,medecin
Faye,Ousmane,user6669@hopital.sn,password123,agent
Sy,Moussa,user6670@hopital.sn,password123,agent
Sy,Aminata,user6671@hopital.sn,password123,agent
Fall,Ousmane,user6672@hopital.sn,password123,medecin
Sow,Awa,user6673@hopital.sn,password123,admin
Sy,Khady,user6674@hopital.sn,password123,agent
Faye,Abdoulaye,user6675@hopital.sn,password123,admin
Sarr,Ousmane,user6676@hopital.sn,password123,admin
Sarr,Aminata,user6677@hopital.sn,password123,medecin
Sy,Khady,user6678@hopital.sn,password123,agent
Fall,Aminata,user6679@hopital.sn,password123,admin
Kane,Abdoulaye,user6680@hopital.sn,password123,agent
Ndiaye,Moussa,user6681@hopital.sn,password123,medecin
Sarr,Ousmane,user6682@hopital.sn,password123,agent
Gueye,Mariama,user6683@hopital.sn,password123,admin
Diallo,Abdoulaye,user6684@hopital.sn,password123,medecin
Fall,Khady,user6685@hopital.sn,password123,medecin
Ndiaye,Cheikh,user6686@hopital.sn,password123,medecin
Sarr,Mamadou,user6687@hopital.sn,password123,medecin
Kane,Moussa,user6688@hopital.sn,password123,admin
Gueye,Mariama,user6689@hopital.sn,password123,agent
Kane,Mamadou,user6690@hopital.sn,password123,admin
Faye,Fatou,user6691@hopital.sn,password123,agent
Sy,Khady,user6692@hopital.sn,password123,agent
Ndiaye,Mariama,user6693@hopital.sn,password123,medecin
Gueye,Cheikh,user6694@hopital.sn,password123,admin
Sow,Cheikh,user6695@hopital.sn,password123,admin
Sow,Awa,user6696@hopital.sn,password123,medecin
Fall,Oumar,user6697@hopital.sn,password123,agent
Fall,Abdoulaye,user6698@hopital.sn,password123,admin
Faye,Mamadou,user6699@hopital.sn,password123,medecin
Sarr,Cheikh,user6700@hopital.sn,password123,admin
Diallo,Moussa,user6701@hopital.sn,password123,medecin
Diallo,Cheikh,user6702@hopital.sn,password123,admin
Diop,Mariama,user6703@hopital.sn,password123,agent
Diop,Aminata,user6704@hopital.sn,password123,admin
Sarr,Oumar,user6705@hopital.sn,password123,medecin
Sarr,Fatou,user6706@hopital.sn,password123,agent
Kane,Fatou,user6707@hopital.sn,password123,agent
Faye,Awa,user6708@hopital.sn,password123,medecin
Sy,Fatou,user6709@hopital.sn,password123,agent
Diop,Mamadou,user6710@hopital.sn,password123,medecin
Faye,Ousmane,user6711@hopital.sn,password123,medecin
Sy,Awa,user6712@hopital.sn,password123,admin
Ndiaye,Awa,user6713@hopital.sn,password123,admin
Gueye,Cheikh,user6714@hopital.sn,password123,admin
Fall,Mariama,user6715@hopital.sn,password123,agent
Gueye,Ibrahima,user6716@hopital.sn,password123,agent
Kane,Aminata,user6717@hopital.sn,password123,medecin
Sy,Cheikh,user6718@hopital.sn,password123,medecin
Gueye,Aminata,user6719@hopital.sn,password123,admin
Gueye,Khady,user6720@hopital.sn,password123,medecin
Diallo,Mariama,user6721@hopital.sn,password123,agent
Ndiaye,Fatou,user6722@hopital.sn,password123,admin
Ba,Cheikh,user6723@hopital.sn,password123,admin
Diop,Aminata,user6724@hopital.sn,password123,medecin
Fall,Oumar,user6725@hopital.sn,password123,admin
Diop,Mamadou,user6726@hopital.sn,password123,medecin
Ba,Ibrahima,user6727@hopital.sn,password123,admin
Ba,Mariama,user6728@hopital.sn,password123,agent
Diallo,Moussa,user6729@hopital.sn,password123,agent
Gueye,Cheikh,user6730@hopital.sn,password123,medecin
Kane,Mariama,user6731@hopital.sn,password123,medecin
Diallo,Oumar,user6732@hopital.sn,password123,medecin
Fall,Oumar,user6733@hopital.sn,password123,agent
Kane,Cheikh,user6734@hopital.sn,password123,admin
Sy,Moussa,user6735@hopital.sn,password123,admin
Fall,Cheikh,user6736@hopital.sn,password123,admin
Sarr,Moussa,user6737@hopital.sn,password123,medecin
Gueye,Mamadou,user6738@hopital.sn,password123,medecin
Sy,Moussa,user6739@hopital.sn,password123,agent
Sarr,Fatou,user6740@hopital.sn,password123,admin
Ndiaye,Abdoulaye,user6741@hopital.sn,password123,agent
Sy,Moussa,user6742@hopital.sn,password123,admin
Fall,Abdoulaye,user6743@hopital.sn,password123,admin
Fall,Awa,user6744@hopital.sn,password123,medecin
Sy,Mamadou,user6745@hopital.sn,password123,medecin
Fall,Aminata,user6746@hopital.sn,password123,agent
Ba,Fatou,user6747@hopital.sn,password123,admin
Ba,Awa,user6748@hopital.sn,password123,agent
Ba,Cheikh,user6749@hopital.sn,password123,medecin
Diop,Mamadou,user6750@hopital.sn,password123,agent
Diop,Moussa,user6751@hopital.sn,password123,admin
Faye,Fatou,user6752@hopital.sn,password123,agent
Diop,Moussa,user6753@hopital.sn,password123,admin
Faye,Awa,user6754@hopital.sn,password123,agent
Gueye,Mamadou,user6755@hopital.sn,password123,agent
Ndiaye,Fatou,user6756@hopital.sn,password123,medecin
Diop,Khady,user6757@hopital.sn,password123,agent
Sy,Moussa,user6758@hopital.sn,password123,agent
Kane,Mariama,user6759@hopital.sn,password123,admin
Ba,Mariama,user6760@hopital.sn,password123,medecin
Ba,Moussa,user6761@hopital.sn,password123,agent
Diop,Fatou,user6762@hopital.sn,password123,agent
Diop,Ousmane,user6763@hopital.sn,password123,agent
Faye,Cheikh,user6764@hopital.sn,password123,medecin
Ba,Aminata,user6765@hopital.sn,password123,admin
Kane,Mamadou,user6766@hopital.sn,password123,admin
Fall,Cheikh,user6767@hopital.sn,password123,admin
Diop,Aminata,user6768@hopital.sn,password123,admin
Ndiaye,Mariama,user6769@hopital.sn,password123,agent
Ndiaye,Ousmane,user6770@hopital.sn,password123,agent
Ndiaye,Mamadou,user6771@hopital.sn,password123,agent
Faye,Ibrahima,user6772@hopital.sn,password123,admin
Sarr,Abdoulaye,user6773@hopital.sn,password123,medecin
Fall,Moussa,user6774@hopital.sn,password123,admin
Ba,Cheikh,user6775@hopital.sn,password123,agent
Sow,Aminata,user6776@hopital.sn,password123,admin
Ndiaye,Mariama,user6777@hopital.sn,password123,admin
Diallo,Moussa,user6778@hopital.sn,password123,medecin
Diop,Abdoulaye,user6779@hopital.sn,password123,admin
Faye,Moussa,user6780@hopital.sn,password123,medecin
Sy,Mamadou,user6781@hopital.sn,password123,admin
Sarr,Moussa,user6782@hopital.sn,password123,medecin
Fall,Moussa,user6783@hopital.sn,password123,agent
Gueye,Mamadou,user6784@hopital.sn,password123,agent
Kane,Awa,user6785@hopital.sn,password123,agent
Kane,Awa,user6786@hopital.sn,password123,admin
Faye,Oumar,user6787@hopital.sn,password123,admin
Sow,Mariama,user6788@hopital.sn,password123,agent
Kane,Aminata,user6789@hopital.sn,password123,admin
Sarr,Abdoulaye,user6790@hopital.sn,password123,medecin
Diallo,Mamadou,user6791@hopital.sn,password123,agent
Ndiaye,Awa,user6792@hopital.sn,password123,admin
Gueye,Ibrahima,user6793@hopital.sn,password123,admin
Sow,Fatou,user6794@hopital.sn,password123,agent
Diop,Abdoulaye,user6795@hopital.sn,password123,medecin
Faye,Cheikh,user6796@hopital.sn,password123,agent
Faye,Mariama,user6797@hopital.sn,password123,admin
Ndiaye,Awa,user6798@hopital.sn,password123,agent
Ndiaye,Khady,user6799@hopital.sn,password123,agent
Gueye,Moussa,user6800@hopital.sn,password123,agent
Kane,Fatou,user6801@hopital.sn,password123,medecin
Sarr,Awa,user6802@hopital.sn,password123,admin
Diop,Mamadou,user6803@hopital.sn,password123,agent
Diallo,Cheikh,user6804@hopital.sn,password123,admin
Fall,Oumar,user6805@hopital.sn,password123,medecin
Fall,Oumar,user6806@hopital.sn,password123,medecin
Kane,Abdoulaye,user6807@hopital.sn,password123,admin
Gueye,Awa,user6808@hopital.sn,password123,medecin
Ba,Ibrahima,user6809@hopital.sn,password123,admin
Diallo,Abdoulaye,user6810@hopital.sn,password123,medecin
Ba,Mariama,user6811@hopital.sn,password123,medecin
Sarr,Awa,user6812@hopital.sn,password123,agent
Gueye,Aminata,user6813@hopital.sn,password123,medecin
Diallo,Abdoulaye,user6814@hopital.sn,password123,admin
Kane,Ousmane,user6815@hopital.sn,password123,medecin
Sarr,Mariama,user6816@hopital.sn,password123,medecin
Ndiaye,Cheikh,user6817@hopital.sn,password123,agent
Gueye,Ibrahima,user6818@hopital.sn,password123,agent
Gueye,Ibrahima,user6819@hopital.sn,password123,agent
Gueye,Ousmane,user6820@hopital.sn,password123,agent
Ba,Awa,user6821@hopital.sn,password123,medecin
Faye,Moussa,user6822@hopital.sn,password123,agent
Faye,Mariama,user6823@hopital.sn,password123,medecin
Diop,Fatou,user6824@hopital.sn,password123,medecin
Sarr,Ibrahima,user6825@hopital.sn,password123,agent
Sy,Ousmane,user6826@hopital.sn,password123,admin
Ndiaye,Abdoulaye,user6827@hopital.sn,password123,admin
Diallo,Oumar,user6828@hopital.sn,password123,agent
Diallo,Ibrahima,user6829@hopital.sn,password123,agent
Sarr,Awa,user6830@hopital.sn,password123,agent
Sy,Aminata,user6831@hopital.sn,password123,admin
Sy,Fatou,user6832@hopital.sn,password123,medecin
Ba,Moussa,user6833@hopital.sn,password123,agent
Ndiaye,Fatou,user6834@hopital.sn,password123,medecin
Faye,Cheikh,user6835@hopital.sn,password123,agent
Gueye,Abdoulaye,user6836@hopital.sn,password123,agent
Fall,Mamadou,user6837@hopital.sn,password123,medecin
Gueye,Ibrahima,user6838@hopital.sn,password123,medecin
Sarr,Oumar,user6839@hopital.sn,password123,agent
Sarr,Fatou,user6840@hopital.sn,password123,medecin
Gueye,Aminata,user6841@hopital.sn,password123,medecin
Gueye,Fatou,user6842@hopital.sn,password123,admin
Sow,Fatou,user6843@hopital.sn,password123,medecin
Gueye,Oumar,user6844@hopital.sn,password123,medecin
Gueye,Ousmane,user6845@hopital.sn,password123,medecin
Fall,Khady,user6846@hopital.sn,password123,agent
Fall,Ousmane,user6847@hopital.sn,password123,medecin
Diop,Mariama,user6848@hopital.sn,password123,admin
Faye,Moussa,user6849@hopital.sn,password123,admin
Sarr,Oumar,user6850@hopital.sn,password123,medecin
Diop,Awa,user6851@hopital.sn,password123,admin
Kane,Ibrahima,user6852@hopital.sn,password123,agent
Faye,Abdoulaye,user6853@hopital.sn,password123,admin
Kane,Awa,user6854@hopital.sn,password123,medecin
Faye,Aminata,user6855@hopital.sn,password123,medecin
Diop,Aminata,user6856@hopital.sn,password123,admin
Fall,Abdoulaye,user6857@hopital.sn,password123,admin
Diallo,Cheikh,user6858@hopital.sn,password123,agent
Ba,Fatou,user6859@hopital.sn,password123,admin
Ndiaye,Mariama,user6860@hopital.sn,password123,medecin
Ba,Aminata,user6861@hopital.sn,password123,agent
Fall,Fatou,user6862@hopital.sn,password123,admin
Faye,Moussa,user6863@hopital.sn,password123,medecin
Ba,Awa,user6864@hopital.sn,password123,agent
Sow,Moussa,user6865@hopital.sn,password123,medecin
Faye,Mamadou,user6866@hopital.sn,password123,agent
Fall,Aminata,user6867@hopital.sn,password123,admin
Kane,Mariama,user6868@hopital.sn,password123,medecin
Kane,Ousmane,user6869@hopital.sn,password123,medecin
Sarr,Moussa,user6870@hopital.sn,password123,medecin
Faye,Abdoulaye,user6871@hopital.sn,password123,admin
Ba,Ibrahima,user6872@hopital.sn,password123,agent
Sarr,Ousmane,user6873@hopital.sn,password123,admin
Sarr,Mamadou,user6874@hopital.sn,password123,medecin
Fall,Awa,user6875@hopital.sn,password123,medecin
Kane,Ousmane,user6876@hopital.sn,password123,medecin
Fall,Ibrahima,user6877@hopital.sn,password123,admin
Sy,Cheikh,user6878@hopital.sn,password123,agent
Diallo,Fatou,user6879@hopital.sn,password123,agent
Ndiaye,Awa,user6880@hopital.sn,password123,medecin
Diallo,Abdoulaye,user6881@hopital.sn,password123,admin
Kane,Awa,user6882@hopital.sn,password123,medecin
Kane,Fatou,user6883@hopital.sn,password123,admin
Kane,Aminata,user6884@hopital.sn,password123,admin
Diop,Oumar,user6885@hopital.sn,password123,admin
Ndiaye,Khady,user6886@hopital.sn,password123,admin
Diop,Aminata,user6887@hopital.sn,password123,admin
Gueye,Abdoulaye,user6888@hopital.sn,password123,agent
Ndiaye,Oumar,user6889@hopital.sn,password123,agent
Diallo,Cheikh,user6890@hopital.sn,password123,agent
Ba,Moussa,user6891@hopital.sn,password123,agent
Fall,Cheikh,user6892@hopital.sn,password123,admin
Fall,Ibrahima,user6893@hopital.sn,password123,medecin
Kane,Mariama,user6894@hopital.sn,password123,admin
Diop,Mariama,user6895@hopital.sn,password123,medecin
Gueye,Mariama,user6896@hopital.sn,password123,admin
Faye,Fatou,user6897@hopital.sn,password123,agent
Ba,Ousmane,user6898@hopital.sn,password123,medecin
Ba,Awa,user6899@hopital.sn,password123,admin
Ndiaye,Cheikh,user6900@hopital.sn,password123,medecin
Kane,Khady,user6901@hopital.sn,password123,medecin
Faye,Fatou,user6902@hopital.sn,password123,admin
Sarr,Khady,user6903@hopital.sn,password123,agent
Diallo,Ibrahima,user6904@hopital.sn,password123,agent
Ndiaye,Mamadou,user6905@hopital.sn,password123,medecin
Sow,Fatou,user6906@hopital.sn,password123,admin
Faye,Fatou,user6907@hopital.sn,password123,admin
Ndiaye,Cheikh,user6908@hopital.sn,password123,admin
Sow,Abdoulaye,user6909@hopital.sn,password123,agent
Diop,Mamadou,user6910@hopital.sn,password123,agent
Fall,Abdoulaye,user6911@hopital.sn,password123,medecin
Sy,Mariama,user6912@hopital.sn,password123,admin
Ba,Abdoulaye,user6913@hopital.sn,password123,medecin
Diop,Moussa,user6914@hopital.sn,password123,medecin
Diallo,Abdoulaye,user6915@hopital.sn,password123,admin
Fall,Cheikh,user6916@hopital.sn,password123,medecin
Kane,Moussa,user6917@hopital.sn,password123,admin
Ndiaye,Mariama,user6918@hopital.sn,password123,medecin
Diop,Khady,user6919@hopital.sn,password123,agent
Faye,Mariama,user6920@hopital.sn,password123,admin
Faye,Mamadou,user6921@hopital.sn,password123,medecin
Ba,Mariama,user6922@hopital.sn,password123,admin
Sow,Cheikh,user6923@hopital.sn,password123,admin
Sow,Oumar,user6924@hopital.sn,password123,medecin
Diallo,Khady,user6925@hopital.sn,password123,admin
Gueye,Aminata,user6926@hopital.sn,password123,medecin
Gueye,Khady,user6927@hopital.sn,password123,medecin
Sarr,Ousmane,user6928@hopital.sn,password123,agent
Ba,Awa,user6929@hopital.sn,password123,admin
Ba,Khady,user6930@hopital.sn,password123,medecin
Fall,Cheikh,user6931@hopital.sn,password123,agent
Ndiaye,Ousmane,user6932@hopital.sn,password123,agent
Faye,Abdoulaye,user6933@hopital.sn,password123,medecin
Kane,Mariama,user6934@hopital.sn,password123,medecin
Ba,Abdoulaye,user6935@hopital.sn,password123,medecin
Diop,Awa,user6936@hopital.sn,password123,medecin
Sy,Mariama,user6937@hopital.sn,password123,medecin
Diop,Aminata,user6938@hopital.sn,password123,admin
Gueye,Khady,user6939@hopital.sn,password123,agent
Gueye,Ibrahima,user6940@hopital.sn,password123,agent
Diop,Cheikh,user6941@hopital.sn,password123,admin
Sy,Oumar,user6942@hopital.sn,password123,medecin
Kane,Mariama,user6943@hopital.sn,password123,admin
Sow,Moussa,user6944@hopital.sn,password123,admin
Fall,Awa,user6945@hopital.sn,password123,agent
Kane,Khady,user6946@hopital.sn,password123,agent
Faye,Cheikh,user6947@hopital.sn,password123,agent
Diallo,Oumar,user6948@hopital.sn,password123,admin
Fall,Moussa,user6949@hopital.sn,password123,medecin
Ndiaye,Ibrahima,user6950@hopital.sn,password123,admin
Faye,Ibrahima,user6951@hopital.sn,password123,agent
Sow,Fatou,user6952@hopital.sn,password123,medecin
Ba,Mamadou,user6953@hopital.sn,password123,medecin
Ba,Aminata,user6954@hopital.sn,password123,agent
Sow,Fatou,user6955@hopital.sn,password123,admin
Ndiaye,Ibrahima,user6956@hopital.sn,password123,medecin
Sarr,Oumar,user6957@hopital.sn,password123,agent
Ndiaye,Oumar,user6958@hopital.sn,password123,admin
Fall,Ibrahima,user6959@hopital.sn,password123,admin
Diop,Cheikh,user6960@hopital.sn,password123,admin
Kane,Abdoulaye,user6961@hopital.sn,password123,medecin
Fall,Mamadou,user6962@hopital.sn,password123,medecin
Ndiaye,Ousmane,user6963@hopital.sn,password123,admin
Ndiaye,Oumar,user6964@hopital.sn,password123,admin
Gueye,Ibrahima,user6965@hopital.sn,password123,agent
Faye,Ibrahima,user6966@hopital.sn,password123,agent
Sy,Ibrahima,user6967@hopital.sn,password123,medecin
Ndiaye,Cheikh,user6968@hopital.sn,password123,admin
Fall,Ousmane,user6969@hopital.sn,password123,admin
Diop,Cheikh,user6970@hopital.sn,password123,medecin
Kane,Moussa,user6971@hopital.sn,password123,agent
Ba,Cheikh,user6972@hopital.sn,password123,medecin
Diop,Mariama,user6973@hopital.sn,password123,admin
Ba,Fatou,user6974@hopital.sn,password123,medecin
Diallo,Ousmane,user6975@hopital.sn,password123,agent
Diallo,Cheikh,user6976@hopital.sn,password123,agent
Sy,Fatou,user6977@hopital.sn,password123,medecin
Faye,Khady,user6978@hopital.sn,password123,medecin
Sarr,Oumar,user6979@hopital.sn,password123,agent
Ba,Oumar,user6980@hopital.sn,password123,agent
Sarr,Ibrahima,user6981@hopital.sn,password123,agent
Diop,Fatou,user6982@hopital.sn,password123,medecin
Sow,Awa,user6983@hopital.sn,password123,admin
Diallo,Oumar,user6984@hopital.sn,password123,admin
Fall,Abdoulaye,user6985@hopital.sn,password123,admin
Fall,Cheikh,user6986@hopital.sn,password123,admin
Ba,Abdoulaye,user6987@hopital.sn,password123,admin
Gueye,Khady,user6988@hopital.sn,password123,admin
Ba,Oumar,user6989@hopital.sn,password123,admin
Ba,Oumar,user6990@hopital.sn,password123,agent
Sarr,Awa,user6991@hopital.sn,password123,medecin
Ba,Awa,user6992@hopital.sn,password123,medecin
Gueye,Ibrahima,user6993@hopital.sn,password123,agent
Faye,Moussa,user6994@hopital.sn,password123,admin
Ndiaye,Ousmane,user6995@hopital.sn,password123,agent
Sarr,Ousmane,user6996@hopital.sn,password123,admin
Sow,Oumar,user6997@hopital.sn,password123,admin
Ndiaye,Ousmane,user6998@hopital.sn,password123,admin
Sy,Awa,user6999@hopital.sn,password123,agent
Ba,Awa,user7000@hopital.sn,password123,admin
Gueye,Ibrahima,user7001@hopital.sn,password123,admin
Gueye,Moussa,user7002@hopital.sn,password123,medecin
Sarr,Mariama,user7003@hopital.sn,password123,agent
Diallo,Cheikh,user7004@hopital.sn,password123,agent
Faye,Awa,user7005@hopital.sn,password123,agent
Gueye,Abdoulaye,user7006@hopital.sn,password123,medecin
Faye,Cheikh,user7007@hopital.sn,password123,agent
Sow,Khady,user7008@hopital.sn,password123,medecin
Faye,Khady,user7009@hopital.sn,password123,medecin
Kane,Aminata,user7010@hopital.sn,password123,medecin
Gueye,Fatou,user7011@hopital.sn,password123,medecin
Fall,Aminata,user7012@hopital.sn,password123,agent
Fall,Ousmane,user7013@hopital.sn,password123,admin
Ba,Ibrahima,user7014@hopital.sn,password123,medecin
Sy,Mamadou,user7015@hopital.sn,password123,medecin
Fall,Ousmane,user7016@hopital.sn,password123,agent
Faye,Aminata,user7017@hopital.sn,password123,agent
Sarr,Moussa,user7018@hopital.sn,password123,agent
Sow,Abdoulaye,user7019@hopital.sn,password123,admin
Gueye,Abdoulaye,user7020@hopital.sn,password123,medecin
Sarr,Moussa,user7021@hopital.sn,password123,medecin
Fall,Mamadou,user7022@hopital.sn,password123,medecin
Faye,Mariama,user7023@hopital.sn,password123,agent
Gueye,Ousmane,user7024@hopital.sn,password123,admin
Faye,Ousmane,user7025@hopital.sn,password123,medecin
Sow,Khady,user7026@hopital.sn,password123,admin
Ndiaye,Awa,user7027@hopital.sn,password123,admin
Sy,Fatou,user7028@hopital.sn,password123,medecin
Ndiaye,Fatou,user7029@hopital.sn,password123,agent
Kane,Mariama,user7030@hopital.sn,password123,agent
Faye,Khady,user7031@hopital.sn,password123,agent
Gueye,Moussa,user7032@hopital.sn,password123,medecin
Diallo,Moussa,user7033@hopital.sn,password123,admin
Ba,Mariama,user7034@hopital.sn,password123,agent
Sy,Cheikh,user7035@hopital.sn,password123,medecin
Sow,Khady,user7036@hopital.sn,password123,agent
Sow,Abdoulaye,user7037@hopital.sn,password123,agent
Sow,Awa,user7038@hopital.sn,password123,agent
Faye,Mariama,user7039@hopital.sn,password123,agent
Fall,Mariama,user7040@hopital.sn,password123,agent
Sow,Cheikh,user7041@hopital.sn,password123,agent
Fall,Oumar,user7042@hopital.sn,password123,medecin
Faye,Mamadou,user7043@hopital.sn,password123,admin
Sy,Cheikh,user7044@hopital.sn,password123,admin
Ndiaye,Awa,user7045@hopital.sn,password123,agent
Faye,Aminata,user7046@hopital.sn,password123,agent
Fall,Ibrahima,user7047@hopital.sn,password123,agent
Diop,Moussa,user7048@hopital.sn,password123,medecin
Sarr,Awa,user7049@hopital.sn,password123,medecin
Faye,Moussa,user7050@hopital.sn,password123,agent
Ba,Awa,user7051@hopital.sn,password123,medecin
Faye,Oumar,user7052@hopital.sn,password123,agent
Sy,Ousmane,user7053@hopital.sn,password123,medecin
Gueye,Moussa,user7054@hopital.sn,password123,agent
Kane,Abdoulaye,user7055@hopital.sn,password123,agent
Diop,Mamadou,user7056@hopital.sn,password123,medecin
Gueye,Fatou,user7057@hopital.sn,password123,agent
Kane,Awa,user7058@hopital.sn,password123,medecin
Gueye,Abdoulaye,user7059@hopital.sn,password123,admin
Ba,Mamadou,user7060@hopital.sn,password123,agent
Sy,Abdoulaye,user7061@hopital.sn,password123,agent
Faye,Khady,user7062@hopital.sn,password123,medecin
Sarr,Mariama,user7063@hopital.sn,password123,agent
Fall,Khady,user7064@hopital.sn,password123,admin
Gueye,Khady,user7065@hopital.sn,password123,medecin
Gueye,Aminata,user7066@hopital.sn,password123,admin
Diop,Mamadou,user7067@hopital.sn,password123,agent
Sarr,Aminata,user7068@hopital.sn,password123,agent
Ba,Abdoulaye,user7069@hopital.sn,password123,admin
Diop,Oumar,user7070@hopital.sn,password123,medecin
Ba,Fatou,user7071@hopital.sn,password123,medecin
Kane,Cheikh,user7072@hopital.sn,password123,admin
Diop,Fatou,user7073@hopital.sn,password123,admin
Ndiaye,Awa,user7074@hopital.sn,password123,agent
Fall,Mariama,user7075@hopital.sn,password123,admin
Kane,Moussa,user7076@hopital.sn,password123,admin
Kane,Awa,user7077@hopital.sn,password123,medecin
Sow,Fatou,user7078@hopital.sn,password123,admin
Fall,Ibrahima,user7079@hopital.sn,password123,admin
Sow,Awa,user7080@hopital.sn,password123,admin
Sarr,Khady,user7081@hopital.sn,password123,medecin
Sy,Khady,user7082@hopital.sn,password123,agent
Diop,Aminata,user7083@hopital.sn,password123,agent
Ba,Fatou,user7084@hopital.sn,password123,agent
Kane,Ibrahima,user7085@hopital.sn,password123,admin
Kane,Fatou,user7086@hopital.sn,password123,medecin
Gueye,Mariama,user7087@hopital.sn,password123,agent
Sow,Ibrahima,user7088@hopital.sn,password123,medecin
Sy,Fatou,user7089@hopital.sn,password123,medecin
Fall,Mamadou,user7090@hopital.sn,password123,medecin
Ndiaye,Mamadou,user7091@hopital.sn,password123,agent
Kane,Ibrahima,user7092@hopital.sn,password123,medecin
Fall,Abdoulaye,user7093@hopital.sn,password123,medecin
Sy,Moussa,user7094@hopital.sn,password123,agent
Sow,Cheikh,user7095@hopital.sn,password123,agent
Sarr,Awa,user7096@hopital.sn,password123,agent
Ndiaye,Khady,user7097@hopital.sn,password123,agent
Sy,Mamadou,user7098@hopital.sn,password123,agent
Diop,Khady,user7099@hopital.sn,password123,agent
Ba,Aminata,user7100@hopital.sn,password123,admin
Faye,Ousmane,user7101@hopital.sn,password123,medecin
Diallo,Fatou,user7102@hopital.sn,password123,admin
Sy,Fatou,user7103@hopital.sn,password123,admin
Gueye,Ibrahima,user7104@hopital.sn,password123,medecin
Gueye,Cheikh,user7105@hopital.sn,password123,admin
Diallo,Abdoulaye,user7106@hopital.sn,password123,agent
Kane,Khady,user7107@hopital.sn,password123,medecin
Ndiaye,Fatou,user7108@hopital.sn,password123,agent
Ba,Fatou,user7109@hopital.sn,password123,agent
Ba,Cheikh,user7110@hopital.sn,password123,medecin
Faye,Moussa,user7111@hopital.sn,password123,admin
Sy,Cheikh,user7112@hopital.sn,password123,medecin
Sow,Abdoulaye,user7113@hopital.sn,password123,admin
Sarr,Mamadou,user7114@hopital.sn,password123,agent
Ba,Mariama,user7115@hopital.sn,password123,agent
Fall,Ibrahima,user7116@hopital.sn,password123,medecin
Diallo,Mariama,user7117@hopital.sn,password123,medecin
Ndiaye,Mariama,user7118@hopital.sn,password123,admin
Sarr,Khady,user7119@hopital.sn,password123,admin
Faye,Ibrahima,user7120@hopital.sn,password123,admin
Sow,Fatou,user7121@hopital.sn,password123,agent
Diallo,Khady,user7122@hopital.sn,password123,agent
Sow,Moussa,user7123@hopital.sn,password123,medecin
Diallo,Mamadou,user7124@hopital.sn,password123,agent
Ndiaye,Mamadou,user7125@hopital.sn,password123,medecin
Sarr,Cheikh,user7126@hopital.sn,password123,admin
Diop,Ousmane,user7127@hopital.sn,password123,admin
Kane,Mamadou,user7128@hopital.sn,password123,admin
Sow,Fatou,user7129@hopital.sn,password123,admin
Diallo,Abdoulaye,user7130@hopital.sn,password123,agent
Ba,Moussa,user7131@hopital.sn,password123,medecin
Fall,Cheikh,user7132@hopital.sn,password123,admin
Diallo,Khady,user7133@hopital.sn,password123,medecin
Diallo,Ousmane,user7134@hopital.sn,password123,admin
Faye,Khady,user7135@hopital.sn,password123,medecin
Kane,Moussa,user7136@hopital.sn,password123,agent
Ba,Oumar,user7137@hopital.sn,password123,medecin
Faye,Khady,user7138@hopital.sn,password123,medecin
Gueye,Ousmane,user7139@hopital.sn,password123,admin
Diallo,Mariama,user7140@hopital.sn,password123,medecin
Fall,Oumar,user7141@hopital.sn,password123,medecin
Diallo,Fatou,user7142@hopital.sn,password123,agent
Fall,Moussa,user7143@hopital.sn,password123,medecin
Ndiaye,Oumar,user7144@hopital.sn,password123,admin
Ndiaye,Awa,user7145@hopital.sn,password123,admin
Diop,Khady,user7146@hopital.sn,password123,admin
Kane,Cheikh,user7147@hopital.sn,password123,agent
Gueye,Cheikh,user7148@hopital.sn,password123,admin
Ba,Fatou,user7149@hopital.sn,password123,medecin
Diop,Ibrahima,user7150@hopital.sn,password123,medecin
Sarr,Moussa,user7151@hopital.sn,password123,medecin
Gueye,Mariama,user7152@hopital.sn,password123,medecin
Sarr,Moussa,user7153@hopital.sn,password123,agent
Fall,Mariama,user7154@hopital.sn,password123,admin
Fall,Ousmane,user7155@hopital.sn,password123,medecin
Fall,Abdoulaye,user7156@hopital.sn,password123,admin
Ndiaye,Moussa,user7157@hopital.sn,password123,admin
Faye,Fatou,user7158@hopital.sn,password123,admin
Diop,Oumar,user7159@hopital.sn,password123,agent
Sow,Moussa,user7160@hopital.sn,password123,agent
Faye,Fatou,user7161@hopital.sn,password123,agent
Ba,Fatou,user7162@hopital.sn,password123,admin
Fall,Ousmane,user7163@hopital.sn,password123,admin
Sarr,Khady,user7164@hopital.sn,password123,medecin
Sarr,Abdoulaye,user7165@hopital.sn,password123,admin
Faye,Awa,user7166@hopital.sn,password123,admin
Fall,Mariama,user7167@hopital.sn,password123,medecin
Kane,Mamadou,user7168@hopital.sn,password123,medecin
Diop,Moussa,user7169@hopital.sn,password123,admin
Diop,Khady,user7170@hopital.sn,password123,medecin
Diallo,Fatou,user7171@hopital.sn,password123,medecin
Sarr,Oumar,user7172@hopital.sn,password123,admin
Sy,Ousmane,user7173@hopital.sn,password123,admin
Fall,Fatou,user7174@hopital.sn,password123,agent
Diop,Ousmane,user7175@hopital.sn,password123,agent
Kane,Khady,user7176@hopital.sn,password123,admin
Sy,Mamadou,user7177@hopital.sn,password123,medecin
Diallo,Moussa,user7178@hopital.sn,password123,medecin
Sarr,Ousmane,user7179@hopital.sn,password123,agent
Fall,Aminata,user7180@hopital.sn,password123,agent
Ndiaye,Aminata,user7181@hopital.sn,password123,medecin
Gueye,Khady,user7182@hopital.sn,password123,agent
Faye,Ousmane,user7183@hopital.sn,password123,agent
Kane,Fatou,user7184@hopital.sn,password123,agent
Kane,Oumar,user7185@hopital.sn,password123,admin
Ba,Moussa,user7186@hopital.sn,password123,medecin
Sarr,Awa,user7187@hopital.sn,password123,medecin
Sarr,Ibrahima,user7188@hopital.sn,password123,admin
Ba,Abdoulaye,user7189@hopital.sn,password123,agent
Diallo,Fatou,user7190@hopital.sn,password123,admin
Ba,Oumar,user7191@hopital.sn,password123,agent
Sarr,Moussa,user7192@hopital.sn,password123,agent
Kane,Mariama,user7193@hopital.sn,password123,agent
Gueye,Abdoulaye,user7194@hopital.sn,password123,agent
Ba,Moussa,user7195@hopital.sn,password123,admin
Kane,Moussa,user7196@hopital.sn,password123,medecin
Ndiaye,Awa,user7197@hopital.sn,password123,agent
Sow,Aminata,user7198@hopital.sn,password123,admin
Fall,Cheikh,user7199@hopital.sn,password123,agent
Sow,Ousmane,user7200@hopital.sn,password123,admin
Kane,Awa,user7201@hopital.sn,password123,agent
Diop,Aminata,user7202@hopital.sn,password123,admin
Faye,Moussa,user7203@hopital.sn,password123,medecin
Faye,Oumar,user7204@hopital.sn,password123,admin
Gueye,Aminata,user7205@hopital.sn,password123,medecin
Diop,Abdoulaye,user7206@hopital.sn,password123,medecin
Diop,Awa,user7207@hopital.sn,password123,medecin
Sarr,Cheikh,user7208@hopital.sn,password123,admin
Gueye,Ousmane,user7209@hopital.sn,password123,agent
Ba,Awa,user7210@hopital.sn,password123,medecin
Gueye,Fatou,user7211@hopital.sn,password123,admin
Fall,Mariama,user7212@hopital.sn,password123,medecin
Sarr,Khady,user7213@hopital.sn,password123,medecin
Sy,Fatou,user7214@hopital.sn,password123,admin
Sow,Awa,user7215@hopital.sn,password123,medecin
Faye,Oumar,user7216@hopital.sn,password123,agent
Sarr,Oumar,user7217@hopital.sn,password123,medecin
Faye,Cheikh,user7218@hopital.sn,password123,admin
Sy,Fatou,user7219@hopital.sn,password123,admin
Diop,Mariama,user7220@hopital.sn,password123,agent
Diop,Aminata,user7221@hopital.sn,password123,medecin
Fall,Cheikh,user7222@hopital.sn,password123,medecin
Ba,Awa,user7223@hopital.sn,password123,admin
Sarr,Ousmane,user7224@hopital.sn,password123,medecin
Sarr,Ousmane,user7225@hopital.sn,password123,admin
Fall,Khady,user7226@hopital.sn,password123,admin
Sarr,Mamadou,user7227@hopital.sn,password123,admin
Sarr,Ibrahima,user7228@hopital.sn,password123,medecin
Gueye,Oumar,user7229@hopital.sn,password123,admin
Sow,Mariama,user7230@hopital.sn,password123,medecin
Gueye,Abdoulaye,user7231@hopital.sn,password123,medecin
Faye,Aminata,user7232@hopital.sn,password123,medecin
Sarr,Aminata,user7233@hopital.sn,password123,admin
Gueye,Cheikh,user7234@hopital.sn,password123,admin
Gueye,Mariama,user7235@hopital.sn,password123,medecin
Fall,Aminata,user7236@hopital.sn,password123,medecin
Diop,Mariama,user7237@hopital.sn,password123,admin
Diop,Oumar,user7238@hopital.sn,password123,agent
Fall,Ibrahima,user7239@hopital.sn,password123,medecin
Diop,Ousmane,user7240@hopital.sn,password123,agent
Sarr,Oumar,user7241@hopital.sn,password123,agent
Diop,Awa,user7242@hopital.sn,password123,admin
Diallo,Cheikh,user7243@hopital.sn,password123,medecin
Sy,Oumar,user7244@hopital.sn,password123,medecin
Sy,Abdoulaye,user7245@hopital.sn,password123,medecin
Sarr,Mariama,user7246@hopital.sn,password123,medecin
Sarr,Cheikh,user7247@hopital.sn,password123,agent
Gueye,Moussa,user7248@hopital.sn,password123,agent
Fall,Moussa,user7249@hopital.sn,password123,agent
Gueye,Fatou,user7250@hopital.sn,password123,medecin
Kane,Khady,user7251@hopital.sn,password123,admin
Diop,Ibrahima,user7252@hopital.sn,password123,admin
Sow,Mamadou,user7253@hopital.sn,password123,agent
Kane,Mamadou,user7254@hopital.sn,password123,admin
Faye,Cheikh,user7255@hopital.sn,password123,admin
Ndiaye,Abdoulaye,user7256@hopital.sn,password123,agent
Kane,Aminata,user7257@hopital.sn,password123,agent
Sy,Mariama,user7258@hopital.sn,password123,medecin
Sy,Mamadou,user7259@hopital.sn,password123,admin
Kane,Awa,user7260@hopital.sn,password123,medecin
Fall,Aminata,user7261@hopital.sn,password123,admin
Sarr,Oumar,user7262@hopital.sn,password123,admin
Ba,Ousmane,user7263@hopital.sn,password123,agent
Fall,Ibrahima,user7264@hopital.sn,password123,agent
Faye,Oumar,user7265@hopital.sn,password123,medecin
Sow,Cheikh,user7266@hopital.sn,password123,admin
Gueye,Mamadou,user7267@hopital.sn,password123,medecin
Diallo,Khady,user7268@hopital.sn,password123,medecin
Fall,Mariama,user7269@hopital.sn,password123,agent
Fall,Awa,user7270@hopital.sn,password123,admin
Sow,Ibrahima,user7271@hopital.sn,password123,agent
Ba,Ibrahima,user7272@hopital.sn,password123,admin
Diallo,Moussa,user7273@hopital.sn,password123,medecin
Ba,Fatou,user7274@hopital.sn,password123,admin
Fall,Cheikh,user7275@hopital.sn,password123,medecin
Ndiaye,Aminata,user7276@hopital.sn,password123,medecin
Kane,Aminata,user7277@hopital.sn,password123,admin
Diop,Ousmane,user7278@hopital.sn,password123,agent
Sow,Ousmane,user7279@hopital.sn,password123,medecin
Faye,Abdoulaye,user7280@hopital.sn,password123,agent
Gueye,Abdoulaye,user7281@hopital.sn,password123,medecin
Faye,Awa,user7282@hopital.sn,password123,medecin
Sy,Ibrahima,user7283@hopital.sn,password123,medecin
Diallo,Fatou,user7284@hopital.sn,password123,admin
Fall,Ibrahima,user7285@hopital.sn,password123,admin
Sy,Mariama,user7286@hopital.sn,password123,admin
Faye,Mamadou,user7287@hopital.sn,password123,agent
Ndiaye,Mamadou,user7288@hopital.sn,password123,agent
Sow,Moussa,user7289@hopital.sn,password123,agent
Sarr,Ibrahima,user7290@hopital.sn,password123,medecin
Sow,Khady,user7291@hopital.sn,password123,medecin
Fall,Mamadou,user7292@hopital.sn,password123,agent
Sow,Fatou,user7293@hopital.sn,password123,agent
Sarr,Khady,user7294@hopital.sn,password123,medecin
Ba,Abdoulaye,user7295@hopital.sn,password123,agent
Sarr,Moussa,user7296@hopital.sn,password123,medecin
Sarr,Khady,user7297@hopital.sn,password123,agent
Kane,Khady,user7298@hopital.sn,password123,admin
Fall,Awa,user7299@hopital.sn,password123,medecin
Diallo,Mamadou,user7300@hopital.sn,password123,medecin
Sow,Mamadou,user7301@hopital.sn,password123,medecin
Diallo,Ibrahima,user7302@hopital.sn,password123,admin
Sarr,Oumar,user7303@hopital.sn,password123,agent
Sow,Oumar,user7304@hopital.sn,password123,agent
Sow,Awa,user7305@hopital.sn,password123,admin
Diop,Ousmane,user7306@hopital.sn,password123,medecin
Ndiaye,Mariama,user7307@hopital.sn,password123,medecin
Ndiaye,Aminata,user7308@hopital.sn,password123,medecin
Ba,Oumar,user7309@hopital.sn,password123,admin
Faye,Cheikh,user7310@hopital.sn,password123,agent
Gueye,Khady,user7311@hopital.sn,password123,admin
Fall,Abdoulaye,user7312@hopital.sn,password123,agent
Sarr,Fatou,user7313@hopital.sn,password123,agent
Kane,Aminata,user7314@hopital.sn,password123,medecin
Diop,Ibrahima,user7315@hopital.sn,password123,agent
Diallo,Abdoulaye,user7316@hopital.sn,password123,medecin
Faye,Fatou,user7317@hopital.sn,password123,admin
Ndiaye,Ibrahima,user7318@hopital.sn,password123,admin
Diop,Fatou,user7319@hopital.sn,password123,agent
Fall,Abdoulaye,user7320@hopital.sn,password123,admin
Kane,Khady,user7321@hopital.sn,password123,admin
Diop,Moussa,user7322@hopital.sn,password123,medecin
Sy,Aminata,user7323@hopital.sn,password123,admin
Gueye,Cheikh,user7324@hopital.sn,password123,agent
Ba,Khady,user7325@hopital.sn,password123,agent
Diop,Aminata,user7326@hopital.sn,password123,agent
Diop,Fatou,user7327@hopital.sn,password123,admin
Sy,Moussa,user7328@hopital.sn,password123,medecin
Diop,Khady,user7329@hopital.sn,password123,medecin
Faye,Ibrahima,user7330@hopital.sn,password123,admin
Diop,Mamadou,user7331@hopital.sn,password123,admin
Ndiaye,Abdoulaye,user7332@hopital.sn,password123,agent
Gueye,Fatou,user7333@hopital.sn,password123,agent
Ndiaye,Abdoulaye,user7334@hopital.sn,password123,admin
Kane,Khady,user7335@hopital.sn,password123,admin
Ndiaye,Awa,user7336@hopital.sn,password123,agent
Ba,Cheikh,user7337@hopital.sn,password123,agent
Ndiaye,Moussa,user7338@hopital.sn,password123,admin
Fall,Fatou,user7339@hopital.sn,password123,medecin
Diallo,Mariama,user7340@hopital.sn,password123,medecin
Ndiaye,Abdoulaye,user7341@hopital.sn,password123,admin
Diop,Ousmane,user7342@hopital.sn,password123,medecin
Sow,Oumar,user7343@hopital.sn,password123,agent
Diop,Mamadou,user7344@hopital.sn,password123,agent
Sow,Moussa,user7345@hopital.sn,password123,medecin
Ndiaye,Cheikh,user7346@hopital.sn,password123,medecin
Ndiaye,Abdoulaye,user7347@hopital.sn,password123,agent
Ndiaye,Cheikh,user7348@hopital.sn,password123,agent
Diop,Abdoulaye,user7349@hopital.sn,password123,medecin
Ndiaye,Awa,user7350@hopital.sn,password123,admin
Fall,Mariama,user7351@hopital.sn,password123,agent
Ba,Mariama,user7352@hopital.sn,password123,agent
Diallo,Cheikh,user7353@hopital.sn,password123,agent
Sow,Ibrahima,user7354@hopital.sn,password123,medecin
Gueye,Awa,user7355@hopital.sn,password123,agent
Sy,Awa,user7356@hopital.sn,password123,medecin
Gueye,Mamadou,user7357@hopital.sn,password123,medecin
Fall,Mamadou,user7358@hopital.sn,password123,admin
Diallo,Awa,user7359@hopital.sn,password123,agent
Sarr,Moussa,user7360@hopital.sn,password123,agent
Faye,Awa,user7361@hopital.sn,password123,admin
Fall,Khady,user7362@hopital.sn,password123,agent
Gueye,Aminata,user7363@hopital.sn,password123,agent
Ndiaye,Fatou,user7364@hopital.sn,password123,medecin
Faye,Cheikh,user7365@hopital.sn,password123,agent
Ndiaye,Aminata,user7366@hopital.sn,password123,agent
Sy,Awa,user7367@hopital.sn,password123,agent
Sarr,Fatou,user7368@hopital.sn,password123,medecin
Kane,Cheikh,user7369@hopital.sn,password123,admin
Ndiaye,Abdoulaye,user7370@hopital.sn,password123,agent
Diallo,Ibrahima,user7371@hopital.sn,password123,admin
Diop,Khady,user7372@hopital.sn,password123,admin
Sarr,Cheikh,user7373@hopital.sn,password123,admin
Sy,Cheikh,user7374@hopital.sn,password123,agent
Sarr,Oumar,user7375@hopital.sn,password123,medecin
Fall,Ibrahima,user7376@hopital.sn,password123,agent
Diop,Aminata,user7377@hopital.sn,password123,agent
Diop,Fatou,user7378@hopital.sn,password123,medecin
Fall,Aminata,user7379@hopital.sn,password123,agent
Diop,Mamadou,user7380@hopital.sn,password123,agent
Diallo,Mariama,user7381@hopital.sn,password123,medecin
Diop,Fatou,user7382@hopital.sn,password123,agent
Ndiaye,Moussa,user7383@hopital.sn,password123,admin
Fall,Mariama,user7384@hopital.sn,password123,admin
Diallo,Aminata,user7385@hopital.sn,password123,medecin
Fall,Khady,user7386@hopital.sn,password123,medecin
Kane,Oumar,user7387@hopital.sn,password123,admin
Fall,Khady,user7388@hopital.sn,password123,agent
Sow,Khady,user7389@hopital.sn,password123,agent
Ndiaye,Aminata,user7390@hopital.sn,password123,admin
Faye,Abdoulaye,user7391@hopital.sn,password123,admin
Gueye,Oumar,user7392@hopital.sn,password123,medecin
Sy,Oumar,user7393@hopital.sn,password123,agent
Ndiaye,Awa,user7394@hopital.sn,password123,admin
Sarr,Abdoulaye,user7395@hopital.sn,password123,agent
Sy,Mamadou,user7396@hopital.sn,password123,admin
Gueye,Awa,user7397@hopital.sn,password123,medecin
Diop,Oumar,user7398@hopital.sn,password123,agent
Ndiaye,Mamadou,user7399@hopital.sn,password123,agent
Sow,Aminata,user7400@hopital.sn,password123,agent
Fall,Oumar,user7401@hopital.sn,password123,medecin
Kane,Khady,user7402@hopital.sn,password123,medecin
Gueye,Ousmane,user7403@hopital.sn,password123,medecin
Gueye,Mariama,user7404@hopital.sn,password123,medecin
Ndiaye,Mamadou,user7405@hopital.sn,password123,medecin
Sarr,Mariama,user7406@hopital.sn,password123,medecin
Diallo,Mamadou,user7407@hopital.sn,password123,admin
Ba,Moussa,user7408@hopital.sn,password123,medecin
Gueye,Mariama,user7409@hopital.sn,password123,admin
Fall,Abdoulaye,user7410@hopital.sn,password123,medecin
Ndiaye,Mariama,user7411@hopital.sn,password123,agent
Sarr,Mamadou,user7412@hopital.sn,password123,agent
Diallo,Mamadou,user7413@hopital.sn,password123,admin
Sy,Abdoulaye,user7414@hopital.sn,password123,medecin
Kane,Awa,user7415@hopital.sn,password123,agent
Ba,Moussa,user7416@hopital.sn,password123,medecin
Faye,Aminata,user7417@hopital.sn,password123,admin
Kane,Ibrahima,user7418@hopital.sn,password123,medecin
Fall,Fatou,user7419@hopital.sn,password123,admin
Sy,Awa,user7420@hopital.sn,password123,medecin
Fall,Khady,user7421@hopital.sn,password123,medecin
Ndiaye,Mamadou,user7422@hopital.sn,password123,admin
Fall,Ousmane,user7423@hopital.sn,password123,agent
Ba,Oumar,user7424@hopital.sn,password123,medecin
Sarr,Aminata,user7425@hopital.sn,password123,medecin
Sy,Mamadou,user7426@hopital.sn,password123,medecin
Diallo,Aminata,user7427@hopital.sn,password123,agent
Ba,Mamadou,user7428@hopital.sn,password123,agent
Sow,Aminata,user7429@hopital.sn,password123,admin
Diop,Ousmane,user7430@hopital.sn,password123,agent
Ba,Fatou,user7431@hopital.sn,password123,agent
Ndiaye,Aminata,user7432@hopital.sn,password123,medecin
Faye,Oumar,user7433@hopital.sn,password123,agent
Gueye,Aminata,user7434@hopital.sn,password123,agent
Diallo,Mamadou,user7435@hopital.sn,password123,medecin
Gueye,Moussa,user7436@hopital.sn,password123,medecin
Sow,Aminata,user7437@hopital.sn,password123,admin
Sarr,Ibrahima,user7438@hopital.sn,password123,medecin
Gueye,Awa,user7439@hopital.sn,password123,admin
Sarr,Khady,user7440@hopital.sn,password123,medecin
Gueye,Mariama,user7441@hopital.sn,password123,agent
Kane,Awa,user7442@hopital.sn,password123,admin
Gueye,Cheikh,user7443@hopital.sn,password123,admin
Ndiaye,Abdoulaye,user7444@hopital.sn,password123,medecin
Kane,Mamadou,user7445@hopital.sn,password123,agent
Sow,Moussa,user7446@hopital.sn,password123,medecin
Gueye,Ibrahima,user7447@hopital.sn,password123,agent
Gueye,Fatou,user7448@hopital.sn,password123,agent
Ba,Aminata,user7449@hopital.sn,password123,medecin
Diop,Cheikh,user7450@hopital.sn,password123,medecin
Gueye,Cheikh,user7451@hopital.sn,password123,medecin
Gueye,Oumar,user7452@hopital.sn,password123,agent
Sow,Ibrahima,user7453@hopital.sn,password123,medecin
Diop,Awa,user7454@hopital.sn,password123,admin
Kane,Khady,user7455@hopital.sn,password123,medecin
Fall,Moussa,user7456@hopital.sn,password123,medecin
Sow,Mariama,user7457@hopital.sn,password123,agent
Ba,Fatou,user7458@hopital.sn,password123,agent
Fall,Ousmane,user7459@hopital.sn,password123,agent
Diop,Oumar,user7460@hopital.sn,password123,admin
Ba,Mamadou,user7461@hopital.sn,password123,medecin
Sy,Moussa,user7462@hopital.sn,password123,admin
Sarr,Cheikh,user7463@hopital.sn,password123,medecin
Faye,Mariama,user7464@hopital.sn,password123,agent
Faye,Ibrahima,user7465@hopital.sn,password123,agent
Faye,Awa,user7466@hopital.sn,password123,agent
Gueye,Moussa,user7467@hopital.sn,password123,medecin
Sy,Cheikh,user7468@hopital.sn,password123,admin
Diop,Fatou,user7469@hopital.sn,password123,medecin
Kane,Mariama,user7470@hopital.sn,password123,agent
Gueye,Mariama,user7471@hopital.sn,password123,agent
Diop,Oumar,user7472@hopital.sn,password123,agent
Diallo,Moussa,user7473@hopital.sn,password123,medecin
Kane,Ibrahima,user7474@hopital.sn,password123,admin
Ndiaye,Cheikh,user7475@hopital.sn,password123,medecin
Diallo,Oumar,user7476@hopital.sn,password123,agent
Ba,Cheikh,user7477@hopital.sn,password123,admin
Sow,Aminata,user7478@hopital.sn,password123,agent
Ba,Cheikh,user7479@hopital.sn,password123,agent
Fall,Awa,user7480@hopital.sn,password123,medecin
Sow,Aminata,user7481@hopital.sn,password123,admin
Fall,Aminata,user7482@hopital.sn,password123,medecin
Diallo,Khady,user7483@hopital.sn,password123,admin
Diop,Ousmane,user7484@hopital.sn,password123,medecin
Sow,Abdoulaye,user7485@hopital.sn,password123,admin
Diallo,Khady,user7486@hopital.sn,password123,medecin
Faye,Ousmane,user7487@hopital.sn,password123,medecin
Fall,Ibrahima,user7488@hopital.sn,password123,agent
Sow,Khady,user7489@hopital.sn,password123,agent
Diallo,Fatou,user7490@hopital.sn,password123,admin
Diop,Ibrahima,user7491@hopital.sn,password123,medecin
Sarr,Khady,user7492@hopital.sn,password123,agent
Diop,Mariama,user7493@hopital.sn,password123,admin
Faye,Awa,user7494@hopital.sn,password123,agent
Sarr,Moussa,user7495@hopital.sn,password123,admin
Fall,Fatou,user7496@hopital.sn,password123,medecin
Ba,Aminata,user7497@hopital.sn,password123,medecin
Diallo,Aminata,user7498@hopital.sn,password123,medecin
Sarr,Abdoulaye,user7499@hopital.sn,password123,admin
Faye,Ibrahima,user7500@hopital.sn,password123,admin
Sy,Ousmane,user7501@hopital.sn,password123,agent
Gueye,Abdoulaye,user7502@hopital.sn,password123,medecin
Gueye,Oumar,user7503@hopital.sn,password123,medecin
Diop,Awa,user7504@hopital.sn,password123,medecin
Sow,Mariama,user7505@hopital.sn,password123,agent
Diop,Aminata,user7506@hopital.sn,password123,agent
Sy,Mamadou,user7507@hopital.sn,password123,admin
Sy,Abdoulaye,user7508@hopital.sn,password123,medecin
Sarr,Ousmane,user7509@hopital.sn,password123,medecin
Kane,Mamadou,user7510@hopital.sn,password123,admin
Diallo,Fatou,user7511@hopital.sn,password123,admin
Fall,Mamadou,user7512@hopital.sn,password123,agent
Gueye,Ousmane,user7513@hopital.sn,password123,agent
Faye,Abdoulaye,user7514@hopital.sn,password123,admin
Sow,Oumar,user7515@hopital.sn,password123,admin
Sarr,Khady,user7516@hopital.sn,password123,admin
Diallo,Ousmane,user7517@hopital.sn,password123,agent
Sy,Awa,user7518@hopital.sn,password123,medecin
Sy,Aminata,user7519@hopital.sn,password123,admin
Sy,Mamadou,user7520@hopital.sn,password123,medecin
Sarr,Mamadou,user7521@hopital.sn,password123,agent
Kane,Abdoulaye,user7522@hopital.sn,password123,medecin
Ndiaye,Cheikh,user7523@hopital.sn,password123,agent
Ba,Khady,user7524@hopital.sn,password123,medecin
Gueye,Ousmane,user7525@hopital.sn,password123,agent
Faye,Oumar,user7526@hopital.sn,password123,medecin
Ndiaye,Ousmane,user7527@hopital.sn,password123,admin
Fall,Awa,user7528@hopital.sn,password123,admin
Gueye,Ousmane,user7529@hopital.sn,password123,agent
Diop,Mamadou,user7530@hopital.sn,password123,admin
Sy,Fatou,user7531@hopital.sn,password123,medecin
Ndiaye,Ousmane,user7532@hopital.sn,password123,agent
Sarr,Ousmane,user7533@hopital.sn,password123,medecin
Ndiaye,Khady,user7534@hopital.sn,password123,medecin
Diallo,Moussa,user7535@hopital.sn,password123,admin
Sow,Ibrahima,user7536@hopital.sn,password123,admin
Sow,Awa,user7537@hopital.sn,password123,medecin
Sow,Oumar,user7538@hopital.sn,password123,agent
Ba,Aminata,user7539@hopital.sn,password123,admin
Gueye,Cheikh,user7540@hopital.sn,password123,admin
Ba,Cheikh,user7541@hopital.sn,password123,medecin
Sow,Awa,user7542@hopital.sn,password123,agent
Faye,Awa,user7543@hopital.sn,password123,medecin
Diallo,Fatou,user7544@hopital.sn,password123,agent
Fall,Fatou,user7545@hopital.sn,password123,agent
Faye,Cheikh,user7546@hopital.sn,password123,medecin
Kane,Mamadou,user7547@hopital.sn,password123,admin
Ndiaye,Mamadou,user7548@hopital.sn,password123,medecin
Faye,Cheikh,user7549@hopital.sn,password123,admin
Gueye,Oumar,user7550@hopital.sn,password123,admin
Sarr,Abdoulaye,user7551@hopital.sn,password123,medecin
Fall,Fatou,user7552@hopital.sn,password123,admin
Diallo,Khady,user7553@hopital.sn,password123,admin
Ndiaye,Moussa,user7554@hopital.sn,password123,admin
Ba,Mamadou,user7555@hopital.sn,password123,medecin
Fall,Fatou,user7556@hopital.sn,password123,medecin
Faye,Ibrahima,user7557@hopital.sn,password123,medecin
Sy,Mariama,user7558@hopital.sn,password123,admin
Faye,Mariama,user7559@hopital.sn,password123,agent
Faye,Ibrahima,user7560@hopital.sn,password123,admin
Sarr,Khady,user7561@hopital.sn,password123,medecin
Gueye,Ibrahima,user7562@hopital.sn,password123,admin
Sarr,Aminata,user7563@hopital.sn,password123,admin
Sow,Fatou,user7564@hopital.sn,password123,admin
Kane,Khady,user7565@hopital.sn,password123,admin
Ba,Khady,user7566@hopital.sn,password123,admin
Sow,Mamadou,user7567@hopital.sn,password123,medecin
Ba,Moussa,user7568@hopital.sn,password123,agent
Fall,Aminata,user7569@hopital.sn,password123,agent
Ndiaye,Mariama,user7570@hopital.sn,password123,medecin
Fall,Ousmane,user7571@hopital.sn,password123,agent
Sow,Khady,user7572@hopital.sn,password123,medecin
Gueye,Mariama,user7573@hopital.sn,password123,admin
Sow,Abdoulaye,user7574@hopital.sn,password123,admin
Faye,Ousmane,user7575@hopital.sn,password123,admin
Sarr,Ousmane,user7576@hopital.sn,password123,admin
Kane,Khady,user7577@hopital.sn,password123,medecin
Fall,Moussa,user7578@hopital.sn,password123,medecin
Sarr,Abdoulaye,user7579@hopital.sn,password123,medecin
Gueye,Khady,user7580@hopital.sn,password123,admin
Gueye,Mariama,user7581@hopital.sn,password123,admin
Ndiaye,Aminata,user7582@hopital.sn,password123,agent
Fall,Awa,user7583@hopital.sn,password123,agent
Faye,Mamadou,user7584@hopital.sn,password123,admin
Sarr,Mariama,user7585@hopital.sn,password123,medecin
Kane,Abdoulaye,user7586@hopital.sn,password123,agent
Fall,Aminata,user7587@hopital.sn,password123,admin
Fall,Abdoulaye,user7588@hopital.sn,password123,admin
Sarr,Oumar,user7589@hopital.sn,password123,admin
Ndiaye,Abdoulaye,user7590@hopital.sn,password123,agent
Sy,Fatou,user7591@hopital.sn,password123,admin
Sow,Mariama,user7592@hopital.sn,password123,admin
Kane,Mariama,user7593@hopital.sn,password123,medecin
Ndiaye,Awa,user7594@hopital.sn,password123,agent
Sy,Ibrahima,user7595@hopital.sn,password123,agent
Gueye,Mariama,user7596@hopital.sn,password123,agent
Gueye,Mariama,user7597@hopital.sn,password123,agent
Ba,Moussa,user7598@hopital.sn,password123,admin
Fall,Abdoulaye,user7599@hopital.sn,password123,admin
Sow,Abdoulaye,user7600@hopital.sn,password123,admin
Kane,Cheikh,user7601@hopital.sn,password123,admin
Fall,Ousmane,user7602@hopital.sn,password123,agent
Sy,Fatou,user7603@hopital.sn,password123,admin
Fall,Mamadou,user7604@hopital.sn,password123,agent
Faye,Ousmane,user7605@hopital.sn,password123,agent
Fall,Abdoulaye,user7606@hopital.sn,password123,agent
Gueye,Ibrahima,user7607@hopital.sn,password123,admin
Sow,Moussa,user7608@hopital.sn,password123,agent
Diallo,Moussa,user7609@hopital.sn,password123,medecin
Gueye,Abdoulaye,user7610@hopital.sn,password123,medecin
Sarr,Abdoulaye,user7611@hopital.sn,password123,agent
Fall,Aminata,user7612@hopital.sn,password123,agent
Sy,Mamadou,user7613@hopital.sn,password123,medecin
Kane,Fatou,user7614@hopital.sn,password123,agent
Kane,Awa,user7615@hopital.sn,password123,admin
Kane,Awa,user7616@hopital.sn,password123,medecin
Sow,Ousmane,user7617@hopital.sn,password123,agent
Gueye,Moussa,user7618@hopital.sn,password123,medecin
Faye,Moussa,user7619@hopital.sn,password123,agent
Kane,Mariama,user7620@hopital.sn,password123,medecin
Diop,Ibrahima,user7621@hopital.sn,password123,medecin
Ba,Cheikh,user7622@hopital.sn,password123,admin
Ndiaye,Abdoulaye,user7623@hopital.sn,password123,agent
Faye,Ibrahima,user7624@hopital.sn,password123,medecin
Fall,Khady,user7625@hopital.sn,password123,agent
Ba,Awa,user7626@hopital.sn,password123,medecin
Sarr,Ibrahima,user7627@hopital.sn,password123,agent
Diop,Khady,user7628@hopital.sn,password123,admin
Sow,Oumar,user7629@hopital.sn,password123,agent
Gueye,Mariama,user7630@hopital.sn,password123,medecin
Fall,Awa,user7631@hopital.sn,password123,admin
Diallo,Mamadou,user7632@hopital.sn,password123,admin
Diallo,Ibrahima,user7633@hopital.sn,password123,agent
Sarr,Aminata,user7634@hopital.sn,password123,admin
Diop,Ibrahima,user7635@hopital.sn,password123,medecin
Diop,Mamadou,user7636@hopital.sn,password123,medecin
Diallo,Mamadou,user7637@hopital.sn,password123,agent
Gueye,Mamadou,user7638@hopital.sn,password123,medecin
Sy,Ibrahima,user7639@hopital.sn,password123,medecin
Diallo,Awa,user7640@hopital.sn,password123,medecin
Sy,Awa,user7641@hopital.sn,password123,medecin
Gueye,Fatou,user7642@hopital.sn,password123,agent
Kane,Mariama,user7643@hopital.sn,password123,medecin
Ba,Mariama,user7644@hopital.sn,password123,medecin
Sy,Khady,user7645@hopital.sn,password123,agent
Kane,Ibrahima,user7646@hopital.sn,password123,medecin
Sy,Oumar,user7647@hopital.sn,password123,admin
Faye,Ibrahima,user7648@hopital.sn,password123,medecin
Ba,Aminata,user7649@hopital.sn,password123,agent
Ba,Fatou,user7650@hopital.sn,password123,admin
Sarr,Fatou,user7651@hopital.sn,password123,medecin
Fall,Cheikh,user7652@hopital.sn,password123,agent
Sow,Cheikh,user7653@hopital.sn,password123,agent
Sow,Awa,user7654@hopital.sn,password123,admin
Faye,Awa,user7655@hopital.sn,password123,medecin
Gueye,Mamadou,user7656@hopital.sn,password123,admin
Sow,Fatou,user7657@hopital.sn,password123,agent
Sarr,Moussa,user7658@hopital.sn,password123,admin
Gueye,Ousmane,user7659@hopital.sn,password123,admin
Sow,Mariama,user7660@hopital.sn,password123,agent
Ndiaye,Khady,user7661@hopital.sn,password123,admin
Fall,Moussa,user7662@hopital.sn,password123,admin
Gueye,Ousmane,user7663@hopital.sn,password123,medecin
Ndiaye,Cheikh,user7664@hopital.sn,password123,medecin
Gueye,Aminata,user7665@hopital.sn,password123,medecin
Sy,Khady,user7666@hopital.sn,password123,medecin
Ba,Fatou,user7667@hopital.sn,password123,agent
Gueye,Aminata,user7668@hopital.sn,password123,agent
Sarr,Ibrahima,user7669@hopital.sn,password123,admin
Kane,Fatou,user7670@hopital.sn,password123,medecin
Sarr,Ibrahima,user7671@hopital.sn,password123,admin
Ba,Mamadou,user7672@hopital.sn,password123,admin
Sarr,Mariama,user7673@hopital.sn,password123,medecin
Diop,Awa,user7674@hopital.sn,password123,medecin
Sow,Ibrahima,user7675@hopital.sn,password123,admin
Sy,Abdoulaye,user7676@hopital.sn,password123,admin
Gueye,Awa,user7677@hopital.sn,password123,agent
Faye,Abdoulaye,user7678@hopital.sn,password123,admin
Ba,Fatou,user7679@hopital.sn,password123,agent
Faye,Ousmane,user7680@hopital.sn,password123,medecin
Ndiaye,Aminata,user7681@hopital.sn,password123,admin
Gueye,Aminata,user7682@hopital.sn,password123,agent
Kane,Khady,user7683@hopital.sn,password123,admin
Sy,Abdoulaye,user7684@hopital.sn,password123,agent
Kane,Ibrahima,user7685@hopital.sn,password123,agent
Diop,Fatou,user7686@hopital.sn,password123,medecin
Faye,Mamadou,user7687@hopital.sn,password123,agent
Diop,Cheikh,user7688@hopital.sn,password123,medecin
Sarr,Oumar,user7689@hopital.sn,password123,medecin
Ndiaye,Aminata,user7690@hopital.sn,password123,medecin
Gueye,Mariama,user7691@hopital.sn,password123,medecin
Sarr,Awa,user7692@hopital.sn,password123,agent
Kane,Ibrahima,user7693@hopital.sn,password123,medecin
Sy,Oumar,user7694@hopital.sn,password123,admin
Diop,Ousmane,user7695@hopital.sn,password123,medecin
Diallo,Abdoulaye,user7696@hopital.sn,password123,agent
Gueye,Aminata,user7697@hopital.sn,password123,medecin
Ba,Oumar,user7698@hopital.sn,password123,medecin
Sow,Oumar,user7699@hopital.sn,password123,agent
Kane,Aminata,user7700@hopital.sn,password123,medecin
Sy,Khady,user7701@hopital.sn,password123,medecin
Diop,Ousmane,user7702@hopital.sn,password123,agent
Gueye,Mamadou,user7703@hopital.sn,password123,admin
Sy,Abdoulaye,user7704@hopital.sn,password123,agent
Diop,Oumar,user7705@hopital.sn,password123,agent
Sy,Ibrahima,user7706@hopital.sn,password123,admin
Kane,Fatou,user7707@hopital.sn,password123,admin
Sy,Khady,user7708@hopital.sn,password123,agent
Sy,Ousmane,user7709@hopital.sn,password123,admin
Gueye,Moussa,user7710@hopital.sn,password123,agent
Sow,Awa,user7711@hopital.sn,password123,agent
Diallo,Khady,user7712@hopital.sn,password123,medecin
Ndiaye,Aminata,user7713@hopital.sn,password123,agent
Faye,Aminata,user7714@hopital.sn,password123,medecin
Faye,Awa,user7715@hopital.sn,password123,admin
Gueye,Ousmane,user7716@hopital.sn,password123,agent
Kane,Abdoulaye,user7717@hopital.sn,password123,agent
Sow,Cheikh,user7718@hopital.sn,password123,admin
Diallo,Moussa,user7719@hopital.sn,password123,medecin
Sy,Moussa,user7720@hopital.sn,password123,admin
Sy,Khady,user7721@hopital.sn,password123,admin
Diallo,Cheikh,user7722@hopital.sn,password123,agent
Diallo,Ibrahima,user7723@hopital.sn,password123,medecin
Sow,Ousmane,user7724@hopital.sn,password123,admin
Gueye,Oumar,user7725@hopital.sn,password123,medecin
Fall,Awa,user7726@hopital.sn,password123,admin
Sy,Ousmane,user7727@hopital.sn,password123,admin
Ba,Mamadou,user7728@hopital.sn,password123,medecin
Ndiaye,Ibrahima,user7729@hopital.sn,password123,medecin
Kane,Fatou,user7730@hopital.sn,password123,agent
Sarr,Cheikh,user7731@hopital.sn,password123,medecin
Sarr,Aminata,user7732@hopital.sn,password123,medecin
Kane,Khady,user7733@hopital.sn,password123,admin
Sow,Ibrahima,user7734@hopital.sn,password123,medecin
Ndiaye,Mariama,user7735@hopital.sn,password123,admin
Gueye,Khady,user7736@hopital.sn,password123,agent
Kane,Mamadou,user7737@hopital.sn,password123,medecin
Sy,Aminata,user7738@hopital.sn,password123,admin
Faye,Cheikh,user7739@hopital.sn,password123,agent
Kane,Mamadou,user7740@hopital.sn,password123,agent
Sarr,Fatou,user7741@hopital.sn,password123,admin
Sy,Moussa,user7742@hopital.sn,password123,medecin
Sow,Mamadou,user7743@hopital.sn,password123,agent
Sy,Oumar,user7744@hopital.sn,password123,medecin
Ndiaye,Oumar,user7745@hopital.sn,password123,agent
Sarr,Moussa,user7746@hopital.sn,password123,medecin
Ba,Khady,user7747@hopital.sn,password123,medecin
Gueye,Oumar,user7748@hopital.sn,password123,admin
Kane,Ibrahima,user7749@hopital.sn,password123,medecin
Diallo,Awa,user7750@hopital.sn,password123,agent
Sarr,Oumar,user7751@hopital.sn,password123,admin
Sy,Cheikh,user7752@hopital.sn,password123,agent
Faye,Oumar,user7753@hopital.sn,password123,agent
Faye,Mariama,user7754@hopital.sn,password123,admin
Sow,Ousmane,user7755@hopital.sn,password123,medecin
Diop,Moussa,user7756@hopital.sn,password123,admin
Sy,Khady,user7757@hopital.sn,password123,admin
Kane,Oumar,user7758@hopital.sn,password123,medecin
Diallo,Abdoulaye,user7759@hopital.sn,password123,medecin
Ndiaye,Moussa,user7760@hopital.sn,password123,admin
Ndiaye,Moussa,user7761@hopital.sn,password123,admin
Kane,Aminata,user7762@hopital.sn,password123,admin
Sarr,Abdoulaye,user7763@hopital.sn,password123,admin
Diallo,Mariama,user7764@hopital.sn,password123,agent
Fall,Aminata,user7765@hopital.sn,password123,agent
Ndiaye,Ibrahima,user7766@hopital.sn,password123,admin
Sarr,Mariama,user7767@hopital.sn,password123,medecin
Sow,Aminata,user7768@hopital.sn,password123,admin
Kane,Ousmane,user7769@hopital.sn,password123,admin
Fall,Aminata,user7770@hopital.sn,password123,admin
Diallo,Awa,user7771@hopital.sn,password123,admin
Sow,Mariama,user7772@hopital.sn,password123,admin
Sow,Mamadou,user7773@hopital.sn,password123,admin
Ba,Ousmane,user7774@hopital.sn,password123,medecin
Diallo,Khady,user7775@hopital.sn,password123,admin
Ndiaye,Awa,user7776@hopital.sn,password123,medecin
Gueye,Fatou,user7777@hopital.sn,password123,medecin
Diop,Ibrahima,user7778@hopital.sn,password123,medecin
Kane,Abdoulaye,user7779@hopital.sn,password123,medecin
Kane,Oumar,user7780@hopital.sn,password123,agent
Ndiaye,Ousmane,user7781@hopital.sn,password123,agent
Sy,Awa,user7782@hopital.sn,password123,medecin
Sy,Mariama,user7783@hopital.sn,password123,admin
Sarr,Oumar,user7784@hopital.sn,password123,medecin
Fall,Oumar,user7785@hopital.sn,password123,agent
Faye,Ibrahima,user7786@hopital.sn,password123,medecin
Sy,Mamadou,user7787@hopital.sn,password123,medecin
Diop,Ousmane,user7788@hopital.sn,password123,medecin
Kane,Cheikh,user7789@hopital.sn,password123,admin
Fall,Mamadou,user7790@hopital.sn,password123,admin
Fall,Aminata,user7791@hopital.sn,password123,admin
Gueye,Mamadou,user7792@hopital.sn,password123,medecin
Diop,Aminata,user7793@hopital.sn,password123,medecin
Sarr,Aminata,user7794@hopital.sn,password123,admin
Diop,Abdoulaye,user7795@hopital.sn,password123,medecin
Diallo,Cheikh,user7796@hopital.sn,password123,admin
Ba,Mamadou,user7797@hopital.sn,password123,admin
Diallo,Aminata,user7798@hopital.sn,password123,medecin
Gueye,Mamadou,user7799@hopital.sn,password123,agent
Faye,Ibrahima,user7800@hopital.sn,password123,agent
Sarr,Ibrahima,user7801@hopital.sn,password123,medecin
Sarr,Cheikh,user7802@hopital.sn,password123,agent
Sy,Awa,user7803@hopital.sn,password123,medecin
Gueye,Moussa,user7804@hopital.sn,password123,admin
Diallo,Oumar,user7805@hopital.sn,password123,medecin
Ndiaye,Khady,user7806@hopital.sn,password123,admin
Ndiaye,Abdoulaye,user7807@hopital.sn,password123,medecin
Fall,Fatou,user7808@hopital.sn,password123,admin
Sarr,Ibrahima,user7809@hopital.sn,password123,agent
Fall,Awa,user7810@hopital.sn,password123,admin
Sy,Ibrahima,user7811@hopital.sn,password123,admin
Ndiaye,Moussa,user7812@hopital.sn,password123,agent
Kane,Mariama,user7813@hopital.sn,password123,admin
Diallo,Ousmane,user7814@hopital.sn,password123,agent
Diallo,Abdoulaye,user7815@hopital.sn,password123,agent
Fall,Abdoulaye,user7816@hopital.sn,password123,medecin
Sow,Ousmane,user7817@hopital.sn,password123,admin
Kane,Oumar,user7818@hopital.sn,password123,admin
Fall,Oumar,user7819@hopital.sn,password123,agent
Diop,Cheikh,user7820@hopital.sn,password123,admin
Diallo,Awa,user7821@hopital.sn,password123,agent
Ndiaye,Moussa,user7822@hopital.sn,password123,admin
Sy,Ibrahima,user7823@hopital.sn,password123,admin
Sy,Awa,user7824@hopital.sn,password123,admin
Ndiaye,Mamadou,user7825@hopital.sn,password123,medecin
Kane,Khady,user7826@hopital.sn,password123,agent
Kane,Oumar,user7827@hopital.sn,password123,agent
Sow,Ousmane,user7828@hopital.sn,password123,admin
Gueye,Mariama,user7829@hopital.sn,password123,medecin
Gueye,Khady,user7830@hopital.sn,password123,admin
Diop,Mamadou,user7831@hopital.sn,password123,medecin
Ba,Khady,user7832@hopital.sn,password123,medecin
Diallo,Mamadou,user7833@hopital.sn,password123,admin
Ndiaye,Fatou,user7834@hopital.sn,password123,medecin
Diop,Awa,user7835@hopital.sn,password123,agent
Kane,Oumar,user7836@hopital.sn,password123,agent
Sow,Fatou,user7837@hopital.sn,password123,admin
Ba,Ousmane,user7838@hopital.sn,password123,agent
Gueye,Fatou,user7839@hopital.sn,password123,medecin
Sow,Abdoulaye,user7840@hopital.sn,password123,agent
Gueye,Khady,user7841@hopital.sn,password123,admin
Kane,Khady,user7842@hopital.sn,password123,medecin
Gueye,Mamadou,user7843@hopital.sn,password123,admin
Diop,Khady,user7844@hopital.sn,password123,agent
Sow,Abdoulaye,user7845@hopital.sn,password123,agent
Ba,Moussa,user7846@hopital.sn,password123,admin
Sarr,Moussa,user7847@hopital.sn,password123,agent
Fall,Ibrahima,user7848@hopital.sn,password123,admin
Ndiaye,Aminata,user7849@hopital.sn,password123,agent
Kane,Mariama,user7850@hopital.sn,password123,admin
Sow,Abdoulaye,user7851@hopital.sn,password123,medecin
Sy,Cheikh,user7852@hopital.sn,password123,admin
Gueye,Awa,user7853@hopital.sn,password123,agent
Diallo,Oumar,user7854@hopital.sn,password123,medecin
Gueye,Ibrahima,user7855@hopital.sn,password123,agent
Ndiaye,Fatou,user7856@hopital.sn,password123,medecin
Kane,Ibrahima,user7857@hopital.sn,password123,medecin
Sarr,Khady,user7858@hopital.sn,password123,medecin
Ba,Khady,user7859@hopital.sn,password123,agent
Gueye,Awa,user7860@hopital.sn,password123,agent
Diallo,Khady,user7861@hopital.sn,password123,admin
Ba,Khady,user7862@hopital.sn,password123,agent
Sy,Abdoulaye,user7863@hopital.sn,password123,agent
Gueye,Aminata,user7864@hopital.sn,password123,agent
Ba,Khady,user7865@hopital.sn,password123,agent
Ba,Ibrahima,user7866@hopital.sn,password123,agent
Ba,Abdoulaye,user7867@hopital.sn,password123,agent
Gueye,Mariama,user7868@hopital.sn,password123,agent
Gueye,Oumar,user7869@hopital.sn,password123,medecin
Sarr,Fatou,user7870@hopital.sn,password123,agent
Diallo,Moussa,user7871@hopital.sn,password123,medecin
Diallo,Moussa,user7872@hopital.sn,password123,agent
Sy,Cheikh,user7873@hopital.sn,password123,admin
Diop,Ousmane,user7874@hopital.sn,password123,agent
Faye,Abdoulaye,user7875@hopital.sn,password123,agent
Sy,Awa,user7876@hopital.sn,password123,agent
Diop,Moussa,user7877@hopital.sn,password123,medecin
Fall,Mamadou,user7878@hopital.sn,password123,medecin
Kane,Mamadou,user7879@hopital.sn,password123,medecin
Diallo,Oumar,user7880@hopital.sn,password123,admin
Diallo,Mamadou,user7881@hopital.sn,password123,medecin
Faye,Oumar,user7882@hopital.sn,password123,admin
Kane,Fatou,user7883@hopital.sn,password123,agent
Faye,Mariama,user7884@hopital.sn,password123,agent
Diallo,Khady,user7885@hopital.sn,password123,agent
Gueye,Mamadou,user7886@hopital.sn,password123,admin
Faye,Abdoulaye,user7887@hopital.sn,password123,medecin
Kane,Aminata,user7888@hopital.sn,password123,medecin
Faye,Mamadou,user7889@hopital.sn,password123,medecin
Ndiaye,Ousmane,user7890@hopital.sn,password123,medecin
Fall,Awa,user7891@hopital.sn,password123,agent
Kane,Cheikh,user7892@hopital.sn,password123,admin
Gueye,Cheikh,user7893@hopital.sn,password123,agent
Diop,Mamadou,user7894@hopital.sn,password123,medecin
Faye,Khady,user7895@hopital.sn,password123,admin
Ba,Abdoulaye,user7896@hopital.sn,password123,medecin
Gueye,Khady,user7897@hopital.sn,password123,agent
Sarr,Ousmane,user7898@hopital.sn,password123,agent
Sarr,Mamadou,user7899@hopital.sn,password123,medecin
Faye,Fatou,user7900@hopital.sn,password123,agent
Diop,Mamadou,user7901@hopital.sn,password123,medecin
Ndiaye,Mamadou,user7902@hopital.sn,password123,admin
Diallo,Khady,user7903@hopital.sn,password123,medecin
Diop,Khady,user7904@hopital.sn,password123,medecin
Kane,Fatou,user7905@hopital.sn,password123,medecin
Gueye,Khady,user7906@hopital.sn,password123,medecin
Faye,Khady,user7907@hopital.sn,password123,medecin
Gueye,Mamadou,user7908@hopital.sn,password123,medecin
Ndiaye,Ousmane,user7909@hopital.sn,password123,agent
Diallo,Aminata,user7910@hopital.sn,password123,agent
Sy,Fatou,user7911@hopital.sn,password123,admin
Faye,Khady,user7912@hopital.sn,password123,agent
Faye,Ibrahima,user7913@hopital.sn,password123,medecin
Sarr,Awa,user7914@hopital.sn,password123,medecin
Ndiaye,Aminata,user7915@hopital.sn,password123,medecin
Gueye,Awa,user7916@hopital.sn,password123,medecin
Kane,Mamadou,user7917@hopital.sn,password123,admin
Sarr,Mamadou,user7918@hopital.sn,password123,medecin
Ndiaye,Aminata,user7919@hopital.sn,password123,medecin
Fall,Awa,user7920@hopital.sn,password123,medecin
Ndiaye,Cheikh,user7921@hopital.sn,password123,admin
Sy,Mamadou,user7922@hopital.sn,password123,medecin
Faye,Fatou,user7923@hopital.sn,password123,medecin
Sarr,Awa,user7924@hopital.sn,password123,admin
Faye,Abdoulaye,user7925@hopital.sn,password123,agent
Sy,Ousmane,user7926@hopital.sn,password123,agent
Diop,Ousmane,user7927@hopital.sn,password123,admin
Sow,Ibrahima,user7928@hopital.sn,password123,medecin
Faye,Moussa,user7929@hopital.sn,password123,agent
Ndiaye,Cheikh,user7930@hopital.sn,password123,agent
Sarr,Mamadou,user7931@hopital.sn,password123,medecin
Gueye,Mariama,user7932@hopital.sn,password123,medecin
Gueye,Mariama,user7933@hopital.sn,password123,agent
Gueye,Oumar,user7934@hopital.sn,password123,medecin
Faye,Awa,user7935@hopital.sn,password123,medecin
Faye,Aminata,user7936@hopital.sn,password123,medecin
Faye,Ousmane,user7937@hopital.sn,password123,medecin
Faye,Cheikh,user7938@hopital.sn,password123,agent
Ba,Awa,user7939@hopital.sn,password123,agent
Gueye,Awa,user7940@hopital.sn,password123,admin
Fall,Mariama,user7941@hopital.sn,password123,admin
Diop,Mariama,user7942@hopital.sn,password123,medecin
Sarr,Aminata,user7943@hopital.sn,password123,medecin
Diop,Ousmane,user7944@hopital.sn,password123,agent
Sow,Mamadou,user7945@hopital.sn,password123,agent
Ba,Moussa,user7946@hopital.sn,password123,admin
Fall,Mariama,user7947@hopital.sn,password123,admin
Diallo,Awa,user7948@hopital.sn,password123,medecin
Sow,Fatou,user7949@hopital.sn,password123,medecin
Faye,Mamadou,user7950@hopital.sn,password123,admin
Diallo,Aminata,user7951@hopital.sn,password123,medecin
Fall,Mamadou,user7952@hopital.sn,password123,admin
Ba,Cheikh,user7953@hopital.sn,password123,medecin
Kane,Khady,user7954@hopital.sn,password123,medecin
Sow,Ousmane,user7955@hopital.sn,password123,medecin
Ndiaye,Awa,user7956@hopital.sn,password123,agent
Diallo,Mariama,user7957@hopital.sn,password123,medecin
Ba,Ousmane,user7958@hopital.sn,password123,medecin
Ba,Ousmane,user7959@hopital.sn,password123,admin
Sow,Mariama,user7960@hopital.sn,password123,medecin
Ba,Mamadou,user7961@hopital.sn,password123,admin
Ba,Abdoulaye,user7962@hopital.sn,password123,agent
Kane,Oumar,user7963@hopital.sn,password123,agent
Sarr,Ibrahima,user7964@hopital.sn,password123,admin
Faye,Oumar,user7965@hopital.sn,password123,medecin
Faye,Ousmane,user7966@hopital.sn,password123,medecin
Gueye,Awa,user7967@hopital.sn,password123,medecin
Sy,Oumar,user7968@hopital.sn,password123,medecin
Sy,Moussa,user7969@hopital.sn,password123,medecin
Sarr,Ibrahima,user7970@hopital.sn,password123,agent
Sow,Ibrahima,user7971@hopital.sn,password123,agent
Diallo,Mariama,user7972@hopital.sn,password123,medecin
Sy,Ousmane,user7973@hopital.sn,password123,agent
Diallo,Ousmane,user7974@hopital.sn,password123,agent
Fall,Mamadou,user7975@hopital.sn,password123,admin
Kane,Ibrahima,user7976@hopital.sn,password123,agent
Kane,Khady,user7977@hopital.sn,password123,admin
Kane,Khady,user7978@hopital.sn,password123,medecin
Ndiaye,Moussa,user7979@hopital.sn,password123,admin
Ba,Mariama,user7980@hopital.sn,password123,agent
Sy,Awa,user7981@hopital.sn,password123,agent
Gueye,Mariama,user7982@hopital.sn,password123,medecin
Faye,Mariama,user7983@hopital.sn,password123,medecin
Diop,Abdoulaye,user7984@hopital.sn,password123,agent
Sarr,Oumar,user7985@hopital.sn,password123,agent
Sy,Moussa,user7986@hopital.sn,password123,agent
Fall,Mariama,user7987@hopital.sn,password123,admin
Fall,Fatou,user7988@hopital.sn,password123,admin
Kane,Oumar,user7989@hopital.sn,password123,admin
Faye,Ousmane,user7990@hopital.sn,password123,admin
Sarr,Mamadou,user7991@hopital.sn,password123,agent
Kane,Ousmane,user7992@hopital.sn,password123,medecin
Sow,Awa,user7993@hopital.sn,password123,medecin
Fall,Mariama,user7994@hopital.sn,password123,agent
Ba,Cheikh,user7995@hopital.sn,password123,agent
Sy,Abdoulaye,user7996@hopital.sn,password123,medecin
Sarr,Cheikh,user7997@hopital.sn,password123,medecin
Ndiaye,Mariama,user7998@hopital.sn,password123,medecin
Gueye,Aminata,user7999@hopital.sn,password123,agent
Diop,Abdoulaye,user8000@hopital.sn,password123,agent
Diop,Mariama,user8001@hopital.sn,password123,admin
Ndiaye,Abdoulaye,user8002@hopital.sn,password123,admin
Kane,Ibrahima,user8003@hopital.sn,password123,admin
Gueye,Cheikh,user8004@hopital.sn,password123,agent
Sow,Awa,user8005@hopital.sn,password123,admin
Fall,Abdoulaye,user8006@hopital.sn,password123,medecin
Kane,Mamadou,user8007@hopital.sn,password123,medecin
Kane,Aminata,user8008@hopital.sn,password123,medecin
Sarr,Aminata,user8009@hopital.sn,password123,admin
Faye,Oumar,user8010@hopital.sn,password123,medecin
Diallo,Mamadou,user8011@hopital.sn,password123,medecin
Kane,Cheikh,user8012@hopital.sn,password123,admin
Ndiaye,Cheikh,user8013@hopital.sn,password123,medecin
Ndiaye,Cheikh,user8014@hopital.sn,password123,medecin
Kane,Mariama,user8015@hopital.sn,password123,admin
Ndiaye,Ibrahima,user8016@hopital.sn,password123,medecin
Diop,Cheikh,user8017@hopital.sn,password123,admin
Diop,Aminata,user8018@hopital.sn,password123,admin
Sarr,Khady,user8019@hopital.sn,password123,medecin
Sy,Ousmane,user8020@hopital.sn,password123,medecin
Ba,Mariama,user8021@hopital.sn,password123,admin
Sow,Fatou,user8022@hopital.sn,password123,medecin
Diop,Khady,user8023@hopital.sn,password123,admin
Ndiaye,Cheikh,user8024@hopital.sn,password123,agent
Sow,Fatou,user8025@hopital.sn,password123,medecin
Diop,Khady,user8026@hopital.sn,password123,admin
Faye,Aminata,user8027@hopital.sn,password123,agent
Sow,Mariama,user8028@hopital.sn,password123,admin
Ndiaye,Aminata,user8029@hopital.sn,password123,medecin
Gueye,Ibrahima,user8030@hopital.sn,password123,agent
Ndiaye,Moussa,user8031@hopital.sn,password123,agent
Fall,Oumar,user8032@hopital.sn,password123,medecin
Diop,Fatou,user8033@hopital.sn,password123,agent
Diop,Mariama,user8034@hopital.sn,password123,medecin
Gueye,Khady,user8035@hopital.sn,password123,admin
Kane,Cheikh,user8036@hopital.sn,password123,admin
Sow,Moussa,user8037@hopital.sn,password123,medecin
Faye,Mamadou,user8038@hopital.sn,password123,agent
Sow,Oumar,user8039@hopital.sn,password123,admin
Sow,Ibrahima,user8040@hopital.sn,password123,agent
Diallo,Mamadou,user8041@hopital.sn,password123,medecin
Ba,Mariama,user8042@hopital.sn,password123,admin
Gueye,Ousmane,user8043@hopital.sn,password123,agent
Diallo,Abdoulaye,user8044@hopital.sn,password123,admin
Sarr,Cheikh,user8045@hopital.sn,password123,admin
Gueye,Aminata,user8046@hopital.sn,password123,medecin
Fall,Ibrahima,user8047@hopital.sn,password123,agent
Sarr,Ousmane,user8048@hopital.sn,password123,agent
Fall,Awa,user8049@hopital.sn,password123,medecin
Sy,Khady,user8050@hopital.sn,password123,admin
Kane,Cheikh,user8051@hopital.sn,password123,admin
Sarr,Awa,user8052@hopital.sn,password123,admin
Ba,Fatou,user8053@hopital.sn,password123,medecin
Kane,Oumar,user8054@hopital.sn,password123,medecin
Kane,Mariama,user8055@hopital.sn,password123,admin
Gueye,Awa,user8056@hopital.sn,password123,agent
Ndiaye,Mamadou,user8057@hopital.sn,password123,admin
Ba,Mamadou,user8058@hopital.sn,password123,medecin
Ndiaye,Cheikh,user8059@hopital.sn,password123,medecin
Ndiaye,Moussa,user8060@hopital.sn,password123,admin
Sow,Abdoulaye,user8061@hopital.sn,password123,admin
Sow,Mariama,user8062@hopital.sn,password123,medecin
Gueye,Khady,user8063@hopital.sn,password123,admin
Gueye,Fatou,user8064@hopital.sn,password123,medecin
Ba,Ousmane,user8065@hopital.sn,password123,medecin
Gueye,Fatou,user8066@hopital.sn,password123,agent
Diop,Ousmane,user8067@hopital.sn,password123,admin
Sow,Abdoulaye,user8068@hopital.sn,password123,medecin
Fall,Abdoulaye,user8069@hopital.sn,password123,admin
Sarr,Ibrahima,user8070@hopital.sn,password123,medecin
Sarr,Awa,user8071@hopital.sn,password123,agent
Fall,Aminata,user8072@hopital.sn,password123,agent
Diallo,Fatou,user8073@hopital.sn,password123,medecin
Kane,Ousmane,user8074@hopital.sn,password123,medecin
Sarr,Fatou,user8075@hopital.sn,password123,medecin
Diop,Fatou,user8076@hopital.sn,password123,medecin
Faye,Mariama,user8077@hopital.sn,password123,admin
Kane,Awa,user8078@hopital.sn,password123,admin
Ndiaye,Aminata,user8079@hopital.sn,password123,agent
Sow,Ousmane,user8080@hopital.sn,password123,medecin
Diop,Aminata,user8081@hopital.sn,password123,medecin
Kane,Mariama,user8082@hopital.sn,password123,admin
Kane,Ousmane,user8083@hopital.sn,password123,medecin
Diallo,Mamadou,user8084@hopital.sn,password123,agent
Sarr,Oumar,user8085@hopital.sn,password123,admin
Ndiaye,Oumar,user8086@hopital.sn,password123,agent
Ndiaye,Cheikh,user8087@hopital.sn,password123,admin
Diallo,Ibrahima,user8088@hopital.sn,password123,agent
Fall,Cheikh,user8089@hopital.sn,password123,admin
Sow,Moussa,user8090@hopital.sn,password123,admin
Fall,Cheikh,user8091@hopital.sn,password123,medecin
Faye,Abdoulaye,user8092@hopital.sn,password123,medecin
Ndiaye,Abdoulaye,user8093@hopital.sn,password123,agent
Sy,Mariama,user8094@hopital.sn,password123,admin
Ba,Fatou,user8095@hopital.sn,password123,medecin
Sy,Oumar,user8096@hopital.sn,password123,agent
Diop,Cheikh,user8097@hopital.sn,password123,medecin
Sy,Cheikh,user8098@hopital.sn,password123,medecin
Sy,Aminata,user8099@hopital.sn,password123,agent
Ndiaye,Ousmane,user8100@hopital.sn,password123,medecin
Sow,Ousmane,user8101@hopital.sn,password123,agent
Sarr,Abdoulaye,user8102@hopital.sn,password123,admin
Ba,Fatou,user8103@hopital.sn,password123,admin
Fall,Ousmane,user8104@hopital.sn,password123,medecin
Fall,Oumar,user8105@hopital.sn,password123,medecin
Gueye,Mamadou,user8106@hopital.sn,password123,agent
Sy,Awa,user8107@hopital.sn,password123,admin
Sarr,Cheikh,user8108@hopital.sn,password123,agent
Faye,Aminata,user8109@hopital.sn,password123,agent
Ba,Moussa,user8110@hopital.sn,password123,agent
Diallo,Mariama,user8111@hopital.sn,password123,admin
Diallo,Khady,user8112@hopital.sn,password123,medecin
Ndiaye,Moussa,user8113@hopital.sn,password123,agent
Diallo,Moussa,user8114@hopital.sn,password123,agent
Sarr,Oumar,user8115@hopital.sn,password123,medecin
Sow,Fatou,user8116@hopital.sn,password123,medecin
Gueye,Abdoulaye,user8117@hopital.sn,password123,agent
Diop,Cheikh,user8118@hopital.sn,password123,admin
Diop,Ousmane,user8119@hopital.sn,password123,medecin
Sow,Awa,user8120@hopital.sn,password123,medecin
Kane,Ousmane,user8121@hopital.sn,password123,medecin
Sarr,Ibrahima,user8122@hopital.sn,password123,medecin
Fall,Awa,user8123@hopital.sn,password123,agent
Sarr,Abdoulaye,user8124@hopital.sn,password123,agent
Sow,Aminata,user8125@hopital.sn,password123,medecin
Sarr,Mamadou,user8126@hopital.sn,password123,agent
Diop,Abdoulaye,user8127@hopital.sn,password123,agent
Sy,Mamadou,user8128@hopital.sn,password123,medecin
Gueye,Moussa,user8129@hopital.sn,password123,admin
Gueye,Abdoulaye,user8130@hopital.sn,password123,medecin
Fall,Aminata,user8131@hopital.sn,password123,agent
Kane,Cheikh,user8132@hopital.sn,password123,admin
Sarr,Ousmane,user8133@hopital.sn,password123,admin
Gueye,Oumar,user8134@hopital.sn,password123,agent
Diop,Oumar,user8135@hopital.sn,password123,medecin
Ndiaye,Moussa,user8136@hopital.sn,password123,admin
Diallo,Mariama,user8137@hopital.sn,password123,agent
Ba,Ibrahima,user8138@hopital.sn,password123,admin
Sow,Moussa,user8139@hopital.sn,password123,medecin
Ba,Aminata,user8140@hopital.sn,password123,medecin
Fall,Oumar,user8141@hopital.sn,password123,agent
Diop,Awa,user8142@hopital.sn,password123,medecin
Sow,Ousmane,user8143@hopital.sn,password123,medecin
Faye,Moussa,user8144@hopital.sn,password123,agent
Sarr,Mariama,user8145@hopital.sn,password123,agent
Gueye,Moussa,user8146@hopital.sn,password123,admin
Kane,Oumar,user8147@hopital.sn,password123,agent
Kane,Cheikh,user8148@hopital.sn,password123,medecin
Diallo,Ibrahima,user8149@hopital.sn,password123,medecin
Faye,Moussa,user8150@hopital.sn,password123,medecin
Sarr,Khady,user8151@hopital.sn,password123,admin
Gueye,Oumar,user8152@hopital.sn,password123,admin
Fall,Ousmane,user8153@hopital.sn,password123,admin
Faye,Cheikh,user8154@hopital.sn,password123,agent
Kane,Khady,user8155@hopital.sn,password123,medecin
Sy,Moussa,user8156@hopital.sn,password123,agent
Ba,Moussa,user8157@hopital.sn,password123,agent
Sow,Awa,user8158@hopital.sn,password123,medecin
Sarr,Mamadou,user8159@hopital.sn,password123,admin
Fall,Mariama,user8160@hopital.sn,password123,admin
Diop,Aminata,user8161@hopital.sn,password123,medecin
Ba,Oumar,user8162@hopital.sn,password123,admin
Sow,Mamadou,user8163@hopital.sn,password123,medecin
Faye,Ousmane,user8164@hopital.sn,password123,medecin
Gueye,Abdoulaye,user8165@hopital.sn,password123,medecin
Sow,Awa,user8166@hopital.sn,password123,medecin
Faye,Moussa,user8167@hopital.sn,password123,admin
Kane,Cheikh,user8168@hopital.sn,password123,agent
Sow,Moussa,user8169@hopital.sn,password123,admin
Faye,Cheikh,user8170@hopital.sn,password123,agent
Diallo,Oumar,user8171@hopital.sn,password123,medecin
Faye,Aminata,user8172@hopital.sn,password123,agent
Sow,Mamadou,user8173@hopital.sn,password123,agent
Faye,Ibrahima,user8174@hopital.sn,password123,admin
Sarr,Abdoulaye,user8175@hopital.sn,password123,agent
Ba,Oumar,user8176@hopital.sn,password123,medecin
Sow,Awa,user8177@hopital.sn,password123,agent
Diop,Abdoulaye,user8178@hopital.sn,password123,agent
Kane,Aminata,user8179@hopital.sn,password123,medecin
Sarr,Abdoulaye,user8180@hopital.sn,password123,agent
Faye,Ibrahima,user8181@hopital.sn,password123,admin
Ndiaye,Aminata,user8182@hopital.sn,password123,medecin
Ndiaye,Mariama,user8183@hopital.sn,password123,admin
Ndiaye,Cheikh,user8184@hopital.sn,password123,agent
Diop,Abdoulaye,user8185@hopital.sn,password123,medecin
Gueye,Fatou,user8186@hopital.sn,password123,agent
Sow,Aminata,user8187@hopital.sn,password123,admin
Fall,Ousmane,user8188@hopital.sn,password123,admin
Kane,Fatou,user8189@hopital.sn,password123,agent
Sarr,Awa,user8190@hopital.sn,password123,agent
Ndiaye,Mariama,user8191@hopital.sn,password123,agent
Kane,Awa,user8192@hopital.sn,password123,medecin
Sow,Awa,user8193@hopital.sn,password123,agent
Sow,Fatou,user8194@hopital.sn,password123,admin
Sow,Fatou,user8195@hopital.sn,password123,agent
Diop,Mamadou,user8196@hopital.sn,password123,medecin
Fall,Ousmane,user8197@hopital.sn,password123,admin
Sow,Aminata,user8198@hopital.sn,password123,medecin
Diop,Abdoulaye,user8199@hopital.sn,password123,medecin
Diop,Aminata,user8200@hopital.sn,password123,medecin
Ba,Cheikh,user8201@hopital.sn,password123,medecin
Diallo,Abdoulaye,user8202@hopital.sn,password123,agent
Sarr,Ibrahima,user8203@hopital.sn,password123,admin
Ba,Abdoulaye,user8204@hopital.sn,password123,admin
Diop,Ousmane,user8205@hopital.sn,password123,admin
Sarr,Awa,user8206@hopital.sn,password123,agent
Sy,Moussa,user8207@hopital.sn,password123,agent
Fall,Mariama,user8208@hopital.sn,password123,agent
Kane,Oumar,user8209@hopital.sn,password123,medecin
Kane,Abdoulaye,user8210@hopital.sn,password123,agent
Gueye,Aminata,user8211@hopital.sn,password123,admin
Kane,Mamadou,user8212@hopital.sn,password123,medecin
Faye,Awa,user8213@hopital.sn,password123,agent
Ndiaye,Oumar,user8214@hopital.sn,password123,agent
Kane,Aminata,user8215@hopital.sn,password123,medecin
Sow,Aminata,user8216@hopital.sn,password123,medecin
Kane,Aminata,user8217@hopital.sn,password123,agent
Kane,Oumar,user8218@hopital.sn,password123,agent
Ba,Moussa,user8219@hopital.sn,password123,medecin
Diallo,Ousmane,user8220@hopital.sn,password123,medecin
Diallo,Awa,user8221@hopital.sn,password123,medecin
Diop,Khady,user8222@hopital.sn,password123,admin
Sy,Fatou,user8223@hopital.sn,password123,admin
Diop,Ousmane,user8224@hopital.sn,password123,admin
Diallo,Moussa,user8225@hopital.sn,password123,admin
Sarr,Abdoulaye,user8226@hopital.sn,password123,medecin
Sow,Aminata,user8227@hopital.sn,password123,admin
Kane,Mariama,user8228@hopital.sn,password123,agent
Kane,Oumar,user8229@hopital.sn,password123,agent
Gueye,Cheikh,user8230@hopital.sn,password123,agent
Sy,Ousmane,user8231@hopital.sn,password123,agent
Ba,Aminata,user8232@hopital.sn,password123,admin
Diop,Mamadou,user8233@hopital.sn,password123,medecin
Sow,Abdoulaye,user8234@hopital.sn,password123,agent
Diop,Aminata,user8235@hopital.sn,password123,admin
Ba,Cheikh,user8236@hopital.sn,password123,agent
Ba,Moussa,user8237@hopital.sn,password123,admin
Diallo,Ousmane,user8238@hopital.sn,password123,agent
Sy,Aminata,user8239@hopital.sn,password123,medecin
Faye,Aminata,user8240@hopital.sn,password123,admin
Sy,Khady,user8241@hopital.sn,password123,agent
Fall,Ibrahima,user8242@hopital.sn,password123,medecin
Sarr,Abdoulaye,user8243@hopital.sn,password123,medecin
Faye,Moussa,user8244@hopital.sn,password123,agent
Diallo,Abdoulaye,user8245@hopital.sn,password123,admin
Sarr,Cheikh,user8246@hopital.sn,password123,medecin
Sy,Moussa,user8247@hopital.sn,password123,admin
Ndiaye,Awa,user8248@hopital.sn,password123,medecin
Sy,Cheikh,user8249@hopital.sn,password123,admin
Gueye,Aminata,user8250@hopital.sn,password123,medecin
Kane,Ibrahima,user8251@hopital.sn,password123,admin
Sy,Ousmane,user8252@hopital.sn,password123,admin
Sy,Mariama,user8253@hopital.sn,password123,medecin
Sow,Khady,user8254@hopital.sn,password123,agent
Sow,Ibrahima,user8255@hopital.sn,password123,agent
Diop,Ibrahima,user8256@hopital.sn,password123,agent
Fall,Khady,user8257@hopital.sn,password123,admin
Ndiaye,Aminata,user8258@hopital.sn,password123,admin
Ndiaye,Abdoulaye,user8259@hopital.sn,password123,admin
Faye,Awa,user8260@hopital.sn,password123,medecin
Diop,Mamadou,user8261@hopital.sn,password123,medecin
Kane,Ousmane,user8262@hopital.sn,password123,agent
Sarr,Abdoulaye,user8263@hopital.sn,password123,medecin
Sy,Khady,user8264@hopital.sn,password123,admin
Sarr,Awa,user8265@hopital.sn,password123,medecin
Diallo,Ibrahima,user8266@hopital.sn,password123,medecin
Faye,Abdoulaye,user8267@hopital.sn,password123,admin
Diop,Awa,user8268@hopital.sn,password123,admin
Diop,Ousmane,user8269@hopital.sn,password123,admin
Diop,Cheikh,user8270@hopital.sn,password123,agent
Faye,Awa,user8271@hopital.sn,password123,medecin
Fall,Oumar,user8272@hopital.sn,password123,admin
Sarr,Aminata,user8273@hopital.sn,password123,agent
Sy,Fatou,user8274@hopital.sn,password123,medecin
Diop,Mamadou,user8275@hopital.sn,password123,agent
Sarr,Awa,user8276@hopital.sn,password123,admin
Faye,Khady,user8277@hopital.sn,password123,admin
Sow,Cheikh,user8278@hopital.sn,password123,medecin
Ba,Khady,user8279@hopital.sn,password123,agent
Faye,Khady,user8280@hopital.sn,password123,admin
Kane,Cheikh,user8281@hopital.sn,password123,agent
Sarr,Aminata,user8282@hopital.sn,password123,admin
Sow,Moussa,user8283@hopital.sn,password123,agent
Diallo,Awa,user8284@hopital.sn,password123,agent
Ba,Ibrahima,user8285@hopital.sn,password123,admin
Fall,Mamadou,user8286@hopital.sn,password123,agent
Kane,Fatou,user8287@hopital.sn,password123,agent
Gueye,Ibrahima,user8288@hopital.sn,password123,medecin
Diop,Mariama,user8289@hopital.sn,password123,medecin
Ba,Khady,user8290@hopital.sn,password123,medecin
Sow,Awa,user8291@hopital.sn,password123,agent
Gueye,Oumar,user8292@hopital.sn,password123,medecin
Ndiaye,Khady,user8293@hopital.sn,password123,agent
Diallo,Ibrahima,user8294@hopital.sn,password123,agent
Sarr,Cheikh,user8295@hopital.sn,password123,admin
Sarr,Abdoulaye,user8296@hopital.sn,password123,admin
Fall,Mamadou,user8297@hopital.sn,password123,agent
Gueye,Ibrahima,user8298@hopital.sn,password123,admin
Ndiaye,Moussa,user8299@hopital.sn,password123,admin
Kane,Ibrahima,user8300@hopital.sn,password123,agent
Ba,Mariama,user8301@hopital.sn,password123,admin
Ndiaye,Cheikh,user8302@hopital.sn,password123,admin
Faye,Ousmane,user8303@hopital.sn,password123,agent
Diallo,Moussa,user8304@hopital.sn,password123,agent
Ndiaye,Ibrahima,user8305@hopital.sn,password123,agent
Sow,Mamadou,user8306@hopital.sn,password123,admin
Diop,Aminata,user8307@hopital.sn,password123,medecin
Diop,Ousmane,user8308@hopital.sn,password123,agent
Kane,Ibrahima,user8309@hopital.sn,password123,agent
Ba,Abdoulaye,user8310@hopital.sn,password123,medecin
Fall,Moussa,user8311@hopital.sn,password123,medecin
Gueye,Abdoulaye,user8312@hopital.sn,password123,admin
Sy,Mamadou,user8313@hopital.sn,password123,agent
Gueye,Aminata,user8314@hopital.sn,password123,medecin
Diop,Aminata,user8315@hopital.sn,password123,agent
Sarr,Mamadou,user8316@hopital.sn,password123,agent
Sy,Aminata,user8317@hopital.sn,password123,medecin
Diop,Oumar,user8318@hopital.sn,password123,agent
Fall,Cheikh,user8319@hopital.sn,password123,agent
Gueye,Fatou,user8320@hopital.sn,password123,agent
Diallo,Aminata,user8321@hopital.sn,password123,admin
Sarr,Abdoulaye,user8322@hopital.sn,password123,medecin
Faye,Khady,user8323@hopital.sn,password123,agent
Diallo,Abdoulaye,user8324@hopital.sn,password123,admin
Sarr,Ibrahima,user8325@hopital.sn,password123,admin
Sow,Khady,user8326@hopital.sn,password123,admin
Diallo,Ousmane,user8327@hopital.sn,password123,admin
Ba,Ousmane,user8328@hopital.sn,password123,agent
Ba,Cheikh,user8329@hopital.sn,password123,medecin
Diop,Cheikh,user8330@hopital.sn,password123,medecin
Kane,Khady,user8331@hopital.sn,password123,admin
Sarr,Aminata,user8332@hopital.sn,password123,medecin
Diop,Aminata,user8333@hopital.sn,password123,agent
Diallo,Mamadou,user8334@hopital.sn,password123,agent
Sy,Awa,user8335@hopital.sn,password123,agent
Kane,Abdoulaye,user8336@hopital.sn,password123,admin
Kane,Oumar,user8337@hopital.sn,password123,admin
Gueye,Ibrahima,user8338@hopital.sn,password123,medecin
Sy,Ousmane,user8339@hopital.sn,password123,admin
Diallo,Mamadou,user8340@hopital.sn,password123,medecin
Gueye,Ibrahima,user8341@hopital.sn,password123,agent
Sarr,Cheikh,user8342@hopital.sn,password123,agent
Diop,Oumar,user8343@hopital.sn,password123,agent
Diop,Ibrahima,user8344@hopital.sn,password123,agent
Fall,Abdoulaye,user8345@hopital.sn,password123,medecin
Sarr,Moussa,user8346@hopital.sn,password123,admin
Ba,Mamadou,user8347@hopital.sn,password123,admin
Ba,Mamadou,user8348@hopital.sn,password123,admin
Kane,Oumar,user8349@hopital.sn,password123,admin
Sarr,Aminata,user8350@hopital.sn,password123,agent
Gueye,Khady,user8351@hopital.sn,password123,medecin
Diop,Aminata,user8352@hopital.sn,password123,agent
Diop,Awa,user8353@hopital.sn,password123,admin
Gueye,Oumar,user8354@hopital.sn,password123,admin
Ba,Ousmane,user8355@hopital.sn,password123,medecin
Ba,Mariama,user8356@hopital.sn,password123,agent
Sy,Mamadou,user8357@hopital.sn,password123,admin
Sy,Mamadou,user8358@hopital.sn,password123,admin
Faye,Ibrahima,user8359@hopital.sn,password123,admin
Ndiaye,Ibrahima,user8360@hopital.sn,password123,medecin
Ba,Fatou,user8361@hopital.sn,password123,medecin
Diallo,Aminata,user8362@hopital.sn,password123,agent
Diop,Cheikh,user8363@hopital.sn,password123,medecin
Fall,Mariama,user8364@hopital.sn,password123,agent
Diop,Oumar,user8365@hopital.sn,password123,admin
Sarr,Cheikh,user8366@hopital.sn,password123,agent
Faye,Mamadou,user8367@hopital.sn,password123,medecin
Fall,Ousmane,user8368@hopital.sn,password123,medecin
Kane,Mariama,user8369@hopital.sn,password123,agent
Sy,Aminata,user8370@hopital.sn,password123,admin
Diallo,Aminata,user8371@hopital.sn,password123,medecin
Diallo,Cheikh,user8372@hopital.sn,password123,agent
Fall,Mamadou,user8373@hopital.sn,password123,admin
Sarr,Abdoulaye,user8374@hopital.sn,password123,medecin
Diop,Ibrahima,user8375@hopital.sn,password123,agent
Sarr,Awa,user8376@hopital.sn,password123,admin
Ba,Ousmane,user8377@hopital.sn,password123,medecin
Diallo,Cheikh,user8378@hopital.sn,password123,admin
Diallo,Mamadou,user8379@hopital.sn,password123,admin
Kane,Abdoulaye,user8380@hopital.sn,password123,medecin
Gueye,Oumar,user8381@hopital.sn,password123,admin
Gueye,Fatou,user8382@hopital.sn,password123,medecin
Ndiaye,Moussa,user8383@hopital.sn,password123,admin
Fall,Khady,user8384@hopital.sn,password123,agent
Gueye,Moussa,user8385@hopital.sn,password123,medecin
Diop,Ibrahima,user8386@hopital.sn,password123,medecin
Faye,Mariama,user8387@hopital.sn,password123,agent
Diallo,Cheikh,user8388@hopital.sn,password123,agent
Ba,Moussa,user8389@hopital.sn,password123,admin
Sy,Khady,user8390@hopital.sn,password123,agent
Diop,Abdoulaye,user8391@hopital.sn,password123,medecin
Diallo,Cheikh,user8392@hopital.sn,password123,admin
Kane,Oumar,user8393@hopital.sn,password123,admin
Gueye,Mamadou,user8394@hopital.sn,password123,agent
Diallo,Ibrahima,user8395@hopital.sn,password123,agent
Sarr,Khady,user8396@hopital.sn,password123,medecin
Ndiaye,Fatou,user8397@hopital.sn,password123,admin
Gueye,Moussa,user8398@hopital.sn,password123,admin
Faye,Ibrahima,user8399@hopital.sn,password123,admin
Diallo,Mamadou,user8400@hopital.sn,password123,admin
Gueye,Moussa,user8401@hopital.sn,password123,admin
Fall,Abdoulaye,user8402@hopital.sn,password123,medecin
Sarr,Fatou,user8403@hopital.sn,password123,agent
Ndiaye,Ibrahima,user8404@hopital.sn,password123,admin
Gueye,Khady,user8405@hopital.sn,password123,admin
Diop,Mariama,user8406@hopital.sn,password123,medecin
Ba,Mamadou,user8407@hopital.sn,password123,admin
Fall,Moussa,user8408@hopital.sn,password123,admin
Ba,Khady,user8409@hopital.sn,password123,admin
Fall,Ousmane,user8410@hopital.sn,password123,admin
Ndiaye,Khady,user8411@hopital.sn,password123,agent
Sy,Fatou,user8412@hopital.sn,password123,admin
Diallo,Moussa,user8413@hopital.sn,password123,medecin
Gueye,Ibrahima,user8414@hopital.sn,password123,admin
Faye,Mariama,user8415@hopital.sn,password123,medecin
Sy,Cheikh,user8416@hopital.sn,password123,medecin
Sy,Mariama,user8417@hopital.sn,password123,admin
Faye,Oumar,user8418@hopital.sn,password123,admin
Faye,Ibrahima,user8419@hopital.sn,password123,agent
Gueye,Ibrahima,user8420@hopital.sn,password123,agent
Ndiaye,Ibrahima,user8421@hopital.sn,password123,medecin
Diop,Oumar,user8422@hopital.sn,password123,medecin
Diallo,Ibrahima,user8423@hopital.sn,password123,agent
Ndiaye,Mamadou,user8424@hopital.sn,password123,medecin
Sow,Fatou,user8425@hopital.sn,password123,admin
Sy,Abdoulaye,user8426@hopital.sn,password123,admin
Fall,Aminata,user8427@hopital.sn,password123,admin
Ba,Awa,user8428@hopital.sn,password123,medecin
Diallo,Awa,user8429@hopital.sn,password123,admin
Sow,Cheikh,user8430@hopital.sn,password123,admin
Sow,Oumar,user8431@hopital.sn,password123,agent
Gueye,Aminata,user8432@hopital.sn,password123,admin
Ba,Khady,user8433@hopital.sn,password123,admin
Diallo,Moussa,user8434@hopital.sn,password123,medecin
Sarr,Oumar,user8435@hopital.sn,password123,medecin
Ndiaye,Oumar,user8436@hopital.sn,password123,admin
Sarr,Cheikh,user8437@hopital.sn,password123,agent
Sarr,Aminata,user8438@hopital.sn,password123,admin
Gueye,Ibrahima,user8439@hopital.sn,password123,agent
Kane,Fatou,user8440@hopital.sn,password123,agent
Sy,Awa,user8441@hopital.sn,password123,admin
Fall,Ousmane,user8442@hopital.sn,password123,medecin
Faye,Ibrahima,user8443@hopital.sn,password123,medecin
Diop,Aminata,user8444@hopital.sn,password123,medecin
Diallo,Moussa,user8445@hopital.sn,password123,medecin
Sow,Oumar,user8446@hopital.sn,password123,medecin
Kane,Awa,user8447@hopital.sn,password123,admin
Fall,Ousmane,user8448@hopital.sn,password123,medecin
Fall,Ibrahima,user8449@hopital.sn,password123,medecin
Sow,Cheikh,user8450@hopital.sn,password123,agent
Diop,Cheikh,user8451@hopital.sn,password123,medecin
Fall,Ibrahima,user8452@hopital.sn,password123,admin
Fall,Fatou,user8453@hopital.sn,password123,admin
Diallo,Mariama,user8454@hopital.sn,password123,agent
Faye,Cheikh,user8455@hopital.sn,password123,admin
Sarr,Moussa,user8456@hopital.sn,password123,medecin
Sow,Aminata,user8457@hopital.sn,password123,medecin
Sy,Cheikh,user8458@hopital.sn,password123,admin
Sarr,Ousmane,user8459@hopital.sn,password123,admin
Sy,Moussa,user8460@hopital.sn,password123,medecin
Diallo,Fatou,user8461@hopital.sn,password123,agent
Fall,Khady,user8462@hopital.sn,password123,agent
Sow,Abdoulaye,user8463@hopital.sn,password123,admin
Sy,Ibrahima,user8464@hopital.sn,password123,medecin
Diallo,Mamadou,user8465@hopital.sn,password123,agent
Diallo,Ibrahima,user8466@hopital.sn,password123,agent
Sow,Moussa,user8467@hopital.sn,password123,agent
Sow,Khady,user8468@hopital.sn,password123,medecin
Diop,Khady,user8469@hopital.sn,password123,agent
Sarr,Ousmane,user8470@hopital.sn,password123,agent
Diop,Ousmane,user8471@hopital.sn,password123,admin
Faye,Moussa,user8472@hopital.sn,password123,admin
Diop,Ibrahima,user8473@hopital.sn,password123,admin
Sow,Mariama,user8474@hopital.sn,password123,medecin
Diop,Oumar,user8475@hopital.sn,password123,medecin
Fall,Aminata,user8476@hopital.sn,password123,medecin
Fall,Aminata,user8477@hopital.sn,password123,admin
Fall,Khady,user8478@hopital.sn,password123,agent
Diallo,Fatou,user8479@hopital.sn,password123,agent
Sarr,Khady,user8480@hopital.sn,password123,admin
Fall,Mariama,user8481@hopital.sn,password123,admin
Sow,Cheikh,user8482@hopital.sn,password123,admin
Sow,Mamadou,user8483@hopital.sn,password123,admin
Fall,Ousmane,user8484@hopital.sn,password123,medecin
Sarr,Mariama,user8485@hopital.sn,password123,admin
Gueye,Aminata,user8486@hopital.sn,password123,agent
Fall,Mamadou,user8487@hopital.sn,password123,admin
Sy,Aminata,user8488@hopital.sn,password123,agent
Faye,Cheikh,user8489@hopital.sn,password123,agent
Diallo,Mamadou,user8490@hopital.sn,password123,agent
Sarr,Ousmane,user8491@hopital.sn,password123,agent
Ndiaye,Awa,user8492@hopital.sn,password123,agent
Sow,Cheikh,user8493@hopital.sn,password123,agent
Kane,Ousmane,user8494@hopital.sn,password123,medecin
Sarr,Abdoulaye,user8495@hopital.sn,password123,admin
Faye,Fatou,user8496@hopital.sn,password123,agent
Faye,Mariama,user8497@hopital.sn,password123,medecin
Diallo,Aminata,user8498@hopital.sn,password123,agent
Fall,Khady,user8499@hopital.sn,password123,admin
Sow,Fatou,user8500@hopital.sn,password123,agent
Sy,Moussa,user8501@hopital.sn,password123,admin
Fall,Khady,user8502@hopital.sn,password123,medecin
Diop,Awa,user8503@hopital.sn,password123,admin
Sy,Oumar,user8504@hopital.sn,password123,agent
Ndiaye,Oumar,user8505@hopital.sn,password123,agent
Gueye,Khady,user8506@hopital.sn,password123,medecin
Sy,Ousmane,user8507@hopital.sn,password123,medecin
Ndiaye,Aminata,user8508@hopital.sn,password123,medecin
Faye,Moussa,user8509@hopital.sn,password123,medecin
Sarr,Fatou,user8510@hopital.sn,password123,medecin
Sy,Ibrahima,user8511@hopital.sn,password123,agent
Ba,Awa,user8512@hopital.sn,password123,medecin
Ndiaye,Mariama,user8513@hopital.sn,password123,agent
Fall,Khady,user8514@hopital.sn,password123,medecin
Sarr,Abdoulaye,user8515@hopital.sn,password123,medecin
Sarr,Ibrahima,user8516@hopital.sn,password123,agent
Sarr,Mamadou,user8517@hopital.sn,password123,agent
Sarr,Abdoulaye,user8518@hopital.sn,password123,medecin
Faye,Oumar,user8519@hopital.sn,password123,admin
Ndiaye,Mamadou,user8520@hopital.sn,password123,admin
Fall,Cheikh,user8521@hopital.sn,password123,medecin
Gueye,Fatou,user8522@hopital.sn,password123,agent
Sarr,Aminata,user8523@hopital.sn,password123,agent
Faye,Aminata,user8524@hopital.sn,password123,medecin
Diop,Khady,user8525@hopital.sn,password123,admin
Ndiaye,Cheikh,user8526@hopital.sn,password123,medecin
Kane,Awa,user8527@hopital.sn,password123,medecin
Ndiaye,Mamadou,user8528@hopital.sn,password123,admin
Gueye,Awa,user8529@hopital.sn,password123,admin
Sarr,Ousmane,user8530@hopital.sn,password123,medecin
Sow,Cheikh,user8531@hopital.sn,password123,agent
Gueye,Aminata,user8532@hopital.sn,password123,medecin
Sarr,Abdoulaye,user8533@hopital.sn,password123,agent
Gueye,Aminata,user8534@hopital.sn,password123,agent
Sarr,Oumar,user8535@hopital.sn,password123,agent
Sow,Mamadou,user8536@hopital.sn,password123,admin
Faye,Oumar,user8537@hopital.sn,password123,agent
Sow,Mariama,user8538@hopital.sn,password123,admin
Ndiaye,Fatou,user8539@hopital.sn,password123,medecin
Sy,Moussa,user8540@hopital.sn,password123,medecin
Diallo,Oumar,user8541@hopital.sn,password123,admin
Gueye,Mariama,user8542@hopital.sn,password123,agent
Fall,Cheikh,user8543@hopital.sn,password123,agent
Sy,Mariama,user8544@hopital.sn,password123,medecin
Kane,Mamadou,user8545@hopital.sn,password123,agent
Fall,Abdoulaye,user8546@hopital.sn,password123,agent
Ba,Moussa,user8547@hopital.sn,password123,admin
Ndiaye,Abdoulaye,user8548@hopital.sn,password123,medecin
Sarr,Mamadou,user8549@hopital.sn,password123,agent
Diallo,Khady,user8550@hopital.sn,password123,medecin
Faye,Khady,user8551@hopital.sn,password123,agent
Sy,Oumar,user8552@hopital.sn,password123,admin
Kane,Abdoulaye,user8553@hopital.sn,password123,medecin
Ba,Moussa,user8554@hopital.sn,password123,admin
Ndiaye,Abdoulaye,user8555@hopital.sn,password123,agent
Ba,Mariama,user8556@hopital.sn,password123,medecin
Sarr,Awa,user8557@hopital.sn,password123,agent
Sy,Oumar,user8558@hopital.sn,password123,medecin
Ndiaye,Oumar,user8559@hopital.sn,password123,agent
Diallo,Cheikh,user8560@hopital.sn,password123,agent
Diallo,Moussa,user8561@hopital.sn,password123,medecin
Sow,Aminata,user8562@hopital.sn,password123,agent
Faye,Mamadou,user8563@hopital.sn,password123,admin
Diallo,Mariama,user8564@hopital.sn,password123,agent
Faye,Fatou,user8565@hopital.sn,password123,admin
Sarr,Aminata,user8566@hopital.sn,password123,agent
Ndiaye,Moussa,user8567@hopital.sn,password123,medecin
Ba,Aminata,user8568@hopital.sn,password123,medecin
Diop,Cheikh,user8569@hopital.sn,password123,admin
Faye,Cheikh,user8570@hopital.sn,password123,agent
Diop,Khady,user8571@hopital.sn,password123,admin
Diallo,Cheikh,user8572@hopital.sn,password123,medecin
Sow,Ousmane,user8573@hopital.sn,password123,admin
Sy,Moussa,user8574@hopital.sn,password123,admin
Sow,Awa,user8575@hopital.sn,password123,admin
Sarr,Ousmane,user8576@hopital.sn,password123,medecin
Diop,Aminata,user8577@hopital.sn,password123,medecin
Sow,Awa,user8578@hopital.sn,password123,medecin
Faye,Cheikh,user8579@hopital.sn,password123,admin
Kane,Ousmane,user8580@hopital.sn,password123,medecin
Diop,Aminata,user8581@hopital.sn,password123,admin
Sarr,Awa,user8582@hopital.sn,password123,agent
Sarr,Mamadou,user8583@hopital.sn,password123,admin
Kane,Awa,user8584@hopital.sn,password123,agent
Sy,Ibrahima,user8585@hopital.sn,password123,medecin
Ba,Ousmane,user8586@hopital.sn,password123,admin
Ba,Khady,user8587@hopital.sn,password123,medecin
Ndiaye,Aminata,user8588@hopital.sn,password123,agent
Ba,Aminata,user8589@hopital.sn,password123,medecin
Ba,Cheikh,user8590@hopital.sn,password123,agent
Ba,Mariama,user8591@hopital.sn,password123,agent
Kane,Aminata,user8592@hopital.sn,password123,admin
Kane,Aminata,user8593@hopital.sn,password123,medecin
Ndiaye,Awa,user8594@hopital.sn,password123,admin
Gueye,Moussa,user8595@hopital.sn,password123,agent
Sarr,Fatou,user8596@hopital.sn,password123,admin
Gueye,Khady,user8597@hopital.sn,password123,medecin
Ba,Ousmane,user8598@hopital.sn,password123,medecin
Sy,Ousmane,user8599@hopital.sn,password123,medecin
Ndiaye,Awa,user8600@hopital.sn,password123,agent
Faye,Oumar,user8601@hopital.sn,password123,agent
Sy,Ibrahima,user8602@hopital.sn,password123,agent
Sarr,Awa,user8603@hopital.sn,password123,agent
Fall,Moussa,user8604@hopital.sn,password123,medecin
Kane,Abdoulaye,user8605@hopital.sn,password123,admin
Sow,Oumar,user8606@hopital.sn,password123,admin
Diallo,Awa,user8607@hopital.sn,password123,admin
Sy,Awa,user8608@hopital.sn,password123,admin
Faye,Moussa,user8609@hopital.sn,password123,agent
Kane,Mariama,user8610@hopital.sn,password123,medecin
Gueye,Abdoulaye,user8611@hopital.sn,password123,medecin
Sarr,Awa,user8612@hopital.sn,password123,agent
Fall,Ibrahima,user8613@hopital.sn,password123,agent
Sy,Khady,user8614@hopital.sn,password123,medecin
Ndiaye,Mariama,user8615@hopital.sn,password123,medecin
Sow,Awa,user8616@hopital.sn,password123,admin
Sarr,Abdoulaye,user8617@hopital.sn,password123,admin
Kane,Mariama,user8618@hopital.sn,password123,admin
Ndiaye,Awa,user8619@hopital.sn,password123,medecin
Gueye,Khady,user8620@hopital.sn,password123,agent
Ndiaye,Ousmane,user8621@hopital.sn,password123,medecin
Ba,Mariama,user8622@hopital.sn,password123,admin
Fall,Awa,user8623@hopital.sn,password123,agent
Ba,Mamadou,user8624@hopital.sn,password123,admin
Kane,Moussa,user8625@hopital.sn,password123,agent
Sy,Cheikh,user8626@hopital.sn,password123,agent
Faye,Fatou,user8627@hopital.sn,password123,agent
Diop,Cheikh,user8628@hopital.sn,password123,admin
Gueye,Mamadou,user8629@hopital.sn,password123,medecin
Gueye,Khady,user8630@hopital.sn,password123,admin
Gueye,Oumar,user8631@hopital.sn,password123,agent
Diop,Aminata,user8632@hopital.sn,password123,medecin
Sy,Mamadou,user8633@hopital.sn,password123,admin
Faye,Ousmane,user8634@hopital.sn,password123,agent
Sarr,Mariama,user8635@hopital.sn,password123,admin
Ba,Mamadou,user8636@hopital.sn,password123,agent
Ba,Moussa,user8637@hopital.sn,password123,agent
Kane,Abdoulaye,user8638@hopital.sn,password123,medecin
Gueye,Aminata,user8639@hopital.sn,password123,agent
Sow,Awa,user8640@hopital.sn,password123,admin
Ba,Oumar,user8641@hopital.sn,password123,medecin
Sarr,Abdoulaye,user8642@hopital.sn,password123,admin
Gueye,Cheikh,user8643@hopital.sn,password123,admin
Sarr,Aminata,user8644@hopital.sn,password123,agent
Diallo,Mamadou,user8645@hopital.sn,password123,agent
Faye,Mamadou,user8646@hopital.sn,password123,medecin
Sow,Moussa,user8647@hopital.sn,password123,agent
Kane,Cheikh,user8648@hopital.sn,password123,agent
Fall,Ibrahima,user8649@hopital.sn,password123,admin
Diallo,Ibrahima,user8650@hopital.sn,password123,agent
Diop,Awa,user8651@hopital.sn,password123,agent
Ba,Fatou,user8652@hopital.sn,password123,agent
Sow,Awa,user8653@hopital.sn,password123,admin
Diallo,Fatou,user8654@hopital.sn,password123,agent
Sow,Ousmane,user8655@hopital.sn,password123,medecin
Kane,Awa,user8656@hopital.sn,password123,medecin
Diallo,Moussa,user8657@hopital.sn,password123,agent
Sarr,Abdoulaye,user8658@hopital.sn,password123,admin
Sow,Khady,user8659@hopital.sn,password123,medecin
Diop,Fatou,user8660@hopital.sn,password123,medecin
Diallo,Fatou,user8661@hopital.sn,password123,admin
Faye,Mamadou,user8662@hopital.sn,password123,admin
Sarr,Mamadou,user8663@hopital.sn,password123,medecin
Sy,Ousmane,user8664@hopital.sn,password123,agent
Sow,Moussa,user8665@hopital.sn,password123,medecin
Diallo,Fatou,user8666@hopital.sn,password123,admin
Sarr,Mariama,user8667@hopital.sn,password123,admin
Kane,Ousmane,user8668@hopital.sn,password123,medecin
Sarr,Ousmane,user8669@hopital.sn,password123,agent
Sarr,Ibrahima,user8670@hopital.sn,password123,agent
Diallo,Fatou,user8671@hopital.sn,password123,medecin
Sarr,Khady,user8672@hopital.sn,password123,admin
Sy,Aminata,user8673@hopital.sn,password123,medecin
Sow,Aminata,user8674@hopital.sn,password123,admin
Ndiaye,Moussa,user8675@hopital.sn,password123,admin
Sow,Ibrahima,user8676@hopital.sn,password123,agent
Sarr,Oumar,user8677@hopital.sn,password123,admin
Faye,Khady,user8678@hopital.sn,password123,agent
Diallo,Oumar,user8679@hopital.sn,password123,agent
Diallo,Awa,user8680@hopital.sn,password123,agent
Ba,Mamadou,user8681@hopital.sn,password123,medecin
Ba,Oumar,user8682@hopital.sn,password123,admin
Fall,Ousmane,user8683@hopital.sn,password123,admin
Sy,Awa,user8684@hopital.sn,password123,agent
Sow,Awa,user8685@hopital.sn,password123,medecin
Diallo,Khady,user8686@hopital.sn,password123,medecin
Diop,Cheikh,user8687@hopital.sn,password123,agent
Kane,Oumar,user8688@hopital.sn,password123,agent
Sow,Aminata,user8689@hopital.sn,password123,agent
Kane,Awa,user8690@hopital.sn,password123,agent
Sow,Abdoulaye,user8691@hopital.sn,password123,admin
Sow,Abdoulaye,user8692@hopital.sn,password123,agent
Gueye,Ousmane,user8693@hopital.sn,password123,medecin
Gueye,Oumar,user8694@hopital.sn,password123,admin
Fall,Khady,user8695@hopital.sn,password123,agent
Ba,Oumar,user8696@hopital.sn,password123,admin
Kane,Ousmane,user8697@hopital.sn,password123,medecin
Ba,Cheikh,user8698@hopital.sn,password123,agent
Ndiaye,Moussa,user8699@hopital.sn,password123,admin
Sarr,Fatou,user8700@hopital.sn,password123,medecin
Diop,Mamadou,user8701@hopital.sn,password123,medecin
Faye,Mariama,user8702@hopital.sn,password123,medecin
Diallo,Mariama,user8703@hopital.sn,password123,agent
Faye,Khady,user8704@hopital.sn,password123,agent
Sarr,Mariama,user8705@hopital.sn,password123,admin
Sy,Ibrahima,user8706@hopital.sn,password123,admin
Sy,Ousmane,user8707@hopital.sn,password123,admin
Fall,Fatou,user8708@hopital.sn,password123,admin
Sy,Cheikh,user8709@hopital.sn,password123,admin
Fall,Khady,user8710@hopital.sn,password123,admin
Ndiaye,Aminata,user8711@hopital.sn,password123,admin
Ba,Oumar,user8712@hopital.sn,password123,agent
Sy,Cheikh,user8713@hopital.sn,password123,admin
Ndiaye,Aminata,user8714@hopital.sn,password123,agent
Ndiaye,Awa,user8715@hopital.sn,password123,agent
Kane,Fatou,user8716@hopital.sn,password123,agent
Sow,Oumar,user8717@hopital.sn,password123,medecin
Gueye,Awa,user8718@hopital.sn,password123,admin
Kane,Awa,user8719@hopital.sn,password123,medecin
Ba,Ibrahima,user8720@hopital.sn,password123,medecin
Kane,Fatou,user8721@hopital.sn,password123,medecin
Gueye,Ousmane,user8722@hopital.sn,password123,admin
Fall,Mariama,user8723@hopital.sn,password123,agent
Diop,Mamadou,user8724@hopital.sn,password123,admin
Gueye,Awa,user8725@hopital.sn,password123,medecin
Gueye,Cheikh,user8726@hopital.sn,password123,medecin
Ndiaye,Ousmane,user8727@hopital.sn,password123,agent
Fall,Awa,user8728@hopital.sn,password123,agent
Diop,Oumar,user8729@hopital.sn,password123,agent
Sow,Cheikh,user8730@hopital.sn,password123,admin
Sow,Mamadou,user8731@hopital.sn,password123,agent
Kane,Cheikh,user8732@hopital.sn,password123,agent
Ba,Abdoulaye,user8733@hopital.sn,password123,agent
Sow,Ibrahima,user8734@hopital.sn,password123,admin
Sy,Moussa,user8735@hopital.sn,password123,agent
Sow,Cheikh,user8736@hopital.sn,password123,admin
Diop,Ibrahima,user8737@hopital.sn,password123,agent
Ndiaye,Oumar,user8738@hopital.sn,password123,medecin
Fall,Mamadou,user8739@hopital.sn,password123,admin
Gueye,Ousmane,user8740@hopital.sn,password123,admin
Gueye,Awa,user8741@hopital.sn,password123,medecin
Diallo,Aminata,user8742@hopital.sn,password123,admin
Diallo,Awa,user8743@hopital.sn,password123,admin
Diallo,Cheikh,user8744@hopital.sn,password123,medecin
Diallo,Ousmane,user8745@hopital.sn,password123,medecin
Fall,Aminata,user8746@hopital.sn,password123,agent
Faye,Awa,user8747@hopital.sn,password123,admin
Sy,Khady,user8748@hopital.sn,password123,admin
Ba,Aminata,user8749@hopital.sn,password123,agent
Diallo,Mariama,user8750@hopital.sn,password123,admin
Faye,Oumar,user8751@hopital.sn,password123,agent
Sy,Moussa,user8752@hopital.sn,password123,admin
Ndiaye,Khady,user8753@hopital.sn,password123,admin
Sy,Oumar,user8754@hopital.sn,password123,agent
Kane,Fatou,user8755@hopital.sn,password123,admin
Sow,Mamadou,user8756@hopital.sn,password123,admin
Sow,Aminata,user8757@hopital.sn,password123,admin
Sy,Ousmane,user8758@hopital.sn,password123,medecin
Fall,Fatou,user8759@hopital.sn,password123,medecin
Gueye,Abdoulaye,user8760@hopital.sn,password123,medecin
Diallo,Fatou,user8761@hopital.sn,password123,agent
Diop,Cheikh,user8762@hopital.sn,password123,medecin
Diallo,Aminata,user8763@hopital.sn,password123,agent
Ndiaye,Cheikh,user8764@hopital.sn,password123,medecin
Sarr,Fatou,user8765@hopital.sn,password123,agent
Ba,Mariama,user8766@hopital.sn,password123,admin
Sy,Mariama,user8767@hopital.sn,password123,admin
Faye,Abdoulaye,user8768@hopital.sn,password123,agent
Diallo,Moussa,user8769@hopital.sn,password123,medecin
Kane,Aminata,user8770@hopital.sn,password123,medecin
Ndiaye,Khady,user8771@hopital.sn,password123,admin
Faye,Awa,user8772@hopital.sn,password123,agent
Ndiaye,Cheikh,user8773@hopital.sn,password123,agent
Gueye,Oumar,user8774@hopital.sn,password123,medecin
Ndiaye,Fatou,user8775@hopital.sn,password123,admin
Diop,Abdoulaye,user8776@hopital.sn,password123,admin
Gueye,Aminata,user8777@hopital.sn,password123,medecin
Sarr,Aminata,user8778@hopital.sn,password123,admin
Sow,Oumar,user8779@hopital.sn,password123,admin
Sy,Aminata,user8780@hopital.sn,password123,admin
Sy,Moussa,user8781@hopital.sn,password123,medecin
Diallo,Mamadou,user8782@hopital.sn,password123,medecin
Sarr,Abdoulaye,user8783@hopital.sn,password123,medecin
Ba,Aminata,user8784@hopital.sn,password123,admin
Gueye,Mariama,user8785@hopital.sn,password123,medecin
Fall,Khady,user8786@hopital.sn,password123,agent
Diallo,Fatou,user8787@hopital.sn,password123,admin
Diallo,Mamadou,user8788@hopital.sn,password123,agent
Sy,Mamadou,user8789@hopital.sn,password123,admin
Ba,Moussa,user8790@hopital.sn,password123,medecin
Diallo,Khady,user8791@hopital.sn,password123,admin
Kane,Fatou,user8792@hopital.sn,password123,admin
Diop,Fatou,user8793@hopital.sn,password123,agent
Ndiaye,Moussa,user8794@hopital.sn,password123,admin
Gueye,Aminata,user8795@hopital.sn,password123,agent
Sow,Mariama,user8796@hopital.sn,password123,medecin
Sy,Aminata,user8797@hopital.sn,password123,agent
Kane,Cheikh,user8798@hopital.sn,password123,admin
Sy,Abdoulaye,user8799@hopital.sn,password123,medecin
Faye,Oumar,user8800@hopital.sn,password123,medecin
Faye,Ousmane,user8801@hopital.sn,password123,medecin
Kane,Mariama,user8802@hopital.sn,password123,medecin
Kane,Fatou,user8803@hopital.sn,password123,admin
Ba,Oumar,user8804@hopital.sn,password123,agent
Fall,Aminata,user8805@hopital.sn,password123,agent
Sarr,Khady,user8806@hopital.sn,password123,agent
Ndiaye,Abdoulaye,user8807@hopital.sn,password123,agent
Ndiaye,Cheikh,user8808@hopital.sn,password123,agent
Diallo,Mariama,user8809@hopital.sn,password123,admin
Diop,Khady,user8810@hopital.sn,password123,admin
Fall,Cheikh,user8811@hopital.sn,password123,medecin
Faye,Abdoulaye,user8812@hopital.sn,password123,agent
Sy,Awa,user8813@hopital.sn,password123,admin
Faye,Ousmane,user8814@hopital.sn,password123,admin
Kane,Cheikh,user8815@hopital.sn,password123,medecin
Ndiaye,Khady,user8816@hopital.sn,password123,agent
Kane,Ibrahima,user8817@hopital.sn,password123,admin
Sarr,Khady,user8818@hopital.sn,password123,agent
Ba,Fatou,user8819@hopital.sn,password123,medecin
Sow,Ousmane,user8820@hopital.sn,password123,admin
Sow,Mariama,user8821@hopital.sn,password123,admin
Diop,Oumar,user8822@hopital.sn,password123,agent
Diop,Ousmane,user8823@hopital.sn,password123,medecin
Sow,Mamadou,user8824@hopital.sn,password123,medecin
Diop,Ibrahima,user8825@hopital.sn,password123,medecin
Fall,Fatou,user8826@hopital.sn,password123,medecin
Ndiaye,Awa,user8827@hopital.sn,password123,medecin
Faye,Mariama,user8828@hopital.sn,password123,admin
Gueye,Cheikh,user8829@hopital.sn,password123,medecin
Diallo,Awa,user8830@hopital.sn,password123,agent
Ba,Ibrahima,user8831@hopital.sn,password123,medecin
Diop,Moussa,user8832@hopital.sn,password123,medecin
Sow,Awa,user8833@hopital.sn,password123,agent
Sy,Mariama,user8834@hopital.sn,password123,agent
Gueye,Abdoulaye,user8835@hopital.sn,password123,admin
Sow,Cheikh,user8836@hopital.sn,password123,admin
Fall,Fatou,user8837@hopital.sn,password123,admin
Sy,Aminata,user8838@hopital.sn,password123,agent
Ndiaye,Khady,user8839@hopital.sn,password123,admin
Kane,Aminata,user8840@hopital.sn,password123,medecin
Diallo,Moussa,user8841@hopital.sn,password123,medecin
Sow,Aminata,user8842@hopital.sn,password123,medecin
Diallo,Cheikh,user8843@hopital.sn,password123,medecin
Gueye,Awa,user8844@hopital.sn,password123,medecin
Faye,Mamadou,user8845@hopital.sn,password123,agent
Faye,Khady,user8846@hopital.sn,password123,admin
Sow,Fatou,user8847@hopital.sn,password123,admin
Ndiaye,Awa,user8848@hopital.sn,password123,admin
Kane,Moussa,user8849@hopital.sn,password123,agent
Sarr,Khady,user8850@hopital.sn,password123,admin
Sow,Aminata,user8851@hopital.sn,password123,admin
Sow,Abdoulaye,user8852@hopital.sn,password123,agent
Ndiaye,Moussa,user8853@hopital.sn,password123,agent
Kane,Awa,user8854@hopital.sn,password123,medecin
Sy,Ibrahima,user8855@hopital.sn,password123,medecin
Sow,Awa,user8856@hopital.sn,password123,admin
Gueye,Ibrahima,user8857@hopital.sn,password123,agent
Gueye,Khady,user8858@hopital.sn,password123,admin
Gueye,Abdoulaye,user8859@hopital.sn,password123,medecin
Faye,Aminata,user8860@hopital.sn,password123,medecin
Sy,Cheikh,user8861@hopital.sn,password123,agent
Ndiaye,Fatou,user8862@hopital.sn,password123,admin
Sow,Ousmane,user8863@hopital.sn,password123,medecin
Kane,Oumar,user8864@hopital.sn,password123,agent
Ndiaye,Oumar,user8865@hopital.sn,password123,medecin
Diallo,Fatou,user8866@hopital.sn,password123,agent
Gueye,Ousmane,user8867@hopital.sn,password123,medecin
Gueye,Cheikh,user8868@hopital.sn,password123,agent
Sarr,Cheikh,user8869@hopital.sn,password123,medecin
Ndiaye,Moussa,user8870@hopital.sn,password123,admin
Ndiaye,Awa,user8871@hopital.sn,password123,agent
Kane,Aminata,user8872@hopital.sn,password123,admin
Diallo,Cheikh,user8873@hopital.sn,password123,medecin
Fall,Khady,user8874@hopital.sn,password123,medecin
Sy,Mamadou,user8875@hopital.sn,password123,admin
Sarr,Oumar,user8876@hopital.sn,password123,medecin
Sy,Abdoulaye,user8877@hopital.sn,password123,agent
Diallo,Moussa,user8878@hopital.sn,password123,admin
Fall,Mariama,user8879@hopital.sn,password123,admin
Gueye,Awa,user8880@hopital.sn,password123,medecin
Diop,Ousmane,user8881@hopital.sn,password123,admin
Diop,Awa,user8882@hopital.sn,password123,medecin
Sow,Abdoulaye,user8883@hopital.sn,password123,agent
Diallo,Aminata,user8884@hopital.sn,password123,agent
Diallo,Oumar,user8885@hopital.sn,password123,admin
Fall,Abdoulaye,user8886@hopital.sn,password123,agent
Sy,Mamadou,user8887@hopital.sn,password123,admin
Fall,Oumar,user8888@hopital.sn,password123,admin
Gueye,Mariama,user8889@hopital.sn,password123,agent
Kane,Abdoulaye,user8890@hopital.sn,password123,agent
Faye,Moussa,user8891@hopital.sn,password123,admin
Faye,Oumar,user8892@hopital.sn,password123,medecin
Gueye,Fatou,user8893@hopital.sn,password123,agent
Sow,Fatou,user8894@hopital.sn,password123,admin
Sy,Mariama,user8895@hopital.sn,password123,admin
Diop,Moussa,user8896@hopital.sn,password123,agent
Sy,Mamadou,user8897@hopital.sn,password123,admin
Sarr,Aminata,user8898@hopital.sn,password123,agent
Ndiaye,Awa,user8899@hopital.sn,password123,medecin
Sow,Awa,user8900@hopital.sn,password123,agent
Ndiaye,Ibrahima,user8901@hopital.sn,password123,admin
Ba,Abdoulaye,user8902@hopital.sn,password123,agent
Sarr,Ibrahima,user8903@hopital.sn,password123,admin
Sarr,Cheikh,user8904@hopital.sn,password123,medecin
Gueye,Awa,user8905@hopital.sn,password123,admin
Ba,Ibrahima,user8906@hopital.sn,password123,admin
Sy,Abdoulaye,user8907@hopital.sn,password123,agent
Sow,Oumar,user8908@hopital.sn,password123,admin
Ba,Fatou,user8909@hopital.sn,password123,admin
Diop,Khady,user8910@hopital.sn,password123,agent
Sarr,Ibrahima,user8911@hopital.sn,password123,admin
Kane,Khady,user8912@hopital.sn,password123,medecin
Gueye,Khady,user8913@hopital.sn,password123,medecin
Diallo,Oumar,user8914@hopital.sn,password123,medecin
Kane,Ibrahima,user8915@hopital.sn,password123,medecin
Faye,Ousmane,user8916@hopital.sn,password123,admin
Fall,Ousmane,user8917@hopital.sn,password123,agent
Faye,Awa,user8918@hopital.sn,password123,agent
Sarr,Mariama,user8919@hopital.sn,password123,admin
Ba,Mamadou,user8920@hopital.sn,password123,medecin
Faye,Aminata,user8921@hopital.sn,password123,agent
Sow,Cheikh,user8922@hopital.sn,password123,admin
Sow,Ibrahima,user8923@hopital.sn,password123,agent
Diallo,Ousmane,user8924@hopital.sn,password123,agent
Gueye,Oumar,user8925@hopital.sn,password123,admin
Diallo,Awa,user8926@hopital.sn,password123,medecin
Ba,Khady,user8927@hopital.sn,password123,medecin
Diallo,Awa,user8928@hopital.sn,password123,medecin
Diop,Ousmane,user8929@hopital.sn,password123,agent
Sow,Ousmane,user8930@hopital.sn,password123,admin
Gueye,Moussa,user8931@hopital.sn,password123,agent
Ba,Cheikh,user8932@hopital.sn,password123,agent
Sarr,Moussa,user8933@hopital.sn,password123,agent
Ndiaye,Moussa,user8934@hopital.sn,password123,admin
Fall,Fatou,user8935@hopital.sn,password123,admin
Ba,Abdoulaye,user8936@hopital.sn,password123,medecin
Fall,Mamadou,user8937@hopital.sn,password123,admin
Sy,Mamadou,user8938@hopital.sn,password123,medecin
Diallo,Aminata,user8939@hopital.sn,password123,admin
Sy,Moussa,user8940@hopital.sn,password123,agent
Kane,Moussa,user8941@hopital.sn,password123,admin
Kane,Mamadou,user8942@hopital.sn,password123,medecin
Diop,Abdoulaye,user8943@hopital.sn,password123,admin
Kane,Ousmane,user8944@hopital.sn,password123,medecin
Ba,Awa,user8945@hopital.sn,password123,agent
Ndiaye,Ousmane,user8946@hopital.sn,password123,agent
Kane,Khady,user8947@hopital.sn,password123,admin
Fall,Mamadou,user8948@hopital.sn,password123,medecin
Ba,Fatou,user8949@hopital.sn,password123,admin
Diop,Ousmane,user8950@hopital.sn,password123,medecin
Diallo,Aminata,user8951@hopital.sn,password123,medecin
Faye,Khady,user8952@hopital.sn,password123,admin
Sy,Mamadou,user8953@hopital.sn,password123,agent
Fall,Oumar,user8954@hopital.sn,password123,agent
Ba,Khady,user8955@hopital.sn,password123,agent
Diallo,Awa,user8956@hopital.sn,password123,agent
Sow,Mariama,user8957@hopital.sn,password123,admin
Diallo,Khady,user8958@hopital.sn,password123,medecin
Kane,Mariama,user8959@hopital.sn,password123,admin
Faye,Ibrahima,user8960@hopital.sn,password123,admin
Sy,Awa,user8961@hopital.sn,password123,medecin
Fall,Moussa,user8962@hopital.sn,password123,medecin
Ndiaye,Cheikh,user8963@hopital.sn,password123,agent
Sow,Awa,user8964@hopital.sn,password123,agent
Sarr,Cheikh,user8965@hopital.sn,password123,medecin
Faye,Oumar,user8966@hopital.sn,password123,admin
Kane,Aminata,user8967@hopital.sn,password123,agent
Faye,Mariama,user8968@hopital.sn,password123,agent
Sow,Awa,user8969@hopital.sn,password123,agent
Gueye,Abdoulaye,user8970@hopital.sn,password123,admin
Diallo,Awa,user8971@hopital.sn,password123,admin
Diop,Oumar,user8972@hopital.sn,password123,medecin
Ndiaye,Khady,user8973@hopital.sn,password123,agent
Sarr,Ibrahima,user8974@hopital.sn,password123,medecin
Kane,Cheikh,user8975@hopital.sn,password123,agent
Ba,Mamadou,user8976@hopital.sn,password123,admin
Fall,Ibrahima,user8977@hopital.sn,password123,agent
Sow,Cheikh,user8978@hopital.sn,password123,admin
Diallo,Moussa,user8979@hopital.sn,password123,admin
Fall,Khady,user8980@hopital.sn,password123,admin
Kane,Oumar,user8981@hopital.sn,password123,admin
Ba,Fatou,user8982@hopital.sn,password123,admin
Fall,Ibrahima,user8983@hopital.sn,password123,agent
Sow,Cheikh,user8984@hopital.sn,password123,medecin
Fall,Ousmane,user8985@hopital.sn,password123,medecin
Diallo,Ibrahima,user8986@hopital.sn,password123,agent
Ndiaye,Khady,user8987@hopital.sn,password123,medecin
Fall,Moussa,user8988@hopital.sn,password123,agent
Diallo,Awa,user8989@hopital.sn,password123,medecin
Sy,Ibrahima,user8990@hopital.sn,password123,agent
Ndiaye,Cheikh,user8991@hopital.sn,password123,agent
Diallo,Cheikh,user8992@hopital.sn,password123,medecin
Faye,Khady,user8993@hopital.sn,password123,admin
Ba,Ousmane,user8994@hopital.sn,password123,admin
Diallo,Awa,user8995@hopital.sn,password123,admin
Sy,Cheikh,user8996@hopital.sn,password123,admin
Sy,Ibrahima,user8997@hopital.sn,password123,agent
Fall,Awa,user8998@hopital.sn,password123,admin
Gueye,Awa,user8999@hopital.sn,password123,medecin
Kane,Moussa,user9000@hopital.sn,password123,agent
Sarr,Abdoulaye,user9001@hopital.sn,password123,medecin
Sy,Awa,user9002@hopital.sn,password123,medecin
Faye,Abdoulaye,user9003@hopital.sn,password123,medecin
Gueye,Awa,user9004@hopital.sn,password123,admin
Ba,Mamadou,user9005@hopital.sn,password123,admin
Ba,Mariama,user9006@hopital.sn,password123,agent
Fall,Ibrahima,user9007@hopital.sn,password123,agent
Sow,Khady,user9008@hopital.sn,password123,medecin
Kane,Abdoulaye,user9009@hopital.sn,password123,medecin
Sy,Ibrahima,user9010@hopital.sn,password123,admin
Faye,Cheikh,user9011@hopital.sn,password123,agent
Diallo,Oumar,user9012@hopital.sn,password123,medecin
Ba,Mamadou,user9013@hopital.sn,password123,medecin
Sarr,Mamadou,user9014@hopital.sn,password123,agent
Sarr,Abdoulaye,user9015@hopital.sn,password123,medecin
Gueye,Moussa,user9016@hopital.sn,password123,admin
Sow,Awa,user9017@hopital.sn,password123,medecin
Ndiaye,Mamadou,user9018@hopital.sn,password123,agent
Diop,Ousmane,user9019@hopital.sn,password123,admin
Ndiaye,Khady,user9020@hopital.sn,password123,agent
Sow,Awa,user9021@hopital.sn,password123,medecin
Fall,Khady,user9022@hopital.sn,password123,medecin
Sow,Moussa,user9023@hopital.sn,password123,admin
Sy,Khady,user9024@hopital.sn,password123,agent
Ndiaye,Abdoulaye,user9025@hopital.sn,password123,admin
Diop,Mariama,user9026@hopital.sn,password123,agent
Fall,Cheikh,user9027@hopital.sn,password123,admin
Faye,Awa,user9028@hopital.sn,password123,medecin
Gueye,Abdoulaye,user9029@hopital.sn,password123,admin
Sarr,Ousmane,user9030@hopital.sn,password123,admin
Ba,Mamadou,user9031@hopital.sn,password123,medecin
Sow,Awa,user9032@hopital.sn,password123,admin
Ba,Mamadou,user9033@hopital.sn,password123,medecin
Diop,Moussa,user9034@hopital.sn,password123,admin
Diallo,Cheikh,user9035@hopital.sn,password123,admin
Sy,Ousmane,user9036@hopital.sn,password123,admin
Sow,Fatou,user9037@hopital.sn,password123,agent
Kane,Ibrahima,user9038@hopital.sn,password123,medecin
Fall,Aminata,user9039@hopital.sn,password123,medecin
Fall,Ousmane,user9040@hopital.sn,password123,agent
Gueye,Awa,user9041@hopital.sn,password123,medecin
Diallo,Ibrahima,user9042@hopital.sn,password123,medecin
Gueye,Aminata,user9043@hopital.sn,password123,admin
Kane,Ousmane,user9044@hopital.sn,password123,admin
Diop,Mamadou,user9045@hopital.sn,password123,admin
Diop,Mamadou,user9046@hopital.sn,password123,admin
Ba,Oumar,user9047@hopital.sn,password123,medecin
Diop,Aminata,user9048@hopital.sn,password123,medecin
Faye,Cheikh,user9049@hopital.sn,password123,medecin
Ba,Fatou,user9050@hopital.sn,password123,medecin
Kane,Ibrahima,user9051@hopital.sn,password123,medecin
Sarr,Ibrahima,user9052@hopital.sn,password123,agent
Sarr,Ibrahima,user9053@hopital.sn,password123,medecin
Ba,Cheikh,user9054@hopital.sn,password123,admin
Diallo,Cheikh,user9055@hopital.sn,password123,agent
Sy,Abdoulaye,user9056@hopital.sn,password123,agent
Faye,Oumar,user9057@hopital.sn,password123,agent
Gueye,Abdoulaye,user9058@hopital.sn,password123,admin
Kane,Khady,user9059@hopital.sn,password123,admin
Faye,Moussa,user9060@hopital.sn,password123,agent
Ndiaye,Fatou,user9061@hopital.sn,password123,admin
Ndiaye,Cheikh,user9062@hopital.sn,password123,agent
Ndiaye,Cheikh,user9063@hopital.sn,password123,medecin
Ba,Ousmane,user9064@hopital.sn,password123,agent
Kane,Ousmane,user9065@hopital.sn,password123,agent
Gueye,Aminata,user9066@hopital.sn,password123,medecin
Sy,Moussa,user9067@hopital.sn,password123,medecin
Ba,Cheikh,user9068@hopital.sn,password123,admin
Kane,Cheikh,user9069@hopital.sn,password123,medecin
Diop,Fatou,user9070@hopital.sn,password123,admin
Sy,Khady,user9071@hopital.sn,password123,agent
Sow,Abdoulaye,user9072@hopital.sn,password123,agent
Ndiaye,Ousmane,user9073@hopital.sn,password123,admin
Gueye,Abdoulaye,user9074@hopital.sn,password123,agent
Faye,Abdoulaye,user9075@hopital.sn,password123,medecin
Kane,Khady,user9076@hopital.sn,password123,agent
Faye,Abdoulaye,user9077@hopital.sn,password123,agent
Gueye,Ibrahima,user9078@hopital.sn,password123,admin
Faye,Abdoulaye,user9079@hopital.sn,password123,agent
Sy,Fatou,user9080@hopital.sn,password123,agent
Sarr,Oumar,user9081@hopital.sn,password123,medecin
Sy,Khady,user9082@hopital.sn,password123,medecin
Sy,Awa,user9083@hopital.sn,password123,medecin
Gueye,Mamadou,user9084@hopital.sn,password123,medecin
Sy,Abdoulaye,user9085@hopital.sn,password123,agent
Kane,Ibrahima,user9086@hopital.sn,password123,medecin
Fall,Khady,user9087@hopital.sn,password123,agent
Faye,Cheikh,user9088@hopital.sn,password123,admin
Diallo,Aminata,user9089@hopital.sn,password123,medecin
Sow,Oumar,user9090@hopital.sn,password123,admin
Kane,Cheikh,user9091@hopital.sn,password123,medecin
Diallo,Ousmane,user9092@hopital.sn,password123,medecin
Fall,Ousmane,user9093@hopital.sn,password123,agent
Ndiaye,Oumar,user9094@hopital.sn,password123,admin
Sy,Fatou,user9095@hopital.sn,password123,medecin
Sy,Cheikh,user9096@hopital.sn,password123,agent
Sarr,Oumar,user9097@hopital.sn,password123,agent
Fall,Fatou,user9098@hopital.sn,password123,agent
Sarr,Aminata,user9099@hopital.sn,password123,admin
Diallo,Khady,user9100@hopital.sn,password123,agent
Diallo,Cheikh,user9101@hopital.sn,password123,admin
Sy,Mamadou,user9102@hopital.sn,password123,agent
Gueye,Oumar,user9103@hopital.sn,password123,medecin
Gueye,Ousmane,user9104@hopital.sn,password123,medecin
Faye,Fatou,user9105@hopital.sn,password123,admin
Sow,Cheikh,user9106@hopital.sn,password123,agent
Faye,Moussa,user9107@hopital.sn,password123,agent
Faye,Mamadou,user9108@hopital.sn,password123,medecin
Gueye,Awa,user9109@hopital.sn,password123,admin
Sow,Ibrahima,user9110@hopital.sn,password123,agent
Kane,Awa,user9111@hopital.sn,password123,agent
Sow,Oumar,user9112@hopital.sn,password123,admin
Sarr,Mariama,user9113@hopital.sn,password123,agent
Ba,Aminata,user9114@hopital.sn,password123,admin
Kane,Mariama,user9115@hopital.sn,password123,agent
Faye,Abdoulaye,user9116@hopital.sn,password123,admin
Diop,Aminata,user9117@hopital.sn,password123,agent
Sy,Khady,user9118@hopital.sn,password123,medecin
Diop,Fatou,user9119@hopital.sn,password123,agent
Sy,Cheikh,user9120@hopital.sn,password123,medecin
Sy,Awa,user9121@hopital.sn,password123,medecin
Gueye,Abdoulaye,user9122@hopital.sn,password123,admin
Ndiaye,Moussa,user9123@hopital.sn,password123,medecin
Diallo,Oumar,user9124@hopital.sn,password123,agent
Diallo,Moussa,user9125@hopital.sn,password123,medecin
Diallo,Mariama,user9126@hopital.sn,password123,admin
Faye,Mamadou,user9127@hopital.sn,password123,agent
Fall,Fatou,user9128@hopital.sn,password123,admin
Diallo,Mamadou,user9129@hopital.sn,password123,medecin
Kane,Fatou,user9130@hopital.sn,password123,medecin
Ba,Ibrahima,user9131@hopital.sn,password123,medecin
Diop,Ibrahima,user9132@hopital.sn,password123,admin
Ndiaye,Aminata,user9133@hopital.sn,password123,agent
Ba,Ousmane,user9134@hopital.sn,password123,agent
Fall,Mamadou,user9135@hopital.sn,password123,admin
Gueye,Mariama,user9136@hopital.sn,password123,agent
Ba,Mariama,user9137@hopital.sn,password123,admin
Sow,Oumar,user9138@hopital.sn,password123,medecin
Diop,Moussa,user9139@hopital.sn,password123,admin
Ba,Ibrahima,user9140@hopital.sn,password123,admin
Gueye,Awa,user9141@hopital.sn,password123,admin
Fall,Ousmane,user9142@hopital.sn,password123,agent
Diallo,Awa,user9143@hopital.sn,password123,medecin
Gueye,Khady,user9144@hopital.sn,password123,agent
Sow,Mariama,user9145@hopital.sn,password123,admin
Fall,Moussa,user9146@hopital.sn,password123,admin
Sy,Mamadou,user9147@hopital.sn,password123,agent
Sy,Oumar,user9148@hopital.sn,password123,medecin
Sy,Abdoulaye,user9149@hopital.sn,password123,medecin
Gueye,Ousmane,user9150@hopital.sn,password123,medecin
Diop,Ibrahima,user9151@hopital.sn,password123,medecin
Sy,Moussa,user9152@hopital.sn,password123,admin
Ndiaye,Moussa,user9153@hopital.sn,password123,medecin
Ndiaye,Mariama,user9154@hopital.sn,password123,admin
Diop,Moussa,user9155@hopital.sn,password123,admin
Fall,Oumar,user9156@hopital.sn,password123,medecin
Sow,Khady,user9157@hopital.sn,password123,admin
Fall,Aminata,user9158@hopital.sn,password123,agent
Sy,Cheikh,user9159@hopital.sn,password123,agent
Fall,Cheikh,user9160@hopital.sn,password123,admin
Faye,Moussa,user9161@hopital.sn,password123,medecin
Faye,Khady,user9162@hopital.sn,password123,admin
Ndiaye,Mamadou,user9163@hopital.sn,password123,admin
Sy,Moussa,user9164@hopital.sn,password123,agent
Diop,Abdoulaye,user9165@hopital.sn,password123,agent
Sow,Ibrahima,user9166@hopital.sn,password123,agent
Ndiaye,Abdoulaye,user9167@hopital.sn,password123,agent
Sow,Awa,user9168@hopital.sn,password123,agent
Kane,Ibrahima,user9169@hopital.sn,password123,agent
Sy,Abdoulaye,user9170@hopital.sn,password123,agent
Kane,Khady,user9171@hopital.sn,password123,medecin
Fall,Khady,user9172@hopital.sn,password123,admin
Gueye,Ibrahima,user9173@hopital.sn,password123,admin
Diallo,Abdoulaye,user9174@hopital.sn,password123,admin
Kane,Khady,user9175@hopital.sn,password123,admin
Sarr,Oumar,user9176@hopital.sn,password123,agent
Faye,Mariama,user9177@hopital.sn,password123,agent
Faye,Cheikh,user9178@hopital.sn,password123,medecin
Fall,Abdoulaye,user9179@hopital.sn,password123,agent
Sy,Awa,user9180@hopital.sn,password123,medecin
Sy,Ibrahima,user9181@hopital.sn,password123,agent
Diop,Ousmane,user9182@hopital.sn,password123,admin
Diop,Ousmane,user9183@hopital.sn,password123,agent
Sarr,Cheikh,user9184@hopital.sn,password123,medecin
Gueye,Mariama,user9185@hopital.sn,password123,agent
Sow,Ousmane,user9186@hopital.sn,password123,admin
Sow,Mariama,user9187@hopital.sn,password123,admin
Ndiaye,Aminata,user9188@hopital.sn,password123,admin
Sy,Awa,user9189@hopital.sn,password123,medecin
Sarr,Moussa,user9190@hopital.sn,password123,admin
Ndiaye,Ousmane,user9191@hopital.sn,password123,admin
Sy,Moussa,user9192@hopital.sn,password123,agent
Ba,Awa,user9193@hopital.sn,password123,medecin
Ndiaye,Fatou,user9194@hopital.sn,password123,admin
Ndiaye,Ousmane,user9195@hopital.sn,password123,admin
Fall,Abdoulaye,user9196@hopital.sn,password123,medecin
Diallo,Abdoulaye,user9197@hopital.sn,password123,admin
Faye,Awa,user9198@hopital.sn,password123,admin
Sarr,Moussa,user9199@hopital.sn,password123,agent
Faye,Moussa,user9200@hopital.sn,password123,medecin
Sy,Awa,user9201@hopital.sn,password123,agent
Sy,Oumar,user9202@hopital.sn,password123,agent
Fall,Ibrahima,user9203@hopital.sn,password123,agent
Ndiaye,Cheikh,user9204@hopital.sn,password123,medecin
Faye,Cheikh,user9205@hopital.sn,password123,agent
Sy,Ousmane,user9206@hopital.sn,password123,admin
Gueye,Fatou,user9207@hopital.sn,password123,admin
Ndiaye,Aminata,user9208@hopital.sn,password123,agent
Gueye,Khady,user9209@hopital.sn,password123,medecin
Gueye,Ibrahima,user9210@hopital.sn,password123,agent
Sarr,Abdoulaye,user9211@hopital.sn,password123,admin
Kane,Abdoulaye,user9212@hopital.sn,password123,medecin
Fall,Cheikh,user9213@hopital.sn,password123,admin
Sarr,Ibrahima,user9214@hopital.sn,password123,admin
Ndiaye,Cheikh,user9215@hopital.sn,password123,medecin
Sy,Cheikh,user9216@hopital.sn,password123,agent
Sarr,Abdoulaye,user9217@hopital.sn,password123,medecin
Gueye,Oumar,user9218@hopital.sn,password123,medecin
Diallo,Khady,user9219@hopital.sn,password123,admin
Diallo,Ousmane,user9220@hopital.sn,password123,admin
Diop,Moussa,user9221@hopital.sn,password123,admin
Faye,Awa,user9222@hopital.sn,password123,agent
Ndiaye,Khady,user9223@hopital.sn,password123,admin
Diop,Ousmane,user9224@hopital.sn,password123,admin
Ba,Mamadou,user9225@hopital.sn,password123,medecin
Gueye,Cheikh,user9226@hopital.sn,password123,medecin
Ba,Ibrahima,user9227@hopital.sn,password123,agent
Sow,Ibrahima,user9228@hopital.sn,password123,admin
Fall,Ibrahima,user9229@hopital.sn,password123,admin
Sarr,Cheikh,user9230@hopital.sn,password123,medecin
Sy,Ousmane,user9231@hopital.sn,password123,agent
Sarr,Fatou,user9232@hopital.sn,password123,agent
Fall,Ousmane,user9233@hopital.sn,password123,admin
Gueye,Aminata,user9234@hopital.sn,password123,agent
Ba,Abdoulaye,user9235@hopital.sn,password123,admin
Faye,Fatou,user9236@hopital.sn,password123,agent
Sarr,Cheikh,user9237@hopital.sn,password123,admin
Gueye,Moussa,user9238@hopital.sn,password123,agent
Sarr,Abdoulaye,user9239@hopital.sn,password123,admin
Diop,Moussa,user9240@hopital.sn,password123,agent
Diallo,Ousmane,user9241@hopital.sn,password123,admin
Gueye,Fatou,user9242@hopital.sn,password123,agent
Sarr,Fatou,user9243@hopital.sn,password123,agent
Ndiaye,Khady,user9244@hopital.sn,password123,medecin
Diallo,Khady,user9245@hopital.sn,password123,admin
Sow,Aminata,user9246@hopital.sn,password123,medecin
Diallo,Mamadou,user9247@hopital.sn,password123,agent
Faye,Khady,user9248@hopital.sn,password123,medecin
Faye,Moussa,user9249@hopital.sn,password123,agent
Ba,Mariama,user9250@hopital.sn,password123,admin
Gueye,Ibrahima,user9251@hopital.sn,password123,admin
Diop,Fatou,user9252@hopital.sn,password123,admin
Ba,Moussa,user9253@hopital.sn,password123,admin
Sy,Awa,user9254@hopital.sn,password123,admin
Sarr,Mariama,user9255@hopital.sn,password123,agent
Kane,Ibrahima,user9256@hopital.sn,password123,medecin
Faye,Ousmane,user9257@hopital.sn,password123,medecin
Diallo,Cheikh,user9258@hopital.sn,password123,medecin
Faye,Abdoulaye,user9259@hopital.sn,password123,medecin
Sarr,Oumar,user9260@hopital.sn,password123,medecin
Diop,Aminata,user9261@hopital.sn,password123,admin
Diallo,Aminata,user9262@hopital.sn,password123,admin
Diallo,Moussa,user9263@hopital.sn,password123,agent
Diallo,Moussa,user9264@hopital.sn,password123,admin
Sy,Khady,user9265@hopital.sn,password123,admin
Ba,Moussa,user9266@hopital.sn,password123,agent
Sow,Mamadou,user9267@hopital.sn,password123,agent
Sarr,Ousmane,user9268@hopital.sn,password123,medecin
Ndiaye,Oumar,user9269@hopital.sn,password123,medecin
Sow,Ibrahima,user9270@hopital.sn,password123,medecin
Fall,Cheikh,user9271@hopital.sn,password123,admin
Fall,Mariama,user9272@hopital.sn,password123,medecin
Diop,Ousmane,user9273@hopital.sn,password123,agent
Ba,Moussa,user9274@hopital.sn,password123,agent
Ndiaye,Cheikh,user9275@hopital.sn,password123,medecin
Sy,Moussa,user9276@hopital.sn,password123,admin
Kane,Cheikh,user9277@hopital.sn,password123,medecin
Gueye,Mariama,user9278@hopital.sn,password123,agent
Sy,Ibrahima,user9279@hopital.sn,password123,admin
Sarr,Ousmane,user9280@hopital.sn,password123,agent
Sow,Awa,user9281@hopital.sn,password123,admin
Fall,Aminata,user9282@hopital.sn,password123,admin
Diop,Awa,user9283@hopital.sn,password123,medecin
Gueye,Mariama,user9284@hopital.sn,password123,agent
Sy,Ousmane,user9285@hopital.sn,password123,medecin
Diallo,Ousmane,user9286@hopital.sn,password123,agent
Diallo,Aminata,user9287@hopital.sn,password123,agent
Kane,Oumar,user9288@hopital.sn,password123,agent
Sow,Ibrahima,user9289@hopital.sn,password123,admin
Fall,Mamadou,user9290@hopital.sn,password123,agent
Diop,Khady,user9291@hopital.sn,password123,admin
Ndiaye,Fatou,user9292@hopital.sn,password123,agent
Gueye,Mamadou,user9293@hopital.sn,password123,medecin
Gueye,Aminata,user9294@hopital.sn,password123,medecin
Diop,Ousmane,user9295@hopital.sn,password123,agent
Sow,Oumar,user9296@hopital.sn,password123,medecin
Gueye,Awa,user9297@hopital.sn,password123,admin
Sy,Aminata,user9298@hopital.sn,password123,medecin
Ba,Mamadou,user9299@hopital.sn,password123,admin
Sy,Khady,user9300@hopital.sn,password123,admin
Ba,Abdoulaye,user9301@hopital.sn,password123,agent
Gueye,Mamadou,user9302@hopital.sn,password123,medecin
Faye,Fatou,user9303@hopital.sn,password123,admin
Kane,Cheikh,user9304@hopital.sn,password123,medecin
Ndiaye,Aminata,user9305@hopital.sn,password123,medecin
Sarr,Mamadou,user9306@hopital.sn,password123,agent
Sy,Khady,user9307@hopital.sn,password123,admin
Sow,Awa,user9308@hopital.sn,password123,admin
Ba,Fatou,user9309@hopital.sn,password123,admin
Sarr,Abdoulaye,user9310@hopital.sn,password123,agent
Fall,Ibrahima,user9311@hopital.sn,password123,medecin
Sarr,Ousmane,user9312@hopital.sn,password123,admin
Sow,Cheikh,user9313@hopital.sn,password123,admin
Ba,Cheikh,user9314@hopital.sn,password123,medecin
Kane,Mamadou,user9315@hopital.sn,password123,agent
Diop,Mamadou,user9316@hopital.sn,password123,admin
Fall,Awa,user9317@hopital.sn,password123,medecin
Ndiaye,Abdoulaye,user9318@hopital.sn,password123,medecin
Ba,Mamadou,user9319@hopital.sn,password123,admin
Kane,Ousmane,user9320@hopital.sn,password123,agent
Diallo,Khady,user9321@hopital.sn,password123,admin
Gueye,Aminata,user9322@hopital.sn,password123,medecin
Ndiaye,Ousmane,user9323@hopital.sn,password123,agent
Gueye,Moussa,user9324@hopital.sn,password123,agent
Kane,Awa,user9325@hopital.sn,password123,agent
Sarr,Oumar,user9326@hopital.sn,password123,admin
Diop,Moussa,user9327@hopital.sn,password123,medecin
Ndiaye,Ousmane,user9328@hopital.sn,password123,admin
Fall,Moussa,user9329@hopital.sn,password123,medecin
Sow,Ousmane,user9330@hopital.sn,password123,agent
Sarr,Khady,user9331@hopital.sn,password123,admin
Ndiaye,Oumar,user9332@hopital.sn,password123,agent
Sarr,Mamadou,user9333@hopital.sn,password123,agent
Ba,Mamadou,user9334@hopital.sn,password123,medecin
Ba,Moussa,user9335@hopital.sn,password123,admin
Fall,Mamadou,user9336@hopital.sn,password123,medecin
Sarr,Ousmane,user9337@hopital.sn,password123,admin
Diop,Mamadou,user9338@hopital.sn,password123,medecin
Ba,Oumar,user9339@hopital.sn,password123,medecin
Ba,Awa,user9340@hopital.sn,password123,medecin
Ba,Moussa,user9341@hopital.sn,password123,agent
Gueye,Khady,user9342@hopital.sn,password123,medecin
Kane,Moussa,user9343@hopital.sn,password123,agent
Ndiaye,Fatou,user9344@hopital.sn,password123,admin
Sow,Ousmane,user9345@hopital.sn,password123,admin
Sow,Ousmane,user9346@hopital.sn,password123,medecin
Ba,Abdoulaye,user9347@hopital.sn,password123,medecin
Diallo,Abdoulaye,user9348@hopital.sn,password123,admin
Sy,Mariama,user9349@hopital.sn,password123,medecin
Gueye,Ibrahima,user9350@hopital.sn,password123,medecin
Ba,Aminata,user9351@hopital.sn,password123,medecin
Sarr,Aminata,user9352@hopital.sn,password123,admin
Ndiaye,Cheikh,user9353@hopital.sn,password123,agent
Sarr,Fatou,user9354@hopital.sn,password123,medecin
Gueye,Oumar,user9355@hopital.sn,password123,medecin
Ndiaye,Mariama,user9356@hopital.sn,password123,medecin
Ndiaye,Aminata,user9357@hopital.sn,password123,medecin
Kane,Moussa,user9358@hopital.sn,password123,agent
Ba,Abdoulaye,user9359@hopital.sn,password123,admin
Gueye,Aminata,user9360@hopital.sn,password123,medecin
Sow,Moussa,user9361@hopital.sn,password123,medecin
Sy,Oumar,user9362@hopital.sn,password123,admin
Diop,Awa,user9363@hopital.sn,password123,admin
Ba,Aminata,user9364@hopital.sn,password123,agent
Diop,Khady,user9365@hopital.sn,password123,admin
Ba,Mamadou,user9366@hopital.sn,password123,admin
Kane,Abdoulaye,user9367@hopital.sn,password123,agent
Sarr,Awa,user9368@hopital.sn,password123,agent
Faye,Oumar,user9369@hopital.sn,password123,admin
Diop,Moussa,user9370@hopital.sn,password123,agent
Diallo,Fatou,user9371@hopital.sn,password123,medecin
Diop,Cheikh,user9372@hopital.sn,password123,agent
Ba,Ibrahima,user9373@hopital.sn,password123,agent
Sarr,Awa,user9374@hopital.sn,password123,admin
Diallo,Ousmane,user9375@hopital.sn,password123,admin
Diallo,Ousmane,user9376@hopital.sn,password123,medecin
Kane,Ousmane,user9377@hopital.sn,password123,medecin
Ba,Oumar,user9378@hopital.sn,password123,admin
Ba,Mamadou,user9379@hopital.sn,password123,medecin
Fall,Ibrahima,user9380@hopital.sn,password123,admin
Sarr,Awa,user9381@hopital.sn,password123,agent
Sow,Abdoulaye,user9382@hopital.sn,password123,agent
Sy,Abdoulaye,user9383@hopital.sn,password123,agent
Diallo,Mariama,user9384@hopital.sn,password123,medecin
Diallo,Cheikh,user9385@hopital.sn,password123,admin
Gueye,Khady,user9386@hopital.sn,password123,medecin
Gueye,Moussa,user9387@hopital.sn,password123,agent
Sy,Moussa,user9388@hopital.sn,password123,medecin
Fall,Moussa,user9389@hopital.sn,password123,medecin
Gueye,Awa,user9390@hopital.sn,password123,agent
Kane,Moussa,user9391@hopital.sn,password123,medecin
Kane,Abdoulaye,user9392@hopital.sn,password123,medecin
Diallo,Khady,user9393@hopital.sn,password123,admin
Diop,Ibrahima,user9394@hopital.sn,password123,medecin
Ndiaye,Cheikh,user9395@hopital.sn,password123,agent
Sy,Awa,user9396@hopital.sn,password123,medecin
Fall,Moussa,user9397@hopital.sn,password123,admin
Diallo,Khady,user9398@hopital.sn,password123,admin
Ndiaye,Ibrahima,user9399@hopital.sn,password123,medecin
Kane,Oumar,user9400@hopital.sn,password123,admin
Sow,Ibrahima,user9401@hopital.sn,password123,medecin
Ba,Mariama,user9402@hopital.sn,password123,admin
Faye,Cheikh,user9403@hopital.sn,password123,admin
Sarr,Fatou,user9404@hopital.sn,password123,admin
Sy,Awa,user9405@hopital.sn,password123,agent
Kane,Fatou,user9406@hopital.sn,password123,agent
Faye,Fatou,user9407@hopital.sn,password123,agent
Sarr,Aminata,user9408@hopital.sn,password123,medecin
Kane,Ibrahima,user9409@hopital.sn,password123,admin
Sow,Awa,user9410@hopital.sn,password123,agent
Sow,Ibrahima,user9411@hopital.sn,password123,medecin
Sow,Ibrahima,user9412@hopital.sn,password123,agent
Fall,Moussa,user9413@hopital.sn,password123,admin
Sarr,Mariama,user9414@hopital.sn,password123,agent
Sow,Oumar,user9415@hopital.sn,password123,admin
Diop,Oumar,user9416@hopital.sn,password123,medecin
Sy,Moussa,user9417@hopital.sn,password123,admin
Gueye,Cheikh,user9418@hopital.sn,password123,admin
Sy,Fatou,user9419@hopital.sn,password123,agent
Sow,Oumar,user9420@hopital.sn,password123,agent
Fall,Moussa,user9421@hopital.sn,password123,agent
Diop,Oumar,user9422@hopital.sn,password123,agent
Gueye,Awa,user9423@hopital.sn,password123,medecin
Diop,Moussa,user9424@hopital.sn,password123,admin
Diallo,Ousmane,user9425@hopital.sn,password123,admin
Fall,Awa,user9426@hopital.sn,password123,agent
Diallo,Aminata,user9427@hopital.sn,password123,medecin
Ba,Cheikh,user9428@hopital.sn,password123,medecin
Kane,Ibrahima,user9429@hopital.sn,password123,admin
Fall,Cheikh,user9430@hopital.sn,password123,agent
Faye,Mamadou,user9431@hopital.sn,password123,medecin
Faye,Awa,user9432@hopital.sn,password123,agent
Faye,Ibrahima,user9433@hopital.sn,password123,medecin
Faye,Aminata,user9434@hopital.sn,password123,medecin
Diop,Aminata,user9435@hopital.sn,password123,admin
Kane,Ousmane,user9436@hopital.sn,password123,admin
Fall,Moussa,user9437@hopital.sn,password123,agent
Gueye,Mamadou,user9438@hopital.sn,password123,agent
Diallo,Ibrahima,user9439@hopital.sn,password123,medecin
Ndiaye,Fatou,user9440@hopital.sn,password123,agent
Diallo,Moussa,user9441@hopital.sn,password123,medecin
Sow,Ibrahima,user9442@hopital.sn,password123,admin
Faye,Oumar,user9443@hopital.sn,password123,medecin
Ndiaye,Awa,user9444@hopital.sn,password123,admin
Sy,Moussa,user9445@hopital.sn,password123,medecin
Ndiaye,Ibrahima,user9446@hopital.sn,password123,medecin
Faye,Abdoulaye,user9447@hopital.sn,password123,medecin
Sarr,Cheikh,user9448@hopital.sn,password123,admin
Faye,Awa,user9449@hopital.sn,password123,admin
Fall,Moussa,user9450@hopital.sn,password123,medecin
Sy,Ousmane,user9451@hopital.sn,password123,agent
Sow,Mamadou,user9452@hopital.sn,password123,medecin
Sarr,Ousmane,user9453@hopital.sn,password123,medecin
Diallo,Ousmane,user9454@hopital.sn,password123,medecin
Diallo,Cheikh,user9455@hopital.sn,password123,agent
Sow,Mamadou,user9456@hopital.sn,password123,admin
Sy,Mamadou,user9457@hopital.sn,password123,medecin
Fall,Khady,user9458@hopital.sn,password123,medecin
Ndiaye,Aminata,user9459@hopital.sn,password123,agent
Sarr,Oumar,user9460@hopital.sn,password123,agent
Diallo,Oumar,user9461@hopital.sn,password123,admin
Ba,Mariama,user9462@hopital.sn,password123,agent
Diallo,Oumar,user9463@hopital.sn,password123,agent
Sarr,Ousmane,user9464@hopital.sn,password123,medecin
Diallo,Awa,user9465@hopital.sn,password123,admin
Sy,Oumar,user9466@hopital.sn,password123,agent
Sy,Ibrahima,user9467@hopital.sn,password123,admin
Faye,Moussa,user9468@hopital.sn,password123,medecin
Sarr,Cheikh,user9469@hopital.sn,password123,admin
Kane,Abdoulaye,user9470@hopital.sn,password123,admin
Sarr,Awa,user9471@hopital.sn,password123,medecin
Faye,Cheikh,user9472@hopital.sn,password123,agent
Kane,Khady,user9473@hopital.sn,password123,admin
Ba,Khady,user9474@hopital.sn,password123,medecin
Diop,Khady,user9475@hopital.sn,password123,agent
Fall,Ousmane,user9476@hopital.sn,password123,agent
Gueye,Abdoulaye,user9477@hopital.sn,password123,admin
Ba,Awa,user9478@hopital.sn,password123,agent
Kane,Fatou,user9479@hopital.sn,password123,admin
Sow,Cheikh,user9480@hopital.sn,password123,agent
Sy,Cheikh,user9481@hopital.sn,password123,admin
Ba,Awa,user9482@hopital.sn,password123,agent
Ba,Cheikh,user9483@hopital.sn,password123,medecin
Sy,Mamadou,user9484@hopital.sn,password123,admin
Gueye,Oumar,user9485@hopital.sn,password123,admin
Gueye,Khady,user9486@hopital.sn,password123,medecin
Sy,Cheikh,user9487@hopital.sn,password123,medecin
Kane,Moussa,user9488@hopital.sn,password123,admin
Diop,Khady,user9489@hopital.sn,password123,medecin
Ndiaye,Khady,user9490@hopital.sn,password123,agent
Gueye,Ousmane,user9491@hopital.sn,password123,agent
Ndiaye,Ousmane,user9492@hopital.sn,password123,medecin
Sow,Moussa,user9493@hopital.sn,password123,agent
Diallo,Abdoulaye,user9494@hopital.sn,password123,admin
Sow,Oumar,user9495@hopital.sn,password123,medecin
Sy,Khady,user9496@hopital.sn,password123,admin
Ndiaye,Ousmane,user9497@hopital.sn,password123,agent
Sy,Mamadou,user9498@hopital.sn,password123,admin
Ndiaye,Ibrahima,user9499@hopital.sn,password123,admin
Gueye,Ibrahima,user9500@hopital.sn,password123,agent
Sow,Moussa,user9501@hopital.sn,password123,medecin
Sow,Cheikh,user9502@hopital.sn,password123,agent
Gueye,Ibrahima,user9503@hopital.sn,password123,agent
Fall,Abdoulaye,user9504@hopital.sn,password123,medecin
Gueye,Ousmane,user9505@hopital.sn,password123,medecin
Sy,Fatou,user9506@hopital.sn,password123,admin
Sow,Oumar,user9507@hopital.sn,password123,admin
Gueye,Khady,user9508@hopital.sn,password123,admin
Fall,Moussa,user9509@hopital.sn,password123,admin
Diop,Moussa,user9510@hopital.sn,password123,agent
Ba,Awa,user9511@hopital.sn,password123,admin
Diop,Khady,user9512@hopital.sn,password123,medecin
Diop,Mamadou,user9513@hopital.sn,password123,admin
Fall,Oumar,user9514@hopital.sn,password123,medecin
Sy,Fatou,user9515@hopital.sn,password123,medecin
Ba,Fatou,user9516@hopital.sn,password123,admin
Gueye,Awa,user9517@hopital.sn,password123,medecin
Diop,Aminata,user9518@hopital.sn,password123,medecin
Gueye,Ousmane,user9519@hopital.sn,password123,admin
Sy,Cheikh,user9520@hopital.sn,password123,admin
Gueye,Awa,user9521@hopital.sn,password123,agent
Diop,Mariama,user9522@hopital.sn,password123,agent
Sy,Cheikh,user9523@hopital.sn,password123,agent
Gueye,Moussa,user9524@hopital.sn,password123,agent
Diallo,Awa,user9525@hopital.sn,password123,admin
Diallo,Khady,user9526@hopital.sn,password123,admin
Faye,Mariama,user9527@hopital.sn,password123,admin
Sy,Moussa,user9528@hopital.sn,password123,admin
Ndiaye,Aminata,user9529@hopital.sn,password123,agent
Ba,Aminata,user9530@hopital.sn,password123,admin
Faye,Fatou,user9531@hopital.sn,password123,medecin
Ndiaye,Ibrahima,user9532@hopital.sn,password123,agent
Diallo,Cheikh,user9533@hopital.sn,password123,medecin
Sow,Awa,user9534@hopital.sn,password123,medecin
Faye,Abdoulaye,user9535@hopital.sn,password123,medecin
Kane,Cheikh,user9536@hopital.sn,password123,medecin
Diop,Mariama,user9537@hopital.sn,password123,medecin
Fall,Ousmane,user9538@hopital.sn,password123,admin
Kane,Cheikh,user9539@hopital.sn,password123,medecin
Sy,Moussa,user9540@hopital.sn,password123,medecin
Faye,Awa,user9541@hopital.sn,password123,medecin
Kane,Oumar,user9542@hopital.sn,password123,agent
Sow,Mariama,user9543@hopital.sn,password123,medecin
Sy,Abdoulaye,user9544@hopital.sn,password123,admin
Sy,Moussa,user9545@hopital.sn,password123,agent
Ba,Khady,user9546@hopital.sn,password123,medecin
Fall,Khady,user9547@hopital.sn,password123,agent
Diop,Fatou,user9548@hopital.sn,password123,admin
Fall,Ibrahima,user9549@hopital.sn,password123,admin
Diallo,Ousmane,user9550@hopital.sn,password123,admin
Kane,Aminata,user9551@hopital.sn,password123,medecin
Diallo,Moussa,user9552@hopital.sn,password123,admin
Fall,Mariama,user9553@hopital.sn,password123,agent
Ba,Moussa,user9554@hopital.sn,password123,admin
Fall,Khady,user9555@hopital.sn,password123,admin
Ndiaye,Moussa,user9556@hopital.sn,password123,admin
Sow,Abdoulaye,user9557@hopital.sn,password123,agent
Gueye,Abdoulaye,user9558@hopital.sn,password123,agent
Diallo,Ibrahima,user9559@hopital.sn,password123,medecin
Ba,Khady,user9560@hopital.sn,password123,agent
Ba,Fatou,user9561@hopital.sn,password123,agent
Sarr,Ousmane,user9562@hopital.sn,password123,admin
Sy,Awa,user9563@hopital.sn,password123,agent
Kane,Cheikh,user9564@hopital.sn,password123,admin
Gueye,Khady,user9565@hopital.sn,password123,agent
Gueye,Aminata,user9566@hopital.sn,password123,medecin
Kane,Fatou,user9567@hopital.sn,password123,admin
Faye,Moussa,user9568@hopital.sn,password123,medecin
Ndiaye,Moussa,user9569@hopital.sn,password123,admin
Diallo,Moussa,user9570@hopital.sn,password123,admin
Faye,Ibrahima,user9571@hopital.sn,password123,medecin
Ndiaye,Aminata,user9572@hopital.sn,password123,medecin
Diallo,Cheikh,user9573@hopital.sn,password123,medecin
Sy,Mariama,user9574@hopital.sn,password123,admin
Diop,Abdoulaye,user9575@hopital.sn,password123,medecin
Sarr,Abdoulaye,user9576@hopital.sn,password123,medecin
Diop,Awa,user9577@hopital.sn,password123,agent
Sy,Awa,user9578@hopital.sn,password123,agent
Sow,Mamadou,user9579@hopital.sn,password123,medecin
Sy,Fatou,user9580@hopital.sn,password123,medecin
Diop,Mariama,user9581@hopital.sn,password123,agent
Sy,Mamadou,user9582@hopital.sn,password123,agent
Fall,Mariama,user9583@hopital.sn,password123,medecin
Gueye,Oumar,user9584@hopital.sn,password123,agent
Sow,Mamadou,user9585@hopital.sn,password123,admin
Diop,Khady,user9586@hopital.sn,password123,medecin
Sy,Ibrahima,user9587@hopital.sn,password123,admin
Diop,Khady,user9588@hopital.sn,password123,agent
Faye,Mamadou,user9589@hopital.sn,password123,admin
Sy,Mariama,user9590@hopital.sn,password123,agent
Gueye,Aminata,user9591@hopital.sn,password123,admin
Sarr,Ousmane,user9592@hopital.sn,password123,medecin
Ndiaye,Khady,user9593@hopital.sn,password123,agent
Ndiaye,Mariama,user9594@hopital.sn,password123,medecin
Gueye,Mamadou,user9595@hopital.sn,password123,medecin
Ba,Oumar,user9596@hopital.sn,password123,medecin
Sarr,Fatou,user9597@hopital.sn,password123,agent
Gueye,Awa,user9598@hopital.sn,password123,agent
Fall,Ousmane,user9599@hopital.sn,password123,agent
Sow,Aminata,user9600@hopital.sn,password123,agent
Diop,Oumar,user9601@hopital.sn,password123,admin
Diop,Mariama,user9602@hopital.sn,password123,medecin
Diallo,Awa,user9603@hopital.sn,password123,agent
Sarr,Moussa,user9604@hopital.sn,password123,admin
Gueye,Ibrahima,user9605@hopital.sn,password123,medecin
Ndiaye,Fatou,user9606@hopital.sn,password123,medecin
Ba,Mariama,user9607@hopital.sn,password123,medecin
Ba,Mariama,user9608@hopital.sn,password123,agent
Sy,Aminata,user9609@hopital.sn,password123,agent
Gueye,Aminata,user9610@hopital.sn,password123,medecin
Gueye,Oumar,user9611@hopital.sn,password123,medecin
Sy,Moussa,user9612@hopital.sn,password123,agent
Diallo,Ibrahima,user9613@hopital.sn,password123,medecin
Gueye,Ibrahima,user9614@hopital.sn,password123,admin
Sow,Ousmane,user9615@hopital.sn,password123,agent
Sy,Ousmane,user9616@hopital.sn,password123,agent
Sow,Cheikh,user9617@hopital.sn,password123,agent
Faye,Mariama,user9618@hopital.sn,password123,agent
Ndiaye,Oumar,user9619@hopital.sn,password123,medecin
Kane,Aminata,user9620@hopital.sn,password123,admin
Kane,Moussa,user9621@hopital.sn,password123,medecin
Sy,Awa,user9622@hopital.sn,password123,agent
Diallo,Aminata,user9623@hopital.sn,password123,agent
Sy,Aminata,user9624@hopital.sn,password123,medecin
Fall,Aminata,user9625@hopital.sn,password123,admin
Faye,Abdoulaye,user9626@hopital.sn,password123,medecin
Sy,Moussa,user9627@hopital.sn,password123,admin
Sy,Mamadou,user9628@hopital.sn,password123,admin
Sy,Cheikh,user9629@hopital.sn,password123,agent
Ba,Moussa,user9630@hopital.sn,password123,admin
Gueye,Cheikh,user9631@hopital.sn,password123,agent
Fall,Abdoulaye,user9632@hopital.sn,password123,admin
Ba,Mariama,user9633@hopital.sn,password123,admin
Diop,Mamadou,user9634@hopital.sn,password123,medecin
Diallo,Oumar,user9635@hopital.sn,password123,admin
Ba,Khady,user9636@hopital.sn,password123,medecin
Ndiaye,Moussa,user9637@hopital.sn,password123,admin
Diop,Mamadou,user9638@hopital.sn,password123,medecin
Kane,Fatou,user9639@hopital.sn,password123,admin
Faye,Mamadou,user9640@hopital.sn,password123,admin
Diop,Awa,user9641@hopital.sn,password123,medecin
Ndiaye,Khady,user9642@hopital.sn,password123,agent
Sy,Aminata,user9643@hopital.sn,password123,agent
Diallo,Awa,user9644@hopital.sn,password123,medecin
Sy,Ousmane,user9645@hopital.sn,password123,medecin
Fall,Ousmane,user9646@hopital.sn,password123,agent
Kane,Mariama,user9647@hopital.sn,password123,admin
Ndiaye,Khady,user9648@hopital.sn,password123,agent
Sarr,Aminata,user9649@hopital.sn,password123,medecin
Diallo,Oumar,user9650@hopital.sn,password123,agent
Faye,Khady,user9651@hopital.sn,password123,medecin
Gueye,Mariama,user9652@hopital.sn,password123,agent
Ba,Ibrahima,user9653@hopital.sn,password123,admin
Ba,Khady,user9654@hopital.sn,password123,medecin
Ba,Mariama,user9655@hopital.sn,password123,agent
Gueye,Moussa,user9656@hopital.sn,password123,admin
Sy,Mariama,user9657@hopital.sn,password123,admin
Fall,Moussa,user9658@hopital.sn,password123,agent
Kane,Moussa,user9659@hopital.sn,password123,medecin
Sy,Khady,user9660@hopital.sn,password123,medecin
Diop,Awa,user9661@hopital.sn,password123,agent
Diallo,Khady,user9662@hopital.sn,password123,admin
Sow,Fatou,user9663@hopital.sn,password123,admin
Sy,Khady,user9664@hopital.sn,password123,admin
Ndiaye,Awa,user9665@hopital.sn,password123,medecin
Sarr,Abdoulaye,user9666@hopital.sn,password123,admin
Diallo,Mariama,user9667@hopital.sn,password123,medecin
Sarr,Aminata,user9668@hopital.sn,password123,medecin
Fall,Fatou,user9669@hopital.sn,password123,admin
Fall,Ousmane,user9670@hopital.sn,password123,admin
Diallo,Oumar,user9671@hopital.sn,password123,agent
Diop,Mariama,user9672@hopital.sn,password123,agent
Sow,Moussa,user9673@hopital.sn,password123,admin
Sow,Mamadou,user9674@hopital.sn,password123,medecin
Ba,Aminata,user9675@hopital.sn,password123,medecin
Faye,Aminata,user9676@hopital.sn,password123,medecin
Sy,Aminata,user9677@hopital.sn,password123,admin
Sow,Mariama,user9678@hopital.sn,password123,agent
Ndiaye,Awa,user9679@hopital.sn,password123,agent
Gueye,Abdoulaye,user9680@hopital.sn,password123,medecin
Sy,Mamadou,user9681@hopital.sn,password123,medecin
Gueye,Abdoulaye,user9682@hopital.sn,password123,agent
Ndiaye,Awa,user9683@hopital.sn,password123,admin
Fall,Cheikh,user9684@hopital.sn,password123,admin
Diop,Mariama,user9685@hopital.sn,password123,agent
Kane,Aminata,user9686@hopital.sn,password123,agent
Diallo,Aminata,user9687@hopital.sn,password123,agent
Gueye,Mamadou,user9688@hopital.sn,password123,medecin
Fall,Khady,user9689@hopital.sn,password123,admin
Sarr,Moussa,user9690@hopital.sn,password123,medecin
Gueye,Moussa,user9691@hopital.sn,password123,admin
Kane,Ibrahima,user9692@hopital.sn,password123,admin
Sow,Fatou,user9693@hopital.sn,password123,agent
Sow,Awa,user9694@hopital.sn,password123,medecin
Diop,Moussa,user9695@hopital.sn,password123,agent
Sow,Mariama,user9696@hopital.sn,password123,medecin
Faye,Mariama,user9697@hopital.sn,password123,admin
Gueye,Khady,user9698@hopital.sn,password123,medecin
Diop,Khady,user9699@hopital.sn,password123,admin
Sy,Aminata,user9700@hopital.sn,password123,admin
Ndiaye,Awa,user9701@hopital.sn,password123,medecin
Ba,Khady,user9702@hopital.sn,password123,admin
Ndiaye,Ousmane,user9703@hopital.sn,password123,medecin
Sy,Khady,user9704@hopital.sn,password123,medecin
Fall,Ibrahima,user9705@hopital.sn,password123,medecin
Gueye,Oumar,user9706@hopital.sn,password123,medecin
Sow,Fatou,user9707@hopital.sn,password123,admin
Gueye,Cheikh,user9708@hopital.sn,password123,medecin
Diallo,Ibrahima,user9709@hopital.sn,password123,agent
Gueye,Ibrahima,user9710@hopital.sn,password123,medecin
Diallo,Moussa,user9711@hopital.sn,password123,admin
Sy,Ibrahima,user9712@hopital.sn,password123,admin
Diallo,Fatou,user9713@hopital.sn,password123,agent
Sow,Ibrahima,user9714@hopital.sn,password123,agent
Ndiaye,Abdoulaye,user9715@hopital.sn,password123,agent
Diop,Mariama,user9716@hopital.sn,password123,agent
Faye,Aminata,user9717@hopital.sn,password123,medecin
Sow,Moussa,user9718@hopital.sn,password123,medecin
Faye,Ibrahima,user9719@hopital.sn,password123,agent
Sow,Abdoulaye,user9720@hopital.sn,password123,admin
Kane,Aminata,user9721@hopital.sn,password123,admin
Fall,Aminata,user9722@hopital.sn,password123,admin
Diop,Awa,user9723@hopital.sn,password123,admin
Sarr,Ousmane,user9724@hopital.sn,password123,medecin
Faye,Mamadou,user9725@hopital.sn,password123,admin
Ndiaye,Aminata,user9726@hopital.sn,password123,medecin
Sarr,Awa,user9727@hopital.sn,password123,agent
Kane,Mariama,user9728@hopital.sn,password123,admin
Ndiaye,Ibrahima,user9729@hopital.sn,password123,agent
Fall,Ibrahima,user9730@hopital.sn,password123,admin
Ba,Fatou,user9731@hopital.sn,password123,admin
Sy,Ousmane,user9732@hopital.sn,password123,admin
Diop,Oumar,user9733@hopital.sn,password123,admin
Sarr,Moussa,user9734@hopital.sn,password123,medecin
Kane,Aminata,user9735@hopital.sn,password123,agent
Kane,Mariama,user9736@hopital.sn,password123,agent
Ndiaye,Mariama,user9737@hopital.sn,password123,medecin
Ba,Mariama,user9738@hopital.sn,password123,medecin
Sy,Awa,user9739@hopital.sn,password123,medecin
Gueye,Cheikh,user9740@hopital.sn,password123,agent
Faye,Mamadou,user9741@hopital.sn,password123,medecin
Sow,Ibrahima,user9742@hopital.sn,password123,medecin
Sarr,Abdoulaye,user9743@hopital.sn,password123,agent
Diallo,Oumar,user9744@hopital.sn,password123,admin
Diallo,Aminata,user9745@hopital.sn,password123,agent
Sarr,Ibrahima,user9746@hopital.sn,password123,agent
Faye,Mamadou,user9747@hopital.sn,password123,agent
Diop,Awa,user9748@hopital.sn,password123,admin
Kane,Mariama,user9749@hopital.sn,password123,medecin
Ba,Aminata,user9750@hopital.sn,password123,medecin
Kane,Awa,user9751@hopital.sn,password123,agent
Gueye,Abdoulaye,user9752@hopital.sn,password123,medecin
Sow,Oumar,user9753@hopital.sn,password123,medecin
Ndiaye,Fatou,user9754@hopital.sn,password123,agent
Gueye,Mamadou,user9755@hopital.sn,password123,medecin
Sow,Ousmane,user9756@hopital.sn,password123,admin
Sow,Oumar,user9757@hopital.sn,password123,agent
Kane,Moussa,user9758@hopital.sn,password123,agent
Ba,Abdoulaye,user9759@hopital.sn,password123,agent
Kane,Mariama,user9760@hopital.sn,password123,agent
Sy,Abdoulaye,user9761@hopital.sn,password123,admin
Fall,Ousmane,user9762@hopital.sn,password123,agent
Sow,Khady,user9763@hopital.sn,password123,medecin
Ba,Moussa,user9764@hopital.sn,password123,medecin
Sy,Fatou,user9765@hopital.sn,password123,admin
Diop,Mariama,user9766@hopital.sn,password123,admin
Sow,Mamadou,user9767@hopital.sn,password123,medecin
Kane,Awa,user9768@hopital.sn,password123,medecin
Faye,Ibrahima,user9769@hopital.sn,password123,medecin
Ndiaye,Abdoulaye,user9770@hopital.sn,password123,admin
Sow,Mariama,user9771@hopital.sn,password123,agent
Ndiaye,Mamadou,user9772@hopital.sn,password123,medecin
Sow,Khady,user9773@hopital.sn,password123,agent
Sy,Aminata,user9774@hopital.sn,password123,admin
Ndiaye,Ousmane,user9775@hopital.sn,password123,admin
Sarr,Fatou,user9776@hopital.sn,password123,medecin
Gueye,Ibrahima,user9777@hopital.sn,password123,admin
Sy,Ibrahima,user9778@hopital.sn,password123,medecin
Diallo,Mamadou,user9779@hopital.sn,password123,medecin
Diop,Moussa,user9780@hopital.sn,password123,admin
Gueye,Moussa,user9781@hopital.sn,password123,agent
Diop,Khady,user9782@hopital.sn,password123,agent
Gueye,Moussa,user9783@hopital.sn,password123,admin
Diop,Abdoulaye,user9784@hopital.sn,password123,agent
Faye,Aminata,user9785@hopital.sn,password123,admin
Gueye,Khady,user9786@hopital.sn,password123,agent
Faye,Cheikh,user9787@hopital.sn,password123,agent
Diallo,Khady,user9788@hopital.sn,password123,agent
Ba,Ousmane,user9789@hopital.sn,password123,medecin
Kane,Khady,user9790@hopital.sn,password123,medecin
Ba,Cheikh,user9791@hopital.sn,password123,medecin
Diop,Ousmane,user9792@hopital.sn,password123,admin
Diop,Oumar,user9793@hopital.sn,password123,admin
Gueye,Awa,user9794@hopital.sn,password123,admin
Gueye,Khady,user9795@hopital.sn,password123,admin
Diallo,Cheikh,user9796@hopital.sn,password123,agent
Faye,Oumar,user9797@hopital.sn,password123,admin
Sy,Mariama,user9798@hopital.sn,password123,agent
Ndiaye,Khady,user9799@hopital.sn,password123,agent
Gueye,Oumar,user9800@hopital.sn,password123,admin
Faye,Aminata,user9801@hopital.sn,password123,agent
Fall,Khady,user9802@hopital.sn,password123,medecin
Diop,Awa,user9803@hopital.sn,password123,agent
Ba,Cheikh,user9804@hopital.sn,password123,agent
Sy,Khady,user9805@hopital.sn,password123,medecin
Diop,Aminata,user9806@hopital.sn,password123,admin
Sow,Mamadou,user9807@hopital.sn,password123,medecin
Kane,Ousmane,user9808@hopital.sn,password123,medecin
Sow,Aminata,user9809@hopital.sn,password123,admin
Sy,Fatou,user9810@hopital.sn,password123,medecin
Diop,Oumar,user9811@hopital.sn,password123,admin
Sarr,Aminata,user9812@hopital.sn,password123,agent
Diop,Ibrahima,user9813@hopital.sn,password123,admin
Diop,Khady,user9814@hopital.sn,password123,medecin
Sow,Awa,user9815@hopital.sn,password123,medecin
Diallo,Oumar,user9816@hopital.sn,password123,admin
Sow,Ousmane,user9817@hopital.sn,password123,medecin
Sarr,Oumar,user9818@hopital.sn,password123,admin
Diallo,Mamadou,user9819@hopital.sn,password123,admin
Ba,Fatou,user9820@hopital.sn,password123,agent
Ndiaye,Khady,user9821@hopital.sn,password123,admin
Kane,Moussa,user9822@hopital.sn,password123,agent
Faye,Fatou,user9823@hopital.sn,password123,admin
Fall,Ibrahima,user9824@hopital.sn,password123,admin
Ndiaye,Mariama,user9825@hopital.sn,password123,agent
Ba,Moussa,user9826@hopital.sn,password123,agent
Faye,Abdoulaye,user9827@hopital.sn,password123,medecin
Fall,Khady,user9828@hopital.sn,password123,admin
Kane,Awa,user9829@hopital.sn,password123,medecin
Sarr,Abdoulaye,user9830@hopital.sn,password123,admin
Ndiaye,Moussa,user9831@hopital.sn,password123,agent
Diop,Fatou,user9832@hopital.sn,password123,admin
Sy,Ousmane,user9833@hopital.sn,password123,admin
Ba,Khady,user9834@hopital.sn,password123,admin
Diallo,Fatou,user9835@hopital.sn,password123,agent
Ba,Ousmane,user9836@hopital.sn,password123,medecin
Sow,Fatou,user9837@hopital.sn,password123,admin
Ndiaye,Aminata,user9838@hopital.sn,password123,medecin
Sy,Mariama,user9839@hopital.sn,password123,agent
Faye,Ousmane,user9840@hopital.sn,password123,agent
Diop,Cheikh,user9841@hopital.sn,password123,admin
Ba,Awa,user9842@hopital.sn,password123,agent
Diallo,Aminata,user9843@hopital.sn,password123,agent
Sarr,Aminata,user9844@hopital.sn,password123,medecin
Sy,Khady,user9845@hopital.sn,password123,agent
Diop,Mariama,user9846@hopital.sn,password123,admin
Ndiaye,Ibrahima,user9847@hopital.sn,password123,agent
Ba,Khady,user9848@hopital.sn,password123,admin
Gueye,Khady,user9849@hopital.sn,password123,medecin
Sy,Ousmane,user9850@hopital.sn,password123,agent
Gueye,Ibrahima,user9851@hopital.sn,password123,medecin
Gueye,Mamadou,user9852@hopital.sn,password123,agent
Faye,Oumar,user9853@hopital.sn,password123,agent
Sarr,Ousmane,user9854@hopital.sn,password123,medecin
Ndiaye,Fatou,user9855@hopital.sn,password123,medecin
Faye,Ibrahima,user9856@hopital.sn,password123,agent
Gueye,Awa,user9857@hopital.sn,password123,medecin
Kane,Cheikh,user9858@hopital.sn,password123,admin
Diop,Abdoulaye,user9859@hopital.sn,password123,medecin
Ba,Khady,user9860@hopital.sn,password123,agent
Sarr,Oumar,user9861@hopital.sn,password123,agent
Sow,Khady,user9862@hopital.sn,password123,agent
Ndiaye,Mamadou,user9863@hopital.sn,password123,admin
Diop,Fatou,user9864@hopital.sn,password123,agent
Kane,Mariama,user9865@hopital.sn,password123,medecin
Ba,Ibrahima,user9866@hopital.sn,password123,medecin
Fall,Ousmane,user9867@hopital.sn,password123,medecin
Ba,Aminata,user9868@hopital.sn,password123,admin
Sarr,Ousmane,user9869@hopital.sn,password123,medecin
Sy,Oumar,user9870@hopital.sn,password123,agent
Fall,Oumar,user9871@hopital.sn,password123,admin
Sy,Moussa,user9872@hopital.sn,password123,medecin
Faye,Aminata,user9873@hopital.sn,password123,admin
Ndiaye,Ibrahima,user9874@hopital.sn,password123,admin
Ba,Mamadou,user9875@hopital.sn,password123,agent
Sow,Moussa,user9876@hopital.sn,password123,admin
Sy,Awa,user9877@hopital.sn,password123,agent
Faye,Ousmane,user9878@hopital.sn,password123,admin
Faye,Awa,user9879@hopital.sn,password123,medecin
Ba,Mariama,user9880@hopital.sn,password123,agent
Faye,Oumar,user9881@hopital.sn,password123,medecin
Kane,Mariama,user9882@hopital.sn,password123,agent
Fall,Ibrahima,user9883@hopital.sn,password123,agent
Gueye,Oumar,user9884@hopital.sn,password123,medecin
Faye,Ibrahima,user9885@hopital.sn,password123,medecin
Sarr,Fatou,user9886@hopital.sn,password123,admin
Sy,Aminata,user9887@hopital.sn,password123,agent
Ba,Fatou,user9888@hopital.sn,password123,admin
Gueye,Mariama,user9889@hopital.sn,password123,medecin
Kane,Aminata,user9890@hopital.sn,password123,medecin
Diop,Ousmane,user9891@hopital.sn,password123,medecin
Ndiaye,Oumar,user9892@hopital.sn,password123,admin
Ba,Aminata,user9893@hopital.sn,password123,admin
Ba,Oumar,user9894@hopital.sn,password123,admin
Kane,Khady,user9895@hopital.sn,password123,admin
Ba,Moussa,user9896@hopital.sn,password123,agent
Ba,Ibrahima,user9897@hopital.sn,password123,medecin
Ndiaye,Mamadou,user9898@hopital.sn,password123,medecin
Ba,Mamadou,user9899@hopital.sn,password123,medecin
Diop,Khady,user9900@hopital.sn,password123,agent
Ba,Ibrahima,user9901@hopital.sn,password123,agent
Faye,Fatou,user9902@hopital.sn,password123,agent
Ba,Mamadou,user9903@hopital.sn,password123,agent
Ba,Fatou,user9904@hopital.sn,password123,medecin
Ba,Cheikh,user9905@hopital.sn,password123,medecin
Diallo,Khady,user9906@hopital.sn,password123,admin
Faye,Ousmane,user9907@hopital.sn,password123,admin
Sow,Mariama,user9908@hopital.sn,password123,medecin
Faye,Ousmane,user9909@hopital.sn,password123,medecin
Gueye,Mariama,user9910@hopital.sn,password123,admin
Diallo,Oumar,user9911@hopital.sn,password123,admin
Gueye,Moussa,user9912@hopital.sn,password123,agent
Kane,Khady,user9913@hopital.sn,password123,admin
Diallo,Mariama,user9914@hopital.sn,password123,medecin
Gueye,Awa,user9915@hopital.sn,password123,admin
Faye,Khady,user9916@hopital.sn,password123,admin
Sy,Awa,user9917@hopital.sn,password123,medecin
Ndiaye,Awa,user9918@hopital.sn,password123,admin
Sarr,Fatou,user9919@hopital.sn,password123,agent
Ndiaye,Moussa,user9920@hopital.sn,password123,agent
Gueye,Mamadou,user9921@hopital.sn,password123,medecin
Kane,Khady,user9922@hopital.sn,password123,admin
Ndiaye,Ibrahima,user9923@hopital.sn,password123,agent
Ndiaye,Ibrahima,user9924@hopital.sn,password123,medecin
Faye,Ibrahima,user9925@hopital.sn,password123,medecin
Gueye,Mamadou,user9926@hopital.sn,password123,agent
Gueye,Khady,user9927@hopital.sn,password123,agent
Fall,Cheikh,user9928@hopital.sn,password123,admin
Gueye,Abdoulaye,user9929@hopital.sn,password123,medecin
Sy,Mariama,user9930@hopital.sn,password123,agent
Sow,Abdoulaye,user9931@hopital.sn,password123,admin
Sow,Moussa,user9932@hopital.sn,password123,admin
Sow,Cheikh,user9933@hopital.sn,password123,medecin
Faye,Khady,user9934@hopital.sn,password123,admin
Faye,Mamadou,user9935@hopital.sn,password123,medecin
Gueye,Fatou,user9936@hopital.sn,password123,admin
Diop,Khady,user9937@hopital.sn,password123,agent
Sy,Fatou,user9938@hopital.sn,password123,medecin
Gueye,Mamadou,user9939@hopital.sn,password123,admin
Kane,Ousmane,user9940@hopital.sn,password123,admin
Diop,Aminata,user9941@hopital.sn,password123,agent
Ba,Aminata,user9942@hopital.sn,password123,agent
Sow,Abdoulaye,user9943@hopital.sn,password123,medecin
Kane,Khady,user9944@hopital.sn,password123,agent
Fall,Oumar,user9945@hopital.sn,password123,agent
Kane,Cheikh,user9946@hopital.sn,password123,medecin
Kane,Abdoulaye,user9947@hopital.sn,password123,medecin
Sy,Abdoulaye,user9948@hopital.sn,password123,agent
Ba,Awa,user9949@hopital.sn,password123,admin
Sarr,Mamadou,user9950@hopital.sn,password123,admin
Sarr,Mariama,user9951@hopital.sn,password123,admin
Gueye,Ousmane,user9952@hopital.sn,password123,agent
Gueye,Abdoulaye,user9953@hopital.sn,password123,medecin
Sow,Fatou,user9954@hopital.sn,password123,agent
Sy,Ibrahima,user9955@hopital.sn,password123,agent
Faye,Moussa,user9956@hopital.sn,password123,agent
Faye,Ousmane,user9957@hopital.sn,password123,medecin
Sarr,Fatou,user9958@hopital.sn,password123,admin
Diallo,Mamadou,user9959@hopital.sn,password123,medecin
Sy,Moussa,user9960@hopital.sn,password123,agent
Diop,Fatou,user9961@hopital.sn,password123,admin
Sy,Awa,user9962@hopital.sn,password123,agent
Faye,Mamadou,user9963@hopital.sn,password123,admin
Diallo,Fatou,user9964@hopital.sn,password123,medecin
Sy,Mariama,user9965@hopital.sn,password123,medecin
Faye,Mariama,user9966@hopital.sn,password123,admin
Ba,Ibrahima,user9967@hopital.sn,password123,medecin
Sow,Ibrahima,user9968@hopital.sn,password123,admin
Faye,Oumar,user9969@hopital.sn,password123,admin
Diallo,Mariama,user9970@hopital.sn,password123,admin
Diallo,Abdoulaye,user9971@hopital.sn,password123,agent
Sy,Fatou,user9972@hopital.sn,password123,admin
Diop,Ousmane,user9973@hopital.sn,password123,admin
Diallo,Abdoulaye,user9974@hopital.sn,password123,admin
Ba,Aminata,user9975@hopital.sn,password123,agent
Ba,Aminata,user9976@hopital.sn,password123,agent
Diop,Mamadou,user9977@hopital.sn,password123,admin
Kane,Mariama,user9978@hopital.sn,password123,medecin
Diallo,Moussa,user9979@hopital.sn,password123,medecin
Diop,Moussa,user9980@hopital.sn,password123,admin
Gueye,Ousmane,user9981@hopital.sn,password123,agent
Diop,Awa,user9982@hopital.sn,password123,admin
Sow,Fatou,user9983@hopital.sn,password123,admin
Fall,Ibrahima,user9984@hopital.sn,password123,agent
Fall,Awa,user9985@hopital.sn,password123,agent
Kane,Abdoulaye,user9986@hopital.sn,password123,admin
Diallo,Mamadou,user9987@hopital.sn,password123,medecin
Diop,Ibrahima,user9988@hopital.sn,password123,admin
Sow,Mamadou,user9989@hopital.sn,password123,medecin
Faye,Ibrahima,user9990@hopital.sn,password123,agent
Ndiaye,Abdoulaye,user9991@hopital.sn,password123,medecin
Kane,Oumar,user9992@hopital.sn,password123,medecin
Diop,Cheikh,user9993@hopital.sn,password123,agent
Ba,Abdoulaye,user9994@hopital.sn,password123,agent
Fall,Cheikh,user9995@hopital.sn,password123,medecin
Sy,Ibrahima,user9996@hopital.sn,password123,agent
Sarr,Mariama,user9997@hopital.sn,password123,admin
Sy,Awa,user9998@hopital.sn,password123,agent
Kane,Khady,user9999@hopital.sn,password123,agent
Gueye,Awa,user10000@hopital.sn,password123,medecin
